d,FOODS,HOBBIES,HOUSEHOLD,date,FOODS_rolling_28,HOUSEHOLD_rolling_28,HOBBIES_rolling_28
d_1,23178,3764,5689,2011-01-29,,,
d_2,22758,3357,5634,2011-01-30,,,
d_3,17174,2682,3927,2011-01-31,,,
d_4,18878,2669,3865,2011-02-01,,,
d_5,14603,1814,2729,2011-02-02,,,
d_6,22093,3220,3898,2011-02-03,,,
d_7,20490,2944,4576,2011-02-04,,,
d_8,27751,3986,6195,2011-02-05,,,
d_9,24862,2899,4975,2011-02-06,,,
d_10,18901,2615,4056,2011-02-07,,,
d_11,16963,2547,3561,2011-02-08,,,
d_12,17655,2457,3546,2011-02-09,,,
d_13,17340,2700,3716,2011-02-10,,,
d_14,19038,2822,4585,2011-02-11,,,
d_15,25187,3699,5947,2011-02-12,,,
d_16,26656,3417,6307,2011-02-13,,,
d_17,16015,2233,3556,2011-02-14,,,
d_18,17425,2554,4091,2011-02-15,,,
d_19,15351,2170,3922,2011-02-16,,,
d_20,14290,2049,3979,2011-02-17,,,
d_21,16594,2284,4843,2011-02-18,,,
d_22,20938,4142,6609,2011-02-19,,,
d_23,20028,2978,6277,2011-02-20,,,
d_24,16373,2735,4858,2011-02-21,,,
d_25,14043,2459,3999,2011-02-22,,,
d_26,13932,2758,4067,2011-02-23,,,
d_27,13733,2559,3985,2011-02-24,,,
d_28,15480,2675,4374,2011-02-25,18847.464285714286,4563.071428571428,2828.1428571428573
d_29,19905,4088,5915,2011-02-26,18730.571428571428,4571.142857142857,2839.714285714286
d_30,20660,2118,5929,2011-02-27,18655.64285714286,4581.678571428572,2795.464285714286
d_31,15066,1771,4403,2011-02-28,18580.35714285714,4598.678571428572,2762.9285714285716
d_32,16568,1833,4471,2011-03-01,18497.85714285714,4620.321428571428,2733.0714285714284
d_33,16218,1675,4153,2011-03-02,18555.535714285714,4671.178571428572,2728.1071428571427
d_34,17242,1855,4378,2011-03-03,18382.285714285714,4688.321428571428,2679.3571428571427
d_35,17512,1653,4407,2011-03-04,18275.928571428572,4682.285714285715,2633.25
d_36,23072,2096,6034,2011-03-05,18108.821428571428,4676.535714285715,2565.75
d_37,24909,3795,6172,2011-03-06,18110.5,4719.285714285715,2597.75
d_38,17588,2687,4287,2011-03-07,18063.60714285714,4727.535714285715,2600.3214285714284
d_39,16280,2519,3953,2011-03-08,18039.214285714286,4741.535714285715,2599.3214285714284
d_40,16039,2955,3566,2011-03-09,17981.5,4742.25,2617.1071428571427
d_41,16007,2686,3933,2011-03-10,17933.89285714286,4750.0,2616.6071428571427
d_42,18125,2688,4759,2011-03-11,17901.285714285714,4756.214285714285,2611.8214285714284
d_43,22545,3630,6050,2011-03-12,17806.928571428572,4759.892857142857,2609.3571428571427
d_44,22239,3282,5896,2011-03-13,17649.178571428572,4745.214285714285,2604.535714285714
d_45,17859,2500,4576,2011-03-14,17715.035714285714,4781.642857142857,2614.0714285714284
d_46,17284,2522,4215,2011-03-15,17710.0,4786.071428571428,2612.9285714285716
d_47,15685,2736,4344,2011-03-16,17721.928571428572,4801.142857142857,2633.1428571428573
d_48,15081,2434,4264,2011-03-17,17750.178571428572,4811.321428571428,2646.8928571428573
d_49,16267,2687,4901,2011-03-18,17738.5,4813.392857142857,2661.285714285714
d_50,20467,3702,6430,2011-03-19,17721.678571428572,4807.0,2645.5714285714284
d_51,20289,3174,6180,2011-03-20,17731.0,4803.535714285715,2652.5714285714284
d_52,15973,2499,4629,2011-03-21,17716.714285714286,4795.357142857143,2644.1428571428573
d_53,14176,2303,4013,2011-03-22,17721.464285714286,4795.857142857143,2638.5714285714284
d_54,13214,2384,3632,2011-03-23,17695.821428571428,4780.321428571428,2625.214285714286
d_55,12959,2347,3548,2011-03-24,17668.178571428572,4764.714285714285,2617.6428571428573
d_56,15485,3239,4626,2011-03-25,17668.35714285714,4773.714285714285,2637.785714285714
d_57,19943,3524,6153,2011-03-26,17669.714285714286,4782.214285714285,2617.6428571428573
d_58,20229,3537,6100,2011-03-27,17654.321428571428,4788.321428571428,2668.3214285714284
d_59,14704,2738,4007,2011-03-28,17641.39285714286,4774.178571428572,2702.8571428571427
d_60,13389,2388,3804,2011-03-29,17527.85714285714,4750.357142857143,2722.6785714285716
d_61,12891,2503,3534,2011-03-30,17409.035714285714,4728.25,2752.25
d_62,14675,3120,3947,2011-03-31,17317.35714285714,4712.857142857143,2797.4285714285716
d_63,19357,3544,5408,2011-04-01,17383.25,4748.607142857143,2864.964285714286
d_64,22603,3996,6879,2011-04-02,17366.5,4778.785714285715,2932.8214285714284
d_65,23396,3504,6158,2011-04-03,17312.464285714286,4778.285714285715,2922.4285714285716
d_66,17511,2862,4479,2011-04-04,17309.714285714286,4785.142857142857,2928.6785714285716
d_67,17253,2393,3935,2011-04-05,17344.464285714286,4784.5,2924.1785714285716
d_68,16584,2427,3645,2011-04-06,17363.928571428572,4787.321428571428,2905.3214285714284
d_69,16448,2643,3810,2011-04-07,17379.678571428572,4782.928571428572,2903.785714285714
d_70,17212,3145,4397,2011-04-08,17347.071428571428,4770.0,2920.1071428571427
d_71,22221,3501,6023,2011-04-09,17335.5,4769.035714285715,2915.5
d_72,22238,3364,5934,2011-04-10,17335.464285714286,4770.392857142857,2918.4285714285716
d_73,17589,2941,4299,2011-04-11,17325.821428571428,4760.5,2934.1785714285716
d_74,16825,2607,3786,2011-04-12,17309.428571428572,4745.178571428572,2937.214285714286
d_75,15232,2572,3807,2011-04-13,17293.25,4726.0,2931.3571428571427
d_76,15324,2674,3966,2011-04-14,17301.928571428572,4715.357142857143,2939.9285714285716
d_77,18016,2807,4659,2011-04-15,17364.39285714286,4706.714285714285,2944.214285714286
d_78,19817,3371,6046,2011-04-16,17341.178571428572,4693.0,2932.3928571428573
d_79,20547,3026,6214,2011-04-17,17350.39285714286,4694.214285714285,2927.1071428571427
d_80,15127,2790,4472,2011-04-18,17320.178571428572,4688.607142857143,2937.5
d_81,13454,2179,3841,2011-04-19,17294.39285714286,4682.464285714285,2933.0714285714284
d_82,13799,2356,4033,2011-04-20,17315.285714285714,4696.785714285715,2932.0714285714284
d_83,13741,2176,3851,2011-04-21,17343.214285714286,4707.607142857143,2925.964285714286
d_84,16889,2474,4916,2011-04-22,17393.35714285714,4717.964285714285,2898.6428571428573
d_85,20924,3058,5593,2011-04-23,17428.39285714286,4697.964285714285,2882.0
d_86,16870,2446,4702,2011-04-24,17308.428571428572,4648.035714285715,2843.035714285714
d_87,12922,2865,4217,2011-04-25,17244.785714285714,4655.535714285715,2847.5714285714284
d_88,11883,2517,3713,2011-04-26,17191.0,4652.285714285715,2852.1785714285716
d_89,11616,2515,3798,2011-04-27,17145.464285714286,4661.714285714285,2852.6071428571427
d_90,11680,2500,3965,2011-04-28,17038.5,4662.357142857143,2830.464285714286
d_91,14714,2907,5114,2011-04-29,16872.678571428572,4651.857142857143,2807.714285714286
d_92,17776,4039,6286,2011-04-30,16700.285714285714,4630.678571428572,2809.25
d_93,19746,3381,5918,2011-05-01,16569.928571428572,4622.107142857143,2804.8571428571427
d_94,15703,2590,4544,2011-05-02,16505.35714285714,4624.428571428572,2795.1428571428573
d_95,16581,3002,4497,2011-05-03,16481.35714285714,4644.5,2816.8928571428573
d_96,14160,2549,4052,2011-05-04,16394.785714285714,4659.035714285715,2821.25
d_97,14778,2605,3801,2011-05-05,16335.142857142857,4658.714285714285,2819.8928571428573
d_98,17267,2828,4391,2011-05-06,16337.107142857143,4658.5,2808.5714285714284
d_99,19679,3466,5267,2011-05-07,16246.32142857143,4631.5,2807.3214285714284
d_100,16383,2880,4425,2011-05-08,16037.214285714286,4577.607142857143,2790.035714285714
d_101,17988,2670,4366,2011-05-09,16051.464285714286,4580.0,2780.3571428571427
d_102,15767,2584,3880,2011-05-10,16013.67857142857,4583.357142857143,2779.535714285714
d_103,15180,2781,4204,2011-05-11,16011.82142857143,4597.535714285715,2787.0
d_104,15559,2811,4043,2011-05-12,16020.214285714286,4600.285714285715,2791.8928571428573
d_105,17382,3153,5113,2011-05-13,15997.57142857143,4616.5,2804.25
d_106,19108,3580,6048,2011-05-14,15972.25,4616.571428571428,2811.714285714286
d_107,21766,3466,6088,2011-05-15,16015.785714285714,4612.071428571428,2827.4285714285716
d_108,15034,3001,4178,2011-05-16,16012.464285714286,4601.571428571428,2834.964285714286
d_109,13313,2433,3867,2011-05-17,16007.42857142857,4602.5,2844.035714285714
d_110,12618,2485,3667,2011-05-18,15965.25,4589.428571428572,2848.6428571428573
d_111,12732,2181,3771,2011-05-19,15929.214285714286,4586.571428571428,2848.8214285714284
d_112,14330,2886,4433,2011-05-20,15837.82142857143,4569.321428571428,2863.535714285714
d_113,17661,3604,5847,2011-05-21,15721.285714285714,4578.392857142857,2883.035714285714
d_114,17855,3105,5286,2011-05-22,15756.464285714286,4599.25,2906.5714285714284
d_115,14392,2626,3936,2011-05-23,15808.964285714286,4589.214285714285,2898.035714285714
d_116,13175,2336,3692,2011-05-24,15855.107142857143,4588.464285714285,2891.5714285714284
d_117,13070,2316,3672,2011-05-25,15907.035714285714,4583.964285714285,2884.464285714286
d_118,13744,2729,4007,2011-05-26,15980.75,4585.464285714285,2892.6428571428573
d_119,14825,3272,4384,2011-05-27,15984.714285714286,4559.392857142857,2905.6785714285716
d_120,17214,3214,5099,2011-05-28,15964.642857142857,4517.0,2876.214285714286
d_121,16161,2532,4756,2011-05-29,15836.607142857143,4475.5,2845.8928571428573
d_122,15540,2159,4839,2011-05-30,15830.785714285714,4486.035714285715,2830.5
d_123,13042,2188,4325,2011-05-31,15704.392857142857,4479.892857142857,2801.4285714285716
d_124,15746,2478,4941,2011-06-01,15761.035714285714,4511.642857142857,2798.8928571428573
d_125,15980,2375,4326,2011-06-02,15803.964285714286,4530.392857142857,2790.6785714285716
d_126,18741,2974,5066,2011-06-03,15856.607142857143,4554.5,2795.8928571428573
d_127,21155,3014,6141,2011-06-04,15909.32142857143,4585.714285714285,2779.75
d_128,22466,3204,5934,2011-06-05,16126.57142857143,4639.607142857143,2791.3214285714284
d_129,19283,2710,4692,2011-06-06,16172.82142857143,4651.25,2792.75
d_130,18430,2393,4266,2011-06-07,16267.92857142857,4665.035714285715,2785.9285714285716
d_131,17456,2845,4152,2011-06-08,16349.214285714286,4663.178571428572,2788.214285714286
d_132,17956,2593,4233,2011-06-09,16434.821428571428,4669.964285714285,2780.4285714285716
d_133,17965,3471,4983,2011-06-10,16455.64285714286,4665.321428571428,2791.785714285714
d_134,20553,3453,5934,2011-06-11,16507.25,4661.25,2787.25
d_135,22662,2616,5816,2011-06-12,16539.25,4651.535714285715,2756.8928571428573
d_136,18447,2695,4610,2011-06-13,16661.14285714286,4666.964285714285,2745.964285714286
d_137,17047,2781,4327,2011-06-14,16794.5,4683.392857142857,2758.3928571428573
d_138,18274,2652,4332,2011-06-15,16996.5,4707.142857142857,2764.3571428571427
d_139,15713,2802,4191,2011-06-16,17102.964285714286,4722.142857142857,2786.535714285714
d_140,17170,2836,4706,2011-06-17,17204.39285714286,4731.892857142857,2784.75
d_141,19647,3545,5633,2011-06-18,17275.321428571428,4724.25,2782.6428571428573
d_142,18141,2878,5087,2011-06-19,17285.535714285714,4717.142857142857,2774.535714285714
d_143,16915,2703,4643,2011-06-20,17375.64285714286,4742.392857142857,2777.285714285714
d_144,15323,2298,4189,2011-06-21,17452.35714285714,4760.142857142857,2775.9285714285716
d_145,14630,2558,4213,2011-06-22,17508.071428571428,4779.464285714285,2784.5714285714284
d_146,15464,2822,4494,2011-06-23,17569.5,4796.857142857143,2787.8928571428573
d_147,16530,3116,4992,2011-06-24,17630.39285714286,4818.571428571428,2782.3214285714284
d_148,17915,3140,5427,2011-06-25,17655.428571428572,4830.285714285715,2779.6785714285716
d_149,19008,3124,5536,2011-06-26,17757.10714285714,4858.142857142857,2800.8214285714284
d_150,15491,2837,4314,2011-06-27,17755.35714285714,4839.392857142857,2825.035714285714
d_151,13457,2515,3828,2011-06-28,17770.178571428572,4821.642857142857,2836.714285714286
d_152,13565,2522,3843,2011-06-29,17692.285714285714,4782.428571428572,2838.285714285714
d_153,14731,2570,4150,2011-06-30,17647.678571428572,4776.142857142857,2845.25
d_154,21397,3757,5879,2011-07-01,17742.535714285714,4805.178571428572,2873.214285714286
d_155,23387,3681,5933,2011-07-02,17822.25,4797.75,2897.035714285714
d_156,21577,2734,4862,2011-07-03,17790.5,4759.464285714285,2880.25
d_157,16825,2308,3900,2011-07-04,17702.714285714286,4731.178571428572,2865.8928571428573
d_158,19385,2660,4551,2011-07-05,17736.821428571428,4741.357142857143,2875.4285714285716
d_159,18922,2939,4741,2011-07-06,17789.178571428572,4762.392857142857,2878.785714285714
d_160,19122,2690,4915,2011-07-07,17830.821428571428,4786.75,2882.25
d_161,19641,2787,5251,2011-07-08,17890.678571428572,4796.321428571428,2857.8214285714284
d_162,22573,3568,6345,2011-07-09,17962.821428571428,4811.0,2861.9285714285716
d_163,22079,3175,6285,2011-07-10,17942.0,4827.75,2881.8928571428573
d_164,19331,2493,4768,2011-07-11,17973.571428571428,4833.392857142857,2874.6785714285716
d_165,17762,2553,4317,2011-07-12,17999.10714285714,4833.035714285715,2866.535714285714
d_166,16805,2528,4112,2011-07-13,17946.64285714286,4825.178571428572,2862.1071428571427
d_167,16738,2392,4317,2011-07-14,17983.25,4829.678571428572,2847.464285714286
d_168,19505,2913,4931,2011-07-15,18066.64285714286,4837.714285714285,2850.214285714286
d_169,21333,3552,5984,2011-07-16,18126.85714285714,4850.25,2850.464285714286
d_170,21346,3202,5786,2011-07-17,18241.321428571428,4875.214285714285,2862.035714285714
d_171,17203,2875,4561,2011-07-18,18251.60714285714,4872.285714285715,2868.1785714285716
d_172,15379,2550,4002,2011-07-19,18253.60714285714,4865.607142857143,2877.1785714285716
d_173,15844,2512,4131,2011-07-20,18296.964285714286,4862.678571428572,2875.535714285714
d_174,15826,2483,4469,2011-07-21,18309.89285714286,4861.785714285715,2863.4285714285716
d_175,18194,3077,5085,2011-07-22,18369.321428571428,4865.107142857143,2862.035714285714
d_176,20353,3666,6265,2011-07-23,18456.39285714286,4895.035714285715,2880.8214285714284
d_177,19889,3185,5725,2011-07-24,18487.85714285714,4901.785714285715,2883.0
d_178,15676,2749,4470,2011-07-25,18494.464285714286,4907.357142857143,2879.8571428571427
d_179,14496,2520,4179,2011-07-26,18531.571428571428,4919.892857142857,2880.035714285714
d_180,14207,2330,3967,2011-07-27,18554.5,4924.321428571428,2873.1785714285716
d_181,14523,2527,4193,2011-07-28,18547.071428571428,4925.857142857143,2871.6428571428573
d_182,16711,2700,5131,2011-07-29,18379.714285714286,4899.142857142857,2833.8928571428573
d_183,18794,3714,6445,2011-07-30,18215.678571428572,4917.428571428572,2835.0714285714284
d_184,19672,2951,6054,2011-07-31,18147.64285714286,4960.0,2842.8214285714284
d_185,18297,2990,5320,2011-08-01,18200.214285714286,5010.714285714285,2867.1785714285716
d_186,17788,2768,4919,2011-08-02,18143.178571428572,5023.857142857143,2871.035714285714
d_187,19290,2978,4969,2011-08-03,18156.321428571428,5032.0,2872.4285714285716
d_188,16481,2566,4666,2011-08-04,18062.0,5023.107142857143,2868.0
d_189,18719,2684,5191,2011-08-05,18029.071428571428,5020.964285714285,2864.3214285714284
d_190,22291,3517,6151,2011-08-06,18019.0,5014.035714285715,2862.5
d_191,22867,2811,6328,2011-08-07,18047.14285714286,5015.571428571428,2849.5
d_192,19237,2428,4689,2011-08-08,18043.785714285714,5012.75,2847.1785714285716
d_193,19192,2626,4395,2011-08-09,18094.85714285714,5015.535714285715,2849.785714285714
d_194,17236,2784,4558,2011-08-10,18110.25,5031.464285714285,2858.9285714285716
d_195,17803,2459,4446,2011-08-11,18148.285714285714,5036.071428571428,2861.3214285714284
d_196,20262,2958,5324,2011-08-12,18175.321428571428,5050.107142857143,2862.9285714285716
d_197,23357,3223,6423,2011-08-13,18247.60714285714,5065.785714285715,2851.1785714285716
d_198,24373,3132,6404,2011-08-14,18355.714285714286,5087.857142857143,2848.6785714285716
d_199,20767,2655,5089,2011-08-15,18483.0,5106.714285714285,2840.8214285714284
d_200,17832,2601,4833,2011-08-16,18570.60714285714,5136.392857142857,2842.6428571428573
d_201,16681,2397,4603,2011-08-17,18600.5,5153.25,2838.535714285714
d_202,16613,2306,4457,2011-08-18,18628.60714285714,5152.821428571428,2832.214285714286
d_203,18594,3007,5403,2011-08-19,18642.89285714286,5164.178571428572,2829.714285714286
d_204,21992,3568,6698,2011-08-20,18701.428571428572,5179.642857142857,2826.214285714286
d_205,24065,2983,6925,2011-08-21,18850.571428571428,5222.5,2819.0
d_206,17855,2577,4892,2011-08-22,18928.39285714286,5237.571428571428,2812.8571428571427
d_207,15800,2371,4446,2011-08-23,18974.964285714286,5247.107142857143,2807.535714285714
d_208,15068,2690,4177,2011-08-24,19005.714285714286,5254.607142857143,2820.3928571428573
d_209,14616,2501,4297,2011-08-25,19009.035714285714,5258.321428571428,2819.464285714286
d_210,16363,2943,4962,2011-08-26,18996.60714285714,5252.285714285715,2828.1428571428573
d_211,20449,3506,6428,2011-08-27,19055.714285714286,5251.678571428572,2820.714285714286
d_212,21993,2431,6202,2011-08-28,19138.60714285714,5256.964285714285,2802.1428571428573
d_213,15733,1939,4413,2011-08-29,19047.035714285714,5224.571428571428,2764.6071428571427
d_214,13750,2263,4337,2011-08-30,18902.821428571428,5203.785714285715,2746.5714285714284
d_215,14788,2316,4619,2011-08-31,18742.035714285714,5191.285714285715,2722.9285714285716
d_216,18505,2624,5170,2011-09-01,18814.321428571428,5209.285714285715,2725.0
d_217,20388,3092,5728,2011-09-02,18873.928571428572,5228.464285714285,2739.5714285714284
d_218,23937,3513,6582,2011-09-03,18932.714285714286,5243.857142857143,2739.4285714285716
d_219,19081,2284,5560,2011-09-04,18797.5,5216.428571428572,2720.6071428571427
d_220,21743,2581,5834,2011-09-05,18887.0,5257.321428571428,2726.0714285714284
d_221,18482,2744,4908,2011-09-06,18861.64285714286,5275.642857142857,2730.285714285714
d_222,17462,2288,4695,2011-09-07,18869.714285714286,5280.535714285715,2712.5714285714284
d_223,16918,2548,4582,2011-09-08,18838.10714285714,5285.392857142857,2715.75
d_224,19975,2748,5523,2011-09-09,18827.85714285714,5292.5,2708.25
d_225,23036,3160,6834,2011-09-10,18816.39285714286,5307.178571428572,2706.0
d_226,24875,2949,6808,2011-09-11,18834.321428571428,5321.607142857143,2699.464285714286
d_227,19155,2257,4726,2011-09-12,18776.75,5308.642857142857,2685.25
d_228,17899,2167,4579,2011-09-13,18779.14285714286,5299.571428571428,2669.75
d_229,16848,2283,4374,2011-09-14,18785.10714285714,5291.392857142857,2665.6785714285716
d_230,19053,2543,4747,2011-09-15,18872.25,5301.75,2674.1428571428573
d_231,18696,2550,5687,2011-09-16,18875.89285714286,5311.892857142857,2657.8214285714284
d_232,22345,3198,6652,2011-09-17,18888.5,5310.25,2644.6071428571427
d_233,22705,2853,6476,2011-09-18,18839.928571428572,5294.214285714285,2639.964285714286
d_234,17218,2355,4794,2011-09-19,18817.178571428572,5290.714285714285,2632.035714285714
d_235,16017,2250,4408,2011-09-20,18824.928571428572,5289.357142857143,2627.714285714286
d_236,15245,2328,4223,2011-09-21,18831.25,5291.0,2614.785714285714
d_237,15254,2318,4287,2011-09-22,18854.035714285714,5290.642857142857,2608.25
d_238,18562,2787,5357,2011-09-23,18932.571428571428,5304.75,2602.6785714285716
d_239,22717,2992,6757,2011-09-24,19013.571428571428,5316.5,2584.3214285714284
d_240,23802,2919,6507,2011-09-25,19078.178571428572,5327.392857142857,2601.75
d_241,17037,2492,4561,2011-09-26,19124.75,5332.678571428572,2621.5
d_242,16115,2393,4280,2011-09-27,19209.214285714286,5330.642857142857,2626.1428571428573
d_243,15712,2316,4165,2011-09-28,19242.214285714286,5314.428571428572,2626.1428571428573
d_244,15503,2462,4418,2011-09-29,19135.0,5287.571428571428,2620.3571428571427
d_245,20642,3363,6177,2011-09-30,19144.071428571428,5303.607142857143,2630.035714285714
d_246,27178,3938,8196,2011-10-01,19259.821428571428,5361.25,2645.214285714286
d_247,26994,3012,7208,2011-10-02,19542.428571428572,5420.107142857143,2671.214285714286
d_248,22299,2983,5173,2011-10-03,19562.285714285714,5396.5,2685.5714285714284
d_249,18876,2569,4669,2011-10-04,19576.35714285714,5387.964285714285,2679.3214285714284
d_250,19340,2190,4383,2011-10-05,19643.428571428572,5376.821428571428,2675.8214285714284
d_251,19367,2356,4343,2011-10-06,19730.89285714286,5368.285714285715,2668.964285714286
d_252,21904,2952,5129,2011-10-07,19799.785714285714,5354.214285714285,2676.25
d_253,26152,3448,6330,2011-10-08,19911.071428571428,5336.214285714285,2686.535714285714
d_254,26780,2864,6296,2011-10-09,19979.10714285714,5317.928571428572,2683.5
d_255,21598,2749,5054,2011-10-10,20066.35714285714,5329.642857142857,2701.0714285714284
d_256,20286,2764,4377,2011-10-11,20151.60714285714,5322.428571428572,2722.3928571428573
d_257,20503,2334,4577,2011-10-12,20282.14285714286,5329.678571428572,2724.214285714286
d_258,19143,2448,4525,2011-10-13,20285.35714285714,5321.75,2720.8214285714284
d_259,21228,2928,5729,2011-10-14,20375.785714285714,5323.25,2734.3214285714284
d_260,27704,3545,7177,2011-10-15,20567.178571428572,5342.0,2746.714285714286
d_261,26041,2983,7103,2011-10-16,20686.321428571428,5364.392857142857,2751.3571428571427
d_262,19880,2549,5163,2011-10-17,20781.39285714286,5377.571428571428,2758.285714285714
d_263,17184,2358,4660,2011-10-18,20823.071428571428,5386.571428571428,2762.1428571428573
d_264,15683,2565,4193,2011-10-19,20838.714285714286,5385.5,2770.6071428571427
d_265,15824,2306,4272,2011-10-20,20859.071428571428,5384.964285714285,2770.1785714285716
d_266,18939,2890,5301,2011-10-21,20872.535714285714,5382.964285714285,2773.8571428571427
d_267,23055,3413,6683,2011-10-22,20884.60714285714,5380.321428571428,2788.8928571428573
d_268,23194,3177,6505,2011-10-23,20862.89285714286,5380.25,2798.1071428571427
d_269,17135,2581,4800,2011-10-24,20866.39285714286,5388.785714285715,2801.285714285714
d_270,15736,2361,4340,2011-10-25,20852.85714285714,5390.928571428572,2800.1428571428573
d_271,14886,2675,4581,2011-10-26,20823.35714285714,5405.785714285715,2812.964285714286
d_272,15679,2765,4538,2011-10-27,20829.64285714286,5410.071428571428,2823.785714285714
d_273,18609,3046,5225,2011-10-28,20757.035714285714,5376.071428571428,2812.464285714286
d_274,22851,3758,6610,2011-10-29,20602.5,5319.428571428572,2806.035714285714
d_275,22638,3022,6193,2011-10-30,20446.928571428572,5283.178571428572,2806.3928571428573
d_276,15441,2808,4446,2011-10-31,20202.0,5257.214285714285,2800.1428571428573
d_277,18137,2835,5067,2011-11-01,20175.60714285714,5271.428571428572,2809.6428571428573
d_278,17526,2616,4666,2011-11-02,20110.821428571428,5281.535714285715,2824.8571428571427
d_279,19801,2985,5116,2011-11-03,20126.321428571428,5309.142857142857,2847.3214285714284
d_280,19957,3014,5625,2011-11-04,20056.785714285714,5326.857142857143,2849.535714285714
d_281,26236,3734,6917,2011-11-05,20059.785714285714,5347.821428571428,2859.75
d_282,27911,3100,6876,2011-11-06,20100.178571428572,5368.535714285715,2868.1785714285716
d_283,20030,2437,4811,2011-11-07,20044.178571428572,5359.857142857143,2857.035714285714
d_284,18567,2388,4233,2011-11-08,19982.785714285714,5354.714285714285,2843.6071428571427
d_285,19506,2457,4129,2011-11-09,19947.178571428572,5338.714285714285,2848.0
d_286,18691,2602,4854,2011-11-10,19931.035714285714,5350.464285714285,2853.5
d_287,21652,2778,5325,2011-11-11,19946.178571428572,5336.035714285715,2848.1428571428573
d_288,25772,3486,6664,2011-11-12,19877.178571428572,5317.714285714285,2846.035714285714
d_289,26203,2688,6457,2011-11-13,19882.964285714286,5294.642857142857,2835.5
d_290,19385,2663,4725,2011-11-14,19865.285714285714,5279.0,2839.5714285714284
d_291,19738,2416,4547,2011-11-15,19956.5,5274.964285714285,2841.6428571428573
d_292,17172,2373,4383,2011-11-16,20009.678571428572,5281.75,2834.785714285714
d_293,16538,2350,4226,2011-11-17,20035.178571428572,5280.107142857143,2836.3571428571427
d_294,18711,2764,5032,2011-11-18,20027.035714285714,5270.5,2831.8571428571427
d_295,23660,3229,6656,2011-11-19,20048.64285714286,5269.535714285715,2825.285714285714
d_296,23044,3203,6506,2011-11-20,20043.285714285714,5269.571428571428,2826.214285714286
d_297,18295,2516,4763,2011-11-21,20084.714285714286,5268.25,2823.8928571428573
d_298,18554,2285,4815,2011-11-22,20185.35714285714,5285.214285714285,2821.1785714285716
d_299,23261,2460,5066,2011-11-23,20484.464285714286,5302.535714285715,2813.5
d_300,14489,1140,2798,2011-11-24,20441.964285714286,5240.392857142857,2755.464285714286
d_301,16733,2631,4634,2011-11-25,20374.964285714286,5219.285714285715,2740.6428571428573
d_302,17121,2948,5223,2011-11-26,20170.321428571428,5169.75,2711.714285714286
d_303,19262,2615,5257,2011-11-27,20049.75,5136.321428571428,2697.1785714285716
d_304,15668,2449,4261,2011-11-28,20057.85714285714,5129.714285714285,2684.3571428571427
d_305,14907,2769,3908,2011-11-29,19942.5,5088.321428571428,2682.0
d_306,14770,2393,3926,2011-11-30,19844.071428571428,5061.892857142857,2674.035714285714
d_307,18321,3151,4796,2011-12-01,19791.214285714286,5050.464285714285,2679.964285714286
d_308,21160,3164,5403,2011-12-02,19834.178571428572,5042.535714285715,2685.3214285714284
d_309,27404,4238,6487,2011-12-03,19875.89285714286,5027.178571428572,2703.3214285714284
d_310,25427,3318,6333,2011-12-04,19787.178571428572,5007.785714285715,2711.1071428571427
d_311,21909,2623,4688,2011-12-05,19854.285714285714,5003.392857142857,2717.75
d_312,20495,2661,4111,2011-12-06,19923.14285714286,4999.035714285715,2727.5
d_313,18883,2581,3989,2011-12-07,19900.89285714286,4994.035714285715,2731.9285714285716
d_314,19365,2747,4235,2011-12-08,19924.964285714286,4971.928571428572,2737.1071428571427
d_315,21637,2955,4846,2011-12-09,19924.428571428572,4954.821428571428,2743.4285714285716
d_316,25296,3417,6073,2011-12-10,19907.428571428572,4933.714285714285,2740.964285714286
d_317,27114,2830,5799,2011-12-11,19939.964285714286,4910.214285714285,2746.035714285714
d_318,22015,2831,4305,2011-12-12,20033.89285714286,4895.214285714285,2752.035714285714
d_319,20528,2443,3942,2011-12-13,20062.10714285714,4873.607142857143,2753.0
d_320,20201,2485,4108,2011-12-14,20170.285714285714,4863.785714285715,2757.0
d_321,22490,2894,4260,2011-12-15,20382.85714285714,4865.0,2776.4285714285716
d_322,21275,2914,4696,2011-12-16,20474.428571428572,4853.0,2781.785714285714
d_323,24797,3270,6092,2011-12-17,20515.035714285714,4832.857142857143,2783.25
d_324,23652,2802,5633,2011-12-18,20536.75,4801.678571428572,2768.9285714285716
d_325,19961,2627,4480,2011-12-19,20596.25,4791.571428571428,2772.8928571428573
d_326,19255,2620,4387,2011-12-20,20621.285714285714,4776.285714285715,2784.8571428571427
d_327,19578,2763,4321,2011-12-21,20489.75,4749.678571428572,2795.6785714285716
d_328,20555,2945,4682,2011-12-22,20706.39285714286,4816.964285714285,2860.1428571428573
d_329,25966,3350,5330,2011-12-23,21036.14285714286,4841.821428571428,2885.8214285714284
d_330,23432,2580,3946,2011-12-24,21261.535714285714,4796.214285714285,2872.6785714285716
d_331,13,0,0,2011-12-25,20574.071428571428,4608.464285714285,2779.285714285714
d_332,19210,3244,5578,2011-12-26,20700.571428571428,4655.5,2807.6785714285716
d_333,17379,2538,4734,2011-12-27,20788.85714285714,4685.0,2799.4285714285716
d_334,17401,2548,4842,2011-12-28,20882.821428571428,4717.714285714285,2804.964285714286
d_335,17149,2427,4965,2011-12-29,20840.964285714286,4723.75,2779.1071428571427
d_336,23501,3581,6570,2011-12-30,20924.571428571428,4765.428571428572,2794.0
d_337,25041,2849,5861,2011-12-31,20840.178571428572,4743.071428571428,2744.3928571428573
d_338,15898,1825,4084,2012-01-01,20499.85714285714,4662.75,2691.0714285714284
d_339,23631,3082,6340,2012-01-02,20561.35714285714,4721.75,2707.464285714286
d_340,21115,2649,4987,2012-01-03,20583.5,4753.035714285715,2707.035714285714
d_341,18627,2526,4668,2012-01-04,20574.35714285714,4777.285714285715,2705.0714285714284
d_342,21132,2433,4934,2012-01-05,20637.464285714286,4802.25,2693.8571428571427
d_343,22325,2957,5123,2012-01-06,20662.035714285714,4812.142857142857,2693.9285714285716
d_344,27327,3468,6348,2012-01-07,20734.571428571428,4821.964285714285,2695.75
d_345,27712,2708,6302,2012-01-08,20755.928571428572,4839.928571428572,2691.3928571428573
d_346,21688,2203,4315,2012-01-09,20744.25,4840.285714285715,2668.964285714286
d_347,19807,2467,4366,2012-01-10,20718.5,4855.428571428572,2669.8214285714284
d_348,21772,2844,4428,2012-01-11,20774.60714285714,4866.857142857143,2682.6428571428573
d_349,18816,2110,3789,2012-01-12,20643.39285714286,4850.035714285715,2654.6428571428573
d_350,21831,2631,5001,2012-01-13,20663.25,4860.928571428572,2644.535714285714
d_351,26918,3371,6526,2012-01-14,20739.0,4876.428571428572,2648.1428571428573
d_352,27677,2977,5805,2012-01-15,20882.75,4882.571428571428,2654.3928571428573
d_353,22421,2797,5330,2012-01-16,20970.60714285714,4912.928571428572,2660.464285714286
d_354,16683,1988,3516,2012-01-17,20878.75,4881.821428571428,2637.8928571428573
d_355,18539,2508,4301,2012-01-18,20841.64285714286,4881.107142857143,2628.785714285714
d_356,17552,2414,4068,2012-01-19,20734.39285714286,4859.178571428572,2609.8214285714284
d_357,19766,2419,5019,2012-01-20,20512.964285714286,4848.071428571428,2576.5714285714284
d_358,27425,3827,7326,2012-01-21,20655.571428571428,4968.785714285715,2621.1071428571427
d_359,23909,2585,6093,2012-01-22,21509.0,5186.392857142857,2713.4285714285716
d_360,17725,2426,4551,2012-01-23,21455.964285714286,5149.714285714285,2684.214285714286
d_361,16927,2462,4160,2012-01-24,21439.821428571428,5129.214285714285,2681.5
d_362,16204,2244,3960,2012-01-25,21397.071428571428,5097.714285714285,2670.6428571428573
d_363,16251,2550,4436,2012-01-26,21365.0,5078.821428571428,2675.035714285714
d_364,19221,2789,5189,2012-01-27,21212.14285714286,5029.5,2646.75
d_365,24127,3696,6539,2012-01-28,21179.5,5053.714285714285,2677.0
d_366,24108,3212,6257,2012-01-29,21472.714285714286,5131.321428571428,2726.535714285714
d_367,18278,2227,4683,2012-01-30,21281.535714285714,5072.142857142857,2696.0
d_368,17948,2492,4684,2012-01-31,21168.428571428572,5061.321428571428,2690.3928571428573
d_369,20989,3012,5850,2012-02-01,21252.785714285714,5103.535714285715,2707.75
d_370,20819,2682,5114,2012-02-02,21241.60714285714,5109.964285714285,2716.6428571428573
d_371,25333,3308,6463,2012-02-03,21349.035714285714,5157.821428571428,2729.1785714285716
d_372,30722,4026,8281,2012-02-04,21470.285714285714,5226.857142857143,2749.1071428571427
d_373,30180,3156,6739,2012-02-05,21558.428571428572,5242.464285714285,2765.1071428571427
d_374,22951,2546,5184,2012-02-06,21603.535714285714,5273.5,2777.3571428571427
d_375,20626,2438,5044,2012-02-07,21632.785714285714,5297.714285714285,2776.3214285714284
d_376,21170,2323,5086,2012-02-08,21611.285714285714,5321.214285714285,2757.714285714286
d_377,22467,2605,4855,2012-02-09,21741.678571428572,5359.285714285715,2775.3928571428573
d_378,22101,2676,5086,2012-02-10,21751.321428571428,5362.321428571428,2777.0
d_379,30252,3926,7579,2012-02-11,21870.39285714286,5399.928571428572,2796.8214285714284
d_380,31167,3283,7454,2012-02-12,21995.035714285714,5458.821428571428,2807.75
d_381,24331,2335,5009,2012-02-13,22063.25,5447.357142857143,2791.25
d_382,18774,2295,4031,2012-02-14,22137.928571428572,5465.75,2802.214285714286
d_383,19494,2484,4900,2012-02-15,22172.035714285714,5487.142857142857,2801.3571428571427
d_384,17551,2579,5065,2012-02-16,22172.0,5522.75,2807.25
d_385,18998,2860,5746,2012-02-17,22144.571428571428,5548.714285714285,2823.0
d_386,25763,3581,7278,2012-02-18,22085.214285714286,5547.0,2814.214285714286
d_387,25964,3137,7237,2012-02-19,22158.60714285714,5587.857142857143,2833.9285714285716
d_388,21666,2430,6122,2012-02-20,22299.35714285714,5643.964285714285,2834.0714285714284
d_389,17853,2564,4773,2012-02-21,22332.428571428572,5665.857142857143,2837.714285714286
d_390,16958,2460,4697,2012-02-22,22359.35714285714,5692.178571428572,2845.4285714285716
d_391,17631,2440,5140,2012-02-23,22408.64285714286,5717.321428571428,2841.5
d_392,19849,2599,5422,2012-02-24,22431.071428571428,5725.642857142857,2834.714285714286
d_393,24666,3723,7380,2012-02-25,22450.321428571428,5755.678571428572,2835.6785714285716
d_394,25699,3314,7268,2012-02-26,22507.14285714286,5791.785714285715,2839.3214285714284
d_395,19498,2440,5332,2012-02-27,22550.714285714286,5814.964285714285,2846.9285714285716
d_396,17124,2471,4764,2012-02-28,22521.285714285714,5817.821428571428,2846.1785714285716
d_397,17347,2525,4930,2012-02-29,22391.214285714286,5784.964285714285,2828.785714285714
d_398,21248,3025,5959,2012-03-01,22406.535714285714,5815.142857142857,2841.035714285714
d_399,23537,3121,5885,2012-03-02,22342.39285714286,5794.5,2834.3571428571427
d_400,29739,3809,7771,2012-03-03,22307.285714285714,5776.285714285715,2826.6071428571427
d_401,29217,3462,7646,2012-03-04,22272.89285714286,5808.678571428572,2837.535714285714
d_402,24562,2635,5506,2012-03-05,22330.428571428572,5820.178571428572,2840.714285714286
d_403,23686,2604,5242,2012-03-06,22439.714285714286,5827.25,2846.6428571428573
d_404,20866,2586,5156,2012-03-07,22428.85714285714,5829.75,2856.035714285714
d_405,21797,2593,5369,2012-03-08,22404.928571428572,5848.107142857143,2855.6071428571427
d_406,24112,2602,5608,2012-03-09,22476.75,5866.75,2852.964285714286
d_407,28103,3590,7866,2012-03-10,22400.0,5877.0,2840.964285714286
d_408,29549,3292,7771,2012-03-11,22342.214285714286,5888.321428571428,2841.285714285714
d_409,24391,2481,5629,2012-03-12,22344.35714285714,5910.464285714285,2846.5
d_410,21406,2351,5343,2012-03-13,22438.35714285714,5957.321428571428,2848.5
d_411,20598,2247,4996,2012-03-14,22477.785714285714,5960.75,2840.035714285714
d_412,22828,2643,5281,2012-03-15,22666.25,5968.464285714285,2842.3214285714284
d_413,22504,2804,5643,2012-03-16,22791.464285714286,5964.785714285715,2840.3214285714284
d_414,26869,3552,7483,2012-03-17,22830.964285714286,5972.107142857143,2839.285714285714
d_415,26962,3103,7629,2012-03-18,22866.60714285714,5986.107142857143,2838.0714285714284
d_416,20626,2777,5784,2012-03-19,22829.464285714286,5974.035714285715,2850.464285714286
d_417,18225,2430,4878,2012-03-20,22842.75,5977.785714285715,2845.6785714285716
d_418,18902,2349,4976,2012-03-21,22912.178571428572,5987.75,2841.714285714286
d_419,18815,2253,4947,2012-03-22,22954.464285714286,5980.857142857143,2835.035714285714
d_420,20793,2817,5445,2012-03-23,22988.178571428572,5981.678571428572,2842.8214285714284
d_421,26487,3559,7043,2012-03-24,23053.214285714286,5969.642857142857,2836.964285714286
d_422,27345,3133,7365,2012-03-25,23112.0,5973.107142857143,2830.5
d_423,19662,2321,5199,2012-03-26,23117.85714285714,5968.357142857143,2826.25
d_424,17673,2467,4509,2012-03-27,23137.464285714286,5959.25,2826.1071428571427
d_425,17683,2376,4724,2012-03-28,23149.464285714286,5951.892857142857,2820.785714285714
d_426,16997,2366,4516,2012-03-29,22997.64285714286,5900.357142857143,2797.25
d_427,21607,3145,5980,2012-03-30,22928.714285714286,5903.75,2798.1071428571427
d_428,26537,4013,7913,2012-03-31,22814.35714285714,5908.821428571428,2805.3928571428573
d_429,29224,3102,7457,2012-04-01,22814.60714285714,5902.071428571428,2792.535714285714
d_430,23227,2818,5314,2012-04-02,22766.928571428572,5895.214285714285,2799.0714285714284
d_431,24983,2767,5283,2012-04-03,22813.25,5896.678571428572,2804.8928571428573
d_432,21111,2282,4925,2012-04-04,22822.0,5888.428571428572,2794.035714285714
d_433,23815,2530,5023,2012-04-05,22894.071428571428,5876.071428571428,2791.785714285714
d_434,28602,3085,5858,2012-04-06,23054.428571428572,5885.0,2809.035714285714
d_435,34587,3757,7294,2012-04-07,23286.0,5864.571428571428,2815.0
d_436,27883,2290,6037,2012-04-08,23226.5,5802.642857142857,2779.214285714286
d_437,23870,2672,5451,2012-04-09,23207.89285714286,5796.285714285715,2786.035714285714
d_438,21164,2586,5050,2012-04-10,23199.25,5785.821428571428,2794.4285714285716
d_439,21572,2859,5144,2012-04-11,23234.035714285714,5791.107142857143,2816.285714285714
d_440,21116,2597,4855,2012-04-12,23172.89285714286,5775.892857142857,2814.6428571428573
d_441,22686,3234,6018,2012-04-13,23179.39285714286,5789.285714285715,2830.0
d_442,27546,3623,7377,2012-04-14,23203.571428571428,5785.5,2832.535714285714
d_443,28433,3224,7050,2012-04-15,23256.10714285714,5764.821428571428,2836.8571428571427
d_444,19680,2848,5144,2012-04-16,23222.321428571428,5741.964285714285,2839.3928571428573
d_445,18939,2303,4825,2012-04-17,23247.821428571428,5740.071428571428,2834.8571428571427
d_446,17589,2392,4718,2012-04-18,23200.928571428572,5730.857142857143,2836.3928571428573
d_447,17751,2590,4483,2012-04-19,23162.928571428572,5714.285714285715,2848.4285714285716
d_448,20271,2613,5259,2012-04-20,23144.285714285714,5707.642857142857,2841.1428571428573
d_449,26514,3245,6949,2012-04-21,23145.25,5704.285714285715,2829.9285714285716
d_450,26894,3014,6856,2012-04-22,23129.14285714286,5686.107142857143,2825.6785714285716
d_451,19078,2670,4922,2012-04-23,23108.285714285714,5676.214285714285,2838.1428571428573
d_452,17829,2459,4560,2012-04-24,23113.85714285714,5678.035714285715,2837.8571428571427
d_453,17621,2498,4329,2012-04-25,23111.64285714286,5663.928571428572,2842.214285714286
d_454,17733,2282,4515,2012-04-26,23137.928571428572,5663.892857142857,2839.214285714286
d_455,20502,2825,5650,2012-04-27,23098.464285714286,5652.107142857143,2827.785714285714
d_456,25131,3534,6982,2012-04-28,23048.25,5618.857142857143,2810.6785714285716
d_457,25978,3407,6739,2012-04-29,22932.321428571428,5593.214285714285,2821.5714285714284
d_458,19645,2393,5318,2012-04-30,22804.39285714286,5593.357142857143,2806.3928571428573
d_459,21643,2846,5801,2012-05-01,22685.10714285714,5611.857142857143,2809.214285714286
d_460,21481,2736,5022,2012-05-02,22698.321428571428,5615.321428571428,2825.4285714285716
d_461,24223,3228,5508,2012-05-03,22712.89285714286,5632.642857142857,2850.3571428571427
d_462,24116,3180,5636,2012-05-04,22552.678571428572,5624.714285714285,2853.75
d_463,29358,3268,6575,2012-05-05,22365.928571428572,5599.035714285715,2836.285714285714
d_464,31323,3375,6831,2012-05-06,22488.785714285714,5627.392857142857,2875.035714285714
d_465,26266,2204,5007,2012-05-07,22574.35714285714,5611.535714285715,2858.3214285714284
d_466,23671,2074,4688,2012-05-08,22663.89285714286,5598.607142857143,2840.035714285714
d_467,23528,2090,4586,2012-05-09,22733.75,5578.678571428572,2812.5714285714284
d_468,21741,2203,4220,2012-05-10,22756.071428571428,5556.0,2798.5
d_469,25591,2279,4944,2012-05-11,22859.821428571428,5517.642857142857,2764.3928571428573
d_470,31472,2714,6686,2012-05-12,23000.035714285714,5492.964285714285,2731.9285714285716
d_471,26101,2306,5362,2012-05-13,22916.75,5432.678571428572,2699.1428571428573
d_472,24377,2063,5143,2012-05-14,23084.5,5432.642857142857,2671.1071428571427
d_473,24516,2244,4998,2012-05-15,23283.678571428572,5438.821428571428,2669.0
d_474,21413,2289,4975,2012-05-16,23420.25,5448.0,2665.3214285714284
d_475,20836,1986,4501,2012-05-17,23530.428571428572,5448.642857142857,2643.75
d_476,24572,2338,5401,2012-05-18,23684.035714285714,5453.714285714285,2633.9285714285716
d_477,28523,2855,6551,2012-05-19,23755.785714285714,5439.5,2620.0
d_478,29991,2644,6879,2012-05-20,23866.39285714286,5440.321428571428,2606.785714285714
d_479,21320,2175,5310,2012-05-21,23946.464285714286,5454.178571428572,2589.1071428571427
d_480,20500,1951,5051,2012-05-22,24041.85714285714,5471.714285714285,2570.964285714286
d_481,19877,1947,4799,2012-05-23,24122.428571428572,5488.5,2551.285714285714
d_482,21049,2164,4750,2012-05-24,24240.85714285714,5496.892857142857,2547.0714285714284
d_483,24619,2424,5754,2012-05-25,24387.89285714286,5500.607142857143,2532.75
d_484,27755,2790,6694,2012-05-26,24481.60714285714,5490.321428571428,2506.1785714285716
d_485,25055,2798,6000,2012-05-27,24448.64285714286,5463.928571428572,2484.4285714285716
d_486,24793,2652,5962,2012-05-28,24632.5,5486.928571428572,2493.6785714285716
d_487,20884,2620,5116,2012-05-29,24605.39285714286,5462.464285714285,2485.6071428571427
d_488,19506,2547,5097,2012-05-30,24534.85714285714,5465.142857142857,2478.8571428571427
d_489,20298,2896,5615,2012-05-31,24394.678571428572,5468.964285714285,2467.0
d_490,26898,3774,8857,2012-06-01,24494.035714285714,5584.0,2488.214285714286
d_491,32202,3743,8998,2012-06-02,24595.60714285714,5670.535714285715,2505.1785714285716
d_492,33122,3287,7501,2012-06-03,24659.85714285714,5694.464285714285,2502.035714285714
d_493,24514,2967,5813,2012-06-04,24597.285714285714,5723.25,2529.285714285714
d_494,26183,2556,5267,2012-06-05,24687.0,5743.928571428572,2546.5
d_495,25754,2879,4954,2012-06-06,24766.5,5757.071428571428,2574.6785714285716
d_496,24494,2773,5268,2012-06-07,24864.821428571428,5794.5,2595.035714285714
d_497,27811,3280,5810,2012-06-08,24944.10714285714,5825.428571428572,2630.785714285714
d_498,32770,3513,7026,2012-06-09,24990.464285714286,5837.571428571428,2659.3214285714284
d_499,32818,3315,8811,2012-06-10,25230.35714285714,5960.75,2695.3571428571427
d_500,29649,2787,7200,2012-06-11,25418.64285714286,6034.214285714285,2721.214285714286
d_501,26197,2431,6446,2012-06-12,25478.678571428572,6085.928571428572,2727.8928571428573
d_502,23692,2736,6502,2012-06-13,25560.071428571428,6140.464285714285,2743.8571428571427
d_503,24772,2500,6510,2012-06-14,25700.64285714286,6212.214285714285,2762.214285714286
d_504,30641,3201,7956,2012-06-15,25917.39285714286,6303.464285714285,2793.035714285714
d_505,31590,3826,9022,2012-06-16,26026.928571428572,6391.714285714285,2827.714285714286
d_506,28421,2927,7691,2012-06-17,25970.85714285714,6420.714285714285,2837.8214285714284
d_507,24353,2784,6963,2012-06-18,26079.178571428572,6479.75,2859.5714285714284
d_508,22653,2513,6801,2012-06-19,26156.071428571428,6542.25,2879.6428571428573
d_509,22145,2603,6720,2012-06-20,26237.071428571428,6610.857142857143,2903.0714285714284
d_510,21436,2854,6474,2012-06-21,26250.89285714286,6672.428571428572,2927.714285714286
d_511,25388,3602,7487,2012-06-22,26278.35714285714,6734.321428571428,2969.785714285714
d_512,28070,3248,8692,2012-06-23,26289.60714285714,6805.678571428572,2986.1428571428573
d_513,28785,3207,8517,2012-06-24,26422.821428571428,6895.571428571428,3000.75
d_514,22147,2609,7091,2012-06-25,26328.321428571428,6935.892857142857,2999.214285714286
d_515,20473,2737,6161,2012-06-26,26313.64285714286,6973.214285714285,3003.3928571428573
d_516,20323,2527,6035,2012-06-27,26342.821428571428,7006.714285714285,3002.6785714285716
d_517,21063,2468,6054,2012-06-28,26370.14285714286,7022.392857142857,2987.3928571428573
d_518,24863,3434,8080,2012-06-29,26297.464285714286,6994.642857142857,2975.25
d_519,27386,3985,9223,2012-06-30,26125.464285714286,7002.678571428572,2983.8928571428573
d_520,29233,2636,8830,2012-07-01,25986.571428571428,7050.142857142857,2960.6428571428573
d_521,26523,2314,7026,2012-07-02,26058.321428571428,7093.464285714285,2937.3214285714284
d_522,29682,2414,7446,2012-07-03,26183.285714285714,7171.285714285715,2932.25
d_523,24727,1930,5999,2012-07-04,26146.60714285714,7208.607142857143,2898.3571428571427
d_524,25331,2081,6996,2012-07-05,26176.5,7270.321428571428,2873.6428571428573
d_525,29846,2638,7507,2012-07-06,26249.178571428572,7330.928571428572,2850.714285714286
d_526,30605,2677,8149,2012-07-07,26171.85714285714,7371.035714285715,2820.8571428571427
d_527,31165,3367,8140,2012-07-08,26112.821428571428,7347.071428571428,2822.714285714286
d_528,26688,2647,6435,2012-07-09,26007.071428571428,7319.75,2817.714285714286
d_529,23631,2630,6326,2012-07-10,25915.428571428572,7315.464285714285,2824.8214285714284
d_530,24229,2711,6132,2012-07-11,25934.60714285714,7302.25,2823.9285714285716
d_531,24277,2567,6233,2012-07-12,25916.928571428572,7292.357142857143,2826.3214285714284
d_532,25931,3300,7351,2012-07-13,25748.714285714286,7270.75,2829.8571428571427
d_533,29842,3692,8814,2012-07-14,25686.285714285714,7263.321428571428,2825.0714285714284
d_534,31949,3216,8524,2012-07-15,25812.285714285714,7293.071428571428,2835.3928571428573
d_535,23498,2868,6654,2012-07-16,25781.75,7282.035714285715,2838.3928571428573
d_536,21854,2596,5968,2012-07-17,25753.214285714286,7252.285714285715,2841.3571428571427
d_537,20397,2661,5858,2012-07-18,25690.785714285714,7221.5,2843.4285714285716
d_538,21435,3137,6292,2012-07-19,25690.75,7215.0,2853.535714285714
d_539,24826,3405,7171,2012-07-20,25670.678571428572,7203.714285714285,2846.5
d_540,27794,3593,8157,2012-07-21,25660.821428571428,7184.607142857143,2858.8214285714284
d_541,28210,3390,8352,2012-07-22,25640.285714285714,7178.714285714285,2865.3571428571427
d_542,21925,2735,6204,2012-07-23,25632.35714285714,7147.035714285715,2869.8571428571427
d_543,21127,2301,6051,2012-07-24,25655.714285714286,7143.107142857143,2854.285714285714
d_544,20424,2126,5804,2012-07-25,25659.321428571428,7134.857142857143,2839.964285714286
d_545,20162,2277,6099,2012-07-26,25627.14285714286,7136.464285714285,2833.1428571428573
d_546,22830,2457,6553,2012-07-27,25554.535714285714,7081.928571428572,2798.25
d_547,24118,2783,7687,2012-07-28,25437.821428571428,7027.071428571428,2755.3214285714284
d_548,25927,2444,7776,2012-07-29,25319.75,6989.428571428572,2748.464285714286
d_549,20822,2094,6017,2012-07-30,25116.14285714286,6953.392857142857,2740.6071428571427
d_550,20591,2353,6587,2012-07-31,24791.464285714286,6922.714285714285,2738.4285714285716
d_551,23954,2563,7453,2012-08-01,24763.85714285714,6974.642857142857,2761.035714285714
d_552,25294,2604,7362,2012-08-02,24762.535714285714,6987.714285714285,2779.714285714286
d_553,28727,2833,7951,2012-08-03,24722.571428571428,7003.571428571428,2786.6785714285716
d_554,29657,2810,8809,2012-08-04,24688.714285714286,7027.142857142857,2791.4285714285716
d_555,31801,2629,8579,2012-08-05,24711.428571428572,7042.821428571428,2765.0714285714284
d_556,27608,2268,7148,2012-08-06,24744.285714285714,7068.285714285715,2751.535714285714
d_557,23779,2166,6449,2012-08-07,24749.571428571428,7072.678571428572,2734.964285714286
d_558,24043,2023,6235,2012-08-08,24742.928571428572,7076.357142857143,2710.3928571428573
d_559,26042,2007,6959,2012-08-09,24805.964285714286,7102.285714285715,2690.3928571428573
d_560,25861,2445,8159,2012-08-10,24803.464285714286,7131.142857142857,2659.8571428571427
d_561,32103,2716,9262,2012-08-11,24884.214285714286,7147.142857142857,2625.0
d_562,33640,2647,9511,2012-08-12,24944.60714285714,7182.392857142857,2604.6785714285716
d_563,26301,2055,7674,2012-08-13,25044.714285714286,7218.821428571428,2575.6428571428573
d_564,25053,2075,7184,2012-08-14,25158.964285714286,7262.25,2557.035714285714
d_565,26310,2254,6933,2012-08-15,25370.14285714286,7300.642857142857,2542.5
d_566,24791,2452,7162,2012-08-16,25490.0,7331.714285714285,2518.035714285714
d_567,25186,2490,7781,2012-08-17,25502.85714285714,7353.5,2485.3571428571427
d_568,29402,2885,9234,2012-08-18,25560.285714285714,7391.964285714285,2460.0714285714284
d_569,30722,2912,9730,2012-08-19,25650.0,7441.178571428572,2443.0
d_570,23145,2071,7194,2012-08-20,25693.571428571428,7476.535714285715,2419.285714285714
d_571,21221,1954,7031,2012-08-21,25696.928571428572,7511.535714285715,2406.8928571428573
d_572,19995,2203,6724,2012-08-22,25681.60714285714,7544.392857142857,2409.6428571428573
d_573,19900,2012,6640,2012-08-23,25672.25,7563.714285714285,2400.1785714285716
d_574,22808,2439,7797,2012-08-24,25671.464285714286,7608.142857142857,2399.535714285714
d_575,27425,2812,9727,2012-08-25,25789.571428571428,7681.0,2400.5714285714284
d_576,29159,2754,9108,2012-08-26,25905.0,7728.571428571428,2411.6428571428573
d_577,21742,2355,6913,2012-08-27,25937.85714285714,7760.571428571428,2420.964285714286
d_578,20118,2112,6242,2012-08-28,25920.964285714286,7748.25,2412.3571428571427
d_579,18979,2061,6061,2012-08-29,25743.285714285714,7698.535714285715,2394.4285714285716
d_580,19819,1952,6532,2012-08-30,25547.75,7668.892857142857,2371.1428571428573
d_581,24435,2992,9665,2012-08-31,25394.464285714286,7730.107142857143,2376.8214285714284
d_582,30247,3375,11008,2012-09-01,25415.535714285714,7808.642857142857,2397.0
d_583,30330,2609,9880,2012-09-02,25363.0,7855.107142857143,2396.285714285714
d_584,32349,2469,9707,2012-09-03,25532.321428571428,7946.5,2403.464285714286
d_585,22229,2308,7342,2012-09-04,25476.964285714286,7978.392857142857,2408.535714285714
d_586,22931,2102,6821,2012-09-05,25437.25,7999.321428571428,2411.3571428571427
d_587,23038,2224,7313,2012-09-06,25329.964285714286,8011.964285714285,2419.1071428571427
d_588,24337,2327,8111,2012-09-07,25275.535714285714,8010.25,2414.8928571428573
d_589,29363,3017,10838,2012-09-08,25177.678571428572,8066.535714285715,2425.6428571428573
d_590,32936,2831,10882,2012-09-09,25152.535714285714,8115.5,2432.214285714286
d_591,23144,2041,7787,2012-09-10,25039.785714285714,8119.535714285715,2431.714285714286
d_592,23088,2151,7131,2012-09-11,24969.60714285714,8117.642857142857,2434.4285714285716
d_593,22506,1896,6616,2012-09-12,24833.75,8106.321428571428,2421.6428571428573
d_594,20926,2028,7188,2012-09-13,24695.714285714286,8107.25,2406.5
d_595,24991,2510,8858,2012-09-14,24688.75,8145.714285714285,2407.214285714286
d_596,32157,3065,10737,2012-09-15,24787.14285714286,8199.392857142857,2413.6428571428573
d_597,30901,3190,10195,2012-09-16,24793.535714285714,8216.0,2423.5714285714284
d_598,22105,2195,7560,2012-09-17,24756.39285714286,8229.07142857143,2428.0
d_599,19639,2507,7130,2012-09-18,24699.89285714286,8232.607142857143,2447.75
d_600,18408,2195,6462,2012-09-19,24643.214285714286,8223.25,2447.464285714286
d_601,19301,2096,7160,2012-09-20,24621.821428571428,8241.82142857143,2450.464285714286
d_602,22378,2483,8773,2012-09-21,24606.464285714286,8276.67857142857,2452.035714285714
d_603,27922,3211,10756,2012-09-22,24624.214285714286,8313.42857142857,2466.285714285714
d_604,27876,2775,10711,2012-09-23,24578.39285714286,8370.67857142857,2467.035714285714
d_605,19740,2280,7156,2012-09-24,24506.89285714286,8379.357142857143,2464.3571428571427
d_606,18975,1942,7062,2012-09-25,24466.071428571428,8408.642857142857,2458.285714285714
d_607,18298,2052,6582,2012-09-26,24441.75,8427.25,2457.964285714286
d_608,18276,2193,6762,2012-09-27,24386.64285714286,8435.464285714286,2466.5714285714284
d_609,21928,2555,8173,2012-09-28,24297.10714285714,8382.17857142857,2450.964285714286
d_610,27507,2985,10489,2012-09-29,24199.25,8363.642857142857,2437.035714285714
d_611,27352,2742,9642,2012-09-30,24092.89285714286,8355.142857142857,2441.785714285714
d_612,23833,2522,8486,2012-10-01,23788.75,8311.535714285714,2443.6785714285716
d_613,24338,2362,7130,2012-10-02,23864.071428571428,8303.964285714286,2445.6071428571427
d_614,24361,2476,7383,2012-10-03,23915.14285714286,8324.035714285714,2458.964285714286
d_615,20913,2434,6728,2012-10-04,23839.25,8303.142857142857,2466.464285714286
d_616,24515,2432,7641,2012-10-05,23845.60714285714,8286.357142857143,2470.214285714286
d_617,31141,2950,9949,2012-10-06,23909.10714285714,8254.607142857143,2467.8214285714284
d_618,29673,2757,9442,2012-10-07,23792.571428571428,8203.17857142857,2465.1785714285716
d_619,24230,2189,7371,2012-10-08,23831.35714285714,8188.321428571428,2470.464285714286
d_620,23636,2246,6413,2012-10-09,23850.928571428572,8162.678571428572,2473.8571428571427
d_621,21331,2020,6618,2012-10-10,23808.964285714286,8162.75,2478.285714285714
d_622,21622,2220,6156,2012-10-11,23833.821428571428,8125.892857142857,2485.1428571428573
d_623,24707,2568,7777,2012-10-12,23823.678571428572,8087.285714285715,2487.214285714286
d_624,28872,3042,10312,2012-10-13,23706.35714285714,8072.107142857143,2486.3928571428573
d_625,29499,2743,9995,2012-10-14,23656.285714285714,8064.964285714285,2470.4285714285716
d_626,24260,2187,7237,2012-10-15,23733.25,8053.428571428572,2470.1428571428573
d_627,19213,1973,6683,2012-10-16,23718.035714285714,8037.464285714285,2451.0714285714284
d_628,18531,2112,6460,2012-10-17,23722.428571428572,8037.392857142857,2448.1071428571427
d_629,17729,2249,6191,2012-10-18,23666.285714285714,8002.785714285715,2453.5714285714284
d_630,20116,2380,7215,2012-10-19,23585.5,7947.142857142857,2449.8928571428573
d_631,24247,2815,9627,2012-10-20,23454.25,7906.821428571428,2435.75
d_632,24911,2763,9313,2012-10-21,23348.35714285714,7856.892857142857,2435.3214285714284
d_633,18082,2117,6513,2012-10-22,23289.14285714286,7833.928571428572,2429.5
d_634,17205,2050,6164,2012-10-23,23225.928571428572,7801.857142857143,2433.3571428571427
d_635,16486,2128,5776,2012-10-24,23161.214285714286,7773.071428571428,2436.0714285714284
d_636,16225,2094,5993,2012-10-25,23087.964285714286,7745.607142857143,2432.535714285714
d_637,21648,2777,7438,2012-10-26,23077.964285714286,7719.357142857143,2440.464285714286
d_638,26069,3015,9463,2012-10-27,23026.60714285714,7682.714285714285,2441.535714285714
d_639,25456,2812,8916,2012-10-28,22958.89285714286,7656.785714285715,2444.035714285714
d_640,18854,2342,6385,2012-10-29,22781.071428571428,7581.75,2437.6071428571427
d_641,19666,2373,6041,2012-10-30,22614.214285714286,7542.857142857143,2438.0
d_642,17521,2001,5453,2012-10-31,22369.928571428572,7473.928571428572,2421.035714285714
d_643,20551,2518,7982,2012-11-01,22357.0,7518.714285714285,2424.035714285714
d_644,24094,2954,8466,2012-11-02,22341.964285714286,7548.178571428572,2442.6785714285716
d_645,31396,3307,10376,2012-11-03,22351.071428571428,7563.428571428572,2455.4285714285716
d_646,29166,2915,10464,2012-11-04,22332.964285714286,7599.928571428572,2461.0714285714284
d_647,23990,2145,6922,2012-11-05,22324.39285714286,7583.892857142857,2459.5
d_648,22357,2029,6128,2012-11-06,22278.714285714286,7573.714285714285,2451.75
d_649,21404,2072,6207,2012-11-07,22281.321428571428,7559.035714285715,2453.6071428571427
d_650,22229,2191,6337,2012-11-08,22303.0,7565.5,2452.5714285714284
d_651,25947,2413,7362,2012-11-09,22347.285714285714,7550.678571428572,2447.035714285714
d_652,30152,3237,9495,2012-11-10,22393.0,7521.5,2454.0
d_653,31469,3004,9044,2012-11-11,22463.35714285714,7487.535714285715,2463.3214285714284
d_654,24447,2202,6564,2012-11-12,22470.035714285714,7463.5,2463.8571428571427
d_655,20713,2120,5475,2012-11-13,22523.60714285714,7420.357142857143,2469.1071428571427
d_656,20250,1876,5709,2012-11-14,22585.0,7393.535714285715,2460.6785714285716
d_657,21876,1967,5870,2012-11-15,22733.10714285714,7382.071428571428,2450.6071428571427
d_658,22120,2396,7100,2012-11-16,22804.678571428572,7377.964285714285,2451.1785714285716
d_659,27847,3157,9437,2012-11-17,22933.25,7371.178571428572,2463.3928571428573
d_660,26083,2609,8884,2012-11-18,22975.10714285714,7355.857142857143,2457.8928571428573
d_661,20534,2253,6543,2012-11-19,23062.678571428572,7356.928571428572,2462.75
d_662,21783,2205,6286,2012-11-20,23226.178571428572,7361.285714285715,2468.285714285714
d_663,25814,2195,7199,2012-11-21,23559.321428571428,7412.107142857143,2470.6785714285716
d_664,16806,1064,4039,2012-11-22,23580.071428571428,7342.321428571428,2433.8928571428573
d_665,15448,1958,6017,2012-11-23,23358.64285714286,7291.571428571428,2404.6428571428573
d_666,20047,2335,7634,2012-11-24,23143.571428571428,7226.25,2380.3571428571427
d_667,22240,2579,7913,2012-11-25,23028.714285714286,7190.428571428572,2372.035714285714
d_668,17631,2253,6592,2012-11-26,22985.035714285714,7197.821428571428,2368.8571428571427
d_669,16702,1927,5860,2012-11-27,22879.178571428572,7191.357142857143,2352.9285714285716
d_670,16091,1964,5490,2012-11-28,22828.10714285714,7192.678571428572,2351.6071428571427
d_671,16222,2036,5610,2012-11-29,22673.5,7107.964285714285,2334.3928571428573
d_672,19942,2471,7976,2012-11-30,22525.214285714286,7090.464285714285,2317.1428571428573
d_673,28613,3432,10451,2012-12-01,22425.821428571428,7093.142857142857,2321.6071428571427
d_674,28916,2780,9244,2012-12-02,22416.89285714286,7049.571428571428,2316.785714285714
d_675,24834,2661,7842,2012-12-03,22447.035714285714,7082.428571428572,2335.214285714286
d_676,20223,2292,6304,2012-12-04,22370.821428571428,7088.714285714285,2344.6071428571427
d_677,23165,2237,5782,2012-12-05,22433.714285714286,7073.535714285715,2350.5
d_678,22771,2134,6219,2012-12-06,22453.071428571428,7069.321428571428,2348.464285714286
d_679,23991,2386,7217,2012-12-07,22383.214285714286,7064.142857142857,2347.5
d_680,29897,2927,8749,2012-12-08,22374.10714285714,7037.5,2336.4285714285716
d_681,31226,2877,8423,2012-12-09,22365.428571428572,7015.321428571428,2331.8928571428573
d_682,22891,2345,5853,2012-12-10,22309.85714285714,6989.928571428572,2337.0
d_683,22120,2223,5955,2012-12-11,22360.10714285714,7007.071428571428,2340.6785714285716
d_684,22416,2300,5300,2012-12-12,22437.464285714286,6992.464285714285,2355.8214285714284
d_685,20762,2194,5715,2012-12-13,22397.678571428572,6986.928571428572,2363.9285714285716
d_686,23976,2368,6558,2012-12-14,22463.964285714286,6967.571428571428,2362.9285714285716
d_687,30620,3105,8665,2012-12-15,22563.0,6940.0,2361.0714285714284
d_688,28690,2891,8472,2012-12-16,22656.10714285714,6925.285714285715,2371.1428571428573
d_689,22260,2364,6401,2012-12-17,22717.75,6920.214285714285,2375.1071428571427
d_690,22052,2257,5945,2012-12-18,22727.35714285714,6908.035714285715,2376.964285714286
d_691,23370,2508,5904,2012-12-19,22640.071428571428,6861.785714285715,2388.1428571428573
d_692,22648,2159,6065,2012-12-20,22848.714285714286,6934.142857142857,2427.25
d_693,23188,2795,6865,2012-12-21,23125.14285714286,6964.428571428572,2457.1428571428573
d_694,28583,2976,8456,2012-12-22,23430.0,6993.785714285715,2480.035714285714
d_695,28624,2586,7777,2012-12-23,23658.0,6988.928571428572,2480.285714285714
d_696,24903,1865,5855,2012-12-24,23917.714285714286,6962.607142857143,2466.4285714285716
d_697,11,0,0,2012-12-25,23321.60714285714,6753.321428571428,2397.6071428571427
d_698,19822,2172,7707,2012-12-26,23454.85714285714,6832.5,2405.035714285714
d_699,19236,2183,7667,2012-12-27,23562.5,6905.964285714285,2410.285714285714
d_700,21208,2377,8762,2012-12-28,23607.714285714286,6934.035714285715,2406.9285714285716
d_701,24343,2555,10256,2012-12-29,23455.214285714286,6927.071428571428,2375.6071428571427
d_702,24322,2352,9025,2012-12-30,23291.14285714286,6919.25,2360.3214285714284
d_703,25935,2028,7073,2012-12-31,23330.464285714286,6891.785714285715,2337.714285714286
d_704,16828,1558,5701,2013-01-01,23209.214285714286,6870.25,2311.5
d_705,22648,2145,7391,2013-01-02,23190.75,6927.714285714285,2308.214285714286
d_706,26156,2352,7733,2013-01-03,23311.64285714286,6981.785714285715,2316.0
d_707,23357,2412,7973,2013-01-04,23289.0,7008.785714285715,2316.9285714285716
d_708,30987,2784,9516,2013-01-05,23327.928571428572,7036.178571428572,2311.8214285714284
d_709,32464,2682,8848,2013-01-06,23372.14285714286,7051.357142857143,2304.8571428571427
d_710,24699,2000,6818,2013-01-07,23436.714285714286,7085.821428571428,2292.535714285714
d_711,23130,2041,6049,2013-01-08,23472.785714285714,7089.178571428572,2286.035714285714
d_712,22884,1865,4783,2013-01-09,23489.5,7070.714285714285,2270.5
d_713,22345,2141,5307,2013-01-10,23546.035714285714,7056.142857142857,2268.6071428571427
d_714,25522,2416,6538,2013-01-11,23601.25,7055.428571428572,2270.3214285714284
d_715,33861,2956,9061,2013-01-12,23717.0,7069.571428571428,2265.0
d_716,30024,2630,7553,2013-01-13,23764.64285714286,7036.75,2255.6785714285716
d_717,23223,1968,5423,2013-01-14,23799.035714285714,7001.821428571428,2241.535714285714
d_718,23516,1979,5406,2013-01-15,23851.321428571428,6982.571428571428,2231.6071428571427
d_719,20568,2041,6193,2013-01-16,23751.25,6992.892857142857,2214.9285714285716
d_720,20109,2248,6013,2013-01-17,23660.571428571428,6991.035714285715,2218.1071428571427
d_721,22682,2400,7730,2013-01-18,23642.5,7021.928571428572,2204.0
d_722,29292,3147,9828,2013-01-19,23667.821428571428,7070.928571428572,2210.1071428571427
d_723,26056,2612,8373,2013-01-20,23576.10714285714,7092.214285714285,2211.035714285714
d_724,21587,2603,6697,2013-01-21,23457.678571428572,7122.285714285715,2237.3928571428573
d_725,17919,2052,5585,2013-01-22,24097.25,7321.75,2310.6785714285716
d_726,16904,2954,5736,2013-01-23,23993.035714285714,7251.357142857143,2338.6071428571427
d_727,16685,2852,5430,2013-01-24,23901.928571428572,7171.464285714285,2362.5
d_728,19707,3372,6773,2013-01-25,23848.321428571428,7100.428571428572,2398.035714285714
d_729,26805,4286,9602,2013-01-26,23936.25,7077.071428571428,2459.8571428571427
d_730,25966,3840,8621,2013-01-27,23994.964285714286,7062.642857142857,2513.0
d_731,18993,2806,5997,2013-01-28,23747.035714285714,7024.214285714285,2540.785714285714
d_732,17484,2919,5146,2013-01-29,23770.464285714286,7004.392857142857,2589.3928571428573
d_733,16038,2574,4911,2013-01-30,23534.39285714286,6915.821428571428,2604.714285714286
d_734,17846,2961,5944,2013-01-31,23237.60714285714,6851.928571428572,2626.464285714286
d_735,25582,4200,9294,2013-02-01,23317.071428571428,6899.107142857143,2690.3214285714284
d_736,34887,5210,10935,2013-02-02,23456.35714285714,6949.785714285715,2776.964285714286
d_737,30430,2868,8260,2013-02-03,23383.714285714286,6928.785714285715,2783.6071428571427
d_738,20219,2551,6222,2013-02-04,23223.714285714286,6907.5,2803.285714285714
d_739,22707,2347,6579,2013-02-05,23208.60714285714,6926.428571428572,2814.214285714286
d_740,22953,2650,6334,2013-02-06,23211.071428571428,6981.821428571428,2842.25
d_741,20991,2199,6509,2013-02-07,23162.714285714286,7024.75,2844.3214285714284
d_742,24889,2702,7955,2013-02-08,23140.10714285714,7075.357142857143,2854.535714285714
d_743,31984,3364,10504,2013-02-09,23073.071428571428,7126.892857142857,2869.1071428571427
d_744,29611,3886,10413,2013-02-10,23058.321428571428,7229.035714285715,2913.964285714286
d_745,25937,3241,7439,2013-02-11,23155.25,7301.035714285715,2959.4285714285716
d_746,25415,3132,7594,2013-02-12,23223.071428571428,7379.178571428572,3000.6071428571427
d_747,27334,3334,7883,2013-02-13,23464.714285714286,7439.535714285715,3046.785714285714
d_748,21202,2646,6361,2013-02-14,23503.75,7451.964285714285,3061.0
d_749,25413,3507,9340,2013-02-15,23601.285714285714,7509.464285714285,3100.535714285714
d_750,28916,4454,11787,2013-02-16,23587.85714285714,7579.428571428572,3147.214285714286
d_751,29237,3826,11590,2013-02-17,23701.464285714286,7694.321428571428,3190.5714285714284
d_752,22970,3020,8648,2013-02-18,23750.85714285714,7764.0,3205.464285714286
d_753,18853,2695,6700,2013-02-19,23784.214285714286,7803.821428571428,3228.4285714285716
d_754,20025,2967,7209,2013-02-20,23895.678571428572,7856.428571428572,3228.8928571428573
d_755,20867,2895,7646,2013-02-21,24045.035714285714,7935.571428571428,3230.4285714285716
d_756,21138,3329,8096,2013-02-22,24096.14285714286,7982.821428571428,3228.8928571428573
d_757,27466,4759,10806,2013-02-23,24119.75,8025.821428571428,3245.785714285714
d_758,29355,3916,10871,2013-02-24,24240.785714285714,8106.178571428572,3248.5
d_759,21493,2985,7542,2013-02-25,24330.071428571428,8161.357142857143,3254.8928571428573
d_760,18291,2617,6420,2013-02-26,24358.89285714286,8206.857142857143,3244.1071428571427
d_761,18071,2846,6967,2013-02-27,24431.5,8280.285714285714,3253.8214285714284
d_762,19375,3278,7721,2013-02-28,24486.10714285714,8343.75,3265.1428571428573
d_763,24951,4230,10270,2013-03-01,24463.571428571428,8378.607142857143,3266.214285714286
d_764,32356,5171,12245,2013-03-02,24373.178571428572,8425.392857142857,3264.8214285714284
d_765,33910,3380,10957,2013-03-03,24497.464285714286,8521.714285714286,3283.1071428571427
d_766,24929,2622,8266,2013-03-04,24665.678571428572,8594.714285714286,3285.6428571428573
d_767,22419,2233,6584,2013-03-05,24655.39285714286,8594.892857142857,3281.5714285714284
d_768,23062,2271,6695,2013-03-06,24659.285714285714,8607.785714285714,3268.035714285714
d_769,21086,2160,6524,2013-03-07,24662.678571428572,8608.32142857143,3266.6428571428573
d_770,23972,2516,7804,2013-03-08,24629.928571428572,8602.92857142857,3260.0
d_771,30868,3347,10674,2013-03-09,24590.071428571428,8609.0,3259.3928571428573
d_772,29767,3851,10490,2013-03-10,24595.64285714286,8611.75,3258.1428571428573
d_773,25051,3230,8157,2013-03-11,24564.0,8637.392857142857,3257.75
d_774,23643,2832,7317,2013-03-12,24500.714285714286,8627.5,3247.035714285714
d_775,21754,2912,7142,2013-03-13,24301.428571428572,8601.035714285714,3231.964285714286
d_776,22943,3075,7149,2013-03-14,24363.60714285714,8629.17857142857,3247.285714285714
d_777,25947,3506,8048,2013-03-15,24382.678571428572,8583.035714285714,3247.25
d_778,28892,4029,10731,2013-03-16,24381.821428571428,8545.32142857143,3232.0714285714284
d_779,28515,3700,10355,2013-03-17,24356.035714285714,8501.214285714286,3227.5714285714284
d_780,21001,2928,7436,2013-03-18,24285.714285714286,8457.92857142857,3224.285714285714
d_781,19166,2982,6864,2013-03-19,24296.89285714286,8463.785714285714,3234.535714285714
d_782,19435,3013,7008,2013-03-20,24275.821428571428,8456.607142857143,3236.1785714285716
d_783,19562,2914,7166,2013-03-21,24229.214285714286,8439.464285714286,3236.8571428571427
d_784,21670,3627,7871,2013-03-22,24248.214285714286,8431.42857142857,3247.5
d_785,26036,4387,10197,2013-03-23,24197.14285714286,8409.67857142857,3234.214285714286
d_786,27124,3294,10215,2013-03-24,24117.464285714286,8386.25,3212.0
d_787,20071,2389,7207,2013-03-25,24066.678571428572,8374.285714285714,3190.714285714286
d_788,19691,2117,6824,2013-03-26,24116.678571428572,8388.714285714286,3172.8571428571427
d_789,19087,2621,6550,2013-03-27,24152.964285714286,8373.82142857143,3164.8214285714284
d_790,20338,2341,6975,2013-03-28,24187.35714285714,8347.17857142857,3131.3571428571427
d_791,26055,2846,9166,2013-03-29,24226.785714285714,8307.75,3081.9285714285716
d_792,32020,3315,11075,2013-03-30,24214.785714285714,8265.964285714286,3015.6428571428573
d_793,24003,2695,7750,2013-03-31,23860.964285714286,8151.428571428572,2991.1785714285716
d_794,21706,3496,9320,2013-04-01,23745.85714285714,8189.071428571428,3022.3928571428573
d_795,22632,3612,8398,2013-04-02,23753.464285714286,8253.857142857143,3071.6428571428573
d_796,23573,3541,8480,2013-04-03,23771.714285714286,8317.607142857143,3117.0
d_797,21193,2893,8088,2013-04-04,23775.535714285714,8373.464285714286,3143.1785714285716
d_798,25379,3771,8906,2013-04-05,23825.785714285714,8412.82142857143,3188.0
d_799,31473,4289,11059,2013-04-06,23847.39285714286,8426.57142857143,3221.6428571428573
d_800,30830,4268,11346,2013-04-07,23885.35714285714,8457.142857142857,3236.535714285714
d_801,23785,3075,8157,2013-04-08,23840.14285714286,8457.142857142857,3231.0
d_802,23043,3109,7598,2013-04-09,23818.714285714286,8467.17857142857,3240.8928571428573
d_803,21393,3172,6876,2013-04-10,23805.821428571428,8457.67857142857,3250.1785714285716
d_804,22549,3243,6900,2013-04-11,23791.75,8448.785714285714,3256.1785714285716
d_805,24774,3322,7986,2013-04-12,23749.85714285714,8446.57142857143,3249.6071428571427
d_806,28709,4569,10367,2013-04-13,23743.321428571428,8433.57142857143,3268.8928571428573
d_807,29264,4249,10477,2013-04-14,23770.071428571428,8437.92857142857,3288.5
d_808,23237,3377,7488,2013-04-15,23849.928571428572,8439.785714285714,3304.535714285714
d_809,20672,3075,7292,2013-04-16,23903.714285714286,8455.07142857143,3307.8571428571427
d_810,19375,2775,6665,2013-04-17,23901.571428571428,8442.82142857143,3299.3571428571427
d_811,18442,3141,6891,2013-04-18,23861.571428571428,8433.0,3307.464285714286
d_812,21730,3319,7780,2013-04-19,23863.714285714286,8429.75,3296.464285714286
d_813,26066,4384,10407,2013-04-20,23864.785714285714,8437.25,3296.3571428571427
d_814,25582,3967,10382,2013-04-21,23809.714285714286,8443.214285714286,3320.3928571428573
d_815,19172,3319,7460,2013-04-22,23777.60714285714,8452.25,3353.6071428571427
d_816,17401,2876,6782,2013-04-23,23695.821428571428,8450.75,3380.714285714286
d_817,17545,3327,6735,2013-04-24,23640.75,8457.357142857143,3405.9285714285716
d_818,17554,3095,6827,2013-04-25,23541.321428571428,8452.07142857143,3432.8571428571427
d_819,19704,3522,7980,2013-04-26,23314.5,8409.714285714286,3457.0
d_820,22315,3849,9165,2013-04-27,22967.89285714286,8341.5,3476.0714285714284
d_821,25399,3295,10208,2013-04-28,23017.75,8429.285714285714,3497.5
d_822,18096,2097,7252,2013-04-29,22888.821428571428,8355.42857142857,3447.535714285714
d_823,18544,2471,7129,2013-04-30,22742.821428571428,8310.107142857143,3406.785714285714
d_824,20574,2541,8243,2013-05-01,22635.714285714286,8301.642857142857,3371.0714285714284
d_825,21954,2313,7474,2013-05-02,22662.89285714286,8279.714285714286,3350.3571428571427
d_826,25476,2767,8707,2013-05-03,22666.35714285714,8272.607142857143,3314.5
d_827,27819,3072,9921,2013-05-04,22535.85714285714,8231.964285714286,3271.035714285714
d_828,29669,3751,9783,2013-05-05,22494.39285714286,8176.142857142857,3252.5714285714284
d_829,24738,3109,7521,2013-05-06,22528.428571428572,8153.428571428572,3253.785714285714
d_830,21957,2775,6941,2013-05-07,22489.64285714286,8129.964285714285,3241.8571428571427
d_831,21410,3038,6898,2013-05-08,22490.25,8130.75,3237.0714285714284
d_832,22813,3350,6775,2013-05-09,22499.678571428572,8126.285714285715,3240.8928571428573
d_833,22375,3581,7541,2013-05-10,22414.0,8110.392857142857,3250.1428571428573
d_834,30396,4903,10086,2013-05-11,22474.25,8100.357142857143,3262.0714285714284
d_835,25844,3125,8421,2013-05-12,22352.10714285714,8026.928571428572,3221.9285714285716
d_836,23482,3249,7878,2013-05-13,22360.85714285714,8040.857142857143,3217.3571428571427
d_837,22246,3273,7366,2013-05-14,22417.071428571428,8043.5,3224.4285714285716
d_838,23815,3505,7291,2013-05-15,22575.64285714286,8065.857142857143,3250.5
d_839,21219,3225,7493,2013-05-16,22674.821428571428,8087.357142857143,3253.5
d_840,22988,3395,8299,2013-05-17,22719.75,8105.892857142857,3256.214285714286
d_841,26413,4278,10139,2013-05-18,22732.14285714286,8096.321428571428,3252.4285714285716
d_842,28247,4086,10340,2013-05-19,22827.321428571428,8094.821428571428,3256.6785714285716
d_843,22301,3219,8126,2013-05-20,22939.071428571428,8118.607142857143,3253.1071428571427
d_844,19944,3089,7253,2013-05-21,23029.89285714286,8135.428571428572,3260.714285714286
d_845,18765,3182,6988,2013-05-22,23073.464285714286,8144.464285714285,3255.535714285714
d_846,20410,3304,7188,2013-05-23,23175.464285714286,8157.357142857143,3263.0
d_847,22671,3961,8449,2013-05-24,23281.428571428572,8174.107142857143,3278.6785714285716
d_848,25491,4191,9461,2013-05-25,23394.85714285714,8184.678571428572,3290.8928571428573
d_849,23971,3579,8499,2013-05-26,23343.85714285714,8123.642857142857,3301.035714285714
d_850,23786,3503,8988,2013-05-27,23547.071428571428,8185.642857142857,3351.25
d_851,18871,3316,7111,2013-05-28,23558.75,8185.0,3381.4285714285716
d_852,17287,3140,6540,2013-05-29,23441.35714285714,8124.178571428572,3402.8214285714284
d_853,18359,2920,6846,2013-05-30,23312.964285714286,8101.75,3424.5
d_854,23075,3648,9363,2013-05-31,23227.214285714286,8125.178571428572,3455.964285714286
d_855,28849,4518,11441,2013-06-01,23264.0,8179.464285714285,3507.6071428571427
d_856,31298,4693,11511,2013-06-02,23322.178571428572,8241.17857142857,3541.25
d_857,26292,3934,9019,2013-06-03,23377.678571428572,8294.67857142857,3570.714285714286
d_858,22851,3188,7770,2013-06-04,23409.60714285714,8324.285714285714,3585.464285714286
d_859,24576,3701,7634,2013-06-05,23522.678571428572,8350.57142857143,3609.1428571428573
d_860,23404,3377,7385,2013-06-06,23543.785714285714,8372.357142857143,3610.1071428571427
d_861,25723,3645,8234,2013-06-07,23663.35714285714,8397.107142857143,3612.3928571428573
d_862,30454,4272,9921,2013-06-08,23665.428571428572,8391.214285714286,3589.8571428571427
d_863,33633,4159,10372,2013-06-09,23943.60714285714,8460.892857142857,3626.785714285714
d_864,25646,3338,7785,2013-06-10,24020.89285714286,8457.57142857143,3629.964285714286
d_865,24396,3170,7059,2013-06-11,24097.678571428572,8446.607142857143,3626.285714285714
d_866,23761,3262,6919,2013-06-12,24095.75,8433.32142857143,3617.6071428571427
d_867,23801,3499,6888,2013-06-13,24187.964285714286,8411.714285714286,3627.3928571428573
d_868,27608,3644,8515,2013-06-14,24352.964285714286,8419.42857142857,3636.285714285714
d_869,32134,4131,10044,2013-06-15,24557.285714285714,8416.035714285714,3631.035714285714
d_870,27319,3783,8588,2013-06-16,24524.14285714286,8353.464285714286,3620.214285714286
d_871,23283,3247,7588,2013-06-17,24559.214285714286,8334.25,3621.214285714286
d_872,20606,3322,7249,2013-06-18,24582.85714285714,8334.107142857143,3629.535714285714
d_873,20674,3312,7084,2013-06-19,24651.035714285714,8337.535714285714,3634.1785714285716
d_874,21402,3367,7002,2013-06-20,24686.464285714286,8330.892857142857,3636.4285714285716
d_875,24488,3895,8320,2013-06-21,24751.35714285714,8326.285714285714,3634.0714285714284
d_876,27911,4409,9956,2013-06-22,24837.785714285714,8343.964285714286,3641.8571428571427
d_877,29458,3689,10128,2013-06-23,25033.75,8402.142857142857,3645.785714285714
d_878,22707,3478,7933,2013-06-24,24995.214285714286,8364.464285714286,3644.8928571428573
d_879,21243,3256,7104,2013-06-25,25079.928571428572,8364.214285714286,3642.75
d_880,20832,3144,6380,2013-06-26,25206.535714285714,8358.5,3642.8928571428573
d_881,21410,3113,6934,2013-06-27,25315.5,8361.642857142857,3649.785714285714
d_882,25490,3365,7898,2013-06-28,25401.75,8309.32142857143,3639.6785714285716
d_883,31071,4001,9877,2013-06-29,25481.10714285714,8253.464285714286,3621.214285714286
d_884,30544,4326,9953,2013-06-30,25454.178571428572,8197.82142857143,3608.1071428571427
d_885,26314,3728,8674,2013-07-01,25454.964285714286,8185.5,3600.75
d_886,26303,3188,7751,2013-07-02,25578.25,8184.821428571428,3600.75
d_887,31602,3946,8451,2013-07-03,25829.178571428572,8214.0,3609.5
d_888,27106,2883,6794,2013-07-04,25961.39285714286,8192.892857142857,3591.8571428571427
d_889,28648,3578,8581,2013-07-05,26065.85714285714,8205.285714285714,3589.464285714286
d_890,28951,3777,9104,2013-07-06,26012.178571428572,8176.107142857143,3571.785714285714
d_891,31319,3548,9757,2013-07-07,25929.535714285714,8154.142857142857,3549.964285714286
d_892,26562,3044,7854,2013-07-08,25962.25,8156.607142857143,3539.464285714286
d_893,27131,2704,7418,2013-07-09,26059.928571428572,8169.428571428572,3522.8214285714284
d_894,24293,3000,7286,2013-07-10,26078.928571428572,8182.535714285715,3513.464285714286
d_895,25863,3051,7447,2013-07-11,26152.571428571428,8202.5,3497.464285714286
d_896,28372,3532,9375,2013-07-12,26179.85714285714,8233.214285714286,3493.464285714286
d_897,30521,3675,10989,2013-07-13,26122.25,8266.964285714286,3477.1785714285716
d_898,32337,3634,10701,2013-07-14,26301.464285714286,8342.42857142857,3471.8571428571427
d_899,26504,3079,8041,2013-07-15,26416.5,8358.607142857143,3465.8571428571427
d_900,22897,3257,7783,2013-07-16,26498.321428571428,8377.67857142857,3463.535714285714
d_901,22318,3044,7105,2013-07-17,26557.035714285714,8378.42857142857,3453.964285714286
d_902,23872,3013,7036,2013-07-18,26645.25,8379.642857142857,3441.3214285714284
d_903,24589,3375,8230,2013-07-19,26648.85714285714,8376.42857142857,3422.75
d_904,27666,4373,9488,2013-07-20,26640.10714285714,8359.714285714286,3421.464285714286
d_905,28334,3823,9882,2013-07-21,26599.964285714286,8350.92857142857,3426.25
d_906,22238,2834,7131,2013-07-22,26583.214285714286,8322.285714285714,3403.25
d_907,21349,3101,6854,2013-07-23,26587.0,8313.357142857143,3397.714285714286
d_908,20791,2835,7842,2013-07-24,26585.535714285714,8365.57142857143,3386.6785714285716
d_909,21528,3066,7222,2013-07-25,26589.75,8375.857142857143,3385.0
d_910,24752,3465,8626,2013-07-26,26563.39285714286,8401.857142857143,3388.5714285714284
d_911,27739,3812,10121,2013-07-27,26444.39285714286,8410.57142857143,3381.8214285714284
d_912,27807,3508,9165,2013-07-28,26346.64285714286,8382.42857142857,3352.6071428571427
d_913,21587,3064,7112,2013-07-29,26177.821428571428,8326.642857142857,3328.8928571428573
d_914,20370,2992,6800,2013-07-30,25965.928571428572,8292.67857142857,3321.8928571428573
d_915,20925,3214,7116,2013-07-31,25584.60714285714,8245.0,3295.75
d_916,25116,3540,8653,2013-08-01,25513.535714285714,8311.392857142857,3319.214285714286
d_917,28261,4131,9271,2013-08-02,25499.714285714286,8336.035714285714,3338.964285714286
d_918,32470,4312,10323,2013-08-03,25625.39285714286,8379.57142857143,3358.0714285714284
d_919,30305,3708,10426,2013-08-04,25589.178571428572,8403.464285714286,3363.785714285714
d_920,27486,3546,8117,2013-08-05,25622.178571428572,8412.857142857143,3381.714285714286
d_921,26383,3079,7232,2013-08-06,25595.464285714286,8406.214285714286,3395.1071428571427
d_922,25500,2610,6969,2013-08-07,25638.571428571428,8394.892857142857,3381.1785714285716
d_923,24957,2796,7133,2013-08-08,25606.214285714286,8383.67857142857,3372.0714285714284
d_924,28796,3280,8623,2013-08-09,25621.35714285714,8356.82142857143,3363.0714285714284
d_925,30667,3716,10529,2013-08-10,25626.571428571428,8340.392857142857,3364.535714285714
d_926,33862,3458,10200,2013-08-11,25681.035714285714,8322.5,3358.25
d_927,27951,3123,7679,2013-08-12,25732.714285714286,8309.57142857143,3359.8214285714284
d_928,25096,2873,7175,2013-08-13,25811.25,8287.857142857143,3346.1071428571427
d_929,24005,2961,6766,2013-08-14,25871.5,8275.75,3343.1428571428573
d_930,26910,2904,7829,2013-08-15,25980.0,8304.07142857143,3339.25
d_931,26324,3361,8340,2013-08-16,26041.964285714286,8308.0,3338.75
d_932,30301,3931,10199,2013-08-17,26136.071428571428,8333.392857142857,3322.964285714286
d_933,30396,3629,10869,2013-08-18,26209.714285714286,8368.642857142857,3316.035714285714
d_934,24274,2867,8096,2013-08-19,26282.428571428572,8403.107142857143,3317.214285714286
d_935,21256,2934,7435,2013-08-20,26279.10714285714,8423.857142857143,3311.25
d_936,22326,3130,7177,2013-08-21,26333.928571428572,8400.107142857143,3321.785714285714
d_937,21472,2861,7460,2013-08-22,26331.928571428572,8408.607142857143,3314.464285714286
d_938,25269,3566,8278,2013-08-23,26350.39285714286,8396.17857142857,3318.0714285714284
d_939,30500,3850,10486,2013-08-24,26449.0,8409.214285714286,3319.4285714285716
d_940,33880,4035,10662,2013-08-25,26665.89285714286,8462.67857142857,3338.25
d_941,23550,2758,7892,2013-08-26,26736.0,8490.535714285714,3327.3214285714284
d_942,22994,2823,7146,2013-08-27,26829.714285714286,8502.892857142857,3321.285714285714
d_943,22293,3110,7053,2013-08-28,26878.571428571428,8500.642857142857,3317.5714285714284
d_944,22012,2809,6889,2013-08-29,26767.714285714286,8437.642857142857,3291.464285714286
d_945,28387,3753,9481,2013-08-30,26772.214285714286,8445.142857142857,3277.964285714286
d_946,32728,4115,11129,2013-08-31,26781.428571428572,8473.92857142857,3270.9285714285716
d_947,32305,2676,9760,2013-09-01,26852.85714285714,8450.142857142857,3234.0714285714284
d_948,34391,2580,10101,2013-09-02,27099.464285714286,8521.0,3199.5714285714284
d_949,27725,2105,7969,2013-09-03,27147.39285714286,8547.32142857143,3164.785714285714
d_950,24197,1955,7176,2013-09-04,27100.85714285714,8554.714285714286,3141.3928571428573
d_951,26048,2087,7290,2013-09-05,27139.821428571428,8560.32142857143,3116.0714285714284
d_952,28227,2339,8118,2013-09-06,27119.5,8542.285714285714,3082.464285714286
d_953,34533,2625,10442,2013-09-07,27257.571428571428,8539.17857142857,3043.5
d_954,37186,4095,10459,2013-09-08,27376.285714285714,8548.42857142857,3066.25
d_955,29345,2817,7603,2013-09-09,27426.071428571428,8545.714285714286,3055.3214285714284
d_956,24918,2675,7070,2013-09-10,27419.714285714286,8541.964285714286,3048.25
d_957,26313,2859,7023,2013-09-11,27502.14285714286,8551.142857142857,3044.6071428571427
d_958,26569,3028,7170,2013-09-12,27489.964285714286,8527.607142857143,3049.035714285714
d_959,28463,3949,8559,2013-09-13,27566.35714285714,8535.42857142857,3070.035714285714
d_960,34404,4049,10713,2013-09-14,27712.89285714286,8553.785714285714,3074.25
d_961,35849,4047,11074,2013-09-15,27907.64285714286,8561.107142857143,3089.1785714285716
d_962,25785,2946,8044,2013-09-16,27961.60714285714,8559.25,3092.0
d_963,22579,2937,7055,2013-09-17,28008.85714285714,8545.67857142857,3092.1071428571427
d_964,21622,2764,6895,2013-09-18,27983.714285714286,8535.607142857143,3079.035714285714
d_965,20877,2713,7233,2013-09-19,27962.464285714286,8527.5,3073.75
d_966,23911,3495,8875,2013-09-20,27913.964285714286,8548.82142857143,3071.214285714286
d_967,30161,4349,11491,2013-09-21,27901.85714285714,8584.714285714286,3089.035714285714
d_968,31063,3972,11175,2013-09-22,27801.25,8603.035714285714,3086.785714285714
d_969,22380,3243,7161,2013-09-23,27759.464285714286,8576.92857142857,3104.1071428571427
d_970,21241,3077,6746,2013-09-24,27696.85714285714,8562.642857142857,3113.1785714285716
d_971,20242,2947,6770,2013-09-25,27623.60714285714,8552.535714285714,3107.3571428571427
d_972,20733,2926,6989,2013-09-26,27577.928571428572,8556.107142857143,3111.535714285714
d_973,23512,3538,8452,2013-09-27,27403.821428571428,8519.357142857143,3103.8571428571427
d_974,29453,4511,10477,2013-09-28,27286.85714285714,8496.07142857143,3118.0
d_975,29944,4012,10440,2013-09-29,27202.535714285714,8520.357142857143,3165.714285714286
d_976,21646,3334,7913,2013-09-30,26747.35714285714,8442.214285714286,3192.6428571428573
d_977,23793,3685,9252,2013-10-01,26606.928571428572,8488.035714285714,3249.0714285714284
d_978,22848,3446,7606,2013-10-02,26558.75,8503.392857142857,3302.3214285714284
d_979,25012,3750,8453,2013-10-03,26521.75,8544.92857142857,3361.714285714286
d_980,24442,3907,8985,2013-10-04,26386.571428571428,8575.892857142857,3417.714285714286
d_981,33455,4104,11218,2013-10-05,26348.071428571428,8603.607142857143,3470.535714285714
d_982,34435,4096,11357,2013-10-06,26249.821428571428,8635.67857142857,3470.5714285714284
d_983,25777,3262,7964,2013-10-07,26122.39285714286,8648.57142857143,3486.464285714286
d_984,24139,3310,7095,2013-10-08,26094.571428571428,8649.464285714286,3509.1428571428573
d_985,24914,3023,6809,2013-10-09,26044.60714285714,8641.82142857143,3515.0
d_986,23807,3358,6854,2013-10-10,25945.964285714286,8630.535714285714,3526.785714285714
d_987,26630,3492,7971,2013-10-11,25880.5,8609.535714285714,3510.464285714286
d_988,31913,4455,10213,2013-10-12,25791.535714285714,8591.67857142857,3524.964285714286
d_989,31863,4164,10316,2013-10-13,25649.178571428572,8564.607142857143,3529.1428571428573
d_990,25771,3472,7593,2013-10-14,25648.678571428572,8548.5,3547.9285714285716
d_991,23735,2892,6586,2013-10-15,25689.964285714286,8531.75,3546.3214285714284
d_992,22082,3262,7333,2013-10-16,25706.39285714286,8547.392857142857,3564.1071428571427
d_993,21028,3152,6358,2013-10-17,25711.785714285714,8516.142857142857,3579.785714285714
d_994,22782,3756,7799,2013-10-18,25671.464285714286,8477.714285714286,3589.1071428571427
d_995,27938,4242,9863,2013-10-19,25592.071428571428,8419.57142857143,3585.285714285714
d_996,29137,4211,10004,2013-10-20,25523.285714285714,8377.75,3593.8214285714284
d_997,21483,3059,7317,2013-10-21,25491.25,8383.32142857143,3587.25
d_998,19129,3236,6592,2013-10-22,25415.821428571428,8377.82142857143,3592.9285714285716
d_999,19365,3572,6588,2013-10-23,25384.5,8371.32142857143,3615.25
d_1000,19276,3235,6749,2013-10-24,25332.464285714286,8362.75,3626.285714285714
d_1001,22628,3476,7773,2013-10-25,25300.89285714286,8338.5,3624.0714285714284
d_1002,27956,4571,9927,2013-10-26,25247.428571428572,8318.857142857143,3626.214285714286
d_1003,26978,4066,9621,2013-10-27,25141.5,8289.607142857143,3628.1428571428573
d_1004,21653,3273,7132,2013-10-28,25141.75,8261.714285714286,3625.964285714286
d_1005,19904,3198,6427,2013-10-29,25002.85714285714,8160.821428571428,3608.5714285714284
d_1006,21171,3394,6571,2013-10-30,24942.964285714286,8123.857142857143,3606.714285714286
d_1007,18964,2588,5482,2013-10-31,24726.964285714286,8017.75,3565.214285714286
d_1008,25460,4337,9930,2013-11-01,24763.321428571428,8051.5,3580.5714285714284
d_1009,31225,4350,11518,2013-11-02,24683.678571428572,8062.214285714285,3589.3571428571427
d_1010,33754,4429,10190,2013-11-03,24659.35714285714,8020.535714285715,3601.25
d_1011,22912,3014,7046,2013-11-04,24557.035714285714,7987.75,3592.3928571428573
d_1012,24026,3178,6883,2013-11-05,24553.0,7980.178571428572,3587.6785714285716
d_1013,23798,2982,6250,2013-11-06,24513.14285714286,7960.214285714285,3586.214285714286
d_1014,22136,3250,6567,2013-11-07,24453.464285714286,7949.964285714285,3582.3571428571427
d_1015,24859,3208,7393,2013-11-08,24390.214285714286,7929.321428571428,3572.214285714286
d_1016,31660,4227,9830,2013-11-09,24381.178571428572,7915.642857142857,3564.0714285714284
d_1017,29899,4065,9941,2013-11-10,24311.035714285714,7902.25,3560.535714285714
d_1018,26128,3202,7066,2013-11-11,24323.785714285714,7883.428571428572,3550.8928571428573
d_1019,23272,3063,5940,2013-11-12,24307.25,7860.357142857143,3557.0
d_1020,20371,3034,5850,2013-11-13,24246.14285714286,7807.392857142857,3548.8571428571427
d_1021,20322,3325,5821,2013-11-14,24220.928571428572,7788.214285714285,3555.035714285714
d_1022,24493,3898,7384,2013-11-15,24282.035714285714,7773.392857142857,3560.1071428571427
d_1023,29763,4446,10378,2013-11-16,24347.214285714286,7791.785714285715,3567.3928571428573
d_1024,28723,3969,9897,2013-11-17,24332.428571428572,7787.964285714285,3558.75
d_1025,21947,3286,6877,2013-11-18,24349.0,7772.25,3566.8571428571427
d_1026,19297,3277,5948,2013-11-19,24355.0,7749.25,3568.3214285714284
d_1027,18414,3296,6205,2013-11-20,24321.035714285714,7735.571428571428,3558.464285714286
d_1028,19361,3052,6286,2013-11-21,24324.071428571428,7719.035714285715,3551.9285714285716
d_1029,21528,3742,7593,2013-11-22,24284.785714285714,7712.607142857143,3561.4285714285716
d_1030,26150,4127,9770,2013-11-23,24220.285714285714,7707.0,3545.5714285714284
d_1031,24928,4243,9275,2013-11-24,24147.071428571428,7694.642857142857,3551.8928571428573
d_1032,19210,3205,6230,2013-11-25,24059.821428571428,7662.428571428572,3549.464285714286
d_1033,21251,3347,6695,2013-11-26,24107.928571428572,7672.0,3554.785714285714
d_1034,25127,3593,7419,2013-11-27,24249.214285714286,7702.285714285715,3561.8928571428573
d_1035,14419,1424,3996,2013-11-28,24086.89285714286,7649.214285714285,3520.3214285714284
d_1036,15937,2704,7432,2013-11-29,23746.785714285714,7560.0,3462.0
d_1037,19287,3604,8655,2013-11-30,23320.428571428572,7457.75,3435.3571428571427
d_1038,25392,3921,8874,2013-12-01,23021.785714285714,7410.75,3417.214285714286
d_1039,26047,3645,7395,2013-12-02,23133.75,7423.214285714285,3439.75
d_1040,26438,3934,7652,2013-12-03,23219.89285714286,7450.678571428572,3466.75
d_1041,21925,3426,6168,2013-12-04,23153.0,7447.75,3482.6071428571427
d_1042,24432,3590,7129,2013-12-05,23235.0,7467.821428571428,3494.75
d_1043,25910,3667,7322,2013-12-06,23272.535714285714,7465.285714285715,3511.1428571428573
d_1044,31504,4133,8813,2013-12-07,23266.964285714286,7428.964285714285,3507.785714285714
d_1045,28556,3666,8202,2013-12-08,23219.0,7366.857142857143,3493.535714285714
d_1046,24558,3092,6003,2013-12-09,23162.928571428572,7328.892857142857,3489.6071428571427
d_1047,22078,3288,6056,2013-12-10,23120.285714285714,7333.035714285715,3497.6428571428573
d_1048,22275,2877,5759,2013-12-11,23188.285714285714,7329.785714285715,3492.035714285714
d_1049,22776,3284,5609,2013-12-12,23275.928571428572,7322.214285714285,3490.5714285714284
d_1050,25283,3881,6999,2013-12-13,23304.14285714286,7308.464285714285,3489.964285714286
d_1051,28481,4114,8933,2013-12-14,23258.35714285714,7256.857142857143,3478.1071428571427
d_1052,30129,3673,9295,2013-12-15,23308.571428571428,7235.357142857143,3467.535714285714
d_1053,22834,3277,6363,2013-12-16,23340.25,7217.0,3467.214285714286
d_1054,21308,3130,5900,2013-12-17,23412.071428571428,7215.285714285715,3461.964285714286
d_1055,21815,3829,6048,2013-12-18,23533.535714285714,7209.678571428572,3481.0
d_1056,22707,3403,6301,2013-12-19,23653.035714285714,7210.214285714285,3493.535714285714
d_1057,21926,3609,6588,2013-12-20,23667.25,7174.321428571428,3488.785714285714
d_1058,27088,4507,8879,2013-12-21,23700.75,7142.5,3502.3571428571427
d_1059,23377,3709,7829,2013-12-22,23645.35714285714,7090.857142857143,3483.285714285714
d_1060,24675,3552,7062,2013-12-23,23840.535714285714,7120.571428571428,3495.6785714285716
d_1061,22944,2722,5411,2013-12-24,23901.0,7074.714285714285,3473.3571428571427
d_1062,20,0,0,2013-12-25,23004.321428571428,6809.75,3345.035714285714
d_1063,21267,3646,7814,2013-12-26,23248.89285714286,6946.107142857143,3424.3928571428573
d_1064,21485,3833,7777,2013-12-27,23447.035714285714,6958.428571428572,3464.714285714286
d_1065,23964,3645,8881,2013-12-28,23614.071428571428,6966.5,3466.1785714285716
d_1066,23246,3251,7624,2013-12-29,23537.428571428572,6921.857142857143,3442.25
d_1067,22107,3327,6859,2013-12-30,23396.714285714286,6902.714285714285,3430.8928571428573
d_1068,25746,2804,6261,2013-12-31,23372.0,6853.035714285715,3390.535714285714
d_1069,16959,2038,4848,2014-01-01,23194.64285714286,6805.892857142857,3340.964285714286
d_1070,22152,3633,6868,2014-01-02,23113.214285714286,6796.571428571428,3342.5
d_1071,26981,3985,7904,2014-01-03,23151.464285714286,6817.357142857143,3353.8571428571427
d_1072,30889,4329,9398,2014-01-04,23129.5,6838.25,3360.8571428571427
d_1073,33305,3707,8290,2014-01-05,23299.10714285714,6841.392857142857,3362.3214285714284
d_1074,23856,2922,5634,2014-01-06,23274.035714285714,6828.214285714285,3356.25
d_1075,22468,2845,5639,2014-01-07,23287.964285714286,6813.321428571428,3340.4285714285716
d_1076,23783,3073,6117,2014-01-08,23341.821428571428,6826.107142857143,3347.4285714285716
d_1077,24079,3165,5953,2014-01-09,23388.35714285714,6838.392857142857,3343.1785714285716
d_1078,22462,3147,7157,2014-01-10,23287.60714285714,6844.035714285715,3316.964285714286
d_1079,33828,4205,9765,2014-01-11,23478.571428571428,6873.75,3320.214285714286
d_1080,34073,3815,8970,2014-01-12,23619.428571428572,6862.142857142857,3325.285714285714
d_1081,23707,3501,6506,2014-01-13,23650.60714285714,6867.25,3333.285714285714
d_1082,21919,2775,5529,2014-01-14,23672.428571428572,6854.0,3320.6071428571427
d_1083,22549,3002,6028,2014-01-15,23698.64285714286,6853.285714285715,3291.0714285714284
d_1084,22212,2863,6115,2014-01-16,23680.964285714286,6846.642857142857,3271.785714285714
d_1085,24220,3787,7233,2014-01-17,23762.89285714286,6869.678571428572,3278.1428571428573
d_1086,29444,4285,9504,2014-01-18,23847.035714285714,6892.0,3270.214285714286
d_1087,27821,3635,8971,2014-01-19,24005.75,6932.785714285715,3267.5714285714284
d_1088,22041,3268,7397,2014-01-20,23911.678571428572,6944.75,3257.4285714285716
d_1089,19150,2687,6017,2014-01-21,23776.178571428572,6966.392857142857,3256.1785714285716
d_1090,18956,3310,5931,2014-01-22,24452.464285714286,7178.214285714285,3374.3928571428573
d_1091,17900,2741,5603,2014-01-23,24332.214285714286,7099.25,3342.0714285714284
d_1092,21392,3008,6488,2014-01-24,24328.89285714286,7053.214285714285,3312.6071428571427
d_1093,27315,3972,9242,2014-01-25,24448.571428571428,7066.107142857143,3324.285714285714
d_1094,27873,3798,8526,2014-01-26,24613.821428571428,7098.321428571428,3343.8214285714284
d_1095,20830,3147,6083,2014-01-27,24568.214285714286,7070.607142857143,3337.3928571428573
d_1096,16722,2253,5025,2014-01-28,24245.928571428572,7026.464285714285,3317.714285714286
d_1097,17223,2474,5286,2014-01-29,24255.35714285714,7042.107142857143,3333.285714285714
d_1098,18047,3062,5908,2014-01-30,24108.75,7007.821428571428,3312.8928571428573
d_1099,23319,4375,8795,2014-01-31,23977.964285714286,7039.642857142857,3326.8214285714284
d_1100,30569,4261,10503,2014-02-01,23966.535714285714,7079.107142857143,3324.3928571428573
d_1101,31405,3506,8986,2014-02-02,23898.678571428572,7103.964285714285,3317.214285714286
d_1102,26133,3558,7603,2014-02-03,23980.0,7174.285714285715,3339.9285714285716
d_1103,20953,3254,6370,2014-02-04,23925.89285714286,7200.392857142857,3354.535714285714
d_1104,22514,3011,6151,2014-02-05,23880.571428571428,7201.607142857143,3352.3214285714284
d_1105,23162,3112,6115,2014-02-06,23847.821428571428,7207.392857142857,3350.4285714285716
d_1106,23379,3483,7393,2014-02-07,23880.571428571428,7215.821428571428,3362.4285714285716
d_1107,31534,4365,11209,2014-02-08,23798.64285714286,7267.392857142857,3368.1428571428573
d_1108,33181,3555,11304,2014-02-09,23766.785714285714,7350.75,3358.8571428571427
d_1109,22641,2893,7613,2014-02-10,23728.714285714286,7390.285714285715,3337.1428571428573
d_1110,23211,3092,7230,2014-02-11,23774.85714285714,7451.035714285715,3348.464285714286
d_1111,25428,3182,8128,2014-02-12,23877.678571428572,7526.035714285715,3354.8928571428573
d_1112,26663,2989,7831,2014-02-13,24036.64285714286,7587.321428571428,3359.3928571428573
d_1113,23402,3148,7360,2014-02-14,24007.428571428572,7591.857142857143,3336.5714285714284
d_1114,29255,4291,11419,2014-02-15,24000.678571428572,7660.25,3336.785714285714
d_1115,29007,3536,11289,2014-02-16,24043.035714285714,7743.035714285715,3333.25
d_1116,22424,3015,9118,2014-02-17,24056.714285714286,7804.5,3324.214285714286
d_1117,20341,2768,7601,2014-02-18,24099.25,7861.071428571428,3327.1071428571427
d_1118,20114,2681,7616,2014-02-19,24140.60714285714,7921.25,3304.6428571428573
d_1119,19239,2914,7550,2014-02-20,24188.428571428572,7990.785714285715,3310.8214285714284
d_1120,21484,3261,8581,2014-02-21,24191.714285714286,8065.535714285715,3319.8571428571427
d_1121,26444,3910,11134,2014-02-22,24160.60714285714,8133.107142857143,3317.6428571428573
d_1122,29427,3589,11411,2014-02-23,24216.10714285714,8236.142857142857,3310.1785714285716
d_1123,21331,2913,7553,2014-02-24,24234.0,8288.642857142857,3301.8214285714284
d_1124,19748,2959,7018,2014-02-25,24342.071428571428,8359.82142857143,3327.035714285714
d_1125,17286,2696,6369,2014-02-26,24344.321428571428,8398.5,3334.964285714286
d_1126,18947,2728,7215,2014-02-27,24376.464285714286,8445.17857142857,3323.035714285714
d_1127,22126,3314,8758,2014-02-28,24333.85714285714,8443.857142857143,3285.1428571428573
d_1128,29437,4261,11798,2014-03-01,24293.428571428572,8490.107142857143,3285.1428571428573
d_1129,31375,4007,11395,2014-03-02,24292.35714285714,8576.142857142857,3303.035714285714
d_1130,25177,3418,8606,2014-03-03,24258.214285714286,8611.964285714286,3298.035714285714
d_1131,20444,2675,6947,2014-03-04,24240.035714285714,8632.57142857143,3277.3571428571427
d_1132,21778,2756,6744,2014-03-05,24213.75,8653.75,3268.25
d_1133,22628,3166,6868,2014-03-06,24194.678571428572,8680.642857142857,3270.1785714285716
d_1134,23732,3246,7886,2014-03-07,24207.285714285714,8698.25,3261.714285714286
d_1135,28904,3967,10614,2014-03-08,24113.35714285714,8677.0,3247.5
d_1136,35651,3678,10761,2014-03-09,24201.571428571428,8657.607142857143,3251.8928571428573
d_1137,26372,3011,8123,2014-03-10,24334.821428571428,8675.82142857143,3256.1071428571427
d_1138,24913,2581,7073,2014-03-11,24395.60714285714,8670.214285714286,3237.8571428571427
d_1139,24854,3050,7038,2014-03-12,24375.10714285714,8631.285714285714,3233.1428571428573
d_1140,23146,2842,7096,2014-03-13,24249.5,8605.035714285714,3227.8928571428573
d_1141,25471,3486,7989,2014-03-14,24323.39285714286,8627.5,3239.964285714286
d_1142,30233,3880,10595,2014-03-15,24358.321428571428,8598.07142857143,3225.285714285714
d_1143,30777,3766,10833,2014-03-16,24421.535714285714,8581.785714285714,3233.5
d_1144,21828,2952,7304,2014-03-17,24400.25,8517.0,3231.25
d_1145,20277,2772,7046,2014-03-18,24397.964285714286,8497.17857142857,3231.3928571428573
d_1146,19778,2745,6861,2014-03-19,24385.964285714286,8470.214285714286,3233.6785714285716
d_1147,19783,2565,6461,2014-03-20,24405.39285714286,8431.32142857143,3221.214285714286
d_1148,22445,3093,7664,2014-03-21,24439.714285714286,8398.57142857143,3215.214285714286
d_1149,27474,3970,9997,2014-03-22,24476.5,8357.964285714286,3217.3571428571427
d_1150,30010,3828,10333,2014-03-23,24497.321428571428,8319.464285714286,3225.8928571428573
d_1151,21814,2817,7212,2014-03-24,24514.571428571428,8307.285714285714,3222.464285714286
d_1152,19589,2445,6432,2014-03-25,24508.89285714286,8286.357142857143,3204.1071428571427
d_1153,18365,2735,5914,2014-03-26,24547.428571428572,8270.107142857143,3205.5
d_1154,20291,3102,6817,2014-03-27,24595.428571428572,8255.892857142857,3218.8571428571427
d_1155,22065,3212,7641,2014-03-28,24593.25,8216.0,3215.214285714286
d_1156,27277,3926,9990,2014-03-29,24516.10714285714,8151.428571428572,3203.25
d_1157,29286,3683,10187,2014-03-30,24441.5,8108.285714285715,3191.6785714285716
d_1158,20559,2930,7183,2014-03-31,24276.571428571428,8057.464285714285,3174.25
d_1159,22367,3100,8241,2014-04-01,24345.25,8103.678571428572,3189.4285714285716
d_1160,23418,2854,7427,2014-04-02,24403.821428571428,8128.071428571428,3192.9285714285716
d_1161,25406,3178,8020,2014-04-03,24503.035714285714,8169.214285714285,3193.3571428571427
d_1162,24541,3218,7926,2014-04-04,24531.928571428572,8170.642857142857,3192.3571428571427
d_1163,32344,3963,10469,2014-04-05,24654.785714285714,8165.464285714285,3192.214285714286
d_1164,35030,3548,10212,2014-04-06,24632.60714285714,8145.857142857143,3187.5714285714284
d_1165,26183,2992,7419,2014-04-07,24625.85714285714,8120.714285714285,3186.8928571428573
d_1166,25383,2731,7134,2014-04-08,24642.64285714286,8122.892857142857,3192.25
d_1167,25785,2881,6543,2014-04-09,24675.89285714286,8105.214285714285,3186.214285714286
d_1168,23049,2765,7224,2014-04-10,24672.428571428572,8109.785714285715,3183.464285714286
d_1169,26533,3447,8459,2014-04-11,24710.35714285714,8126.571428571428,3182.0714285714284
d_1170,32082,3821,10252,2014-04-12,24776.39285714286,8114.321428571428,3179.964285714286
d_1171,32339,3497,10247,2014-04-13,24832.178571428572,8093.392857142857,3170.3571428571427
d_1172,25187,2723,7841,2014-04-14,24952.14285714286,8112.571428571428,3162.1785714285716
d_1173,26054,2844,7498,2014-04-15,25158.464285714286,8128.714285714285,3164.75
d_1174,23936,2873,7419,2014-04-16,25306.964285714286,8148.642857142857,3169.3214285714284
d_1175,23347,2953,6893,2014-04-17,25434.25,8164.071428571428,3183.1785714285716
d_1176,27116,3385,8404,2014-04-18,25601.071428571428,8190.5,3193.6071428571427
d_1177,33915,4210,9694,2014-04-19,25831.10714285714,8179.678571428572,3202.1785714285716
d_1178,28310,2990,7634,2014-04-20,25770.39285714286,8083.285714285715,3172.25
d_1179,21512,2961,7153,2014-04-21,25759.60714285714,8081.178571428572,3177.3928571428573
d_1180,20729,2991,6958,2014-04-22,25800.321428571428,8099.964285714285,3196.8928571428573
d_1181,20706,3165,6566,2014-04-23,25883.928571428572,8123.25,3212.25
d_1182,20830,3106,6856,2014-04-24,25903.178571428572,8124.642857142857,3212.3928571428573
d_1183,23074,3151,7202,2014-04-25,25939.214285714286,8108.964285714285,3210.214285714286
d_1184,28761,4018,9598,2014-04-26,25992.214285714286,8094.964285714285,3213.5
d_1185,29977,3399,10064,2014-04-27,26016.89285714286,8090.571428571428,3203.3571428571427
d_1186,21699,2735,7074,2014-04-28,26057.60714285714,8086.678571428572,3196.3928571428573
d_1187,20737,2634,6494,2014-04-29,25999.39285714286,8024.285714285715,3179.75
d_1188,19469,2677,6737,2014-04-30,25858.35714285714,7999.642857142857,3173.4285714285716
d_1189,22866,2944,8049,2014-05-01,25767.64285714286,8000.678571428572,3165.0714285714284
d_1190,26782,3498,8671,2014-05-02,25847.678571428572,8027.285714285715,3175.0714285714284
d_1191,31830,4079,10633,2014-05-03,25829.321428571428,8033.142857142857,3179.214285714286
d_1192,31271,3727,10141,2014-05-04,25695.071428571428,8030.607142857143,3185.6071428571427
d_1193,25077,2938,7805,2014-05-05,25655.571428571428,8044.392857142857,3183.6785714285716
d_1194,23661,2838,7112,2014-05-06,25594.071428571428,8043.607142857143,3187.5
d_1195,22628,2921,6597,2014-05-07,25481.321428571428,8045.535714285715,3188.9285714285716
d_1196,22511,2957,6351,2014-05-08,25462.10714285714,8014.357142857143,3195.785714285714
d_1197,25546,3343,7474,2014-05-09,25426.85714285714,7979.178571428572,3192.0714285714284
d_1198,30074,3910,8859,2014-05-10,25355.14285714286,7929.428571428572,3195.25
d_1199,27298,3361,7521,2014-05-11,25175.10714285714,7832.071428571428,3190.3928571428573
d_1200,27812,2787,7323,2014-05-12,25268.85714285714,7813.571428571428,3192.6785714285716
d_1201,24218,2995,6631,2014-05-13,25203.285714285714,7782.607142857143,3198.0714285714284
d_1202,23780,2752,6285,2014-05-14,25197.714285714286,7742.107142857143,3193.75
d_1203,24173,2838,6511,2014-05-15,25227.214285714286,7728.464285714285,3189.6428571428573
d_1204,23449,3315,7825,2014-05-16,25096.25,7707.785714285715,3187.1428571428573
d_1205,26750,3802,9467,2014-05-17,24840.35714285714,7699.678571428572,3172.5714285714284
d_1206,29904,3784,9332,2014-05-18,24897.285714285714,7760.321428571428,3200.9285714285716
d_1207,22296,3004,7014,2014-05-19,24925.285714285714,7755.357142857143,3202.464285714286
d_1208,20432,3015,6479,2014-05-20,24914.678571428572,7738.25,3203.3214285714284
d_1209,20041,2867,6175,2014-05-21,24890.928571428572,7724.285714285715,3192.6785714285716
d_1210,21061,2987,6338,2014-05-22,24899.178571428572,7705.785714285715,3188.4285714285716
d_1211,22806,3349,7270,2014-05-23,24889.60714285714,7708.214285714285,3195.5
d_1212,26077,3584,8725,2014-05-24,24793.75,7677.035714285715,3180.0
d_1213,24953,3292,7720,2014-05-25,24614.321428571428,7593.321428571428,3176.1785714285716
d_1214,23030,2845,7584,2014-05-26,24661.85714285714,7611.535714285715,3180.1071428571427
d_1215,19258,2998,6656,2014-05-27,24609.035714285714,7617.321428571428,3193.1071428571427
d_1216,18649,2909,6551,2014-05-28,24579.75,7610.678571428572,3201.3928571428573
d_1217,18571,2714,6404,2014-05-29,24426.35714285714,7551.928571428572,3193.1785714285716
d_1218,21978,3633,8129,2014-05-30,24254.785714285714,7532.571428571428,3198.0
d_1219,27013,3832,9847,2014-05-31,24082.75,7504.5,3189.1785714285716
d_1220,30257,4128,10217,2014-06-01,24046.535714285714,7507.214285714285,3203.5
d_1221,25930,3199,8183,2014-06-02,24077.0,7520.714285714285,3212.8214285714284
d_1222,26780,3524,8053,2014-06-03,24188.39285714286,7554.321428571428,3237.3214285714284
d_1223,22674,3108,7117,2014-06-04,24190.035714285714,7572.892857142857,3244.0
d_1224,25235,3071,7349,2014-06-05,24287.321428571428,7608.535714285715,3248.0714285714284
d_1225,26546,3214,7697,2014-06-06,24323.035714285714,7616.5,3243.464285714286
d_1226,30926,3759,9662,2014-06-07,24353.464285714286,7645.178571428572,3238.0714285714284
d_1227,32366,3641,9272,2014-06-08,24534.464285714286,7707.714285714285,3248.0714285714284
d_1228,28106,2798,7352,2014-06-09,24544.964285714286,7708.75,3248.464285714286
d_1229,23602,2984,7072,2014-06-10,24522.964285714286,7724.5,3248.0714285714284
d_1230,25260,2896,6488,2014-06-11,24575.821428571428,7731.75,3253.214285714286
d_1231,25386,3157,6534,2014-06-12,24619.14285714286,7732.571428571428,3264.6071428571427
d_1232,27105,3540,7711,2014-06-13,24749.714285714286,7728.5,3272.6428571428573
d_1233,32069,3950,8965,2014-06-14,24939.678571428572,7710.571428571428,3277.9285714285716
d_1234,31111,3276,8107,2014-06-15,24982.785714285714,7666.821428571428,3259.785714285714
d_1235,24640,3177,7386,2014-06-16,25066.5,7680.107142857143,3265.964285714286
d_1236,23438,2990,7114,2014-06-17,25173.85714285714,7702.785714285715,3265.0714285714284
d_1237,22674,2974,6621,2014-06-18,25267.89285714286,7718.714285714285,3268.8928571428573
d_1238,23023,2899,7198,2014-06-19,25337.964285714286,7749.428571428572,3265.75
d_1239,26120,3423,8453,2014-06-20,25456.321428571428,7791.678571428572,3268.3928571428573
d_1240,28669,4083,9668,2014-06-21,25548.89285714286,7825.357142857143,3286.214285714286
d_1241,29067,3612,9781,2014-06-22,25695.821428571428,7898.964285714285,3297.6428571428573
d_1242,22832,3180,7146,2014-06-23,25688.75,7883.321428571428,3309.6071428571427
d_1243,20933,2924,6784,2014-06-24,25748.571428571428,7887.892857142857,3306.964285714286
d_1244,19372,2806,6643,2014-06-25,25774.39285714286,7891.178571428572,3303.285714285714
d_1245,19671,2803,6882,2014-06-26,25813.678571428572,7908.25,3306.464285714286
d_1246,22605,3572,7901,2014-06-27,25836.071428571428,7900.107142857143,3304.285714285714
d_1247,26545,3709,9676,2014-06-28,25819.35714285714,7894.0,3299.8928571428573
d_1248,27798,3513,8900,2014-06-29,25731.535714285714,7846.964285714285,3277.9285714285716
d_1249,22767,3105,7577,2014-06-30,25618.571428571428,7825.321428571428,3274.5714285714284
d_1250,25368,3478,8893,2014-07-01,25568.14285714286,7855.321428571428,3272.9285714285716
d_1251,26627,3264,7978,2014-07-02,25709.321428571428,7886.071428571428,3278.5
d_1252,33512,4041,9475,2014-07-03,26004.928571428572,7962.0,3313.1428571428573
d_1253,28079,2983,7531,2014-07-04,26059.678571428572,7956.071428571428,3304.8928571428573
d_1254,28344,3466,8972,2014-07-05,25967.464285714286,7931.428571428572,3294.4285714285716
d_1255,32381,3629,9480,2014-07-06,25968.0,7938.857142857143,3294.0
d_1256,26648,2918,8069,2014-07-07,25915.928571428572,7964.464285714285,3298.285714285714
d_1257,26138,2966,7344,2014-07-08,26006.5,7974.178571428572,3297.6428571428573
d_1258,27032,2856,7326,2014-07-09,26069.785714285714,8004.107142857143,3296.214285714286
d_1259,25171,2864,7144,2014-07-10,26062.10714285714,8025.892857142857,3285.75
d_1260,28959,3197,8097,2014-07-11,26128.321428571428,8039.678571428572,3273.5
d_1261,33824,3876,9996,2014-07-12,26191.0,8076.5,3270.8571428571427
d_1262,30968,3488,9219,2014-07-13,26185.89285714286,8116.214285714285,3278.4285714285716
d_1263,25885,2976,7420,2014-07-14,26230.35714285714,8117.428571428572,3271.25
d_1264,25642,2869,7304,2014-07-15,26309.071428571428,8124.214285714285,3266.9285714285716
d_1265,22519,3238,7254,2014-07-16,26303.535714285714,8146.821428571428,3276.3571428571427
d_1266,22267,2851,7312,2014-07-17,26276.535714285714,8150.892857142857,3274.6428571428573
d_1267,24546,3339,8564,2014-07-18,26220.321428571428,8154.857142857143,3271.6428571428573
d_1268,28496,3807,10177,2014-07-19,26214.14285714286,8173.035714285715,3261.785714285714
d_1269,29167,3567,9955,2014-07-20,26217.714285714286,8179.25,3260.1785714285716
d_1270,22955,2789,7707,2014-07-21,26222.10714285714,8199.285714285714,3246.214285714286
d_1271,21800,2752,6960,2014-07-22,26253.071428571428,8205.57142857143,3240.0714285714284
d_1272,21138,2742,7059,2014-07-23,26316.14285714286,8220.42857142857,3237.785714285714
d_1273,21227,2627,6671,2014-07-24,26371.714285714286,8212.892857142857,3231.5
d_1274,23070,3136,7642,2014-07-25,26388.321428571428,8203.642857142857,3215.9285714285716
d_1275,26184,3523,9301,2014-07-26,26375.428571428572,8190.25,3209.285714285714
d_1276,28634,3577,10003,2014-07-27,26405.285714285714,8229.642857142857,3211.5714285714284
d_1277,22052,2794,7786,2014-07-28,26379.75,8237.107142857143,3200.464285714286
d_1278,20932,2740,7033,2014-07-29,26221.321428571428,8170.678571428572,3174.1071428571427
d_1279,20748,2675,6911,2014-07-30,26011.35714285714,8132.571428571428,3153.0714285714284
d_1280,21259,3038,7543,2014-07-31,25573.75,8063.571428571428,3117.25
d_1281,28538,4122,10469,2014-08-01,25590.14285714286,8168.5,3157.9285714285716
d_1282,32037,4074,10900,2014-08-02,25722.035714285714,8237.357142857143,3179.6428571428573
d_1283,33206,3977,10389,2014-08-03,25751.5,8269.82142857143,3192.0714285714284
d_1284,24910,3040,7849,2014-08-04,25689.428571428572,8261.964285714286,3196.4285714285716
d_1285,25876,2794,7568,2014-08-05,25680.071428571428,8269.964285714286,3190.285714285714
d_1286,24627,2894,7026,2014-08-06,25594.178571428572,8259.25,3191.6428571428573
d_1287,24418,2972,7187,2014-08-07,25567.285714285714,8260.785714285714,3195.5
d_1288,27082,3056,8842,2014-08-08,25500.25,8287.392857142857,3190.464285714286
d_1289,31427,3604,10227,2014-08-09,25414.64285714286,8295.642857142857,3180.75
d_1290,29660,3576,10013,2014-08-10,25367.928571428572,8324.0,3183.8928571428573
d_1291,25554,2823,7745,2014-08-11,25356.10714285714,8335.607142857143,3178.4285714285716
d_1292,25925,3134,7613,2014-08-12,25366.214285714286,8346.642857142857,3187.8928571428573
d_1293,24240,2775,7404,2014-08-13,25427.678571428572,8352.0,3171.3571428571427
d_1294,24299,2958,7279,2014-08-14,25500.25,8350.82142857143,3175.1785714285716
d_1295,26603,3247,8408,2014-08-15,25573.714285714286,8345.25,3171.8928571428573
d_1296,30693,3575,10287,2014-08-16,25652.178571428572,8349.17857142857,3163.6071428571427
d_1297,32011,3449,11213,2014-08-17,25753.75,8394.107142857143,3159.3928571428573
d_1298,24256,2948,8175,2014-08-18,25800.214285714286,8410.82142857143,3165.0714285714284
d_1299,21524,2699,7736,2014-08-19,25790.35714285714,8438.535714285714,3163.1785714285716
d_1300,21610,2656,7581,2014-08-20,25807.214285714286,8457.17857142857,3160.1071428571427
d_1301,22176,2747,7476,2014-08-21,25841.10714285714,8485.92857142857,3164.3928571428573
d_1302,25416,3071,8629,2014-08-22,25924.89285714286,8521.17857142857,3162.0714285714284
d_1303,30123,3518,11032,2014-08-23,26065.571428571428,8583.0,3161.8928571428573
d_1304,32701,3634,11108,2014-08-24,26210.821428571428,8622.464285714286,3163.9285714285716
d_1305,23583,2843,8241,2014-08-25,26265.5,8638.714285714286,3165.6785714285716
d_1306,21185,2738,7479,2014-08-26,26274.535714285714,8654.642857142857,3165.6071428571427
d_1307,20049,2646,6811,2014-08-27,26249.571428571428,8651.07142857143,3164.5714285714284
d_1308,20235,2749,6992,2014-08-28,26213.0,8631.392857142857,3154.25
d_1309,24645,3238,9810,2014-08-29,26073.964285714286,8607.857142857143,3122.6785714285716
d_1310,28541,3735,10961,2014-08-30,25949.10714285714,8610.035714285714,3110.5714285714284
d_1311,25911,3343,9956,2014-08-31,25688.571428571428,8594.57142857143,3087.9285714285716
d_1312,29391,3343,10522,2014-09-01,25848.60714285714,8690.035714285714,3098.75
d_1313,23928,2941,7430,2014-09-02,25779.035714285714,8685.107142857143,3104.0
d_1314,26278,2998,8121,2014-09-03,25838.0,8724.214285714286,3107.714285714286
d_1315,21739,2681,7063,2014-09-04,25742.321428571428,8719.785714285714,3097.3214285714284
d_1316,24910,3428,7628,2014-09-05,25664.75,8676.42857142857,3110.6071428571427
d_1317,32202,3590,10225,2014-09-06,25692.428571428572,8676.357142857143,3110.1071428571427
d_1318,32390,3432,10131,2014-09-07,25789.928571428572,8680.57142857143,3104.964285714286
d_1319,25246,2685,7649,2014-09-08,25778.928571428572,8677.142857142857,3100.035714285714
d_1320,24565,2795,6807,2014-09-09,25730.35714285714,8648.357142857143,3087.9285714285716
d_1321,22171,2657,6964,2014-09-10,25656.464285714286,8632.642857142857,3083.714285714286
d_1322,24581,2733,7166,2014-09-11,25666.535714285714,8628.607142857143,3075.6785714285716
d_1323,26997,3233,8129,2014-09-12,25680.60714285714,8618.642857142857,3075.1785714285716
d_1324,32734,3849,10996,2014-09-13,25753.5,8643.964285714286,3084.964285714286
d_1325,31956,3434,10357,2014-09-14,25751.535714285714,8613.392857142857,3084.4285714285716
d_1326,26237,2615,7707,2014-09-15,25822.285714285714,8596.67857142857,3072.535714285714
d_1327,21649,2595,6793,2014-09-16,25826.75,8563.0,3068.8214285714284
d_1328,20181,2775,6875,2014-09-17,25775.714285714286,8537.785714285714,3073.0714285714284
d_1329,19690,2588,6583,2014-09-18,25686.928571428572,8505.892857142857,3067.3928571428573
d_1330,23459,3071,8302,2014-09-19,25617.035714285714,8494.214285714286,3067.3928571428573
d_1331,28253,3954,10825,2014-09-20,25550.25,8486.82142857143,3082.964285714286
d_1332,30236,3675,10491,2014-09-21,25462.214285714286,8464.785714285714,3084.4285714285716
d_1333,21874,2414,7222,2014-09-22,25401.178571428572,8428.392857142857,3069.1071428571427
d_1334,20101,2554,6755,2014-09-23,25362.464285714286,8402.535714285714,3062.535714285714
d_1335,19860,2553,6588,2014-09-24,25355.714285714286,8394.57142857143,3059.214285714286
d_1336,19607,2887,7017,2014-09-25,25333.285714285714,8395.464285714286,3064.1428571428573
d_1337,22516,2996,7615,2014-09-26,25257.25,8317.07142857143,3055.5
d_1338,27616,3607,9616,2014-09-27,25224.214285714286,8269.035714285714,3050.9285714285716
d_1339,29051,3542,10331,2014-09-28,25336.35714285714,8282.42857142857,3058.035714285714
d_1340,21374,2691,7408,2014-09-29,25050.035714285714,8171.214285714285,3034.75
d_1341,19694,2776,7520,2014-09-30,24898.821428571428,8174.428571428572,3028.8571428571427
d_1342,22444,3376,8782,2014-10-01,24761.89285714286,8198.035714285714,3042.3571428571427
d_1343,23469,2880,7900,2014-10-02,24823.678571428572,8227.92857142857,3049.464285714286
d_1344,28194,3648,9994,2014-10-03,24940.964285714286,8312.42857142857,3057.3214285714284
d_1345,31579,4251,11369,2014-10-04,24918.714285714286,8353.285714285714,3080.9285714285716
d_1346,33934,3569,10858,2014-10-05,24973.85714285714,8379.25,3085.8214285714284
d_1347,26480,3435,7804,2014-10-06,25017.928571428572,8384.785714285714,3112.6071428571427
d_1348,23126,2689,7336,2014-10-07,24966.535714285714,8403.67857142857,3108.8214285714284
d_1349,22984,3023,7178,2014-10-08,24995.571428571428,8411.32142857143,3121.8928571428573
d_1350,23930,2730,7078,2014-10-09,24972.321428571428,8408.17857142857,3121.785714285714
d_1351,23519,3442,8040,2014-10-10,24848.10714285714,8405.0,3129.25
d_1352,30005,3947,10609,2014-10-11,24750.64285714286,8391.17857142857,3132.75
d_1353,32667,3624,10444,2014-10-12,24776.035714285714,8394.285714285714,3139.535714285714
d_1354,23532,2893,7132,2014-10-13,24679.428571428572,8373.75,3149.464285714286
d_1355,22727,2994,6730,2014-10-14,24717.928571428572,8371.5,3163.714285714286
d_1356,23904,3296,6993,2014-10-15,24850.89285714286,8375.714285714286,3182.3214285714284
d_1357,20191,3051,6694,2014-10-16,24868.785714285714,8379.67857142857,3198.8571428571427
d_1358,21996,3577,7857,2014-10-17,24816.535714285714,8363.785714285714,3216.9285714285716
d_1359,28603,4389,10763,2014-10-18,24829.035714285714,8361.57142857143,3232.464285714286
d_1360,29321,3805,10330,2014-10-19,24796.35714285714,8355.82142857143,3237.1071428571427
d_1361,21668,3076,7489,2014-10-20,24789.0,8365.357142857143,3260.75
d_1362,19239,3310,6818,2014-10-21,24758.214285714286,8367.607142857143,3287.75
d_1363,18397,3109,6420,2014-10-22,24705.964285714286,8361.607142857143,3307.6071428571427
d_1364,18717,2942,6847,2014-10-23,24674.178571428572,8355.535714285714,3309.5714285714284
d_1365,21476,3461,7853,2014-10-24,24637.035714285714,8364.035714285714,3326.1785714285716
d_1366,26644,4312,9797,2014-10-25,24602.321428571428,8370.5,3351.3571428571427
d_1367,26729,3788,9680,2014-10-26,24519.39285714286,8347.25,3360.1428571428573
d_1368,20744,3321,7138,2014-10-27,24496.89285714286,8337.607142857143,3382.6428571428573
d_1369,18623,3267,6450,2014-10-28,24458.64285714286,8299.392857142857,3400.1785714285716
d_1370,18432,3122,6009,2014-10-29,24315.35714285714,8200.357142857143,3391.1071428571427
d_1371,20327,3469,6439,2014-10-30,24203.14285714286,8148.178571428572,3412.1428571428573
d_1372,21905,3451,7494,2014-10-31,23978.535714285714,8058.892857142857,3405.1071428571427
d_1373,28502,4592,11155,2014-11-01,23868.64285714286,8051.25,3417.285714285714
d_1374,31405,3797,10870,2014-11-02,23778.321428571428,8051.678571428572,3425.4285714285716
d_1375,26473,3510,8581,2014-11-03,23778.071428571428,8079.428571428572,3428.1071428571427
d_1376,21275,3276,7401,2014-11-04,23711.964285714286,8081.75,3449.0714285714284
d_1377,21448,2570,6814,2014-11-05,23657.10714285714,8068.75,3432.8928571428573
d_1378,23211,2973,7039,2014-11-06,23631.428571428572,8067.357142857143,3441.5714285714284
d_1379,23216,3382,8165,2014-11-07,23620.60714285714,8071.821428571428,3439.4285714285716
d_1380,29746,3917,10607,2014-11-08,23611.35714285714,8071.75,3438.3571428571427
d_1381,33237,3805,10373,2014-11-09,23631.714285714286,8069.214285714285,3444.8214285714284
d_1382,23987,2971,7491,2014-11-10,23647.964285714286,8082.035714285715,3447.6071428571427
d_1383,22849,3200,6539,2014-11-11,23652.321428571428,8075.214285714285,3454.964285714286
d_1384,22050,2760,5680,2014-11-12,23586.10714285714,8028.321428571428,3435.8214285714284
d_1385,20171,2766,5774,2014-11-13,23585.39285714286,7995.464285714285,3425.6428571428573
d_1386,24077,3460,7202,2014-11-14,23659.714285714286,7972.071428571428,3421.464285714286
d_1387,30298,4372,9713,2014-11-15,23720.25,7934.571428571428,3420.8571428571427
d_1388,29793,3878,9845,2014-11-16,23737.10714285714,7917.25,3423.464285714286
d_1389,21768,3221,6822,2014-11-17,23740.678571428572,7893.428571428572,3428.6428571428573
d_1390,19080,2921,6013,2014-11-18,23735.0,7864.678571428572,3414.75
d_1391,18792,3134,6121,2014-11-19,23749.10714285714,7854.0,3415.6428571428573
d_1392,18919,2940,6388,2014-11-20,23756.321428571428,7837.607142857143,3415.5714285714284
d_1393,21626,3572,7665,2014-11-21,23761.678571428572,7830.892857142857,3419.535714285714
d_1394,27628,4267,10507,2014-11-22,23796.821428571428,7856.25,3417.9285714285716
d_1395,26974,3763,9893,2014-11-23,23805.571428571428,7863.857142857143,3417.035714285714
d_1396,21392,2994,7212,2014-11-24,23828.714285714286,7866.5,3405.3571428571427
d_1397,21890,3161,6837,2014-11-25,23945.39285714286,7880.321428571428,3401.5714285714284
d_1398,25784,3401,7718,2014-11-26,24207.964285714286,7941.357142857143,3411.535714285714
d_1399,16319,1525,4000,2014-11-27,24064.821428571428,7854.25,3342.1071428571427
d_1400,16985,2709,6660,2014-11-28,23889.10714285714,7824.464285714285,3315.6071428571427
d_1401,22000,3609,8847,2014-11-29,23656.89285714286,7742.035714285715,3280.5
d_1402,24009,3250,8546,2014-11-30,23392.75,7659.035714285715,3260.964285714286
d_1403,21873,3964,8468,2014-12-01,23228.464285714286,7655.0,3277.1785714285716
d_1404,20763,3264,6542,2014-12-02,23210.178571428572,7624.321428571428,3276.75
d_1405,22236,3351,7018,2014-12-03,23238.321428571428,7631.607142857143,3304.6428571428573
d_1406,20851,3241,7424,2014-12-04,23154.035714285714,7645.357142857143,3314.214285714286
d_1407,24634,3545,8784,2014-12-05,23204.678571428572,7667.464285714285,3320.035714285714
d_1408,29601,4451,9763,2014-12-06,23199.5,7637.321428571428,3339.1071428571427
d_1409,29168,4006,9353,2014-12-07,23054.178571428572,7600.892857142857,3346.285714285714
d_1410,23523,2920,6671,2014-12-08,23037.60714285714,7571.607142857143,3344.464285714286
d_1411,23051,3352,6264,2014-12-09,23044.821428571428,7561.785714285715,3349.8928571428573
d_1412,22292,3365,6241,2014-12-10,23053.464285714286,7581.821428571428,3371.5
d_1413,18824,2260,5031,2014-12-11,23005.35714285714,7555.285714285715,3353.4285714285716
d_1414,23024,3351,7127,2014-12-12,22967.75,7552.607142857143,3349.535714285714
d_1415,26728,4026,9282,2014-12-13,22840.25,7537.214285714285,3337.1785714285716
d_1416,28631,3993,9382,2014-12-14,22798.75,7520.678571428572,3341.285714285714
d_1417,24135,3185,6807,2014-12-15,22883.285714285714,7520.142857142857,3340.0
d_1418,20667,3125,6144,2014-12-16,22939.964285714286,7524.821428571428,3347.285714285714
d_1419,20575,3011,6566,2014-12-17,23003.64285714286,7540.714285714285,3342.8928571428573
d_1420,22927,3138,6302,2014-12-18,23146.785714285714,7537.642857142857,3349.964285714286
d_1421,20091,3322,6421,2014-12-19,23091.964285714286,7493.214285714285,3341.035714285714
d_1422,25103,4347,8971,2014-12-20,23001.785714285714,7438.357142857143,3343.8928571428573
d_1423,25926,3893,8669,2014-12-21,22964.35714285714,7394.642857142857,3348.535714285714
d_1424,22904,3454,7378,2014-12-22,23018.35714285714,7400.571428571428,3364.964285714286
d_1425,23893,3620,7349,2014-12-23,23089.89285714286,7418.857142857143,3381.3571428571427
d_1426,21336,2564,5717,2014-12-24,22931.035714285714,7347.392857142857,3351.464285714286
d_1427,20,0,0,2014-12-25,22348.928571428572,7204.535714285715,3297.0
d_1428,20588,3601,8720,2014-12-26,22477.60714285714,7278.107142857143,3328.8571428571427
d_1429,20407,3542,8645,2014-12-27,22420.714285714286,7270.892857142857,3326.464285714286
d_1430,20663,3049,8182,2014-12-28,22301.214285714286,7257.892857142857,3319.285714285714
d_1431,19236,3195,7559,2014-12-29,22207.035714285714,7225.428571428572,3291.8214285714284
d_1432,19369,2928,7120,2014-12-30,22157.25,7246.071428571428,3279.8214285714284
d_1433,23280,3048,7122,2014-12-31,22194.535714285714,7249.785714285715,3269.0
d_1434,17537,2579,6336,2015-01-01,22076.178571428572,7210.928571428572,3245.3571428571427
d_1435,25666,4362,9605,2015-01-02,22113.035714285714,7240.25,3274.535714285714
d_1436,28020,3540,9525,2015-01-03,22056.571428571428,7231.75,3242.0
d_1437,28286,3482,7879,2015-01-04,22025.071428571428,7179.107142857143,3223.285714285714
d_1438,24896,3034,6761,2015-01-05,22074.10714285714,7182.321428571428,3227.3571428571427
d_1439,24039,2862,5781,2015-01-06,22109.39285714286,7165.071428571428,3209.8571428571427
d_1440,21233,2559,5373,2015-01-07,22071.571428571428,7134.071428571428,3181.0714285714284
d_1441,21084,2541,5404,2015-01-08,22152.285714285714,7147.392857142857,3191.1071428571427
d_1442,24722,3210,6453,2015-01-09,22212.928571428572,7123.321428571428,3186.0714285714284
d_1443,30405,4103,9438,2015-01-10,22344.25,7128.892857142857,3188.8214285714284
d_1444,31664,3389,10013,2015-01-11,22452.571428571428,7151.428571428572,3167.25
d_1445,25343,2948,7283,2015-01-12,22495.714285714286,7168.428571428572,3158.785714285714
d_1446,21066,2886,6372,2015-01-13,22509.964285714286,7176.571428571428,3150.25
d_1447,21929,2651,6479,2015-01-14,22558.321428571428,7173.464285714285,3137.3928571428573
d_1448,23072,2890,7101,2015-01-15,22563.5,7202.0,3128.535714285714
d_1449,23449,3308,8132,2015-01-16,22683.428571428572,7263.107142857143,3128.035714285714
d_1450,30173,4250,10746,2015-01-17,22864.5,7326.5,3124.5714285714284
d_1451,27364,3655,9705,2015-01-18,22915.85714285714,7363.5,3116.0714285714284
d_1452,22686,3320,8406,2015-01-19,22908.071428571428,7400.214285714285,3111.285714285714
d_1453,18946,2769,6648,2015-01-20,22731.39285714286,7375.178571428572,3080.8928571428573
d_1454,18680,2966,6463,2015-01-21,22636.535714285714,7401.821428571428,3095.25
d_1455,17073,2723,5999,2015-01-22,23245.571428571428,7616.071428571428,3192.5
d_1456,21519,3248,7454,2015-01-23,23278.821428571428,7570.857142857143,3179.8928571428573
d_1457,27447,4280,10454,2015-01-24,23530.25,7635.464285714285,3206.25
d_1458,28499,4181,9943,2015-01-25,23810.10714285714,7698.357142857143,3246.6785714285716
d_1459,20207,3196,6955,2015-01-26,23844.785714285714,7676.785714285715,3246.714285714286
d_1460,18547,2792,6534,2015-01-27,23815.428571428572,7655.857142857143,3241.8571428571427
d_1461,18806,2822,6476,2015-01-28,23655.64285714286,7632.785714285715,3233.785714285714
d_1462,18140,3253,6832,2015-01-29,23677.178571428572,7650.5,3257.8571428571427
d_1463,23064,4163,10213,2015-01-30,23584.25,7672.214285714285,3250.75
d_1464,32468,5183,13177,2015-01-31,23743.10714285714,7802.642857142857,3309.4285714285716
d_1465,27553,3576,9256,2015-02-01,23716.928571428572,7851.821428571428,3312.785714285714
d_1466,23799,3132,8075,2015-02-02,23677.75,7898.75,3316.285714285714
d_1467,25292,3716,8397,2015-02-03,23722.5,7992.178571428572,3346.785714285714
d_1468,22528,3419,8045,2015-02-04,23768.75,8087.607142857143,3377.5
d_1469,23002,3795,7850,2015-02-05,23837.25,8174.964285714285,3422.285714285714
d_1470,24697,3427,8685,2015-02-06,23836.35714285714,8254.67857142857,3430.035714285714
d_1471,33393,4878,12565,2015-02-07,23943.071428571428,8366.357142857143,3457.714285714286
d_1472,33980,3982,11757,2015-02-08,24025.785714285714,8428.642857142857,3478.8928571428573
d_1473,27130,3414,8626,2015-02-09,24089.60714285714,8476.607142857143,3495.535714285714
d_1474,23701,3582,8181,2015-02-10,24183.714285714286,8541.214285714286,3520.3928571428573
d_1475,24383,3413,7905,2015-02-11,24271.35714285714,8592.142857142857,3547.6071428571427
d_1476,26897,3605,8068,2015-02-12,24407.964285714286,8626.67857142857,3573.1428571428573
d_1477,24889,3801,8246,2015-02-13,24459.39285714286,8630.75,3590.75
d_1478,27659,4119,9836,2015-02-14,24369.60714285714,8598.25,3586.0714285714284
d_1479,28746,4073,11188,2015-02-15,24418.964285714286,8651.214285714286,3601.0
d_1480,23988,3530,9629,2015-02-16,24465.464285714286,8694.892857142857,3608.5
d_1481,19768,3275,7654,2015-02-17,24494.821428571428,8730.82142857143,3626.5714285714284
d_1482,18125,3130,7250,2015-02-18,24475.0,8758.92857142857,3632.4285714285716
d_1483,18453,3234,7121,2015-02-19,24524.285714285714,8799.0,3650.6785714285716
d_1484,20872,3678,8569,2015-02-20,24501.178571428572,8838.82142857143,3666.035714285714
d_1485,25850,4304,11955,2015-02-21,24444.14285714286,8892.42857142857,3666.8928571428573
d_1486,26932,4342,12485,2015-02-22,24388.178571428572,8983.214285714286,3672.6428571428573
d_1487,19673,3177,8672,2015-02-23,24369.10714285714,9044.535714285714,3671.964285714286
d_1488,18685,3121,7974,2015-02-24,24374.035714285714,9095.964285714286,3683.714285714286
d_1489,17822,3269,8136,2015-02-25,24338.89285714286,9155.25,3699.6785714285716
d_1490,17921,3271,8031,2015-02-26,24331.071428571428,9198.07142857143,3700.3214285714284
d_1491,19849,4042,9675,2015-02-27,24216.25,9178.857142857143,3696.0
d_1492,26374,4914,12866,2015-02-28,23998.60714285714,9167.75,3686.3928571428573
d_1493,28980,4606,11600,2015-03-01,24049.571428571428,9251.464285714286,3723.1785714285716
d_1494,23531,3490,8377,2015-03-02,24040.0,9262.25,3735.964285714286
d_1495,23061,3267,8059,2015-03-03,23960.321428571428,9250.17857142857,3719.9285714285716
d_1496,20843,3301,7630,2015-03-04,23900.14285714286,9235.357142857143,3715.714285714286
d_1497,22163,3471,7185,2015-03-05,23870.178571428572,9211.607142857143,3704.1428571428573
d_1498,24332,3439,8166,2015-03-06,23857.14285714286,9193.07142857143,3704.5714285714284
d_1499,28690,4599,10940,2015-03-07,23689.178571428572,9135.035714285714,3694.6071428571427
d_1500,30939,4452,11988,2015-03-08,23580.571428571428,9143.285714285714,3711.3928571428573
d_1501,24156,3288,8576,2015-03-09,23474.35714285714,9141.5,3706.8928571428573
d_1502,21362,3182,9053,2015-03-10,23390.821428571428,9172.642857142857,3692.6071428571427
d_1503,21232,3281,8378,2015-03-11,23278.285714285714,9189.535714285714,3687.8928571428573
d_1504,22790,3426,8175,2015-03-12,23131.60714285714,9193.357142857143,3681.5
d_1505,23662,3547,9414,2015-03-13,23087.785714285714,9235.07142857143,3672.4285714285716
d_1506,28353,4251,11867,2015-03-14,23112.571428571428,9307.607142857143,3677.1428571428573
d_1507,32233,4523,12071,2015-03-15,23237.10714285714,9339.142857142857,3693.214285714286
d_1508,23103,3575,8817,2015-03-16,23205.5,9310.142857142857,3694.8214285714284
d_1509,20786,3109,7517,2015-03-17,23241.85714285714,9305.25,3688.8928571428573
d_1510,19329,3200,7418,2015-03-18,23284.85714285714,9311.25,3691.3928571428573
d_1511,18970,3090,7309,2015-03-19,23303.321428571428,9317.964285714286,3686.25
d_1512,20787,3644,8568,2015-03-20,23300.285714285714,9317.92857142857,3685.035714285714
d_1513,26272,4236,11474,2015-03-21,23315.35714285714,9300.75,3682.6071428571427
d_1514,27824,4331,11859,2015-03-22,23347.214285714286,9278.392857142857,3682.214285714286
d_1515,21000,3249,8089,2015-03-23,23394.60714285714,9257.57142857143,3684.785714285714
d_1516,17007,3014,6820,2015-03-24,23334.678571428572,9216.357142857143,3680.964285714286
d_1517,20386,3342,8267,2015-03-25,23426.25,9221.035714285714,3683.5714285714284
d_1518,18994,3178,7730,2015-03-26,23464.571428571428,9210.285714285714,3680.25
d_1519,20619,3730,8186,2015-03-27,23492.071428571428,9157.107142857143,3669.1071428571427
d_1520,25981,4675,10875,2015-03-28,23478.035714285714,9086.0,3660.5714285714284
d_1521,27500,4214,10869,2015-03-29,23425.178571428572,9059.892857142857,3646.5714285714284
d_1522,20364,3435,8100,2015-03-30,23312.071428571428,9050.0,3644.6071428571427
d_1523,19656,3256,8044,2015-03-31,23190.464285714286,9049.464285714286,3644.214285714286
d_1524,22077,3847,9136,2015-04-01,23234.535714285714,9103.25,3663.714285714286
d_1525,22352,3385,8080,2015-04-02,23241.285714285714,9135.214285714286,3660.6428571428573
d_1526,29325,4384,10399,2015-04-03,23419.60714285714,9214.964285714286,3694.3928571428573
d_1527,32041,4800,11578,2015-04-04,23539.285714285714,9237.75,3701.5714285714284
d_1528,27635,3679,10322,2015-04-05,23421.285714285714,9178.25,3673.964285714286
d_1529,23578,3816,8821,2015-04-06,23400.64285714286,9187.0,3692.8214285714284
d_1530,22066,3764,8081,2015-04-07,23425.785714285714,9152.285714285714,3713.6071428571427
d_1531,22413,3534,8202,2015-04-08,23467.964285714286,9146.0,3722.6428571428573
d_1532,22856,3308,8273,2015-04-09,23470.321428571428,9149.5,3718.4285714285716
d_1533,23341,3947,9565,2015-04-10,23458.85714285714,9154.892857142857,3732.714285714286
d_1534,28740,4522,12010,2015-04-11,23472.678571428572,9160.0,3742.3928571428573
d_1535,31177,4156,11847,2015-04-12,23434.964285714286,9152.0,3729.285714285714
d_1536,22827,3191,8476,2015-04-13,23425.10714285714,9139.82142857143,3715.5714285714284
d_1537,22468,3330,7799,2015-04-14,23485.178571428572,9149.892857142857,3723.464285714286
d_1538,23119,3486,8085,2015-04-15,23620.535714285714,9173.714285714286,3733.6785714285716
d_1539,20808,2991,7632,2015-04-16,23686.178571428572,9185.25,3730.1428571428573
d_1540,21824,2873,8362,2015-04-17,23723.214285714286,9177.892857142857,3702.6071428571427
d_1541,26782,4385,11349,2015-04-18,23741.428571428572,9173.42857142857,3707.9285714285716
d_1542,28414,4364,11581,2015-04-19,23762.5,9163.5,3709.1071428571427
d_1543,20965,3265,8888,2015-04-20,23761.25,9192.035714285714,3709.6785714285716
d_1544,19239,3317,7671,2015-04-21,23840.964285714286,9222.42857142857,3720.5
d_1545,19273,3495,7614,2015-04-22,23801.214285714286,9199.107142857143,3725.964285714286
d_1546,19381,3341,7936,2015-04-23,23815.035714285714,9206.464285714286,3731.785714285714
d_1547,21930,4015,8478,2015-04-24,23861.85714285714,9216.892857142857,3741.964285714286
d_1548,27548,4519,11531,2015-04-25,23917.821428571428,9240.32142857143,3736.3928571428573
d_1549,28143,4463,10800,2015-04-26,23940.785714285714,9237.857142857143,3745.285714285714
d_1550,22109,3412,7923,2015-04-27,24003.10714285714,9231.535714285714,3744.464285714286
d_1551,19376,3098,7276,2015-04-28,23993.10714285714,9204.107142857143,3738.8214285714284
d_1552,18440,3366,6861,2015-04-29,23863.214285714286,9122.857142857143,3721.6428571428573
d_1553,20054,3318,7181,2015-04-30,23781.14285714286,9090.75,3719.25
d_1554,26192,4314,10470,2015-05-01,23669.25,9093.285714285714,3716.75
d_1555,31415,4312,11325,2015-05-02,23646.89285714286,9084.25,3699.3214285714284
d_1556,33010,4315,11777,2015-05-03,23838.85714285714,9136.214285714286,3722.035714285714
d_1557,24771,3927,9471,2015-05-04,23881.464285714286,9159.42857142857,3726.0
d_1558,23947,3317,7825,2015-05-05,23948.64285714286,9150.285714285714,3710.035714285714
d_1559,23769,3626,7901,2015-05-06,23997.071428571428,9139.535714285714,3713.3214285714284
d_1560,22221,3450,7650,2015-05-07,23974.39285714286,9117.285714285714,3718.3928571428573
d_1561,24395,4228,8801,2015-05-08,24012.035714285714,9090.0,3728.4285714285716
d_1562,31497,4508,11264,2015-05-09,24110.5,9063.357142857143,3727.9285714285716
d_1563,25394,3762,8874,2015-05-10,23903.964285714286,8957.17857142857,3713.8571428571427
d_1564,24658,3707,8827,2015-05-11,23969.35714285714,8969.714285714286,3732.285714285714
d_1565,23653,3392,7988,2015-05-12,24011.678571428572,8976.464285714286,3734.5
d_1566,22032,3474,8179,2015-05-13,23972.85714285714,8979.82142857143,3734.0714285714284
d_1567,21090,3170,7794,2015-05-14,23982.928571428572,8985.607142857143,3740.464285714286
d_1568,24383,3832,9549,2015-05-15,24074.321428571428,9028.0,3774.714285714286
d_1569,27507,4533,12296,2015-05-16,24100.214285714286,9061.82142857143,3780.0
d_1570,28068,4453,11972,2015-05-17,24087.85714285714,9075.785714285714,3783.1785714285716
d_1571,21915,3453,8928,2015-05-18,24121.785714285714,9077.214285714286,3789.8928571428573
d_1572,19435,3463,7773,2015-05-19,24128.785714285714,9080.857142857143,3795.1071428571427
d_1573,19514,3538,8106,2015-05-20,24137.39285714286,9098.42857142857,3796.6428571428573
d_1574,19400,3442,7759,2015-05-21,24138.071428571428,9092.107142857143,3800.25
d_1575,22834,4177,9256,2015-05-22,24170.35714285714,9119.892857142857,3806.035714285714
d_1576,24287,4843,10845,2015-05-23,24053.89285714286,9095.392857142857,3817.6071428571427
d_1577,23145,3952,10329,2015-05-24,23875.39285714286,9078.57142857143,3799.3571428571427
d_1578,24038,3826,9953,2015-05-25,23944.285714285714,9151.07142857143,3814.1428571428573
d_1579,19085,3740,8054,2015-05-26,23933.89285714286,9178.857142857143,3837.0714285714284
d_1580,18855,3340,7902,2015-05-27,23948.714285714286,9216.035714285714,3836.1428571428573
d_1581,18907,3322,7987,2015-05-28,23907.75,9244.82142857143,3836.285714285714
d_1582,20106,3815,9004,2015-05-29,23690.39285714286,9192.464285714286,3818.464285714286
d_1583,25104,4316,11518,2015-05-30,23465.0,9199.357142857143,3818.6071428571427
d_1584,26777,4446,12240,2015-05-31,23242.39285714286,9215.892857142857,3823.285714285714
d_1585,23876,4185,10593,2015-06-01,23210.428571428572,9255.964285714286,3832.5
d_1586,24951,3441,9032,2015-06-02,23246.285714285714,9299.07142857143,3836.9285714285716
d_1587,24806,3781,9403,2015-06-03,23283.321428571428,9352.714285714286,3842.464285714286
d_1588,22797,3527,8598,2015-06-04,23303.89285714286,9386.57142857143,3845.214285714286
d_1589,26735,3790,9364,2015-06-05,23387.464285714286,9406.67857142857,3829.5714285714284
d_1590,31506,4704,11297,2015-06-06,23387.785714285714,9407.857142857143,3836.5714285714284
d_1591,32962,4255,11209,2015-06-07,23658.071428571428,9491.25,3854.1785714285716
d_1592,27594,3448,8880,2015-06-08,23762.928571428572,9493.142857142857,3844.9285714285716
d_1593,26624,3184,8376,2015-06-09,23869.035714285714,9507.0,3837.5
d_1594,23633,3309,8234,2015-06-10,23926.214285714286,9508.964285714286,3831.6071428571427
d_1595,24558,3166,7861,2015-06-11,24050.071428571428,9511.357142857143,3831.464285714286
d_1596,27193,3897,9192,2015-06-12,24150.428571428572,9498.607142857143,3833.785714285714
d_1597,29284,4224,11345,2015-06-13,24213.89285714286,9464.642857142857,3822.75
d_1598,33602,4038,11341,2015-06-14,24411.535714285714,9442.107142857143,3807.9285714285716
d_1599,34524,3819,9237,2015-06-15,24861.85714285714,9453.142857142857,3821.0
d_1600,21346,2971,7381,2015-06-16,24930.10714285714,9439.142857142857,3803.4285714285716
d_1601,20254,3331,7893,2015-06-17,24956.535714285714,9431.535714285714,3796.035714285714
d_1602,22419,3457,8549,2015-06-18,25064.35714285714,9459.75,3796.5714285714284
d_1603,24540,3989,9300,2015-06-19,25125.285714285714,9461.32142857143,3789.8571428571427
d_1604,28664,4491,11100,2015-06-20,25281.60714285714,9470.42857142857,3777.285714285714
d_1605,27466,4002,9945,2015-06-21,25435.928571428572,9456.714285714286,3779.0714285714284
d_1606,22424,3483,8939,2015-06-22,25378.285714285714,9420.5,3766.8214285714284
d_1607,21517,3183,8371,2015-06-23,25465.14285714286,9431.82142857143,3746.9285714285716
d_1608,20419,3354,7849,2015-06-24,25521.0,9429.92857142857,3747.4285714285716
d_1609,21055,3309,8012,2015-06-25,25597.714285714286,9430.82142857143,3746.964285714286
d_1610,23007,3730,9208,2015-06-26,25701.321428571428,9438.107142857143,3743.9285714285716
d_1611,26843,4153,11217,2015-06-27,25763.428571428572,9427.357142857143,3738.1071428571427
d_1612,27385,4271,11290,2015-06-28,25785.14285714286,9393.42857142857,3731.8571428571427
d_1613,21250,3798,8880,2015-06-29,25691.35714285714,9332.25,3718.035714285714
d_1614,20492,3553,8134,2015-06-30,25532.10714285714,9300.17857142857,3722.035714285714
d_1615,23937,4028,10112,2015-07-01,25501.071428571428,9325.5,3730.8571428571427
d_1616,27128,3988,10728,2015-07-02,25655.75,9401.57142857143,3747.3214285714284
d_1617,35834,5360,12960,2015-07-03,25980.714285714286,9530.0,3803.3928571428573
d_1618,25710,3063,8716,2015-07-04,25773.714285714286,9437.82142857143,3744.785714285714
d_1619,28844,3940,10748,2015-07-05,25626.64285714286,9421.357142857143,3733.535714285714
d_1620,28086,3651,9801,2015-07-06,25644.214285714286,9454.25,3740.785714285714
d_1621,25289,3581,8485,2015-07-07,25596.535714285714,9458.142857142857,3754.964285714286
d_1622,24232,3670,8147,2015-07-08,25617.928571428572,9455.035714285714,3767.8571428571427
d_1623,26429,3633,8148,2015-07-09,25684.75,9465.285714285714,3784.535714285714
d_1624,26862,3903,9130,2015-07-10,25672.928571428572,9463.07142857143,3784.75
d_1625,31624,4501,11280,2015-07-11,25756.5,9460.75,3794.6428571428573
d_1626,33585,4333,11676,2015-07-12,25755.89285714286,9472.714285714286,3805.1785714285716
d_1627,26277,3390,9391,2015-07-13,25461.35714285714,9478.214285714286,3789.8571428571427
d_1628,25155,3257,8419,2015-07-14,25597.39285714286,9515.285714285714,3800.0714285714284
d_1629,25664,3531,8900,2015-07-15,25790.60714285714,9551.25,3807.214285714286
d_1630,24624,3734,9120,2015-07-16,25869.35714285714,9571.642857142857,3817.1071428571427
d_1631,27650,4118,10079,2015-07-17,25980.428571428572,9599.464285714286,3821.714285714286
d_1632,29362,4459,11839,2015-07-18,26005.35714285714,9625.857142857143,3820.5714285714284
d_1633,30935,4672,12177,2015-07-19,26129.25,9705.57142857143,3844.5
d_1634,24475,3568,9504,2015-07-20,26202.5,9725.75,3847.535714285714
d_1635,22004,3478,8656,2015-07-21,26219.89285714286,9735.92857142857,3858.0714285714284
d_1636,21473,3447,8456,2015-07-22,26257.535714285714,9757.607142857143,3861.3928571428573
d_1637,21974,3554,8667,2015-07-23,26290.35714285714,9781.0,3870.1428571428573
d_1638,24470,3976,9995,2015-07-24,26342.60714285714,9809.107142857143,3878.9285714285716
d_1639,27336,4009,11279,2015-07-25,26360.214285714286,9811.32142857143,3873.785714285714
d_1640,28447,4058,11687,2015-07-26,26398.14285714286,9825.5,3866.1785714285716
d_1641,23151,3555,9420,2015-07-27,26466.035714285714,9844.785714285714,3857.5
d_1642,21370,3309,8276,2015-07-28,26497.39285714286,9849.857142857143,3848.785714285714
d_1643,20647,3006,7940,2015-07-29,26379.89285714286,9772.285714285714,3812.285714285714
d_1644,21418,3672,8497,2015-07-30,26175.964285714286,9692.607142857143,3801.0
d_1645,25513,4499,11466,2015-07-31,25807.35714285714,9639.25,3770.25
d_1646,30788,4947,13415,2015-08-01,25988.714285714286,9807.07142857143,3837.535714285714
d_1647,34208,4401,12932,2015-08-02,26180.285714285714,9885.07142857143,3854.0
d_1648,29976,4065,11216,2015-08-03,26247.785714285714,9935.607142857143,3868.785714285714
d_1649,24605,3559,9494,2015-08-04,26223.35714285714,9971.642857142857,3868.0
d_1650,25804,3711,8764,2015-08-05,26279.5,9993.67857142857,3869.464285714286
d_1651,25699,3414,8685,2015-08-06,26253.428571428572,10012.857142857143,3861.6428571428573
d_1652,26559,3615,9963,2015-08-07,26242.60714285714,10042.607142857143,3851.3571428571427
d_1653,31287,4688,12129,2015-08-08,26230.571428571428,10072.92857142857,3858.035714285714
d_1654,34965,4593,12403,2015-08-09,26279.85714285714,10098.892857142857,3867.3214285714284
d_1655,25278,3565,9481,2015-08-10,26244.178571428572,10102.107142857143,3873.5714285714284
d_1656,24541,3310,8598,2015-08-11,26222.25,10108.5,3875.464285714286
d_1657,25068,3555,8728,2015-08-12,26200.964285714286,10102.357142857143,3876.3214285714284
d_1658,23609,3608,8838,2015-08-13,26164.714285714286,10092.285714285714,3871.8214285714284
d_1659,26661,3875,10226,2015-08-14,26129.39285714286,10097.535714285714,3863.1428571428573
d_1660,31524,4557,12355,2015-08-15,26206.60714285714,10115.964285714286,3866.6428571428573
d_1661,33402,4407,12731,2015-08-16,26294.714285714286,10135.75,3857.1785714285716
d_1662,25751,3632,9729,2015-08-17,26340.285714285714,10143.785714285714,3859.464285714286
d_1663,22549,3485,9211,2015-08-18,26359.75,10163.607142857143,3859.714285714286
d_1664,21440,3569,8698,2015-08-19,26358.571428571428,10172.25,3864.0714285714284
d_1665,20399,3280,8837,2015-08-20,26302.321428571428,10178.32142857143,3854.285714285714
d_1666,23172,3756,10035,2015-08-21,26255.964285714286,10179.75,3846.4285714285716
d_1667,27509,4736,12835,2015-08-22,26262.14285714286,10235.32142857143,3872.3928571428573
d_1668,30046,4389,13161,2015-08-23,26319.25,10287.964285714286,3884.214285714286
d_1669,22495,3481,9117,2015-08-24,26295.821428571428,10277.142857142857,3881.5714285714284
d_1670,19432,3357,8506,2015-08-25,26226.60714285714,10285.357142857143,3883.285714285714
d_1671,19684,3744,8539,2015-08-26,26192.214285714286,10306.75,3909.6428571428573
d_1672,20179,3494,8403,2015-08-27,26147.964285714286,10303.392857142857,3903.285714285714
d_1673,23083,3765,9403,2015-08-28,26061.178571428572,10229.714285714286,3877.0714285714284
d_1674,27956,4620,12660,2015-08-29,25960.035714285714,10202.75,3865.3928571428573
d_1675,30750,4420,13347,2015-08-30,25836.535714285714,10217.57142857143,3866.0714285714284
d_1676,22742,3705,9438,2015-08-31,25578.178571428572,10154.07142857143,3853.214285714286
d_1677,23606,3876,10473,2015-09-01,25542.5,10189.035714285714,3864.535714285714
d_1678,23616,3699,9275,2015-09-02,25464.35714285714,10207.285714285714,3864.1071428571427
d_1679,26022,3595,10002,2015-09-03,25475.89285714286,10254.32142857143,3870.5714285714284
d_1680,24884,4303,10083,2015-09-04,25416.071428571428,10258.607142857143,3895.1428571428573
d_1681,31105,4304,12078,2015-09-05,25409.571428571428,10256.785714285714,3881.4285714285716
d_1682,30802,4051,10395,2015-09-06,25260.89285714286,10185.07142857143,3862.0714285714284
d_1683,30984,3900,10878,2015-09-07,25464.678571428572,10234.964285714286,3874.035714285714
d_1684,24625,3169,8375,2015-09-08,25467.678571428572,10227.0,3869.0
d_1685,26091,3465,8546,2015-09-09,25504.214285714286,10220.5,3865.785714285714
d_1686,23652,3411,8630,2015-09-10,25505.75,10213.07142857143,3858.75
d_1687,26699,3902,9685,2015-09-11,25507.10714285714,10193.75,3859.714285714286
d_1688,33062,4516,12525,2015-09-12,25562.035714285714,10199.82142857143,3858.25
d_1689,34321,4510,12509,2015-09-13,25594.85714285714,10191.892857142857,3861.9285714285716
d_1690,25746,3413,8912,2015-09-14,25594.678571428572,10162.714285714286,3854.1071428571427
d_1691,25522,3406,8497,2015-09-15,25700.85714285714,10137.214285714286,3851.285714285714
d_1692,22361,3425,7859,2015-09-16,25733.75,10107.25,3846.1428571428573
d_1693,22159,3685,8154,2015-09-17,25796.60714285714,10082.857142857143,3860.6071428571427
d_1694,24862,4099,9728,2015-09-18,25856.964285714286,10071.892857142857,3872.8571428571427
d_1695,31020,4723,12536,2015-09-19,25982.35714285714,10061.214285714286,3872.3928571428573
d_1696,33168,4487,12324,2015-09-20,26093.85714285714,10031.32142857143,3875.8928571428573
d_1697,23952,3350,8843,2015-09-21,26145.89285714286,10021.535714285714,3871.214285714286
d_1698,21737,3548,8233,2015-09-22,26228.214285714286,10011.785714285714,3878.035714285714
d_1699,21713,3430,8354,2015-09-23,26300.678571428572,10005.17857142857,3866.8214285714284
d_1700,21615,3390,7962,2015-09-24,26351.964285714286,9989.42857142857,3863.1071428571427
d_1701,24758,3847,10075,2015-09-25,26411.785714285714,10013.42857142857,3866.035714285714
d_1702,30063,4427,12146,2015-09-26,26487.035714285714,9995.07142857143,3859.1428571428573
d_1703,31061,4435,12117,2015-09-27,26498.14285714286,9951.142857142857,3859.6785714285716
d_1704,22385,3357,8520,2015-09-28,26485.39285714286,9918.357142857143,3847.25
d_1705,19347,3284,7984,2015-09-29,26333.285714285714,9829.464285714286,3826.1071428571427
d_1706,19656,3527,8087,2015-09-30,26191.85714285714,9787.035714285714,3819.964285714286
d_1707,23495,4224,9958,2015-10-01,26101.60714285714,9785.464285714286,3842.4285714285716
d_1708,28869,4474,11033,2015-10-02,26243.928571428572,9819.392857142857,3848.535714285714
d_1709,36094,4930,13663,2015-10-03,26422.10714285714,9876.0,3870.8928571428573
d_1710,35413,4879,12603,2015-10-04,26586.785714285714,9954.857142857143,3900.464285714286
d_1711,29609,3488,9377,2015-10-05,26537.678571428572,9901.25,3885.75
d_1712,27077,3397,8381,2015-10-06,26625.25,9901.464285714286,3893.8928571428573
d_1713,24077,3693,8117,2015-10-07,26553.321428571428,9886.142857142857,3902.035714285714
d_1714,25654,3349,8816,2015-10-08,26624.821428571428,9892.785714285714,3899.8214285714284
d_1715,29016,4278,10301,2015-10-09,26707.571428571428,9914.785714285714,3913.25
d_1716,31332,4715,12740,2015-10-10,26645.785714285714,9922.464285714286,3920.3571428571427
d_1717,33686,4248,11770,2015-10-11,26623.10714285714,9896.07142857143,3911.0
d_1718,29101,3754,9385,2015-10-12,26742.928571428572,9912.964285714286,3923.1785714285716
d_1719,24216,3390,8075,2015-10-13,26696.285714285714,9897.892857142857,3922.6071428571427
d_1720,23134,3514,7600,2015-10-14,26723.89285714286,9888.642857142857,3925.785714285714
d_1721,24750,3629,7974,2015-10-15,26816.428571428572,9882.214285714286,3923.785714285714
d_1722,25100,4183,9139,2015-10-16,26824.928571428572,9861.17857142857,3926.785714285714
d_1723,30592,5213,12008,2015-10-17,26809.64285714286,9842.32142857143,3944.285714285714
d_1724,32013,4768,12183,2015-10-18,26768.39285714286,9837.285714285714,3954.3214285714284
d_1725,23216,3690,8396,2015-10-19,26742.10714285714,9821.32142857143,3966.464285714286
d_1726,21671,3518,7915,2015-10-20,26739.75,9809.964285714286,3965.3928571428573
d_1727,20943,3854,7614,2015-10-21,26712.25,9783.535714285714,3980.535714285714
d_1728,21407,3712,7651,2015-10-22,26704.821428571428,9772.42857142857,3992.035714285714
d_1729,24514,4313,9194,2015-10-23,26696.10714285714,9740.964285714286,4008.6785714285716
d_1730,28678,4977,11351,2015-10-24,26646.64285714286,9712.57142857143,4028.3214285714284
d_1731,29898,4958,11323,2015-10-25,26605.10714285714,9684.214285714286,4047.0
d_1732,22443,3837,8812,2015-10-26,26607.178571428572,9694.642857142857,4064.1428571428573
d_1733,20743,4036,7540,2015-10-27,26657.035714285714,9678.785714285714,4091.0
d_1734,19954,3551,7762,2015-10-28,26667.678571428572,9667.17857142857,4091.8571428571427
d_1735,21181,4070,7981,2015-10-29,26585.035714285714,9596.57142857143,4086.3571428571427
d_1736,25171,4700,10643,2015-10-30,26452.964285714286,9582.642857142857,4094.4285714285716
d_1737,26863,4888,10992,2015-10-31,26123.285714285714,9487.25,4092.9285714285716
d_1738,29443,4745,12806,2015-11-01,25910.071428571428,9494.5,4088.1428571428573
d_1739,23514,3797,9146,2015-11-02,25692.39285714286,9486.25,4099.178571428572
d_1740,24325,4017,9655,2015-11-03,25594.10714285714,9531.75,4121.321428571428
d_1741,20142,3646,8314,2015-11-04,25453.571428571428,9538.785714285714,4119.642857142857
d_1742,22225,4013,8437,2015-11-05,25331.10714285714,9525.25,4143.357142857143
d_1743,25362,4325,9934,2015-11-06,25200.60714285714,9512.142857142857,4145.035714285715
d_1744,30094,4681,12566,2015-11-07,25156.39285714286,9505.92857142857,4143.821428571428
d_1745,31634,4932,11845,2015-11-08,25083.10714285714,9508.607142857143,4168.25
d_1746,25378,3402,8135,2015-11-09,24950.14285714286,9463.964285714286,4155.678571428572
d_1747,21722,3666,7986,2015-11-10,24861.071428571428,9460.785714285714,4165.535714285715
d_1748,21893,3705,7740,2015-11-11,24816.75,9465.785714285714,4172.357142857143
d_1749,22543,3551,7148,2015-11-12,24737.928571428572,9436.285714285714,4169.571428571428
d_1750,23272,4198,8725,2015-11-13,24672.64285714286,9421.5,4170.107142857143
d_1751,30514,4746,12082,2015-11-14,24669.85714285714,9424.142857142857,4153.428571428572
d_1752,33444,4605,11706,2015-11-15,24720.964285714286,9407.107142857143,4147.607142857143
d_1753,23385,3907,8443,2015-11-16,24727.0,9408.785714285714,4155.357142857143
d_1754,18746,3563,6865,2015-11-17,24622.535714285714,9371.285714285714,4156.964285714285
d_1755,20550,3765,7845,2015-11-18,24608.5,9379.535714285714,4153.785714285715
d_1756,20554,3942,7869,2015-11-19,24578.035714285714,9387.32142857143,4162.0
d_1757,24562,4424,9371,2015-11-20,24579.75,9393.642857142857,4165.964285714285
d_1758,27164,4498,11131,2015-11-21,24525.678571428572,9385.785714285714,4148.857142857143
d_1759,28639,4817,11469,2015-11-22,24480.714285714286,9391.0,4143.821428571428
d_1760,22584,3819,8737,2015-11-23,24485.75,9388.32142857143,4143.178571428572
d_1761,22388,3901,7933,2015-11-24,24544.5,9402.357142857143,4138.357142857143
d_1762,27049,4187,8888,2015-11-25,24797.89285714286,9442.57142857143,4161.071428571428
d_1763,16789,1631,5211,2015-11-26,24641.035714285714,9343.642857142857,4073.964285714286
d_1764,16847,3248,7486,2015-11-27,24343.75,9230.892857142857,4022.1071428571427
d_1765,20830,4060,9322,2015-11-28,24128.285714285714,9171.25,3992.535714285714
d_1766,23727,4057,9998,2015-11-29,23924.14285714286,9070.964285714286,3967.964285714286
d_1767,19997,3796,8223,2015-11-30,23798.535714285714,9038.0,3967.9285714285716
d_1768,21368,4193,9257,2015-12-01,23692.928571428572,9023.785714285714,3974.214285714286
d_1769,21893,3620,8219,2015-12-02,23755.464285714286,9020.392857142857,3973.285714285714
d_1770,23910,4478,9641,2015-12-03,23815.64285714286,9063.392857142857,3989.8928571428573
d_1771,23329,4397,10461,2015-12-04,23743.035714285714,9082.214285714286,3992.464285714286
d_1772,29867,5287,11871,2015-12-05,23734.928571428572,9057.392857142857,4014.1071428571427
d_1773,31794,4919,11702,2015-12-06,23740.64285714286,9052.285714285714,4013.6428571428573
d_1774,23267,3637,8504,2015-12-07,23665.25,9065.464285714286,4022.035714285714
d_1775,21889,3590,7434,2015-12-08,23671.214285714286,9045.75,4019.3214285714284
d_1776,22372,3627,7691,2015-12-09,23688.321428571428,9044.0,4016.535714285714
d_1777,20841,3738,7580,2015-12-10,23627.535714285714,9059.42857142857,4023.214285714286
d_1778,23632,4209,8502,2015-12-11,23640.39285714286,9051.464285714286,4023.6071428571427
d_1779,29677,4973,11325,2015-12-12,23610.5,9024.42857142857,4031.714285714286
d_1780,29546,4738,10849,2015-12-13,23471.285714285714,8993.82142857143,4036.464285714286
d_1781,25062,3876,8584,2015-12-14,23531.178571428572,8998.857142857143,4035.3571428571427
d_1782,24296,3761,8073,2015-12-15,23729.39285714286,9042.0,4042.4285714285716
d_1783,22432,3861,7830,2015-12-16,23796.60714285714,9041.464285714286,4045.8571428571427
d_1784,23600,3955,7899,2015-12-17,23905.39285714286,9042.535714285714,4046.3214285714284
d_1785,22330,4142,8284,2015-12-18,23825.678571428572,9003.714285714286,4036.25
d_1786,27459,5001,11028,2015-12-19,23836.214285714286,9000.035714285714,4054.214285714286
d_1787,27441,4878,10692,2015-12-20,23793.428571428572,8972.285714285714,4056.3928571428573
d_1788,22816,4015,8691,2015-12-21,23801.714285714286,8970.642857142857,4063.3928571428573
d_1789,23904,3966,8742,2015-12-22,23855.85714285714,8999.535714285714,4065.714285714286
d_1790,25401,4271,9080,2015-12-23,23797.0,9006.392857142857,4068.714285714286
d_1791,24801,3408,8018,2015-12-24,24083.14285714286,9106.642857142857,4132.178571428572
d_1792,13,0,1,2015-12-25,23481.928571428572,8839.32142857143,4016.1785714285716
d_1793,22488,4977,10912,2015-12-26,23541.14285714286,8896.107142857143,4048.9285714285716
d_1794,21520,4092,9766,2015-12-27,23462.321428571428,8887.82142857143,4050.1785714285716
d_1795,18407,3428,8129,2015-12-28,23405.535714285714,8884.464285714286,4037.035714285714
d_1796,19586,3607,8700,2015-12-29,23341.89285714286,8864.57142857143,4016.1071428571427
d_1797,21653,3686,8788,2015-12-30,23333.321428571428,8884.892857142857,4018.464285714286
d_1798,28448,4199,10412,2015-12-31,23495.39285714286,8912.42857142857,4008.5
d_1799,21078,3182,8391,2016-01-01,23415.0,8838.5,3965.1071428571427
d_1800,27822,4951,11964,2016-01-02,23341.964285714286,8841.82142857143,3953.1071428571427
d_1801,29314,3860,11166,2016-01-03,23253.39285714286,8822.67857142857,3915.285714285714
d_1802,23620,3742,9331,2016-01-04,23266.0,8852.214285714286,3919.035714285714
d_1803,23769,3327,8210,2016-01-05,23333.14285714286,8879.92857142857,3909.6428571428573
d_1804,22361,3240,7084,2016-01-06,23332.75,8858.25,3895.8214285714284
d_1805,24445,3327,8172,2016-01-07,23461.464285714286,8879.392857142857,3881.1428571428573
d_1806,26351,3772,8813,2016-01-08,23558.571428571428,8890.5,3865.535714285714
d_1807,35798,4836,12246,2016-01-09,23777.178571428572,8923.392857142857,3860.6428571428573
d_1808,32270,4378,10721,2016-01-10,23874.464285714286,8918.82142857143,3847.785714285714
d_1809,27101,3209,7676,2016-01-11,23947.285714285714,8886.392857142857,3823.964285714286
d_1810,24972,3040,7110,2016-01-12,23971.428571428572,8852.0,3798.214285714286
d_1811,22345,3017,6869,2016-01-13,23968.321428571428,8817.67857142857,3768.0714285714284
d_1812,24669,3421,7766,2016-01-14,24006.5,8812.92857142857,3749.0
d_1813,28620,3730,9440,2016-01-15,24231.14285714286,8854.214285714286,3734.285714285714
d_1814,34155,4724,12267,2016-01-16,24470.285714285714,8898.464285714286,3724.3928571428573
d_1815,30334,4133,11066,2016-01-17,24573.60714285714,8911.82142857143,3697.785714285714
d_1816,25872,3329,9139,2016-01-18,24682.75,8927.82142857143,3673.285714285714
d_1817,21864,3048,7076,2016-01-19,24609.89285714286,8868.32142857143,3640.5
d_1818,21667,3399,7618,2016-01-20,24476.535714285714,8816.107142857143,3609.3571428571427
d_1819,20893,3374,7512,2016-01-21,24336.964285714286,8798.035714285714,3608.1428571428573
d_1820,23987,3763,8557,2016-01-22,25193.178571428572,9103.607142857143,3742.535714285714
d_1821,31424,4812,12691,2016-01-23,25512.321428571428,9167.142857142857,3736.6428571428573
d_1822,31610,4107,12115,2016-01-24,25872.678571428572,9251.035714285714,3737.1785714285716
d_1823,22259,3505,8625,2016-01-25,26010.25,9268.75,3739.9285714285716
d_1824,19981,3040,7425,2016-01-26,26024.35714285714,9223.214285714286,3719.6785714285716
d_1825,20132,3596,7621,2016-01-27,25970.035714285714,9181.535714285714,3716.464285714286
d_1826,21111,3420,7935,2016-01-28,25708.0,9093.07142857143,3688.6428571428573
d_1827,24055,3978,9606,2016-01-29,25814.321428571428,9136.464285714286,3717.0714285714284
d_1828,30863,5139,13102,2016-01-30,25922.928571428572,9177.107142857143,3723.785714285714
d_1829,32698,5154,12979,2016-01-31,26043.785714285714,9241.857142857143,3770.0
d_1830,26690,4104,10920,2016-02-01,26153.428571428572,9298.607142857143,3782.9285714285716
d_1831,23333,3304,8291,2016-02-02,26137.85714285714,9301.5,3782.1071428571427
d_1832,26298,3733,9309,2016-02-03,26278.464285714286,9380.964285714286,3799.714285714286
d_1833,23300,3597,8527,2016-02-04,26237.571428571428,9393.642857142857,3809.3571428571427
d_1834,26722,4039,9432,2016-02-05,26250.821428571428,9415.75,3818.8928571428573
d_1835,37412,5097,12531,2016-02-06,26308.464285714286,9425.92857142857,3828.214285714286
d_1836,32421,4086,10386,2016-02-07,26313.85714285714,9413.964285714286,3817.785714285714
d_1837,25144,3171,8489,2016-02-08,26243.964285714286,9443.0,3816.4285714285716
d_1838,26372,3593,8548,2016-02-09,26293.964285714286,9494.357142857143,3836.1785714285716
d_1839,26112,3625,9616,2016-02-10,26428.5,9592.464285714286,3857.8928571428573
d_1840,30452,3896,10236,2016-02-11,26635.035714285714,9680.67857142857,3874.8571428571427
d_1841,30248,3835,10139,2016-02-12,26693.178571428572,9705.642857142857,3878.6071428571427
d_1842,35686,4965,13064,2016-02-13,26747.85714285714,9734.107142857143,3887.214285714286
d_1843,32998,4103,11236,2016-02-14,26843.0,9740.17857142857,3886.1428571428573
d_1844,31682,3593,10877,2016-02-15,27050.5,9802.25,3895.5714285714284
d_1845,25542,3546,8614,2016-02-16,27181.85714285714,9857.17857142857,3913.3571428571427
d_1846,24359,3394,8792,2016-02-17,27278.0,9899.107142857143,3913.1785714285716
d_1847,23740,3603,9093,2016-02-18,27379.678571428572,9955.57142857143,3921.3571428571427
d_1848,26388,3938,10066,2016-02-19,27465.428571428572,10009.464285714286,3927.6071428571427
d_1849,32750,4904,13203,2016-02-20,27512.785714285714,10027.75,3930.8928571428573
d_1850,34196,4528,13357,2016-02-21,27605.14285714286,10072.107142857143,3945.9285714285716
d_1851,24198,3693,9437,2016-02-22,27674.39285714286,10101.107142857143,3952.6428571428573
d_1852,22133,3295,8553,2016-02-23,27751.25,10141.392857142857,3961.75
d_1853,21961,3304,8803,2016-02-24,27816.571428571428,10183.607142857143,3951.3214285714284
d_1854,22406,3314,8895,2016-02-25,27862.821428571428,10217.892857142857,3947.535714285714
d_1855,24208,3957,9484,2016-02-26,27868.285714285714,10213.535714285714,3946.785714285714
d_1856,31067,4389,12431,2016-02-27,27875.571428571428,10189.57142857143,3920.0
d_1857,32834,4884,13197,2016-02-28,27880.428571428572,10197.357142857143,3910.3571428571427
d_1858,24087,3449,9723,2016-02-29,27787.464285714286,10154.607142857143,3886.964285714286
d_1859,23458,3513,9565,2016-03-01,27791.928571428572,10200.107142857143,3894.4285714285716
d_1860,25150,3813,9495,2016-03-02,27750.928571428572,10206.75,3897.285714285714
d_1861,27241,3860,10358,2016-03-03,27891.678571428572,10272.142857142857,3906.6785714285716
d_1862,25878,3703,9744,2016-03-04,27861.535714285714,10283.285714285714,3894.6785714285716
d_1863,35200,4636,12486,2016-03-05,27782.535714285714,10281.67857142857,3878.214285714286
d_1864,38547,4879,13792,2016-03-06,28001.321428571428,10403.32142857143,3906.535714285714
d_1865,27978,3356,9228,2016-03-07,28102.535714285714,10429.714285714286,3913.1428571428573
d_1866,26276,3240,8211,2016-03-08,28099.10714285714,10417.67857142857,3900.535714285714
d_1867,25601,3203,8228,2016-03-09,28080.85714285714,10368.107142857143,3885.464285714286
d_1868,25491,3787,8989,2016-03-10,27903.678571428572,10323.57142857143,3881.5714285714284
d_1869,27897,3333,9657,2016-03-11,27819.714285714286,10306.357142857143,3863.6428571428573
d_1870,34734,4810,13167,2016-03-12,27785.714285714286,10310.035714285714,3858.1071428571427
d_1871,34710,4229,12482,2016-03-13,27846.85714285714,10354.535714285714,3862.6071428571427
d_1872,29086,3593,9356,2016-03-14,27754.14285714286,10300.214285714286,3862.6071428571427
d_1873,27703,3552,8862,2016-03-15,27831.321428571428,10309.07142857143,3862.8214285714284
d_1874,24605,3621,8380,2016-03-16,27840.10714285714,10294.357142857143,3870.9285714285716
d_1875,23502,3218,8289,2016-03-17,27831.60714285714,10265.642857142857,3857.1785714285716
d_1876,26455,3794,9403,2016-03-18,27834.0,10241.964285714286,3852.035714285714
d_1877,29999,4735,11447,2016-03-19,27735.75,10179.25,3846.0
d_1878,31758,4006,12061,2016-03-20,27648.678571428572,10132.964285714286,3827.3571428571427
d_1879,24910,3342,9108,2016-03-21,27674.10714285714,10121.214285714286,3814.8214285714284
d_1880,24242,3140,8093,2016-03-22,27749.428571428572,10104.785714285714,3809.285714285714
d_1881,23262,3422,8102,2016-03-23,27795.89285714286,10079.75,3813.5
d_1882,22874,3352,7777,2016-03-24,27812.60714285714,10039.82142857143,3814.8571428571427
d_1883,30906,4230,10475,2016-03-25,28051.821428571428,10075.214285714286,3824.6071428571427
d_1884,37135,4476,12252,2016-03-26,28268.535714285714,10068.82142857143,3827.714285714286
d_1885,32236,3643,10481,2016-03-27,28247.178571428572,9971.82142857143,3783.3928571428573
d_1886,23285,3555,9201,2016-03-28,28218.535714285714,9953.17857142857,3787.1785714285716
d_1887,22191,3446,8220,2016-03-29,28173.285714285714,9905.142857142857,3784.785714285714
d_1888,21017,3333,8009,2016-03-30,28025.678571428572,9852.07142857143,3767.6428571428573
d_1889,22127,3421,9133,2016-03-31,27843.035714285714,9808.32142857143,3751.964285714286
d_1890,28627,4790,12119,2016-04-01,27941.214285714286,9893.142857142857,3790.785714285714
d_1891,34284,4863,13525,2016-04-02,27908.5,9930.25,3798.8928571428573
d_1892,37633,4903,13889,2016-04-03,27875.85714285714,9933.714285714286,3799.75
d_1893,27025,3661,9732,2016-04-04,27841.821428571428,9951.714285714286,3810.6428571428573
d_1894,27243,3477,8963,2016-04-05,27876.35714285714,9978.57142857143,3819.1071428571427
d_1895,27238,3379,8517,2016-04-06,27934.821428571428,9988.892857142857,3825.3928571428573
d_1896,25655,3443,9018,2016-04-07,27940.678571428572,9989.92857142857,3813.1071428571427
d_1897,29449,4066,9705,2016-04-08,27996.10714285714,9991.642857142857,3839.285714285714
d_1898,38334,4739,13267,2016-04-09,28124.678571428572,9995.214285714286,3836.75
d_1899,36446,4525,12885,2016-04-10,28186.678571428572,10009.607142857143,3847.3214285714284
d_1900,29091,3716,9620,2016-04-11,28186.85714285714,10019.035714285714,3851.714285714286
d_1901,27424,3384,8261,2016-04-12,28176.89285714286,9997.57142857143,3845.714285714286
d_1902,23888,3557,7748,2016-04-13,28151.285714285714,9975.0,3843.4285714285716
d_1903,25456,3786,8287,2016-04-14,28221.071428571428,9974.92857142857,3863.714285714286
d_1904,28682,3786,9321,2016-04-15,28300.60714285714,9972.0,3863.4285714285716
d_1905,32007,4634,11721,2016-04-16,28372.321428571428,9981.785714285714,3859.8214285714284
d_1906,34497,4820,12323,2016-04-17,28470.14285714286,9991.142857142857,3888.8928571428573
d_1907,26151,3323,8585,2016-04-18,28514.464285714286,9972.464285714286,3888.214285714286
d_1908,24948,3787,8835,2016-04-19,28539.678571428572,9998.964285714286,3911.3214285714284
d_1909,23632,3472,8239,2016-04-20,28552.89285714286,10003.857142857143,3913.1071428571427
d_1910,23317,3353,8363,2016-04-21,28568.714285714286,10024.785714285714,3913.1428571428573
d_1911,26704,4085,9728,2016-04-22,28418.64285714286,9998.107142857143,3907.964285714286
d_1912,31927,4787,12248,2016-04-23,28232.64285714286,9997.964285714286,3919.0714285714284
d_1913,32654,4683,12458,2016-04-24,28247.571428571428,10068.57142857143,3956.214285714286
d_1914,25953,3782,9058,2016-04-25,28342.85714285714,10063.464285714286,3964.3214285714284
d_1915,23519,3645,8323,2016-04-26,28390.285714285714,10067.142857142857,3971.4285714285716
d_1916,22872,3730,7843,2016-04-27,28456.535714285714,10061.214285714286,3985.6071428571427
d_1917,22915,3742,8075,2016-04-28,28484.678571428572,10023.42857142857,3997.0714285714284
d_1918,27668,4085,11143,2016-04-29,28450.428571428572,9988.57142857143,3971.8928571428573
d_1919,32723,5214,12492,2016-04-30,28394.678571428572,9951.67857142857,3984.4285714285716
d_1920,35369,4858,12805,2016-05-01,28313.821428571428,9912.964285714286,3982.8214285714284
d_1921,29142,4059,9980,2016-05-02,28389.428571428572,9921.82142857143,3997.035714285714
d_1922,29594,4373,10347,2016-05-03,28473.39285714286,9971.25,4029.035714285714
d_1923,27199,3708,8694,2016-05-04,28472.0,9977.57142857143,4040.785714285714
d_1924,28193,3802,8768,2016-05-05,28562.64285714286,9968.642857142857,4053.6071428571427
d_1925,30407,3879,9519,2016-05-06,28596.85714285714,9962.0,4046.9285714285716
d_1926,36752,5003,12484,2016-05-07,28540.35714285714,9934.035714285714,4056.3571428571427
d_1927,31835,4062,9712,2016-05-08,28375.678571428572,9820.714285714286,4039.8214285714284
d_1928,32906,3895,9599,2016-05-09,28511.928571428572,9819.964285714286,4046.214285714286
d_1929,27331,3588,8460,2016-05-10,28508.60714285714,9827.07142857143,4053.5
d_1930,29303,3817,9128,2016-05-11,28702.0,9876.357142857143,4062.785714285714
d_1931,28142,3706,8655,2016-05-12,28797.928571428572,9889.5,4059.9285714285716
d_1932,30107,3871,10095,2016-05-13,28848.821428571428,9917.142857142857,4062.964285714286
d_1933,36576,4893,12839,2016-05-14,29012.0,9957.07142857143,4072.214285714286
d_1934,41447,5016,13458,2016-05-15,29260.214285714286,9997.607142857143,4079.214285714286
d_1935,29158,3528,9676,2016-05-16,29367.60714285714,10036.57142857143,4086.535714285714
d_1936,26148,3629,9000,2016-05-17,29410.464285714286,10042.464285714286,4080.8928571428573
d_1937,24790,3740,8566,2016-05-18,29451.821428571428,10054.142857142857,4090.464285714286
d_1938,24737,3475,8751,2016-05-19,29502.535714285714,10068.0,4094.8214285714284
d_1939,28136,4143,10273,2016-05-20,29553.678571428572,10087.464285714286,4096.892857142857
d_1940,33599,5333,12586,2016-05-21,29613.39285714286,10099.535714285714,4116.392857142857
d_1941,35967,5280,13091,2016-05-22,29731.714285714286,10122.142857142857,4137.714285714285
