d,total_sales,date,weekday,wday,month,year,event_name_1,event_type_1,snap_CA,snap_TX,snap_WI,rolling_28_sales
d_1,32631,2011-01-29,Saturday,1,1,2011,,,0,0,0,
d_2,31749,2011-01-30,Sunday,2,1,2011,,,0,0,0,
d_3,23783,2011-01-31,Monday,3,1,2011,,,0,0,0,
d_4,25412,2011-02-01,Tuesday,4,2,2011,,,1,1,0,
d_5,19146,2011-02-02,Wednesday,5,2,2011,,,1,0,1,
d_6,29211,2011-02-03,Thursday,6,2,2011,,,1,1,1,
d_7,28010,2011-02-04,Friday,7,2,2011,,,1,0,0,
d_8,37932,2011-02-05,Saturday,1,2,2011,,,1,1,1,
d_9,32736,2011-02-06,Sunday,2,2,2011,SuperBowl,Sporting,1,1,1,
d_10,25572,2011-02-07,Monday,3,2,2011,,,1,1,0,
d_11,23071,2011-02-08,Tuesday,4,2,2011,,,1,0,1,
d_12,23658,2011-02-09,Wednesday,5,2,2011,,,1,1,1,
d_13,23756,2011-02-10,Thursday,6,2,2011,,,1,0,0,
d_14,26445,2011-02-11,Friday,7,2,2011,,,0,1,1,
d_15,34833,2011-02-12,Saturday,1,2,2011,,,0,1,1,
d_16,36380,2011-02-13,Sunday,2,2,2011,,,0,1,0,
d_17,21804,2011-02-14,Monday,3,2,2011,ValentinesDay,Cultural,0,0,1,
d_18,24070,2011-02-15,Tuesday,4,2,2011,,,0,1,1,
d_19,21443,2011-02-16,Wednesday,5,2,2011,,,0,0,0,
d_20,20318,2011-02-17,Thursday,6,2,2011,,,0,0,0,
d_21,23721,2011-02-18,Friday,7,2,2011,,,0,0,0,
d_22,31689,2011-02-19,Saturday,1,2,2011,,,0,0,0,
d_23,29283,2011-02-20,Sunday,2,2,2011,,,0,0,0,
d_24,23966,2011-02-21,Monday,3,2,2011,PresidentsDay,National,0,0,0,
d_25,20501,2011-02-22,Tuesday,4,2,2011,,,0,0,0,
d_26,20757,2011-02-23,Wednesday,5,2,2011,,,0,0,0,
d_27,20277,2011-02-24,Thursday,6,2,2011,,,0,0,0,
d_28,22529,2011-02-25,Friday,7,2,2011,,,0,0,0,26238.678571428572
d_29,29908,2011-02-26,Saturday,1,2,2011,,,0,0,0,26141.428571428572
d_30,28707,2011-02-27,Sunday,2,2,2011,,,0,0,0,26032.785714285714
d_31,21240,2011-02-28,Monday,3,2,2011,,,0,0,0,25941.964285714286
d_32,22872,2011-03-01,Tuesday,4,3,2011,,,1,1,0,25851.25
d_33,22046,2011-03-02,Wednesday,5,3,2011,,,1,0,1,25954.821428571428
d_34,23475,2011-03-03,Thursday,6,3,2011,,,1,1,1,25749.964285714286
d_35,23572,2011-03-04,Friday,7,3,2011,,,1,0,0,25591.464285714286
d_36,31202,2011-03-05,Saturday,1,3,2011,,,1,1,1,25351.10714285714
d_37,34876,2011-03-06,Sunday,2,3,2011,,,1,1,1,25427.535714285714
d_38,24562,2011-03-07,Monday,3,3,2011,,,1,1,0,25391.464285714286
d_39,22752,2011-03-08,Tuesday,4,3,2011,,,1,0,1,25380.071428571428
d_40,22560,2011-03-09,Wednesday,5,3,2011,LentStart,Religious,1,1,1,25340.85714285714
d_41,22626,2011-03-10,Thursday,6,3,2011,,,1,0,0,25300.5
d_42,25572,2011-03-11,Friday,7,3,2011,,,0,1,1,25269.321428571428
d_43,32225,2011-03-12,Saturday,1,3,2011,,,0,1,1,25176.178571428572
d_44,31417,2011-03-13,Sunday,2,3,2011,,,0,1,0,24998.928571428572
d_45,24935,2011-03-14,Monday,3,3,2011,,,0,0,1,25110.75
d_46,24021,2011-03-15,Tuesday,4,3,2011,,,0,1,1,25109.0
d_47,22765,2011-03-16,Wednesday,5,3,2011,LentWeek2,Religious,0,0,0,25156.214285714286
d_48,21779,2011-03-17,Thursday,6,3,2011,StPatricksDay,Cultural,0,0,0,25208.39285714286
d_49,23855,2011-03-18,Friday,7,3,2011,,,0,0,0,25213.178571428572
d_50,30599,2011-03-19,Saturday,1,3,2011,,,0,0,0,25174.25
d_51,29643,2011-03-20,Sunday,2,3,2011,Purim End,Religious,0,0,0,25187.10714285714
d_52,23101,2011-03-21,Monday,3,3,2011,,,0,0,0,25156.214285714286
d_53,20492,2011-03-22,Tuesday,4,3,2011,,,0,0,0,25155.89285714286
d_54,19230,2011-03-23,Wednesday,5,3,2011,,,0,0,0,25101.35714285714
d_55,18854,2011-03-24,Thursday,6,3,2011,,,0,0,0,25050.535714285714
d_56,23350,2011-03-25,Friday,7,3,2011,,,0,0,0,25079.85714285714
d_57,29620,2011-03-26,Saturday,1,3,2011,,,0,0,0,25069.571428571428
d_58,29866,2011-03-27,Sunday,2,3,2011,,,0,0,0,25110.964285714286
d_59,21449,2011-03-28,Monday,3,3,2011,,,0,0,0,25118.428571428572
d_60,19581,2011-03-29,Tuesday,4,3,2011,,,0,0,0,25000.89285714286
d_61,18928,2011-03-30,Wednesday,5,3,2011,,,0,0,0,24889.535714285714
d_62,21742,2011-03-31,Thursday,6,3,2011,,,0,0,0,24827.64285714286
d_63,28309,2011-04-01,Friday,7,4,2011,,,1,1,0,24996.821428571428
d_64,33478,2011-04-02,Saturday,1,4,2011,,,1,0,1,25078.10714285714
d_65,33058,2011-04-03,Sunday,2,4,2011,,,1,1,1,25013.178571428572
d_66,24852,2011-04-04,Monday,3,4,2011,,,1,0,0,25023.535714285714
d_67,23581,2011-04-05,Tuesday,4,4,2011,,,1,1,1,25053.14285714286
d_68,22656,2011-04-06,Wednesday,5,4,2011,,,1,1,1,25056.571428571428
d_69,22901,2011-04-07,Thursday,6,4,2011,,,1,1,0,25066.39285714286
d_70,24754,2011-04-08,Friday,7,4,2011,,,1,0,1,25037.178571428572
d_71,31745,2011-04-09,Saturday,1,4,2011,,,1,1,1,25020.035714285714
d_72,31536,2011-04-10,Sunday,2,4,2011,,,1,0,0,25024.285714285714
d_73,24829,2011-04-11,Monday,3,4,2011,,,0,1,1,25020.5
d_74,23218,2011-04-12,Tuesday,4,4,2011,,,0,1,1,24991.821428571428
d_75,21611,2011-04-13,Wednesday,5,4,2011,,,0,1,0,24950.60714285714
d_76,21964,2011-04-14,Thursday,6,4,2011,,,0,0,1,24957.214285714286
d_77,25482,2011-04-15,Friday,7,4,2011,,,0,1,1,25015.321428571428
d_78,29234,2011-04-16,Saturday,1,4,2011,,,0,0,0,24966.571428571428
d_79,29787,2011-04-17,Sunday,2,4,2011,,,0,0,0,24971.714285714286
d_80,22389,2011-04-18,Monday,3,4,2011,,,0,0,0,24946.285714285714
d_81,19474,2011-04-19,Tuesday,4,4,2011,,,0,0,0,24909.928571428572
d_82,20188,2011-04-20,Wednesday,5,4,2011,,,0,0,0,24944.14285714286
d_83,19768,2011-04-21,Thursday,6,4,2011,,,0,0,0,24976.785714285714
d_84,24279,2011-04-22,Friday,7,4,2011,,,0,0,0,25009.964285714286
d_85,29575,2011-04-23,Saturday,1,4,2011,,,0,0,0,25008.35714285714
d_86,24018,2011-04-24,Sunday,2,4,2011,OrthodoxEaster,Religious,0,0,0,24799.5
d_87,20004,2011-04-25,Monday,3,4,2011,,,0,0,0,24747.89285714286
d_88,18113,2011-04-26,Tuesday,4,4,2011,Pesach End,Religious,0,0,0,24695.464285714286
d_89,17929,2011-04-27,Wednesday,5,4,2011,,,0,0,0,24659.785714285714
d_90,18145,2011-04-28,Thursday,6,4,2011,,,0,0,0,24531.321428571428
d_91,22735,2011-04-29,Friday,7,4,2011,,,0,0,0,24332.25
d_92,28101,2011-04-30,Saturday,1,4,2011,,,0,0,0,24140.214285714286
d_93,29045,2011-05-01,Sunday,2,5,2011,,,1,1,0,23996.89285714286
d_94,22837,2011-05-02,Monday,3,5,2011,,,1,0,1,23924.928571428572
d_95,24080,2011-05-03,Tuesday,4,5,2011,,,1,1,1,23942.75
d_96,20761,2011-05-04,Wednesday,5,5,2011,,,1,0,0,23875.071428571428
d_97,21184,2011-05-05,Thursday,6,5,2011,Cinco De Mayo,Cultural,1,1,1,23813.75
d_98,24486,2011-05-06,Friday,7,5,2011,,,1,1,1,23804.178571428572
d_99,28412,2011-05-07,Saturday,1,5,2011,,,1,1,0,23685.14285714286
d_100,23688,2011-05-08,Sunday,2,5,2011,Mother's day,Cultural,1,0,1,23404.85714285714
d_101,25024,2011-05-09,Monday,3,5,2011,,,1,1,1,23411.821428571428
d_102,22231,2011-05-10,Tuesday,4,5,2011,,,1,0,0,23376.571428571428
d_103,22165,2011-05-11,Wednesday,5,5,2011,,,0,1,1,23396.35714285714
d_104,22413,2011-05-12,Thursday,6,5,2011,,,0,1,1,23412.39285714286
d_105,25648,2011-05-13,Friday,7,5,2011,,,0,1,0,23418.321428571428
d_106,28736,2011-05-14,Saturday,1,5,2011,,,0,0,1,23400.535714285714
d_107,31320,2011-05-15,Sunday,2,5,2011,,,0,1,1,23455.285714285714
d_108,22213,2011-05-16,Monday,3,5,2011,,,0,0,0,23449.0
d_109,19613,2011-05-17,Tuesday,4,5,2011,,,0,0,0,23453.964285714286
d_110,18770,2011-05-18,Wednesday,5,5,2011,,,0,0,0,23403.321428571428
d_111,18684,2011-05-19,Thursday,6,5,2011,,,0,0,0,23364.60714285714
d_112,21649,2011-05-20,Friday,7,5,2011,,,0,0,0,23270.678571428572
d_113,27112,2011-05-21,Saturday,1,5,2011,,,0,0,0,23182.714285714286
d_114,26246,2011-05-22,Sunday,2,5,2011,,,0,0,0,23262.285714285714
d_115,20954,2011-05-23,Monday,3,5,2011,,,0,0,0,23296.214285714286
d_116,19203,2011-05-24,Tuesday,4,5,2011,,,0,0,0,23335.14285714286
d_117,19058,2011-05-25,Wednesday,5,5,2011,,,0,0,0,23375.464285714286
d_118,20480,2011-05-26,Thursday,6,5,2011,,,0,0,0,23458.85714285714
d_119,22481,2011-05-27,Friday,7,5,2011,,,0,0,0,23449.785714285714
d_120,25527,2011-05-28,Saturday,1,5,2011,,,0,0,0,23357.85714285714
d_121,23449,2011-05-29,Sunday,2,5,2011,,,0,0,0,23158.0
d_122,22538,2011-05-30,Monday,3,5,2011,MemorialDay,National,0,0,0,23147.321428571428
d_123,19555,2011-05-31,Tuesday,4,5,2011,NBAFinalsStart,Sporting,0,0,0,22985.714285714286
d_124,23165,2011-06-01,Wednesday,5,6,2011,,,1,1,0,23071.571428571428
d_125,22681,2011-06-02,Thursday,6,6,2011,,,1,0,1,23125.035714285714
d_126,26781,2011-06-03,Friday,7,6,2011,,,1,1,1,23207.0
d_127,30310,2011-06-04,Saturday,1,6,2011,,,1,0,0,23274.785714285714
d_128,31604,2011-06-05,Sunday,2,6,2011,,,1,1,1,23557.5
d_129,26685,2011-06-06,Monday,3,6,2011,,,1,1,1,23616.821428571428
d_130,25089,2011-06-07,Tuesday,4,6,2011,,,1,1,0,23718.89285714286
d_131,24453,2011-06-08,Wednesday,5,6,2011,,,1,0,1,23800.60714285714
d_132,24782,2011-06-09,Thursday,6,6,2011,,,1,1,1,23885.214285714286
d_133,26419,2011-06-10,Friday,7,6,2011,,,1,0,0,23912.75
d_134,29940,2011-06-11,Saturday,1,6,2011,,,0,1,1,23955.75
d_135,31094,2011-06-12,Sunday,2,6,2011,NBAFinalsEnd,Sporting,0,1,1,23947.678571428572
d_136,25752,2011-06-13,Monday,3,6,2011,,,0,1,0,24074.071428571428
d_137,24155,2011-06-14,Tuesday,4,6,2011,,,0,0,1,24236.285714285714
d_138,25258,2011-06-15,Wednesday,5,6,2011,,,0,1,1,24468.0
d_139,22706,2011-06-16,Thursday,6,6,2011,,,0,0,0,24611.64285714286
d_140,24712,2011-06-17,Friday,7,6,2011,,,0,0,0,24721.035714285714
d_141,28825,2011-06-18,Saturday,1,6,2011,,,0,0,0,24782.214285714286
d_142,26106,2011-06-19,Sunday,2,6,2011,Father's day,Cultural,0,0,0,24777.214285714286
d_143,24261,2011-06-20,Monday,3,6,2011,,,0,0,0,24895.321428571428
d_144,21810,2011-06-21,Tuesday,4,6,2011,,,0,0,0,24988.428571428572
d_145,21401,2011-06-22,Wednesday,5,6,2011,,,0,0,0,25072.10714285714
d_146,22780,2011-06-23,Thursday,6,6,2011,,,0,0,0,25154.25
d_147,24638,2011-06-24,Friday,7,6,2011,,,0,0,0,25231.285714285714
d_148,26482,2011-06-25,Saturday,1,6,2011,,,0,0,0,25265.39285714286
d_149,27668,2011-06-26,Sunday,2,6,2011,,,0,0,0,25416.071428571428
d_150,22642,2011-06-27,Monday,3,6,2011,,,0,0,0,25419.785714285714
d_151,19800,2011-06-28,Tuesday,4,6,2011,,,0,0,0,25428.535714285714
d_152,19930,2011-06-29,Wednesday,5,6,2011,,,0,0,0,25313.0
d_153,21451,2011-06-30,Thursday,6,6,2011,,,0,0,0,25269.071428571428
d_154,31033,2011-07-01,Friday,7,7,2011,,,1,1,0,25420.928571428572
d_155,33001,2011-07-02,Saturday,1,7,2011,,,1,0,1,25517.035714285714
d_156,29173,2011-07-03,Sunday,2,7,2011,,,1,1,1,25430.214285714286
d_157,23033,2011-07-04,Monday,3,7,2011,IndependenceDay,National,1,0,0,25299.785714285714
d_158,26596,2011-07-05,Tuesday,4,7,2011,,,1,1,1,25353.60714285714
d_159,26602,2011-07-06,Wednesday,5,7,2011,,,1,1,1,25430.35714285714
d_160,26727,2011-07-07,Thursday,6,7,2011,,,1,1,0,25499.821428571428
d_161,27679,2011-07-08,Friday,7,7,2011,,,1,0,1,25544.821428571428
d_162,32486,2011-07-09,Saturday,1,7,2011,,,1,1,1,25635.75
d_163,31539,2011-07-10,Sunday,2,7,2011,,,1,0,0,25651.64285714286
d_164,26592,2011-07-11,Monday,3,7,2011,,,0,1,1,25681.64285714286
d_165,24632,2011-07-12,Tuesday,4,7,2011,,,0,1,1,25698.678571428572
d_166,23445,2011-07-13,Wednesday,5,7,2011,,,0,1,0,25633.928571428572
d_167,23447,2011-07-14,Thursday,6,7,2011,,,0,0,1,25660.39285714286
d_168,27349,2011-07-15,Friday,7,7,2011,,,0,1,1,25754.571428571428
d_169,30869,2011-07-16,Saturday,1,7,2011,,,0,0,0,25827.571428571428
d_170,30334,2011-07-17,Sunday,2,7,2011,,,0,0,0,25978.571428571428
d_171,24639,2011-07-18,Monday,3,7,2011,,,0,0,0,25992.071428571428
d_172,21931,2011-07-19,Tuesday,4,7,2011,,,0,0,0,25996.39285714286
d_173,22487,2011-07-20,Wednesday,5,7,2011,,,0,0,0,26035.178571428572
d_174,22778,2011-07-21,Thursday,6,7,2011,,,0,0,0,26035.10714285714
d_175,26356,2011-07-22,Friday,7,7,2011,,,0,0,0,26096.464285714286
d_176,30284,2011-07-23,Saturday,1,7,2011,,,0,0,0,26232.25
d_177,28799,2011-07-24,Sunday,2,7,2011,,,0,0,0,26272.64285714286
d_178,22895,2011-07-25,Monday,3,7,2011,,,0,0,0,26281.678571428572
d_179,21195,2011-07-26,Tuesday,4,7,2011,,,0,0,0,26331.5
d_180,20504,2011-07-27,Wednesday,5,7,2011,,,0,0,0,26352.0
d_181,21243,2011-07-28,Thursday,6,7,2011,,,0,0,0,26344.571428571428
d_182,24542,2011-07-29,Friday,7,7,2011,,,0,0,0,26112.75
d_183,28953,2011-07-30,Saturday,1,7,2011,,,0,0,0,25968.178571428572
d_184,28677,2011-07-31,Sunday,2,7,2011,,,0,0,0,25950.464285714286
d_185,26607,2011-08-01,Monday,3,8,2011,Ramadan starts,Religious,1,1,0,26078.10714285714
d_186,25475,2011-08-02,Tuesday,4,8,2011,,,1,0,1,26038.071428571428
d_187,27237,2011-08-03,Wednesday,5,8,2011,,,1,1,1,26060.75
d_188,23713,2011-08-04,Thursday,6,8,2011,,,1,0,0,25953.10714285714
d_189,26594,2011-08-05,Friday,7,8,2011,,,1,1,1,25914.35714285714
d_190,31959,2011-08-06,Saturday,1,8,2011,,,1,1,1,25895.535714285714
d_191,32006,2011-08-07,Sunday,2,8,2011,,,1,1,0,25912.214285714286
d_192,26354,2011-08-08,Monday,3,8,2011,,,1,0,1,25903.714285714286
d_193,26213,2011-08-09,Tuesday,4,8,2011,,,1,1,1,25960.178571428572
d_194,24578,2011-08-10,Wednesday,5,8,2011,,,1,0,0,26000.64285714286
d_195,24708,2011-08-11,Thursday,6,8,2011,,,0,1,1,26045.678571428572
d_196,28544,2011-08-12,Friday,7,8,2011,,,0,1,1,26088.35714285714
d_197,33003,2011-08-13,Saturday,1,8,2011,,,0,1,0,26164.571428571428
d_198,33909,2011-08-14,Sunday,2,8,2011,,,0,0,1,26292.25
d_199,28511,2011-08-15,Monday,3,8,2011,,,0,1,1,26430.535714285714
d_200,25266,2011-08-16,Tuesday,4,8,2011,,,0,0,0,26549.64285714286
d_201,23681,2011-08-17,Wednesday,5,8,2011,,,0,0,0,26592.285714285714
d_202,23376,2011-08-18,Thursday,6,8,2011,,,0,0,0,26613.64285714286
d_203,27004,2011-08-19,Friday,7,8,2011,,,0,0,0,26636.785714285714
d_204,32258,2011-08-20,Saturday,1,8,2011,,,0,0,0,26707.285714285714
d_205,33973,2011-08-21,Sunday,2,8,2011,,,0,0,0,26892.071428571428
d_206,25324,2011-08-22,Monday,3,8,2011,,,0,0,0,26978.821428571428
d_207,22617,2011-08-23,Tuesday,4,8,2011,,,0,0,0,27029.60714285714
d_208,21935,2011-08-24,Wednesday,5,8,2011,,,0,0,0,27080.714285714286
d_209,21414,2011-08-25,Thursday,6,8,2011,,,0,0,0,27086.821428571428
d_210,24268,2011-08-26,Friday,7,8,2011,,,0,0,0,27077.035714285714
d_211,30383,2011-08-27,Saturday,1,8,2011,,,0,0,0,27128.10714285714
d_212,30626,2011-08-28,Sunday,2,8,2011,,,0,0,0,27197.714285714286
d_213,22085,2011-08-29,Monday,3,8,2011,,,0,0,0,27036.214285714286
d_214,20350,2011-08-30,Tuesday,4,8,2011,,,0,0,0,26853.178571428572
d_215,21723,2011-08-31,Wednesday,5,8,2011,Eid al-Fitr,Religious,0,0,0,26656.25
d_216,26299,2011-09-01,Thursday,6,9,2011,,,1,1,0,26748.60714285714
d_217,29208,2011-09-02,Friday,7,9,2011,,,1,0,1,26841.964285714286
d_218,34032,2011-09-03,Saturday,1,9,2011,,,1,1,1,26916.0
d_219,26925,2011-09-04,Sunday,2,9,2011,,,1,0,0,26734.535714285714
d_220,30158,2011-09-05,Monday,3,9,2011,LaborDay,National,1,1,1,26870.39285714286
d_221,26134,2011-09-06,Tuesday,4,9,2011,,,1,1,1,26867.571428571428
d_222,24445,2011-09-07,Wednesday,5,9,2011,,,1,1,0,26862.821428571428
d_223,24048,2011-09-08,Thursday,6,9,2011,,,1,0,1,26839.25
d_224,28246,2011-09-09,Friday,7,9,2011,,,1,1,1,26828.60714285714
d_225,33030,2011-09-10,Saturday,1,9,2011,,,1,0,0,26829.571428571428
d_226,34632,2011-09-11,Sunday,2,9,2011,,,0,1,1,26855.39285714286
d_227,26138,2011-09-12,Monday,3,9,2011,,,0,1,1,26770.64285714286
d_228,24645,2011-09-13,Tuesday,4,9,2011,,,0,1,0,26748.464285714286
d_229,23505,2011-09-14,Wednesday,5,9,2011,,,0,0,1,26742.178571428572
d_230,26343,2011-09-15,Thursday,6,9,2011,,,0,1,1,26848.14285714286
d_231,26933,2011-09-16,Friday,7,9,2011,,,0,0,0,26845.60714285714
d_232,32195,2011-09-17,Saturday,1,9,2011,,,0,0,0,26843.35714285714
d_233,32034,2011-09-18,Sunday,2,9,2011,,,0,0,0,26774.10714285714
d_234,24367,2011-09-19,Monday,3,9,2011,,,0,0,0,26739.928571428572
d_235,22675,2011-09-20,Tuesday,4,9,2011,,,0,0,0,26742.0
d_236,21796,2011-09-21,Wednesday,5,9,2011,,,0,0,0,26737.035714285714
d_237,21859,2011-09-22,Thursday,6,9,2011,,,0,0,0,26752.928571428572
d_238,26706,2011-09-23,Friday,7,9,2011,,,0,0,0,26840.0
d_239,32466,2011-09-24,Saturday,1,9,2011,,,0,0,0,26914.39285714286
d_240,33228,2011-09-25,Sunday,2,9,2011,,,0,0,0,27007.321428571428
d_241,24090,2011-09-26,Monday,3,9,2011,,,0,0,0,27078.928571428572
d_242,22788,2011-09-27,Tuesday,4,9,2011,,,0,0,0,27166.0
d_243,22193,2011-09-28,Wednesday,5,9,2011,,,0,0,0,27182.785714285714
d_244,22383,2011-09-29,Thursday,6,9,2011,,,0,0,0,27042.928571428572
d_245,30182,2011-09-30,Friday,7,9,2011,,,0,0,0,27077.714285714286
d_246,39312,2011-10-01,Saturday,1,10,2011,,,1,1,0,27266.285714285714
d_247,37214,2011-10-02,Sunday,2,10,2011,,,1,0,1,27633.75
d_248,30455,2011-10-03,Monday,3,10,2011,,,1,1,1,27644.35714285714
d_249,26114,2011-10-04,Tuesday,4,10,2011,,,1,0,0,27643.64285714286
d_250,25913,2011-10-05,Wednesday,5,10,2011,,,1,1,1,27696.071428571428
d_251,26066,2011-10-06,Thursday,6,10,2011,,,1,1,1,27768.14285714286
d_252,29985,2011-10-07,Friday,7,10,2011,,,1,1,0,27830.25
d_253,35930,2011-10-08,Saturday,1,10,2011,,,1,0,1,27933.821428571428
d_254,35940,2011-10-09,Sunday,2,10,2011,,,1,1,1,27980.535714285714
d_255,29401,2011-10-10,Monday,3,10,2011,ColumbusDay,National,1,0,0,28097.071428571428
d_256,27427,2011-10-11,Tuesday,4,10,2011,,,0,1,1,28196.428571428572
d_257,27414,2011-10-12,Wednesday,5,10,2011,,,0,1,1,28336.035714285714
d_258,26116,2011-10-13,Thursday,6,10,2011,,,0,1,0,28327.928571428572
d_259,29885,2011-10-14,Friday,7,10,2011,,,0,0,1,28433.35714285714
d_260,38426,2011-10-15,Saturday,1,10,2011,,,0,1,1,28655.89285714286
d_261,36127,2011-10-16,Sunday,2,10,2011,,,0,0,0,28802.071428571428
d_262,27592,2011-10-17,Monday,3,10,2011,,,0,0,0,28917.25
d_263,24202,2011-10-18,Tuesday,4,10,2011,,,0,0,0,28971.785714285714
d_264,22441,2011-10-19,Wednesday,5,10,2011,,,0,0,0,28994.821428571428
d_265,22402,2011-10-20,Thursday,6,10,2011,,,0,0,0,29014.214285714286
d_266,27130,2011-10-21,Friday,7,10,2011,,,0,0,0,29029.35714285714
d_267,33151,2011-10-22,Saturday,1,10,2011,,,0,0,0,29053.821428571428
d_268,32876,2011-10-23,Sunday,2,10,2011,,,0,0,0,29041.25
d_269,24516,2011-10-24,Monday,3,10,2011,,,0,0,0,29056.464285714286
d_270,22437,2011-10-25,Tuesday,4,10,2011,,,0,0,0,29043.928571428572
d_271,22142,2011-10-26,Wednesday,5,10,2011,,,0,0,0,29042.10714285714
d_272,22982,2011-10-27,Thursday,6,10,2011,,,0,0,0,29063.5
d_273,26880,2011-10-28,Friday,7,10,2011,,,0,0,0,28945.571428571428
d_274,33219,2011-10-29,Saturday,1,10,2011,,,0,0,0,28727.964285714286
d_275,31853,2011-10-30,Sunday,2,10,2011,,,0,0,0,28536.5
d_276,22695,2011-10-31,Monday,3,10,2011,Halloween,Cultural,0,0,0,28259.35714285714
d_277,26039,2011-11-01,Tuesday,4,11,2011,,,1,1,0,28256.678571428572
d_278,24808,2011-11-02,Wednesday,5,11,2011,,,1,0,1,28217.214285714286
d_279,27902,2011-11-03,Thursday,6,11,2011,,,1,1,1,28282.785714285714
d_280,28596,2011-11-04,Friday,7,11,2011,,,1,0,0,28233.178571428572
d_281,36887,2011-11-05,Saturday,1,11,2011,,,1,1,1,28267.35714285714
d_282,37887,2011-11-06,Sunday,2,11,2011,,,1,1,1,28336.89285714286
d_283,27278,2011-11-07,Monday,3,11,2011,EidAlAdha,Religious,1,1,0,28261.071428571428
d_284,25188,2011-11-08,Tuesday,4,11,2011,,,1,0,1,28181.10714285714
d_285,26092,2011-11-09,Wednesday,5,11,2011,,,1,1,1,28133.89285714286
d_286,26147,2011-11-10,Thursday,6,11,2011,,,1,0,0,28135.0
d_287,29755,2011-11-11,Friday,7,11,2011,VeteransDay,National,0,1,1,28130.35714285714
d_288,35922,2011-11-12,Saturday,1,11,2011,,,0,1,1,28040.928571428572
d_289,35348,2011-11-13,Sunday,2,11,2011,,,0,1,0,28013.10714285714
d_290,26773,2011-11-14,Monday,3,11,2011,,,0,0,1,27983.85714285714
d_291,26701,2011-11-15,Tuesday,4,11,2011,,,0,1,1,28073.10714285714
d_292,23928,2011-11-16,Wednesday,5,11,2011,,,0,0,0,28126.214285714286
d_293,23114,2011-11-17,Thursday,6,11,2011,,,0,0,0,28151.64285714286
d_294,26507,2011-11-18,Friday,7,11,2011,,,0,0,0,28129.39285714286
d_295,33545,2011-11-19,Saturday,1,11,2011,,,0,0,0,28143.464285714286
d_296,32753,2011-11-20,Sunday,2,11,2011,,,0,0,0,28139.071428571428
d_297,25574,2011-11-21,Monday,3,11,2011,,,0,0,0,28176.85714285714
d_298,25654,2011-11-22,Tuesday,4,11,2011,,,0,0,0,28291.75
d_299,30787,2011-11-23,Wednesday,5,11,2011,,,0,0,0,28600.5
d_300,18427,2011-11-24,Thursday,6,11,2011,Thanksgiving,National,0,0,0,28437.821428571428
d_301,23998,2011-11-25,Friday,7,11,2011,,,0,0,0,28334.89285714286
d_302,25292,2011-11-26,Saturday,1,11,2011,,,0,0,0,28051.785714285714
d_303,27134,2011-11-27,Sunday,2,11,2011,,,0,0,0,27883.25
d_304,22378,2011-11-28,Monday,3,11,2011,,,0,0,0,27871.928571428572
d_305,21584,2011-11-29,Tuesday,4,11,2011,,,0,0,0,27712.821428571428
d_306,21089,2011-11-30,Wednesday,5,11,2011,,,0,0,0,27580.0
d_307,26268,2011-12-01,Thursday,6,12,2011,,,1,1,0,27521.64285714286
d_308,29727,2011-12-02,Friday,7,12,2011,,,1,0,1,27562.035714285714
d_309,38129,2011-12-03,Saturday,1,12,2011,,,1,1,1,27606.39285714286
d_310,35078,2011-12-04,Sunday,2,12,2011,,,1,0,0,27506.071428571428
d_311,29220,2011-12-05,Monday,3,12,2011,,,1,1,1,27575.428571428572
d_312,27267,2011-12-06,Tuesday,4,12,2011,,,1,1,1,27649.678571428572
d_313,25453,2011-12-07,Wednesday,5,12,2011,,,1,1,0,27626.85714285714
d_314,26347,2011-12-08,Thursday,6,12,2011,,,1,0,1,27634.0
d_315,29438,2011-12-09,Friday,7,12,2011,,,1,1,1,27622.678571428572
d_316,34786,2011-12-10,Saturday,1,12,2011,,,1,0,0,27582.10714285714
d_317,35743,2011-12-11,Sunday,2,12,2011,,,0,1,1,27596.214285714286
d_318,29151,2011-12-12,Monday,3,12,2011,,,0,1,1,27681.14285714286
d_319,26913,2011-12-13,Tuesday,4,12,2011,,,0,1,0,27688.714285714286
d_320,26794,2011-12-14,Wednesday,5,12,2011,,,0,0,1,27791.071428571428
d_321,29644,2011-12-15,Thursday,6,12,2011,,,0,1,1,28024.285714285714
d_322,28885,2011-12-16,Friday,7,12,2011,,,0,0,0,28109.214285714286
d_323,34159,2011-12-17,Saturday,1,12,2011,,,0,0,0,28131.14285714286
d_324,32087,2011-12-18,Sunday,2,12,2011,,,0,0,0,28107.35714285714
d_325,27068,2011-12-19,Monday,3,12,2011,,,0,0,0,28160.714285714286
d_326,26262,2011-12-20,Tuesday,4,12,2011,,,0,0,0,28182.428571428572
d_327,26662,2011-12-21,Wednesday,5,12,2011,,,0,0,0,28035.10714285714
d_328,28182,2011-12-22,Thursday,6,12,2011,,,0,0,0,28383.5
d_329,34646,2011-12-23,Friday,7,12,2011,,,0,0,0,28763.785714285714
d_330,29958,2011-12-24,Saturday,1,12,2011,,,0,0,0,28930.428571428572
d_331,13,2011-12-25,Sunday,2,12,2011,Christmas,National,0,0,0,27961.821428571428
d_332,28032,2011-12-26,Monday,3,12,2011,,,0,0,0,28163.75
d_333,24651,2011-12-27,Tuesday,4,12,2011,,,0,0,0,28273.285714285714
d_334,24791,2011-12-28,Wednesday,5,12,2011,Chanukah End,Religious,0,0,0,28405.5
d_335,24541,2011-12-29,Thursday,6,12,2011,,,0,0,0,28343.821428571428
d_336,33652,2011-12-30,Friday,7,12,2011,,,0,0,0,28484.0
d_337,33751,2011-12-31,Saturday,1,12,2011,,,0,0,0,28327.64285714286
d_338,21807,2012-01-01,Sunday,2,1,2012,NewYear,National,1,1,0,27853.678571428572
d_339,33053,2012-01-02,Monday,3,1,2012,,,1,0,1,27990.571428571428
d_340,28751,2012-01-03,Tuesday,4,1,2012,,,1,1,1,28043.571428571428
d_341,25821,2012-01-04,Wednesday,5,1,2012,,,1,0,0,28056.714285714286
d_342,28499,2012-01-05,Thursday,6,1,2012,,,1,1,1,28133.571428571428
d_343,30405,2012-01-06,Friday,7,1,2012,,,1,1,1,28168.10714285714
d_344,37143,2012-01-07,Saturday,1,1,2012,OrthodoxChristmas,Religious,1,1,0,28252.285714285714
d_345,36722,2012-01-08,Sunday,2,1,2012,,,1,0,1,28287.25
d_346,28206,2012-01-09,Monday,3,1,2012,,,1,1,1,28253.5
d_347,26640,2012-01-10,Tuesday,4,1,2012,,,1,0,0,28243.75
d_348,29044,2012-01-11,Wednesday,5,1,2012,,,0,1,1,28324.10714285714
d_349,24715,2012-01-12,Thursday,6,1,2012,,,0,1,1,28148.071428571428
d_350,29463,2012-01-13,Friday,7,1,2012,,,0,1,0,28168.714285714286
d_351,36815,2012-01-14,Saturday,1,1,2012,,,0,0,1,28263.571428571428
d_352,36459,2012-01-15,Sunday,2,1,2012,,,0,1,1,28419.714285714286
d_353,30548,2012-01-16,Monday,3,1,2012,MartinLutherKingDay,National,0,0,0,28544.0
d_354,22187,2012-01-17,Tuesday,4,1,2012,,,0,0,0,28398.464285714286
d_355,25348,2012-01-18,Wednesday,5,1,2012,,,0,0,0,28351.535714285714
d_356,24034,2012-01-19,Thursday,6,1,2012,,,0,0,0,28203.39285714286
d_357,27204,2012-01-20,Friday,7,1,2012,,,0,0,0,27937.60714285714
d_358,38578,2012-01-21,Saturday,1,1,2012,,,0,0,0,28245.464285714286
d_359,32587,2012-01-22,Sunday,2,1,2012,,,0,0,0,29408.821428571428
d_360,24702,2012-01-23,Monday,3,1,2012,,,0,0,0,29289.89285714286
d_361,23549,2012-01-24,Tuesday,4,1,2012,,,0,0,0,29250.535714285714
d_362,22408,2012-01-25,Wednesday,5,1,2012,,,0,0,0,29165.428571428572
d_363,23237,2012-01-26,Thursday,6,1,2012,,,0,0,0,29118.85714285714
d_364,27199,2012-01-27,Friday,7,1,2012,,,0,0,0,28888.39285714286
d_365,34362,2012-01-28,Saturday,1,1,2012,,,0,0,0,28910.214285714286
d_366,33577,2012-01-29,Sunday,2,1,2012,,,0,0,0,29330.571428571428
d_367,25188,2012-01-30,Monday,3,1,2012,,,0,0,0,29049.678571428572
d_368,25124,2012-01-31,Tuesday,4,1,2012,,,0,0,0,28920.14285714286
d_369,29851,2012-02-01,Wednesday,5,2,2012,,,1,1,0,29064.071428571428
d_370,28615,2012-02-02,Thursday,6,2,2012,,,1,0,1,29068.214285714286
d_371,35104,2012-02-03,Friday,7,2,2012,,,1,1,1,29236.035714285714
d_372,43029,2012-02-04,Saturday,1,2,2012,,,1,0,0,29446.25
d_373,40075,2012-02-05,Sunday,2,2,2012,SuperBowl,Sporting,1,1,1,29566.0
d_374,30681,2012-02-06,Monday,3,2,2012,,,1,1,1,29654.39285714286
d_375,28108,2012-02-07,Tuesday,4,2,2012,,,1,1,0,29706.821428571428
d_376,28579,2012-02-08,Wednesday,5,2,2012,,,1,0,1,29690.214285714286
d_377,29927,2012-02-09,Thursday,6,2,2012,,,1,1,1,29876.35714285714
d_378,29863,2012-02-10,Friday,7,2,2012,,,1,0,0,29890.64285714286
d_379,41757,2012-02-11,Saturday,1,2,2012,,,0,1,1,30067.14285714286
d_380,41904,2012-02-12,Sunday,2,2,2012,,,0,1,1,30261.60714285714
d_381,31675,2012-02-13,Monday,3,2,2012,,,0,1,0,30301.85714285714
d_382,25100,2012-02-14,Tuesday,4,2,2012,ValentinesDay,Cultural,0,0,1,30405.89285714286
d_383,26878,2012-02-15,Wednesday,5,2,2012,,,0,1,1,30460.535714285714
d_384,25195,2012-02-16,Thursday,6,2,2012,,,0,0,0,30502.0
d_385,27604,2012-02-17,Friday,7,2,2012,,,0,0,0,30516.285714285714
d_386,36622,2012-02-18,Saturday,1,2,2012,,,0,0,0,30446.428571428572
d_387,36338,2012-02-19,Sunday,2,2,2012,,,0,0,0,30580.39285714286
d_388,30218,2012-02-20,Monday,3,2,2012,PresidentsDay,National,0,0,0,30777.39285714286
d_389,25190,2012-02-21,Tuesday,4,2,2012,,,0,0,0,30836.0
d_390,24115,2012-02-22,Wednesday,5,2,2012,LentStart,Religious,0,0,0,30896.964285714286
d_391,25211,2012-02-23,Thursday,6,2,2012,,,0,0,0,30967.464285714286
d_392,27870,2012-02-24,Friday,7,2,2012,,,0,0,0,30991.428571428572
d_393,35769,2012-02-25,Saturday,1,2,2012,,,0,0,0,31041.678571428572
d_394,36281,2012-02-26,Sunday,2,2,2012,,,0,0,0,31138.25
d_395,27270,2012-02-27,Monday,3,2,2012,,,0,0,0,31212.60714285714
d_396,24359,2012-02-28,Tuesday,4,2,2012,,,0,0,0,31185.285714285714
d_397,24802,2012-02-29,Wednesday,5,2,2012,LentWeek2,Religious,0,0,0,31004.964285714286
d_398,30232,2012-03-01,Thursday,6,3,2012,,,1,1,0,31062.714285714286
d_399,32543,2012-03-02,Friday,7,3,2012,,,1,0,1,30971.25
d_400,41319,2012-03-03,Saturday,1,3,2012,,,1,1,1,30910.178571428572
d_401,40325,2012-03-04,Sunday,2,3,2012,,,1,0,0,30919.10714285714
d_402,32703,2012-03-05,Monday,3,3,2012,,,1,1,1,30991.321428571428
d_403,31532,2012-03-06,Tuesday,4,3,2012,,,1,1,1,31113.60714285714
d_404,28608,2012-03-07,Wednesday,5,3,2012,,,1,1,0,31114.64285714286
d_405,29759,2012-03-08,Thursday,6,3,2012,Purim End,Religious,1,0,1,31108.64285714286
d_406,32322,2012-03-09,Friday,7,3,2012,,,1,1,1,31196.464285714286
d_407,39559,2012-03-10,Saturday,1,3,2012,,,1,0,0,31117.964285714286
d_408,40612,2012-03-11,Sunday,2,3,2012,,,0,1,1,31071.821428571428
d_409,32501,2012-03-12,Monday,3,3,2012,,,0,1,1,31101.321428571428
d_410,29100,2012-03-13,Tuesday,4,3,2012,,,0,1,0,31244.178571428572
d_411,27841,2012-03-14,Wednesday,5,3,2012,,,0,0,1,31278.571428571428
d_412,30752,2012-03-15,Thursday,6,3,2012,,,0,1,1,31477.035714285714
d_413,30951,2012-03-16,Friday,7,3,2012,,,0,0,0,31596.571428571428
d_414,37904,2012-03-17,Saturday,1,3,2012,StPatricksDay,Cultural,0,0,0,31642.35714285714
d_415,37694,2012-03-18,Sunday,2,3,2012,,,0,0,0,31690.785714285714
d_416,29187,2012-03-19,Monday,3,3,2012,,,0,0,0,31653.964285714286
d_417,25533,2012-03-20,Tuesday,4,3,2012,,,0,0,0,31666.214285714286
d_418,26227,2012-03-21,Wednesday,5,3,2012,,,0,0,0,31741.64285714286
d_419,26015,2012-03-22,Thursday,6,3,2012,,,0,0,0,31770.35714285714
d_420,29055,2012-03-23,Friday,7,3,2012,,,0,0,0,31812.678571428572
d_421,37089,2012-03-24,Saturday,1,3,2012,,,0,0,0,31859.821428571428
d_422,37843,2012-03-25,Sunday,2,3,2012,,,0,0,0,31915.60714285714
d_423,27182,2012-03-26,Monday,3,3,2012,,,0,0,0,31912.464285714286
d_424,24649,2012-03-27,Tuesday,4,3,2012,,,0,0,0,31922.821428571428
d_425,24783,2012-03-28,Wednesday,5,3,2012,,,0,0,0,31922.14285714286
d_426,23879,2012-03-29,Thursday,6,3,2012,,,0,0,0,31695.25
d_427,30732,2012-03-30,Friday,7,3,2012,,,0,0,0,31630.571428571428
d_428,38463,2012-03-31,Saturday,1,3,2012,,,0,0,0,31528.571428571428
d_429,39783,2012-04-01,Sunday,2,4,2012,,,1,1,0,31509.214285714286
d_430,31359,2012-04-02,Monday,3,4,2012,,,1,0,1,31461.214285714286
d_431,33033,2012-04-03,Tuesday,4,4,2012,,,1,1,1,31514.821428571428
d_432,28318,2012-04-04,Wednesday,5,4,2012,,,1,0,0,31504.464285714286
d_433,31368,2012-04-05,Thursday,6,4,2012,,,1,1,1,31561.928571428572
d_434,37545,2012-04-06,Friday,7,4,2012,,,1,1,1,31748.464285714286
d_435,45638,2012-04-07,Saturday,1,4,2012,,,1,1,0,31965.571428571428
d_436,36210,2012-04-08,Sunday,2,4,2012,Easter,Cultural,1,0,1,31808.35714285714
d_437,31993,2012-04-09,Monday,3,4,2012,,,1,1,1,31790.214285714286
d_438,28800,2012-04-10,Tuesday,4,4,2012,,,1,0,0,31779.5
d_439,29575,2012-04-11,Wednesday,5,4,2012,,,0,1,1,31841.428571428572
d_440,28568,2012-04-12,Thursday,6,4,2012,,,0,1,1,31763.428571428572
d_441,31938,2012-04-13,Friday,7,4,2012,,,0,1,0,31798.678571428572
d_442,38546,2012-04-14,Saturday,1,4,2012,Pesach End,Religious,0,0,1,31821.60714285714
d_443,38707,2012-04-15,Sunday,2,4,2012,OrthodoxEaster,Religious,0,1,1,31857.785714285714
d_444,27672,2012-04-16,Monday,3,4,2012,,,0,0,0,31803.678571428572
d_445,26067,2012-04-17,Tuesday,4,4,2012,,,0,0,0,31822.75
d_446,24699,2012-04-18,Wednesday,5,4,2012,,,0,0,0,31768.178571428572
d_447,24824,2012-04-19,Thursday,6,4,2012,,,0,0,0,31725.64285714286
d_448,28143,2012-04-20,Friday,7,4,2012,,,0,0,0,31693.071428571428
d_449,36708,2012-04-21,Saturday,1,4,2012,,,0,0,0,31679.464285714286
d_450,36764,2012-04-22,Sunday,2,4,2012,,,0,0,0,31640.928571428572
d_451,26670,2012-04-23,Monday,3,4,2012,,,0,0,0,31622.64285714286
d_452,24848,2012-04-24,Tuesday,4,4,2012,,,0,0,0,31629.75
d_453,24448,2012-04-25,Wednesday,5,4,2012,,,0,0,0,31617.785714285714
d_454,24530,2012-04-26,Thursday,6,4,2012,,,0,0,0,31641.035714285714
d_455,28977,2012-04-27,Friday,7,4,2012,,,0,0,0,31578.35714285714
d_456,35647,2012-04-28,Saturday,1,4,2012,,,0,0,0,31477.785714285714
d_457,36124,2012-04-29,Sunday,2,4,2012,,,0,0,0,31347.10714285714
d_458,27356,2012-04-30,Monday,3,4,2012,,,0,0,0,31204.14285714286
d_459,30290,2012-05-01,Tuesday,4,5,2012,,,1,1,0,31106.178571428572
d_460,29239,2012-05-02,Wednesday,5,5,2012,,,1,0,1,31139.071428571428
d_461,32959,2012-05-03,Thursday,6,5,2012,,,1,1,1,31195.89285714286
d_462,32932,2012-05-04,Friday,7,5,2012,,,1,0,0,31031.14285714286
d_463,39201,2012-05-05,Saturday,1,5,2012,Cinco De Mayo,Cultural,1,1,1,30801.25
d_464,41529,2012-05-06,Sunday,2,5,2012,,,1,1,1,30991.214285714286
d_465,33477,2012-05-07,Monday,3,5,2012,,,1,1,0,31044.214285714286
d_466,30433,2012-05-08,Tuesday,4,5,2012,,,1,0,1,31102.535714285714
d_467,30204,2012-05-09,Wednesday,5,5,2012,,,1,1,1,31125.0
d_468,28164,2012-05-10,Thursday,6,5,2012,,,1,0,0,31110.571428571428
d_469,32814,2012-05-11,Friday,7,5,2012,,,0,1,1,31141.85714285714
d_470,40872,2012-05-12,Saturday,1,5,2012,,,0,1,1,31224.928571428572
d_471,33769,2012-05-13,Sunday,2,5,2012,Mother's day,Cultural,0,1,0,31048.571428571428
d_472,31583,2012-05-14,Monday,3,5,2012,,,0,0,1,31188.25
d_473,31758,2012-05-15,Tuesday,4,5,2012,,,0,1,1,31391.5
d_474,28677,2012-05-16,Wednesday,5,5,2012,,,0,0,0,31533.571428571428
d_475,27323,2012-05-17,Thursday,6,5,2012,,,0,0,0,31622.821428571428
d_476,32311,2012-05-18,Friday,7,5,2012,,,0,0,0,31771.678571428572
d_477,37929,2012-05-19,Saturday,1,5,2012,,,0,0,0,31815.285714285714
d_478,39514,2012-05-20,Sunday,2,5,2012,,,0,0,0,31913.5
d_479,28805,2012-05-21,Monday,3,5,2012,,,0,0,0,31989.75
d_480,27502,2012-05-22,Tuesday,4,5,2012,,,0,0,0,32084.535714285714
d_481,26623,2012-05-23,Wednesday,5,5,2012,,,0,0,0,32162.214285714286
d_482,27963,2012-05-24,Thursday,6,5,2012,,,0,0,0,32284.821428571428
d_483,32797,2012-05-25,Friday,7,5,2012,,,0,0,0,32421.25
d_484,37239,2012-05-26,Saturday,1,5,2012,,,0,0,0,32478.10714285714
d_485,33853,2012-05-27,Sunday,2,5,2012,,,0,0,0,32397.0
d_486,33407,2012-05-28,Monday,3,5,2012,MemorialDay,National,0,0,0,32613.10714285714
d_487,28620,2012-05-29,Tuesday,4,5,2012,,,0,0,0,32553.464285714286
d_488,27150,2012-05-30,Wednesday,5,5,2012,,,0,0,0,32478.85714285714
d_489,28809,2012-05-31,Thursday,6,5,2012,,,0,0,0,32330.64285714286
d_490,39529,2012-06-01,Friday,7,6,2012,,,1,1,0,32566.25
d_491,44943,2012-06-02,Saturday,1,6,2012,,,1,0,1,32771.32142857143
d_492,43910,2012-06-03,Sunday,2,6,2012,,,1,1,1,32856.357142857145
d_493,33294,2012-06-04,Monday,3,6,2012,,,1,0,0,32849.82142857143
d_494,34006,2012-06-05,Tuesday,4,6,2012,,,1,1,1,32977.42857142857
d_495,33587,2012-06-06,Wednesday,5,6,2012,,,1,1,1,33098.25
d_496,32535,2012-06-07,Thursday,6,6,2012,,,1,1,0,33254.357142857145
d_497,36901,2012-06-08,Friday,7,6,2012,,,1,0,1,33400.32142857143
d_498,43309,2012-06-09,Saturday,1,6,2012,,,1,1,1,33487.357142857145
d_499,44944,2012-06-10,Sunday,2,6,2012,,,1,0,0,33886.46428571428
d_500,39636,2012-06-11,Monday,3,6,2012,,,0,1,1,34174.07142857143
d_501,35074,2012-06-12,Tuesday,4,6,2012,NBAFinalsStart,Sporting,0,1,1,34292.5
d_502,32930,2012-06-13,Wednesday,5,6,2012,,,0,1,0,34444.392857142855
d_503,33782,2012-06-14,Thursday,6,6,2012,,,0,0,1,34675.07142857143
d_504,41798,2012-06-15,Friday,7,6,2012,,,0,1,1,35013.892857142855
d_505,44438,2012-06-16,Saturday,1,6,2012,,,0,0,0,35246.357142857145
d_506,39039,2012-06-17,Sunday,2,6,2012,Father's day,Cultural,0,0,0,35229.392857142855
d_507,34100,2012-06-18,Monday,3,6,2012,,,0,0,0,35418.5
d_508,31967,2012-06-19,Tuesday,4,6,2012,,,0,0,0,35577.96428571428
d_509,31468,2012-06-20,Wednesday,5,6,2012,,,0,0,0,35751.0
d_510,30764,2012-06-21,Thursday,6,6,2012,NBAFinalsEnd,Sporting,0,0,0,35851.03571428572
d_511,36477,2012-06-22,Friday,7,6,2012,,,0,0,0,35982.46428571428
d_512,40010,2012-06-23,Saturday,1,6,2012,,,0,0,0,36081.42857142857
d_513,40509,2012-06-24,Sunday,2,6,2012,,,0,0,0,36319.142857142855
d_514,31847,2012-06-25,Monday,3,6,2012,,,0,0,0,36263.42857142857
d_515,29371,2012-06-26,Tuesday,4,6,2012,,,0,0,0,36290.25
d_516,28885,2012-06-27,Wednesday,5,6,2012,,,0,0,0,36352.21428571428
d_517,29585,2012-06-28,Thursday,6,6,2012,,,0,0,0,36379.92857142857
d_518,36377,2012-06-29,Friday,7,6,2012,,,0,0,0,36267.357142857145
d_519,40594,2012-06-30,Saturday,1,6,2012,,,0,0,0,36112.03571428572
d_520,40699,2012-07-01,Sunday,2,7,2012,,,1,1,0,35997.357142857145
d_521,35863,2012-07-02,Monday,3,7,2012,,,1,0,1,36089.107142857145
d_522,39542,2012-07-03,Tuesday,4,7,2012,,,1,1,1,36286.82142857143
d_523,32656,2012-07-04,Wednesday,5,7,2012,IndependenceDay,National,1,0,0,36253.57142857143
d_524,34408,2012-07-05,Thursday,6,7,2012,,,1,1,1,36320.46428571428
d_525,39991,2012-07-06,Friday,7,7,2012,,,1,1,1,36430.82142857143
d_526,41431,2012-07-07,Saturday,1,7,2012,,,1,1,0,36363.75
d_527,42672,2012-07-08,Sunday,2,7,2012,,,1,0,1,36282.607142857145
d_528,35770,2012-07-09,Monday,3,7,2012,,,1,1,1,36144.53571428572
d_529,32587,2012-07-10,Tuesday,4,7,2012,,,1,0,0,36055.71428571428
d_530,33072,2012-07-11,Wednesday,5,7,2012,,,0,1,1,36060.78571428572
d_531,33077,2012-07-12,Thursday,6,7,2012,,,0,1,1,36035.607142857145
d_532,36582,2012-07-13,Friday,7,7,2012,,,0,1,0,35849.32142857143
d_533,42348,2012-07-14,Saturday,1,7,2012,,,0,0,1,35774.67857142857
d_534,43689,2012-07-15,Sunday,2,7,2012,,,0,1,1,35940.75
d_535,33020,2012-07-16,Monday,3,7,2012,,,0,0,0,35902.17857142857
d_536,30418,2012-07-17,Tuesday,4,7,2012,,,0,0,0,35846.857142857145
d_537,28916,2012-07-18,Wednesday,5,7,2012,,,0,0,0,35755.71428571428
d_538,30864,2012-07-19,Thursday,6,7,2012,,,0,0,0,35759.28571428572
d_539,35402,2012-07-20,Friday,7,7,2012,Ramadan starts,Religious,0,0,0,35720.892857142855
d_540,39544,2012-07-21,Saturday,1,7,2012,,,0,0,0,35704.25
d_541,39952,2012-07-22,Sunday,2,7,2012,,,0,0,0,35684.357142857145
d_542,30864,2012-07-23,Monday,3,7,2012,,,0,0,0,35649.25
d_543,29479,2012-07-24,Tuesday,4,7,2012,,,0,0,0,35653.107142857145
d_544,28354,2012-07-25,Wednesday,5,7,2012,,,0,0,0,35634.142857142855
d_545,28538,2012-07-26,Thursday,6,7,2012,,,0,0,0,35596.75
d_546,31840,2012-07-27,Friday,7,7,2012,,,0,0,0,35434.71428571428
d_547,34588,2012-07-28,Saturday,1,7,2012,,,0,0,0,35220.21428571428
d_548,36147,2012-07-29,Sunday,2,7,2012,,,0,0,0,35057.642857142855
d_549,28933,2012-07-30,Monday,3,7,2012,,,0,0,0,34810.142857142855
d_550,29531,2012-07-31,Tuesday,4,7,2012,,,0,0,0,34452.607142857145
d_551,33970,2012-08-01,Wednesday,5,8,2012,,,1,1,0,34499.53571428572
d_552,35260,2012-08-02,Thursday,6,8,2012,,,1,0,1,34529.96428571428
d_553,39511,2012-08-03,Friday,7,8,2012,,,1,1,1,34512.82142857143
d_554,41276,2012-08-04,Saturday,1,8,2012,,,1,0,0,34507.28571428572
d_555,43009,2012-08-05,Sunday,2,8,2012,,,1,1,1,34519.32142857143
d_556,37024,2012-08-06,Monday,3,8,2012,,,1,1,1,34564.107142857145
d_557,32394,2012-08-07,Tuesday,4,8,2012,,,1,1,0,34557.21428571428
d_558,32301,2012-08-08,Wednesday,5,8,2012,,,1,0,1,34529.67857142857
d_559,35008,2012-08-09,Thursday,6,8,2012,,,1,1,1,34598.642857142855
d_560,36465,2012-08-10,Friday,7,8,2012,,,1,0,0,34594.46428571428
d_561,44081,2012-08-11,Saturday,1,8,2012,,,0,1,1,34656.357142857145
d_562,45798,2012-08-12,Sunday,2,8,2012,,,0,1,1,34731.67857142857
d_563,36030,2012-08-13,Monday,3,8,2012,,,0,1,0,34839.17857142857
d_564,34312,2012-08-14,Tuesday,4,8,2012,,,0,0,1,34978.25
d_565,35497,2012-08-15,Wednesday,5,8,2012,,,0,1,1,35213.28571428572
d_566,34405,2012-08-16,Thursday,6,8,2012,,,0,0,0,35339.75
d_567,35457,2012-08-17,Friday,7,8,2012,,,0,0,0,35341.71428571428
d_568,41521,2012-08-18,Saturday,1,8,2012,,,0,0,0,35412.32142857143
d_569,43364,2012-08-19,Sunday,2,8,2012,Eid al-Fitr,Religious,0,0,0,35534.17857142857
d_570,32410,2012-08-20,Monday,3,8,2012,,,0,0,0,35589.392857142855
d_571,30206,2012-08-21,Tuesday,4,8,2012,,,0,0,0,35615.357142857145
d_572,28922,2012-08-22,Wednesday,5,8,2012,,,0,0,0,35635.642857142855
d_573,28552,2012-08-23,Thursday,6,8,2012,,,0,0,0,35636.142857142855
d_574,33044,2012-08-24,Friday,7,8,2012,,,0,0,0,35679.142857142855
d_575,39964,2012-08-25,Saturday,1,8,2012,,,0,0,0,35871.142857142855
d_576,41021,2012-08-26,Sunday,2,8,2012,,,0,0,0,36045.21428571428
d_577,31010,2012-08-27,Monday,3,8,2012,,,0,0,0,36119.392857142855
d_578,28472,2012-08-28,Tuesday,4,8,2012,,,0,0,0,36081.57142857143
d_579,27101,2012-08-29,Wednesday,5,8,2012,,,0,0,0,35836.25
d_580,28303,2012-08-30,Thursday,6,8,2012,,,0,0,0,35587.78571428572
d_581,37092,2012-08-31,Friday,7,8,2012,,,0,0,0,35501.392857142855
d_582,44630,2012-09-01,Saturday,1,9,2012,,,1,1,0,35621.17857142857
d_583,42819,2012-09-02,Sunday,2,9,2012,,,1,0,1,35614.392857142855
d_584,44525,2012-09-03,Monday,3,9,2012,LaborDay,National,1,1,1,35882.28571428572
d_585,31879,2012-09-04,Tuesday,4,9,2012,,,1,0,0,35863.892857142855
d_586,31854,2012-09-05,Wednesday,5,9,2012,,,1,1,1,35847.92857142857
d_587,32575,2012-09-06,Thursday,6,9,2012,,,1,1,1,35761.03571428572
d_588,34775,2012-09-07,Friday,7,9,2012,,,1,1,0,35700.67857142857
d_589,43218,2012-09-08,Saturday,1,9,2012,,,1,0,1,35669.857142857145
d_590,46649,2012-09-09,Sunday,2,9,2012,,,1,1,1,35700.25
d_591,32972,2012-09-10,Monday,3,9,2012,,,1,0,0,35591.03571428572
d_592,32370,2012-09-11,Tuesday,4,9,2012,,,0,1,1,35521.67857142857
d_593,31018,2012-09-12,Wednesday,5,9,2012,,,0,1,1,35361.71428571428
d_594,30142,2012-09-13,Thursday,6,9,2012,,,0,1,0,35209.46428571428
d_595,36359,2012-09-14,Friday,7,9,2012,,,0,0,1,35241.67857142857
d_596,45959,2012-09-15,Saturday,1,9,2012,,,0,1,1,35400.17857142857
d_597,44286,2012-09-16,Sunday,2,9,2012,,,0,0,0,35433.107142857145
d_598,31860,2012-09-17,Monday,3,9,2012,,,0,0,0,35413.46428571428
d_599,29276,2012-09-18,Tuesday,4,9,2012,,,0,0,0,35380.25
d_600,27065,2012-09-19,Wednesday,5,9,2012,,,0,0,0,35313.92857142857
d_601,28557,2012-09-20,Thursday,6,9,2012,,,0,0,0,35314.107142857145
d_602,33634,2012-09-21,Friday,7,9,2012,,,0,0,0,35335.17857142857
d_603,41889,2012-09-22,Saturday,1,9,2012,,,0,0,0,35403.92857142857
d_604,41362,2012-09-23,Sunday,2,9,2012,,,0,0,0,35416.107142857145
d_605,29176,2012-09-24,Monday,3,9,2012,,,0,0,0,35350.607142857145
d_606,27979,2012-09-25,Tuesday,4,9,2012,,,0,0,0,35333.0
d_607,26932,2012-09-26,Wednesday,5,9,2012,,,0,0,0,35326.96428571428
d_608,27231,2012-09-27,Thursday,6,9,2012,,,0,0,0,35288.67857142857
d_609,32656,2012-09-28,Friday,7,9,2012,,,0,0,0,35130.25
d_610,40981,2012-09-29,Saturday,1,9,2012,,,0,0,0,34999.92857142857
d_611,39736,2012-09-30,Sunday,2,9,2012,,,0,0,0,34889.82142857143
d_612,34841,2012-10-01,Monday,3,10,2012,,,1,1,0,34543.96428571428
d_613,33830,2012-10-02,Tuesday,4,10,2012,,,1,0,1,34613.642857142855
d_614,34220,2012-10-03,Wednesday,5,10,2012,,,1,1,1,34698.142857142855
d_615,30075,2012-10-04,Thursday,6,10,2012,,,1,0,0,34608.857142857145
d_616,34588,2012-10-05,Friday,7,10,2012,,,1,1,1,34602.17857142857
d_617,44040,2012-10-06,Saturday,1,10,2012,,,1,1,1,34631.53571428572
d_618,41872,2012-10-07,Sunday,2,10,2012,,,1,1,0,34460.92857142857
d_619,33790,2012-10-08,Monday,3,10,2012,ColumbusDay,National,1,0,1,34490.142857142855
d_620,32295,2012-10-09,Tuesday,4,10,2012,,,1,1,1,34487.46428571428
d_621,29969,2012-10-10,Wednesday,5,10,2012,,,1,0,0,34450.0
d_622,29998,2012-10-11,Thursday,6,10,2012,,,0,1,1,34444.857142857145
d_623,35052,2012-10-12,Friday,7,10,2012,,,0,1,1,34398.17857142857
d_624,42226,2012-10-13,Saturday,1,10,2012,,,0,1,0,34264.857142857145
d_625,42237,2012-10-14,Sunday,2,10,2012,,,0,0,1,34191.67857142857
d_626,33684,2012-10-15,Monday,3,10,2012,,,0,1,1,34256.82142857143
d_627,27869,2012-10-16,Tuesday,4,10,2012,,,0,0,0,34206.57142857143
d_628,27103,2012-10-17,Wednesday,5,10,2012,,,0,0,0,34207.92857142857
d_629,26169,2012-10-18,Thursday,6,10,2012,,,0,0,0,34122.642857142855
d_630,29711,2012-10-19,Friday,7,10,2012,,,0,0,0,33982.53571428572
d_631,36689,2012-10-20,Saturday,1,10,2012,,,0,0,0,33796.82142857143
d_632,36987,2012-10-21,Sunday,2,10,2012,,,0,0,0,33640.57142857143
d_633,26712,2012-10-22,Monday,3,10,2012,,,0,0,0,33552.57142857143
d_634,25419,2012-10-23,Tuesday,4,10,2012,,,0,0,0,33461.142857142855
d_635,24390,2012-10-24,Wednesday,5,10,2012,,,0,0,0,33370.357142857145
d_636,24312,2012-10-25,Thursday,6,10,2012,,,0,0,0,33266.107142857145
d_637,31863,2012-10-26,Friday,7,10,2012,EidAlAdha,Religious,0,0,0,33237.78571428572
d_638,38547,2012-10-27,Saturday,1,10,2012,,,0,0,0,33150.857142857145
d_639,37184,2012-10-28,Sunday,2,10,2012,,,0,0,0,33059.71428571428
d_640,27581,2012-10-29,Monday,3,10,2012,,,0,0,0,32800.42857142857
d_641,28080,2012-10-30,Tuesday,4,10,2012,,,0,0,0,32595.071428571428
d_642,24975,2012-10-31,Wednesday,5,10,2012,Halloween,Cultural,0,0,0,32264.89285714286
d_643,31051,2012-11-01,Thursday,6,11,2012,,,1,1,0,32299.75
d_644,35514,2012-11-02,Friday,7,11,2012,,,1,0,1,32332.821428571428
d_645,45079,2012-11-03,Saturday,1,11,2012,,,1,1,1,32369.928571428572
d_646,42545,2012-11-04,Sunday,2,11,2012,,,1,0,0,32393.964285714286
d_647,33057,2012-11-05,Monday,3,11,2012,,,1,1,1,32367.785714285714
d_648,30514,2012-11-06,Tuesday,4,11,2012,,,1,1,1,32304.178571428572
d_649,29683,2012-11-07,Wednesday,5,11,2012,,,1,1,0,32293.964285714286
d_650,30757,2012-11-08,Thursday,6,11,2012,,,1,0,1,32321.071428571428
d_651,35722,2012-11-09,Friday,7,11,2012,,,1,1,1,32345.0
d_652,42884,2012-11-10,Saturday,1,11,2012,,,1,0,0,32368.5
d_653,43517,2012-11-11,Sunday,2,11,2012,VeteransDay,National,0,1,1,32414.214285714286
d_654,33213,2012-11-12,Monday,3,11,2012,,,0,1,1,32397.39285714286
d_655,28308,2012-11-13,Tuesday,4,11,2012,,,0,1,0,32413.071428571428
d_656,27835,2012-11-14,Wednesday,5,11,2012,,,0,0,1,32439.214285714286
d_657,29713,2012-11-15,Thursday,6,11,2012,,,0,1,1,32565.785714285714
d_658,31616,2012-11-16,Friday,7,11,2012,,,0,0,0,32633.821428571428
d_659,40441,2012-11-17,Saturday,1,11,2012,,,0,0,0,32767.821428571428
d_660,37576,2012-11-18,Sunday,2,11,2012,,,0,0,0,32788.857142857145
d_661,29330,2012-11-19,Monday,3,11,2012,,,0,0,0,32882.357142857145
d_662,30274,2012-11-20,Tuesday,4,11,2012,,,0,0,0,33055.75
d_663,35208,2012-11-21,Wednesday,5,11,2012,,,0,0,0,33442.107142857145
d_664,21909,2012-11-22,Thursday,6,11,2012,Thanksgiving,National,0,0,0,33356.28571428572
d_665,23423,2012-11-23,Friday,7,11,2012,,,0,0,0,33054.857142857145
d_666,30016,2012-11-24,Saturday,1,11,2012,,,0,0,0,32750.178571428572
d_667,32732,2012-11-25,Sunday,2,11,2012,,,0,0,0,32591.178571428572
d_668,26476,2012-11-26,Monday,3,11,2012,,,0,0,0,32551.714285714286
d_669,24489,2012-11-27,Tuesday,4,11,2012,,,0,0,0,32423.464285714286
d_670,23545,2012-11-28,Wednesday,5,11,2012,,,0,0,0,32372.39285714286
d_671,23868,2012-11-29,Thursday,6,11,2012,,,0,0,0,32115.85714285714
d_672,30389,2012-11-30,Friday,7,11,2012,,,0,0,0,31932.821428571428
d_673,42496,2012-12-01,Saturday,1,12,2012,,,1,1,0,31840.571428571428
d_674,40940,2012-12-02,Sunday,2,12,2012,,,1,0,1,31783.25
d_675,35337,2012-12-03,Monday,3,12,2012,,,1,1,1,31864.678571428572
d_676,28819,2012-12-04,Tuesday,4,12,2012,,,1,0,0,31804.14285714286
d_677,31184,2012-12-05,Wednesday,5,12,2012,,,1,1,1,31857.75
d_678,31124,2012-12-06,Thursday,6,12,2012,,,1,1,1,31870.85714285714
d_679,33594,2012-12-07,Friday,7,12,2012,,,1,1,0,31794.85714285714
d_680,41573,2012-12-08,Saturday,1,12,2012,,,1,0,1,31748.035714285714
d_681,42526,2012-12-09,Sunday,2,12,2012,,,1,1,1,31712.64285714286
d_682,31089,2012-12-10,Monday,3,12,2012,,,1,0,0,31636.785714285714
d_683,30298,2012-12-11,Tuesday,4,12,2012,,,0,1,1,31707.85714285714
d_684,30016,2012-12-12,Wednesday,5,12,2012,,,0,1,1,31785.75
d_685,28671,2012-12-13,Thursday,6,12,2012,,,0,1,0,31748.535714285714
d_686,32902,2012-12-14,Friday,7,12,2012,,,0,0,1,31794.464285714286
d_687,42390,2012-12-15,Saturday,1,12,2012,,,0,1,1,31864.071428571428
d_688,40053,2012-12-16,Sunday,2,12,2012,Chanukah End,Religious,0,0,0,31952.535714285714
d_689,31025,2012-12-17,Monday,3,12,2012,,,0,0,0,32013.071428571428
d_690,30254,2012-12-18,Tuesday,4,12,2012,,,0,0,0,32012.35714285714
d_691,31782,2012-12-19,Wednesday,5,12,2012,,,0,0,0,31890.0
d_692,30872,2012-12-20,Thursday,6,12,2012,,,0,0,0,32210.10714285714
d_693,32848,2012-12-21,Friday,7,12,2012,,,0,0,0,32546.714285714286
d_694,40015,2012-12-22,Saturday,1,12,2012,,,0,0,0,32903.82142857143
d_695,38987,2012-12-23,Sunday,2,12,2012,,,0,0,0,33127.21428571428
d_696,32623,2012-12-24,Monday,3,12,2012,,,0,0,0,33346.75
d_697,11,2012-12-25,Tuesday,4,12,2012,Christmas,National,0,0,0,32472.535714285714
d_698,29701,2012-12-26,Wednesday,5,12,2012,,,0,0,0,32692.39285714286
d_699,29086,2012-12-27,Thursday,6,12,2012,,,0,0,0,32878.75
d_700,32347,2012-12-28,Friday,7,12,2012,,,0,0,0,32948.67857142857
d_701,37154,2012-12-29,Saturday,1,12,2012,,,0,0,0,32757.89285714286
d_702,35699,2012-12-30,Sunday,2,12,2012,,,0,0,0,32570.714285714286
d_703,35036,2012-12-31,Monday,3,12,2012,,,0,0,0,32559.964285714286
d_704,24087,2013-01-01,Tuesday,4,1,2013,NewYear,National,1,1,0,32390.964285714286
d_705,32184,2013-01-02,Wednesday,5,1,2013,,,1,0,1,32426.678571428572
d_706,36241,2013-01-03,Thursday,6,1,2013,,,1,1,1,32609.428571428572
d_707,33742,2013-01-04,Friday,7,1,2013,,,1,0,0,32614.714285714286
d_708,43287,2013-01-05,Saturday,1,1,2013,,,1,1,1,32675.928571428572
d_709,43994,2013-01-06,Sunday,2,1,2013,,,1,1,1,32728.35714285714
d_710,33517,2013-01-07,Monday,3,1,2013,OrthodoxChristmas,Religious,1,1,0,32815.07142857143
d_711,31220,2013-01-08,Tuesday,4,1,2013,,,1,0,1,32848.0
d_712,29532,2013-01-09,Wednesday,5,1,2013,,,1,1,1,32830.71428571428
d_713,29793,2013-01-10,Thursday,6,1,2013,,,1,0,0,32870.78571428572
d_714,34476,2013-01-11,Friday,7,1,2013,,,0,1,1,32927.0
d_715,45878,2013-01-12,Saturday,1,1,2013,,,0,1,1,33051.57142857143
d_716,40207,2013-01-13,Sunday,2,1,2013,,,0,1,0,33057.07142857143
d_717,30614,2013-01-14,Monday,3,1,2013,,,0,0,1,33042.392857142855
d_718,30901,2013-01-15,Tuesday,4,1,2013,,,0,1,1,33065.5
d_719,28802,2013-01-16,Wednesday,5,1,2013,,,0,0,0,32959.07142857143
d_720,28370,2013-01-17,Thursday,6,1,2013,,,0,0,0,32869.71428571428
d_721,32812,2013-01-18,Friday,7,1,2013,,,0,0,0,32868.42857142857
d_722,42267,2013-01-19,Saturday,1,1,2013,,,0,0,0,32948.857142857145
d_723,37041,2013-01-20,Sunday,2,1,2013,,,0,0,0,32879.357142857145
d_724,30887,2013-01-21,Monday,3,1,2013,MartinLutherKingDay,National,0,0,0,32817.357142857145
d_725,25556,2013-01-22,Tuesday,4,1,2013,,,0,0,0,33729.67857142857
d_726,25594,2013-01-23,Wednesday,5,1,2013,,,0,0,0,33583.0
d_727,24967,2013-01-24,Thursday,6,1,2013,,,0,0,0,33435.892857142855
d_728,29852,2013-01-25,Friday,7,1,2013,,,0,0,0,33346.78571428572
d_729,40693,2013-01-26,Saturday,1,1,2013,,,0,0,0,33473.17857142857
d_730,38427,2013-01-27,Sunday,2,1,2013,,,0,0,0,33570.607142857145
d_731,27796,2013-01-28,Monday,3,1,2013,,,0,0,0,33312.03571428572
d_732,25549,2013-01-29,Tuesday,4,1,2013,,,0,0,0,33364.25
d_733,23523,2013-01-30,Wednesday,5,1,2013,,,0,0,0,33054.92857142857
d_734,26751,2013-01-31,Thursday,6,1,2013,,,0,0,0,32716.0
d_735,39076,2013-02-01,Friday,7,2,2013,,,1,1,0,32906.5
d_736,51032,2013-02-02,Saturday,1,2,2013,,,1,0,1,33183.107142857145
d_737,41558,2013-02-03,Sunday,2,2,2013,SuperBowl,Sporting,1,1,1,33096.107142857145
d_738,28992,2013-02-04,Monday,3,2,2013,,,1,0,0,32934.5
d_739,31633,2013-02-05,Tuesday,4,2,2013,,,1,1,1,32949.25
d_740,31937,2013-02-06,Wednesday,5,2,2013,,,1,1,1,33035.142857142855
d_741,29699,2013-02-07,Thursday,6,2,2013,,,1,1,0,33031.78571428572
d_742,35546,2013-02-08,Friday,7,2,2013,,,1,0,1,33070.0
d_743,45852,2013-02-09,Saturday,1,2,2013,,,1,1,1,33069.07142857143
d_744,43910,2013-02-10,Sunday,2,2,2013,,,1,0,0,33201.32142857143
d_745,36617,2013-02-11,Monday,3,2,2013,,,0,1,1,33415.71428571428
d_746,36141,2013-02-12,Tuesday,4,2,2013,,,0,1,1,33602.857142857145
d_747,38551,2013-02-13,Wednesday,5,2,2013,LentStart,Religious,0,1,0,33951.03571428572
d_748,30209,2013-02-14,Thursday,6,2,2013,ValentinesDay,Cultural,0,0,1,34016.71428571428
d_749,38260,2013-02-15,Friday,7,2,2013,,,0,1,1,34211.28571428572
d_750,45157,2013-02-16,Saturday,1,2,2013,,,0,0,0,34314.5
d_751,44653,2013-02-17,Sunday,2,2,2013,,,0,0,0,34586.357142857145
d_752,34638,2013-02-18,Monday,3,2,2013,PresidentsDay,National,0,0,0,34720.32142857143
d_753,28248,2013-02-19,Tuesday,4,2,2013,,,0,0,0,34816.46428571428
d_754,30201,2013-02-20,Wednesday,5,2,2013,LentWeek2,Religious,0,0,0,34981.0
d_755,31408,2013-02-21,Thursday,6,2,2013,,,0,0,0,35211.03571428572
d_756,32563,2013-02-22,Friday,7,2,2013,,,0,0,0,35307.857142857145
d_757,43031,2013-02-23,Saturday,1,2,2013,,,0,0,0,35391.357142857145
d_758,44142,2013-02-24,Sunday,2,2,2013,Purim End,Religious,0,0,0,35595.46428571428
d_759,32020,2013-02-25,Monday,3,2,2013,,,0,0,0,35746.32142857143
d_760,27328,2013-02-26,Tuesday,4,2,2013,,,0,0,0,35809.857142857145
d_761,27884,2013-02-27,Wednesday,5,2,2013,,,0,0,0,35965.607142857145
d_762,30374,2013-02-28,Thursday,6,2,2013,,,0,0,0,36095.0
d_763,39451,2013-03-01,Friday,7,3,2013,,,1,1,0,36108.392857142855
d_764,49772,2013-03-02,Saturday,1,3,2013,,,1,0,1,36063.392857142855
d_765,48247,2013-03-03,Sunday,2,3,2013,,,1,1,1,36302.28571428572
d_766,35817,2013-03-04,Monday,3,3,2013,,,1,0,0,36546.03571428572
d_767,31236,2013-03-05,Tuesday,4,3,2013,,,1,1,1,36531.857142857145
d_768,32028,2013-03-06,Wednesday,5,3,2013,,,1,1,1,36535.107142857145
d_769,29770,2013-03-07,Thursday,6,3,2013,,,1,1,0,36537.642857142855
d_770,34292,2013-03-08,Friday,7,3,2013,,,1,0,1,36492.857142857145
d_771,44889,2013-03-09,Saturday,1,3,2013,,,1,1,1,36458.46428571428
d_772,44108,2013-03-10,Sunday,2,3,2013,,,1,0,0,36465.53571428572
d_773,36438,2013-03-11,Monday,3,3,2013,,,0,1,1,36459.142857142855
d_774,33792,2013-03-12,Tuesday,4,3,2013,,,0,1,1,36375.25
d_775,31808,2013-03-13,Wednesday,5,3,2013,,,0,1,0,36134.42857142857
d_776,33167,2013-03-14,Thursday,6,3,2013,,,0,0,1,36240.07142857143
d_777,37501,2013-03-15,Friday,7,3,2013,,,0,1,1,36212.96428571428
d_778,43652,2013-03-16,Saturday,1,3,2013,,,0,0,0,36159.21428571428
d_779,42570,2013-03-17,Sunday,2,3,2013,StPatricksDay,Cultural,0,0,0,36084.82142857143
d_780,31365,2013-03-18,Monday,3,3,2013,,,0,0,0,35967.92857142857
d_781,29012,2013-03-19,Tuesday,4,3,2013,,,0,0,0,35995.21428571428
d_782,29456,2013-03-20,Wednesday,5,3,2013,,,0,0,0,35968.607142857145
d_783,29642,2013-03-21,Thursday,6,3,2013,,,0,0,0,35905.53571428572
d_784,33168,2013-03-22,Friday,7,3,2013,,,0,0,0,35927.142857142855
d_785,40620,2013-03-23,Saturday,1,3,2013,,,0,0,0,35841.03571428572
d_786,40633,2013-03-24,Sunday,2,3,2013,,,0,0,0,35715.71428571428
d_787,29667,2013-03-25,Monday,3,3,2013,,,0,0,0,35631.67857142857
d_788,28632,2013-03-26,Tuesday,4,3,2013,,,0,0,0,35678.25
d_789,28258,2013-03-27,Wednesday,5,3,2013,,,0,0,0,35691.607142857145
d_790,29654,2013-03-28,Thursday,6,3,2013,,,0,0,0,35665.892857142855
d_791,38067,2013-03-29,Friday,7,3,2013,,,0,0,0,35616.46428571428
d_792,46410,2013-03-30,Saturday,1,3,2013,,,0,0,0,35496.392857142855
d_793,34448,2013-03-31,Sunday,2,3,2013,Easter,Cultural,0,0,0,35003.57142857143
d_794,34522,2013-04-01,Monday,3,4,2013,,,1,1,0,34957.32142857143
d_795,34642,2013-04-02,Tuesday,4,4,2013,Pesach End,Religious,1,0,1,35078.96428571428
d_796,35594,2013-04-03,Wednesday,5,4,2013,,,1,1,1,35206.32142857143
d_797,32174,2013-04-04,Thursday,6,4,2013,,,1,0,0,35292.17857142857
d_798,38056,2013-04-05,Friday,7,4,2013,,,1,1,1,35426.607142857145
d_799,46821,2013-04-06,Saturday,1,4,2013,,,1,1,1,35495.607142857145
d_800,46444,2013-04-07,Sunday,2,4,2013,,,1,1,0,35579.03571428572
d_801,35017,2013-04-08,Monday,3,4,2013,,,1,0,1,35528.28571428572
d_802,33750,2013-04-09,Tuesday,4,4,2013,,,1,1,1,35526.78571428572
d_803,31441,2013-04-10,Wednesday,5,4,2013,,,1,0,0,35513.67857142857
d_804,32692,2013-04-11,Thursday,6,4,2013,,,0,1,1,35496.71428571428
d_805,36082,2013-04-12,Friday,7,4,2013,,,0,1,1,35446.03571428572
d_806,43645,2013-04-13,Saturday,1,4,2013,,,0,1,0,35445.78571428572
d_807,43990,2013-04-14,Sunday,2,4,2013,,,0,0,1,35496.5
d_808,34102,2013-04-15,Monday,3,4,2013,,,0,1,1,35594.25
d_809,31039,2013-04-16,Tuesday,4,4,2013,,,0,0,0,35666.642857142855
d_810,28815,2013-04-17,Wednesday,5,4,2013,,,0,0,0,35643.75
d_811,28474,2013-04-18,Thursday,6,4,2013,,,0,0,0,35602.03571428572
d_812,32829,2013-04-19,Friday,7,4,2013,,,0,0,0,35589.92857142857
d_813,40857,2013-04-20,Saturday,1,4,2013,,,0,0,0,35598.392857142855
d_814,39931,2013-04-21,Sunday,2,4,2013,,,0,0,0,35573.32142857143
d_815,29951,2013-04-22,Monday,3,4,2013,,,0,0,0,35583.46428571428
d_816,27059,2013-04-23,Tuesday,4,4,2013,,,0,0,0,35527.28571428572
d_817,27607,2013-04-24,Wednesday,5,4,2013,,,0,0,0,35504.03571428572
d_818,27476,2013-04-25,Thursday,6,4,2013,,,0,0,0,35426.25
d_819,31206,2013-04-26,Friday,7,4,2013,,,0,0,0,35181.21428571428
d_820,35329,2013-04-27,Saturday,1,4,2013,,,0,0,0,34785.46428571428
d_821,38902,2013-04-28,Sunday,2,4,2013,,,0,0,0,34944.53571428572
d_822,27445,2013-04-29,Monday,3,4,2013,,,0,0,0,34691.78571428572
d_823,28144,2013-04-30,Tuesday,4,4,2013,,,0,0,0,34459.71428571428
d_824,31358,2013-05-01,Wednesday,5,5,2013,,,1,1,0,34308.42857142857
d_825,31741,2013-05-02,Thursday,6,5,2013,,,1,0,1,34292.96428571428
d_826,36950,2013-05-03,Friday,7,5,2013,,,1,1,1,34253.46428571428
d_827,40812,2013-05-04,Saturday,1,5,2013,,,1,0,0,34038.857142857145
d_828,43203,2013-05-05,Sunday,2,5,2013,OrthodoxEaster,Religious,1,1,1,33923.107142857145
d_829,35368,2013-05-06,Monday,3,5,2013,,,1,1,1,33935.642857142855
d_830,31673,2013-05-07,Tuesday,4,5,2013,,,1,1,0,33861.46428571428
d_831,31346,2013-05-08,Wednesday,5,5,2013,,,1,0,1,33858.07142857143
d_832,32938,2013-05-09,Thursday,6,5,2013,,,1,1,1,33866.857142857145
d_833,33497,2013-05-10,Friday,7,5,2013,,,1,0,0,33774.53571428572
d_834,45385,2013-05-11,Saturday,1,5,2013,,,0,1,1,33836.67857142857
d_835,37390,2013-05-12,Sunday,2,5,2013,Mother's day,Cultural,0,1,1,33600.96428571428
d_836,34609,2013-05-13,Monday,3,5,2013,,,0,1,0,33619.07142857143
d_837,32885,2013-05-14,Tuesday,4,5,2013,,,0,0,1,33685.0
d_838,34611,2013-05-15,Wednesday,5,5,2013,,,0,1,1,33892.0
d_839,31937,2013-05-16,Thursday,6,5,2013,,,0,0,0,34015.67857142857
d_840,34682,2013-05-17,Friday,7,5,2013,,,0,0,0,34081.857142857145
d_841,40830,2013-05-18,Saturday,1,5,2013,,,0,0,0,34080.892857142855
d_842,42673,2013-05-19,Sunday,2,5,2013,,,0,0,0,34178.82142857143
d_843,33646,2013-05-20,Monday,3,5,2013,,,0,0,0,34310.78571428572
d_844,30286,2013-05-21,Tuesday,4,5,2013,,,0,0,0,34426.03571428572
d_845,28935,2013-05-22,Wednesday,5,5,2013,,,0,0,0,34473.46428571428
d_846,30902,2013-05-23,Thursday,6,5,2013,,,0,0,0,34595.82142857143
d_847,35081,2013-05-24,Friday,7,5,2013,,,0,0,0,34734.21428571428
d_848,39143,2013-05-25,Saturday,1,5,2013,,,0,0,0,34870.42857142857
d_849,36049,2013-05-26,Sunday,2,5,2013,,,0,0,0,34768.53571428572
d_850,36277,2013-05-27,Monday,3,5,2013,MemorialDay,National,0,0,0,35083.96428571428
d_851,29298,2013-05-28,Tuesday,4,5,2013,,,0,0,0,35125.17857142857
d_852,26967,2013-05-29,Wednesday,5,5,2013,,,0,0,0,34968.357142857145
d_853,28125,2013-05-30,Thursday,6,5,2013,,,0,0,0,34839.21428571428
d_854,36086,2013-05-31,Friday,7,5,2013,,,0,0,0,34808.357142857145
d_855,44808,2013-06-01,Saturday,1,6,2013,,,1,1,0,34951.07142857143
d_856,47502,2013-06-02,Sunday,2,6,2013,,,1,0,1,35104.607142857145
d_857,39245,2013-06-03,Monday,3,6,2013,,,1,1,1,35243.07142857143
d_858,33809,2013-06-04,Tuesday,4,6,2013,,,1,0,0,35319.357142857145
d_859,35911,2013-06-05,Wednesday,5,6,2013,,,1,1,1,35482.392857142855
d_860,34166,2013-06-06,Thursday,6,6,2013,NBAFinalsStart,Sporting,1,1,1,35526.25
d_861,37602,2013-06-07,Friday,7,6,2013,,,1,1,0,35672.857142857145
d_862,44647,2013-06-08,Saturday,1,6,2013,,,1,0,1,35646.5
d_863,48164,2013-06-09,Sunday,2,6,2013,,,1,1,1,36031.28571428572
d_864,36769,2013-06-10,Monday,3,6,2013,,,1,0,0,36108.42857142857
d_865,34625,2013-06-11,Tuesday,4,6,2013,,,0,1,1,36170.57142857143
d_866,33942,2013-06-12,Wednesday,5,6,2013,,,0,1,1,36146.67857142857
d_867,34188,2013-06-13,Thursday,6,6,2013,,,0,1,0,36227.07142857143
d_868,39767,2013-06-14,Friday,7,6,2013,,,0,0,1,36408.67857142857
d_869,46309,2013-06-15,Saturday,1,6,2013,,,0,1,1,36604.357142857145
d_870,39690,2013-06-16,Sunday,2,6,2013,Father's day,Cultural,0,0,0,36497.82142857143
d_871,34118,2013-06-17,Monday,3,6,2013,,,0,0,0,36514.67857142857
d_872,31177,2013-06-18,Tuesday,4,6,2013,,,0,0,0,36546.5
d_873,31070,2013-06-19,Wednesday,5,6,2013,,,0,0,0,36622.75
d_874,31771,2013-06-20,Thursday,6,6,2013,NBAFinalsEnd,Sporting,0,0,0,36653.78571428572
d_875,36703,2013-06-21,Friday,7,6,2013,,,0,0,0,36711.71428571428
d_876,42276,2013-06-22,Saturday,1,6,2013,,,0,0,0,36823.607142857145
d_877,43275,2013-06-23,Sunday,2,6,2013,,,0,0,0,37081.67857142857
d_878,34118,2013-06-24,Monday,3,6,2013,,,0,0,0,37004.57142857143
d_879,31603,2013-06-25,Tuesday,4,6,2013,,,0,0,0,37086.892857142855
d_880,30356,2013-06-26,Wednesday,5,6,2013,,,0,0,0,37207.92857142857
d_881,31457,2013-06-27,Thursday,6,6,2013,,,0,0,0,37326.92857142857
d_882,36753,2013-06-28,Friday,7,6,2013,,,0,0,0,37350.75
d_883,44949,2013-06-29,Saturday,1,6,2013,,,0,0,0,37355.78571428572
d_884,44823,2013-06-30,Sunday,2,6,2013,,,0,0,0,37260.107142857145
d_885,38716,2013-07-01,Monday,3,7,2013,,,1,1,0,37241.21428571428
d_886,37242,2013-07-02,Tuesday,4,7,2013,,,1,0,1,37363.82142857143
d_887,43999,2013-07-03,Wednesday,5,7,2013,,,1,1,1,37652.67857142857
d_888,36783,2013-07-04,Thursday,6,7,2013,IndependenceDay,National,1,0,0,37746.142857142855
d_889,40807,2013-07-05,Friday,7,7,2013,,,1,1,1,37860.607142857145
d_890,41832,2013-07-06,Saturday,1,7,2013,,,1,1,1,37760.07142857143
d_891,44624,2013-07-07,Sunday,2,7,2013,,,1,1,0,37633.642857142855
d_892,37460,2013-07-08,Monday,3,7,2013,,,1,0,1,37658.32142857143
d_893,37253,2013-07-09,Tuesday,4,7,2013,Ramadan starts,Religious,1,1,1,37752.17857142857
d_894,34579,2013-07-10,Wednesday,5,7,2013,,,1,0,0,37774.92857142857
d_895,36361,2013-07-11,Thursday,6,7,2013,,,0,1,1,37852.53571428572
d_896,41279,2013-07-12,Friday,7,7,2013,,,0,1,1,37906.53571428572
d_897,45185,2013-07-13,Saturday,1,7,2013,,,0,1,0,37866.392857142855
d_898,46672,2013-07-14,Sunday,2,7,2013,,,0,0,1,38115.75
d_899,37624,2013-07-15,Monday,3,7,2013,,,0,1,1,38240.96428571428
d_900,33937,2013-07-16,Tuesday,4,7,2013,,,0,0,0,38339.53571428572
d_901,32467,2013-07-17,Wednesday,5,7,2013,,,0,0,0,38389.42857142857
d_902,33921,2013-07-18,Thursday,6,7,2013,,,0,0,0,38466.21428571428
d_903,36194,2013-07-19,Friday,7,7,2013,,,0,0,0,38448.03571428572
d_904,41527,2013-07-20,Saturday,1,7,2013,,,0,0,0,38421.28571428572
d_905,42039,2013-07-21,Sunday,2,7,2013,,,0,0,0,38377.142857142855
d_906,32203,2013-07-22,Monday,3,7,2013,,,0,0,0,38308.75
d_907,31304,2013-07-23,Tuesday,4,7,2013,,,0,0,0,38298.07142857143
d_908,31468,2013-07-24,Wednesday,5,7,2013,,,0,0,0,38337.78571428572
d_909,31816,2013-07-25,Thursday,6,7,2013,,,0,0,0,38350.607142857145
d_910,36843,2013-07-26,Friday,7,7,2013,,,0,0,0,38353.82142857143
d_911,41672,2013-07-27,Saturday,1,7,2013,,,0,0,0,38236.78571428572
d_912,40480,2013-07-28,Sunday,2,7,2013,,,0,0,0,38081.67857142857
d_913,31763,2013-07-29,Monday,3,7,2013,,,0,0,0,37833.357142857145
d_914,30162,2013-07-30,Tuesday,4,7,2013,,,0,0,0,37580.5
d_915,31255,2013-07-31,Wednesday,5,7,2013,,,0,0,0,37125.357142857145
d_916,37309,2013-08-01,Thursday,6,8,2013,,,1,1,0,37144.142857142855
d_917,41663,2013-08-02,Friday,7,8,2013,,,1,0,1,37174.71428571428
d_918,47105,2013-08-03,Saturday,1,8,2013,,,1,1,1,37363.03571428572
d_919,44439,2013-08-04,Sunday,2,8,2013,,,1,0,0,37356.42857142857
d_920,39149,2013-08-05,Monday,3,8,2013,,,1,1,1,37416.75
d_921,36694,2013-08-06,Tuesday,4,8,2013,,,1,1,1,37396.78571428572
d_922,35079,2013-08-07,Wednesday,5,8,2013,,,1,1,0,37414.642857142855
d_923,34886,2013-08-08,Thursday,6,8,2013,Eid al-Fitr,Religious,1,0,1,37361.96428571428
d_924,40699,2013-08-09,Friday,7,8,2013,,,1,1,1,37341.25
d_925,44912,2013-08-10,Saturday,1,8,2013,,,1,0,0,37331.5
d_926,47520,2013-08-11,Sunday,2,8,2013,,,0,1,1,37361.78571428572
d_927,38753,2013-08-12,Monday,3,8,2013,,,0,1,1,37402.107142857145
d_928,35144,2013-08-13,Tuesday,4,8,2013,,,0,1,0,37445.21428571428
d_929,33732,2013-08-14,Wednesday,5,8,2013,,,0,0,1,37490.392857142855
d_930,37643,2013-08-15,Thursday,6,8,2013,,,0,1,1,37623.32142857143
d_931,38025,2013-08-16,Friday,7,8,2013,,,0,0,0,37688.71428571428
d_932,44431,2013-08-17,Saturday,1,8,2013,,,0,0,0,37792.42857142857
d_933,44894,2013-08-18,Sunday,2,8,2013,,,0,0,0,37894.392857142855
d_934,35237,2013-08-19,Monday,3,8,2013,,,0,0,0,38002.75
d_935,31625,2013-08-20,Tuesday,4,8,2013,,,0,0,0,38014.21428571428
d_936,32633,2013-08-21,Wednesday,5,8,2013,,,0,0,0,38055.82142857143
d_937,31793,2013-08-22,Thursday,6,8,2013,,,0,0,0,38055.0
d_938,37113,2013-08-23,Friday,7,8,2013,,,0,0,0,38064.642857142855
d_939,44836,2013-08-24,Saturday,1,8,2013,,,0,0,0,38177.642857142855
d_940,48577,2013-08-25,Sunday,2,8,2013,,,0,0,0,38466.82142857143
d_941,34200,2013-08-26,Monday,3,8,2013,,,0,0,0,38553.857142857145
d_942,32963,2013-08-27,Tuesday,4,8,2013,,,0,0,0,38653.892857142855
d_943,32456,2013-08-28,Wednesday,5,8,2013,,,0,0,0,38696.78571428572
d_944,31710,2013-08-29,Thursday,6,8,2013,,,0,0,0,38496.82142857143
d_945,41621,2013-08-30,Friday,7,8,2013,,,0,0,0,38495.32142857143
d_946,47972,2013-08-31,Saturday,1,8,2013,,,0,0,0,38526.28571428572
d_947,44741,2013-09-01,Sunday,2,9,2013,,,1,1,0,38537.07142857143
d_948,47072,2013-09-02,Monday,3,9,2013,LaborDay,National,1,0,1,38820.03571428572
d_949,37799,2013-09-03,Tuesday,4,9,2013,,,1,1,1,38859.5
d_950,33328,2013-09-04,Wednesday,5,9,2013,,,1,0,0,38796.96428571428
d_951,35425,2013-09-05,Thursday,6,9,2013,,,1,1,1,38816.21428571428
d_952,38684,2013-09-06,Friday,7,9,2013,,,1,1,1,38744.25
d_953,47600,2013-09-07,Saturday,1,9,2013,,,1,1,0,38840.25
d_954,51740,2013-09-08,Sunday,2,9,2013,,,1,0,1,38990.96428571428
d_955,39765,2013-09-09,Monday,3,9,2013,,,1,1,1,39027.107142857145
d_956,34663,2013-09-10,Tuesday,4,9,2013,,,1,0,0,39009.92857142857
d_957,36195,2013-09-11,Wednesday,5,9,2013,,,0,1,1,39097.892857142855
d_958,36767,2013-09-12,Thursday,6,9,2013,,,0,1,1,39066.607142857145
d_959,40971,2013-09-13,Friday,7,9,2013,,,0,1,0,39171.82142857143
d_960,49166,2013-09-14,Saturday,1,9,2013,,,0,0,1,39340.92857142857
d_961,50970,2013-09-15,Sunday,2,9,2013,,,0,1,1,39557.92857142857
d_962,36775,2013-09-16,Monday,3,9,2013,,,0,0,0,39612.857142857145
d_963,32571,2013-09-17,Tuesday,4,9,2013,,,0,0,0,39646.642857142855
d_964,31281,2013-09-18,Wednesday,5,9,2013,,,0,0,0,39598.357142857145
d_965,30823,2013-09-19,Thursday,6,9,2013,,,0,0,0,39563.71428571428
d_966,36281,2013-09-20,Friday,7,9,2013,,,0,0,0,39534.0
d_967,46001,2013-09-21,Saturday,1,9,2013,,,0,0,0,39575.607142857145
d_968,46210,2013-09-22,Sunday,2,9,2013,,,0,0,0,39491.07142857143
d_969,32784,2013-09-23,Monday,3,9,2013,,,0,0,0,39440.5
d_970,31064,2013-09-24,Tuesday,4,9,2013,,,0,0,0,39372.67857142857
d_971,29959,2013-09-25,Wednesday,5,9,2013,,,0,0,0,39283.5
d_972,30648,2013-09-26,Thursday,6,9,2013,,,0,0,0,39245.57142857143
d_973,35502,2013-09-27,Friday,7,9,2013,,,0,0,0,39027.03571428572
d_974,44441,2013-09-28,Saturday,1,9,2013,,,0,0,0,38900.92857142857
d_975,44396,2013-09-29,Sunday,2,9,2013,,,0,0,0,38888.607142857145
d_976,32893,2013-09-30,Monday,3,9,2013,,,0,0,0,38382.21428571428
d_977,36730,2013-10-01,Tuesday,4,10,2013,,,1,1,0,38344.03571428572
d_978,33900,2013-10-02,Wednesday,5,10,2013,,,1,0,1,38364.46428571428
d_979,37215,2013-10-03,Thursday,6,10,2013,,,1,1,1,38428.392857142855
d_980,37334,2013-10-04,Friday,7,10,2013,,,1,0,0,38380.17857142857
d_981,48777,2013-10-05,Saturday,1,10,2013,,,1,1,1,38422.21428571428
d_982,49888,2013-10-06,Sunday,2,10,2013,,,1,1,1,38356.07142857143
d_983,37003,2013-10-07,Monday,3,10,2013,,,1,1,0,38257.42857142857
d_984,34544,2013-10-08,Tuesday,4,10,2013,,,1,0,1,38253.17857142857
d_985,34746,2013-10-09,Wednesday,5,10,2013,,,1,1,1,38201.42857142857
d_986,34019,2013-10-10,Thursday,6,10,2013,,,1,0,0,38103.28571428572
d_987,38093,2013-10-11,Friday,7,10,2013,,,0,1,1,38000.5
d_988,46581,2013-10-12,Saturday,1,10,2013,,,0,1,1,37908.17857142857
d_989,46343,2013-10-13,Sunday,2,10,2013,,,0,1,0,37742.92857142857
d_990,36836,2013-10-14,Monday,3,10,2013,ColumbusDay,National,0,0,1,37745.107142857145
d_991,33213,2013-10-15,Tuesday,4,10,2013,EidAlAdha,Religious,0,1,1,37768.03571428572
d_992,32677,2013-10-16,Wednesday,5,10,2013,,,0,0,0,37817.892857142855
d_993,30538,2013-10-17,Thursday,6,10,2013,,,0,0,0,37807.71428571428
d_994,34337,2013-10-18,Friday,7,10,2013,,,0,0,0,37738.28571428572
d_995,42043,2013-10-19,Saturday,1,10,2013,,,0,0,0,37596.92857142857
d_996,43352,2013-10-20,Sunday,2,10,2013,,,0,0,0,37494.857142857145
d_997,31859,2013-10-21,Monday,3,10,2013,,,0,0,0,37461.82142857143
d_998,28957,2013-10-22,Tuesday,4,10,2013,,,0,0,0,37386.57142857143
d_999,29525,2013-10-23,Wednesday,5,10,2013,,,0,0,0,37371.07142857143
d_1000,29260,2013-10-24,Thursday,6,10,2013,,,0,0,0,37321.5
d_1001,33877,2013-10-25,Friday,7,10,2013,,,0,0,0,37263.46428571428
d_1002,42454,2013-10-26,Saturday,1,10,2013,,,0,0,0,37192.5
d_1003,40665,2013-10-27,Sunday,2,10,2013,,,0,0,0,37059.25
d_1004,32058,2013-10-28,Monday,3,10,2013,,,0,0,0,37029.42857142857
d_1005,29529,2013-10-29,Tuesday,4,10,2013,,,0,0,0,36772.25
d_1006,31136,2013-10-30,Wednesday,5,10,2013,,,0,0,0,36673.53571428572
d_1007,27034,2013-10-31,Thursday,6,10,2013,Halloween,Cultural,0,0,0,36309.92857142857
d_1008,39727,2013-11-01,Friday,7,11,2013,,,1,1,0,36395.392857142855
d_1009,47093,2013-11-02,Saturday,1,11,2013,,,1,0,1,36335.25
d_1010,48373,2013-11-03,Sunday,2,11,2013,,,1,1,1,36281.142857142855
d_1011,32972,2013-11-04,Monday,3,11,2013,,,1,0,0,36137.17857142857
d_1012,34087,2013-11-05,Tuesday,4,11,2013,,,1,1,1,36120.857142857145
d_1013,33030,2013-11-06,Wednesday,5,11,2013,,,1,1,1,36059.57142857143
d_1014,31953,2013-11-07,Thursday,6,11,2013,,,1,1,0,35985.78571428572
d_1015,35460,2013-11-08,Friday,7,11,2013,,,1,0,1,35891.75
d_1016,45717,2013-11-09,Saturday,1,11,2013,,,1,1,1,35860.892857142855
d_1017,43905,2013-11-10,Sunday,2,11,2013,,,1,0,0,35773.82142857143
d_1018,36396,2013-11-11,Monday,3,11,2013,VeteransDay,National,0,1,1,35758.107142857145
d_1019,32275,2013-11-12,Tuesday,4,11,2013,,,0,1,1,35724.607142857145
d_1020,29255,2013-11-13,Wednesday,5,11,2013,,,0,1,0,35602.392857142855
d_1021,29468,2013-11-14,Thursday,6,11,2013,,,0,0,1,35564.17857142857
d_1022,35775,2013-11-15,Friday,7,11,2013,,,0,1,1,35615.53571428572
d_1023,44587,2013-11-16,Saturday,1,11,2013,,,0,0,0,35706.392857142855
d_1024,42589,2013-11-17,Sunday,2,11,2013,,,0,0,0,35679.142857142855
d_1025,32110,2013-11-18,Monday,3,11,2013,,,0,0,0,35688.107142857145
d_1026,28522,2013-11-19,Tuesday,4,11,2013,,,0,0,0,35672.57142857143
d_1027,27915,2013-11-20,Wednesday,5,11,2013,,,0,0,0,35615.07142857143
d_1028,28699,2013-11-21,Thursday,6,11,2013,,,0,0,0,35595.03571428572
d_1029,32863,2013-11-22,Friday,7,11,2013,,,0,0,0,35558.82142857143
d_1030,40047,2013-11-23,Saturday,1,11,2013,,,0,0,0,35472.857142857145
d_1031,38446,2013-11-24,Sunday,2,11,2013,,,0,0,0,35393.607142857145
d_1032,28645,2013-11-25,Monday,3,11,2013,,,0,0,0,35271.71428571428
d_1033,31293,2013-11-26,Tuesday,4,11,2013,,,0,0,0,35334.71428571428
d_1034,36139,2013-11-27,Wednesday,5,11,2013,,,0,0,0,35513.392857142855
d_1035,19839,2013-11-28,Thursday,6,11,2013,Thanksgiving,National,0,0,0,35256.42857142857
d_1036,26073,2013-11-29,Friday,7,11,2013,,,0,0,0,34768.78571428572
d_1037,31546,2013-11-30,Saturday,1,11,2013,,,0,0,0,34213.53571428572
d_1038,38187,2013-12-01,Sunday,2,12,2013,,,1,1,0,33849.75
d_1039,37087,2013-12-02,Monday,3,12,2013,,,1,0,1,33996.71428571428
d_1040,38024,2013-12-03,Tuesday,4,12,2013,,,1,1,1,34137.32142857143
d_1041,31519,2013-12-04,Wednesday,5,12,2013,,,1,0,0,34083.357142857145
d_1042,35151,2013-12-05,Thursday,6,12,2013,Chanukah End,Religious,1,1,1,34197.57142857143
d_1043,36899,2013-12-06,Friday,7,12,2013,,,1,1,1,34248.96428571428
d_1044,44450,2013-12-07,Saturday,1,12,2013,,,1,1,0,34203.71428571428
d_1045,40424,2013-12-08,Sunday,2,12,2013,,,1,0,1,34079.392857142855
d_1046,33653,2013-12-09,Monday,3,12,2013,,,1,1,1,33981.42857142857
d_1047,31422,2013-12-10,Tuesday,4,12,2013,,,1,0,0,33950.96428571428
d_1048,30911,2013-12-11,Wednesday,5,12,2013,,,0,1,1,34010.107142857145
d_1049,31669,2013-12-12,Thursday,6,12,2013,,,0,1,1,34088.71428571428
d_1050,36163,2013-12-13,Friday,7,12,2013,,,0,1,0,34102.57142857143
d_1051,41528,2013-12-14,Saturday,1,12,2013,,,0,0,1,33993.32142857143
d_1052,43097,2013-12-15,Sunday,2,12,2013,,,0,1,1,34011.46428571428
d_1053,32474,2013-12-16,Monday,3,12,2013,,,0,0,0,34024.46428571428
d_1054,30338,2013-12-17,Tuesday,4,12,2013,,,0,0,0,34089.32142857143
d_1055,31692,2013-12-18,Wednesday,5,12,2013,,,0,0,0,34224.21428571428
d_1056,32411,2013-12-19,Thursday,6,12,2013,,,0,0,0,34356.78571428572
d_1057,32123,2013-12-20,Friday,7,12,2013,,,0,0,0,34330.357142857145
d_1058,40474,2013-12-21,Saturday,1,12,2013,,,0,0,0,34345.607142857145
d_1059,34915,2013-12-22,Sunday,2,12,2013,,,0,0,0,34219.5
d_1060,35289,2013-12-23,Monday,3,12,2013,,,0,0,0,34456.78571428572
d_1061,31077,2013-12-24,Tuesday,4,12,2013,,,0,0,0,34449.07142857143
d_1062,20,2013-12-25,Wednesday,5,12,2013,Christmas,National,0,0,0,33159.107142857145
d_1063,32727,2013-12-26,Thursday,6,12,2013,,,0,0,0,33619.392857142855
d_1064,33095,2013-12-27,Friday,7,12,2013,,,0,0,0,33870.17857142857
d_1065,36490,2013-12-28,Saturday,1,12,2013,,,0,0,0,34046.75
d_1066,34121,2013-12-29,Sunday,2,12,2013,,,0,0,0,33901.53571428572
d_1067,32293,2013-12-30,Monday,3,12,2013,,,0,0,0,33730.32142857143
d_1068,34811,2013-12-31,Tuesday,4,12,2013,,,0,0,0,33615.57142857143
d_1069,23845,2014-01-01,Wednesday,5,1,2014,NewYear,National,1,1,0,33341.5
d_1070,32653,2014-01-02,Thursday,6,1,2014,,,1,0,1,33252.28571428572
d_1071,38870,2014-01-03,Friday,7,1,2014,,,1,1,1,33322.67857142857
d_1072,44616,2014-01-04,Saturday,1,1,2014,,,1,0,0,33328.607142857145
d_1073,45302,2014-01-05,Sunday,2,1,2014,,,1,1,1,33502.82142857143
d_1074,32412,2014-01-06,Monday,3,1,2014,,,1,1,1,33458.5
d_1075,30952,2014-01-07,Tuesday,4,1,2014,OrthodoxChristmas,Religious,1,1,0,33441.71428571428
d_1076,32973,2014-01-08,Wednesday,5,1,2014,,,1,0,1,33515.357142857145
d_1077,33197,2014-01-09,Thursday,6,1,2014,,,1,1,1,33569.92857142857
d_1078,32766,2014-01-10,Friday,7,1,2014,,,1,0,0,33448.607142857145
d_1079,47798,2014-01-11,Saturday,1,1,2014,,,0,1,1,33672.53571428572
d_1080,46858,2014-01-12,Sunday,2,1,2014,,,0,1,1,33806.857142857145
d_1081,33714,2014-01-13,Monday,3,1,2014,,,0,1,0,33851.142857142855
d_1082,30223,2014-01-14,Tuesday,4,1,2014,,,0,0,1,33847.03571428572
d_1083,31579,2014-01-15,Wednesday,5,1,2014,,,0,1,1,33843.0
d_1084,31190,2014-01-16,Thursday,6,1,2014,,,0,0,0,33799.392857142855
d_1085,35240,2014-01-17,Friday,7,1,2014,,,0,0,0,33910.71428571428
d_1086,43233,2014-01-18,Saturday,1,1,2014,,,0,0,0,34009.25
d_1087,40427,2014-01-19,Sunday,2,1,2014,,,0,0,0,34206.107142857145
d_1088,32706,2014-01-20,Monday,3,1,2014,MartinLutherKingDay,National,0,0,0,34113.857142857145
d_1089,27854,2014-01-21,Tuesday,4,1,2014,,,0,0,0,33998.75
d_1090,28197,2014-01-22,Wednesday,5,1,2014,,,0,0,0,35005.07142857143
d_1091,26244,2014-01-23,Thursday,6,1,2014,,,0,0,0,34773.53571428572
d_1092,30888,2014-01-24,Friday,7,1,2014,,,0,0,0,34694.71428571428
d_1093,40529,2014-01-25,Saturday,1,1,2014,,,0,0,0,34838.96428571428
d_1094,40197,2014-01-26,Sunday,2,1,2014,,,0,0,0,35055.96428571428
d_1095,30060,2014-01-27,Monday,3,1,2014,,,0,0,0,34976.21428571428
d_1096,24000,2014-01-28,Tuesday,4,1,2014,,,0,0,0,34590.107142857145
d_1097,24983,2014-01-29,Wednesday,5,1,2014,,,0,0,0,34630.75
d_1098,27017,2014-01-30,Thursday,6,1,2014,,,0,0,0,34429.46428571428
d_1099,36489,2014-01-31,Friday,7,1,2014,,,0,0,0,34344.42857142857
d_1100,45333,2014-02-01,Saturday,1,2,2014,,,1,1,0,34370.03571428572
d_1101,43897,2014-02-02,Sunday,2,2,2014,SuperBowl,Sporting,1,0,1,34319.857142857145
d_1102,37294,2014-02-03,Monday,3,2,2014,,,1,1,1,34494.21428571428
d_1103,30577,2014-02-04,Tuesday,4,2,2014,,,1,0,0,34480.82142857143
d_1104,31676,2014-02-05,Wednesday,5,2,2014,,,1,1,1,34434.5
d_1105,32389,2014-02-06,Thursday,6,2,2014,,,1,1,1,34405.642857142855
d_1106,34255,2014-02-07,Friday,7,2,2014,,,1,1,0,34458.82142857143
d_1107,47108,2014-02-08,Saturday,1,2,2014,,,1,0,1,34434.17857142857
d_1108,48040,2014-02-09,Sunday,2,2,2014,,,1,1,1,34476.392857142855
d_1109,33147,2014-02-10,Monday,3,2,2014,,,1,0,0,34456.142857142855
d_1110,33533,2014-02-11,Tuesday,4,2,2014,,,0,1,1,34574.357142857145
d_1111,36738,2014-02-12,Wednesday,5,2,2014,,,0,1,1,34758.607142857145
d_1112,37483,2014-02-13,Thursday,6,2,2014,,,0,1,0,34983.357142857145
d_1113,33910,2014-02-14,Friday,7,2,2014,ValentinesDay,Cultural,0,0,1,34935.857142857145
d_1114,44965,2014-02-15,Saturday,1,2,2014,,,0,1,1,34997.71428571428
d_1115,43832,2014-02-16,Sunday,2,2,2014,,,0,0,0,35119.32142857143
d_1116,34557,2014-02-17,Monday,3,2,2014,PresidentsDay,National,0,0,0,35185.42857142857
d_1117,30710,2014-02-18,Tuesday,4,2,2014,,,0,0,0,35287.42857142857
d_1118,30411,2014-02-19,Wednesday,5,2,2014,,,0,0,0,35366.5
d_1119,29703,2014-02-20,Thursday,6,2,2014,,,0,0,0,35490.03571428572
d_1120,33326,2014-02-21,Friday,7,2,2014,,,0,0,0,35577.107142857145
d_1121,41488,2014-02-22,Saturday,1,2,2014,,,0,0,0,35611.357142857145
d_1122,44427,2014-02-23,Sunday,2,2,2014,,,0,0,0,35762.42857142857
d_1123,31797,2014-02-24,Monday,3,2,2014,,,0,0,0,35824.46428571428
d_1124,29725,2014-02-25,Tuesday,4,2,2014,,,0,0,0,36028.92857142857
d_1125,26351,2014-02-26,Wednesday,5,2,2014,,,0,0,0,36077.78571428572
d_1126,28890,2014-02-27,Thursday,6,2,2014,,,0,0,0,36144.67857142857
d_1127,34198,2014-02-28,Friday,7,2,2014,,,0,0,0,36062.857142857145
d_1128,45496,2014-03-01,Saturday,1,3,2014,,,1,1,0,36068.67857142857
d_1129,46777,2014-03-02,Sunday,2,3,2014,,,1,0,1,36171.53571428572
d_1130,37201,2014-03-03,Monday,3,3,2014,,,1,1,1,36168.21428571428
d_1131,30066,2014-03-04,Tuesday,4,3,2014,,,1,0,0,36149.96428571428
d_1132,31278,2014-03-05,Wednesday,5,3,2014,LentStart,Religious,1,1,1,36135.75
d_1133,32662,2014-03-06,Thursday,6,3,2014,,,1,1,1,36145.5
d_1134,34864,2014-03-07,Friday,7,3,2014,,,1,1,0,36167.25
d_1135,43485,2014-03-08,Saturday,1,3,2014,,,1,0,1,36037.857142857145
d_1136,50090,2014-03-09,Sunday,2,3,2014,,,1,1,1,36111.07142857143
d_1137,37506,2014-03-10,Monday,3,3,2014,,,1,0,0,36266.75
d_1138,34567,2014-03-11,Tuesday,4,3,2014,,,0,1,1,36303.67857142857
d_1139,34942,2014-03-12,Wednesday,5,3,2014,LentWeek2,Religious,0,1,1,36239.53571428572
d_1140,33084,2014-03-13,Thursday,6,3,2014,,,0,1,0,36082.42857142857
d_1141,36946,2014-03-14,Friday,7,3,2014,,,0,0,1,36190.857142857145
d_1142,44708,2014-03-15,Saturday,1,3,2014,,,0,1,1,36181.67857142857
d_1143,45376,2014-03-16,Sunday,2,3,2014,Purim End,Religious,0,0,0,36236.82142857143
d_1144,32084,2014-03-17,Monday,3,3,2014,StPatricksDay,Cultural,0,0,0,36148.5
d_1145,30095,2014-03-18,Tuesday,4,3,2014,,,0,0,0,36126.53571428572
d_1146,29384,2014-03-19,Wednesday,5,3,2014,,,0,0,0,36089.857142857145
d_1147,28809,2014-03-20,Thursday,6,3,2014,,,0,0,0,36057.92857142857
d_1148,33202,2014-03-21,Friday,7,3,2014,,,0,0,0,36053.5
d_1149,41441,2014-03-22,Saturday,1,3,2014,,,0,0,0,36051.82142857143
d_1150,44171,2014-03-23,Sunday,2,3,2014,,,0,0,0,36042.67857142857
d_1151,31843,2014-03-24,Monday,3,3,2014,,,0,0,0,36044.32142857143
d_1152,28466,2014-03-25,Tuesday,4,3,2014,,,0,0,0,35999.357142857145
d_1153,27014,2014-03-26,Wednesday,5,3,2014,,,0,0,0,36023.03571428572
d_1154,30210,2014-03-27,Thursday,6,3,2014,,,0,0,0,36070.17857142857
d_1155,32918,2014-03-28,Friday,7,3,2014,,,0,0,0,36024.46428571428
d_1156,41193,2014-03-29,Saturday,1,3,2014,,,0,0,0,35870.78571428572
d_1157,43156,2014-03-30,Sunday,2,3,2014,,,0,0,0,35741.46428571428
d_1158,30672,2014-03-31,Monday,3,3,2014,,,0,0,0,35508.28571428572
d_1159,33708,2014-04-01,Tuesday,4,4,2014,,,1,1,0,35638.357142857145
d_1160,33699,2014-04-02,Wednesday,5,4,2014,,,1,0,1,35724.82142857143
d_1161,36604,2014-04-03,Thursday,6,4,2014,,,1,1,1,35865.607142857145
d_1162,35685,2014-04-04,Friday,7,4,2014,,,1,0,0,35894.92857142857
d_1163,46776,2014-04-05,Saturday,1,4,2014,,,1,1,1,36012.46428571428
d_1164,48790,2014-04-06,Sunday,2,4,2014,,,1,1,1,35966.03571428572
d_1165,36594,2014-04-07,Monday,3,4,2014,,,1,1,0,35933.46428571428
d_1166,35248,2014-04-08,Tuesday,4,4,2014,,,1,0,1,35957.78571428572
d_1167,35209,2014-04-09,Wednesday,5,4,2014,,,1,1,1,35967.32142857143
d_1168,33038,2014-04-10,Thursday,6,4,2014,,,1,0,0,35965.67857142857
d_1169,38439,2014-04-11,Friday,7,4,2014,,,0,1,1,36019.0
d_1170,46155,2014-04-12,Saturday,1,4,2014,,,0,1,1,36070.67857142857
d_1171,46083,2014-04-13,Sunday,2,4,2014,,,0,1,0,36095.92857142857
d_1172,35751,2014-04-14,Monday,3,4,2014,,,0,0,1,36226.892857142855
d_1173,36396,2014-04-15,Tuesday,4,4,2014,,,0,1,1,36451.92857142857
d_1174,34228,2014-04-16,Wednesday,5,4,2014,,,0,0,0,36624.92857142857
d_1175,33193,2014-04-17,Thursday,6,4,2014,,,0,0,0,36781.5
d_1176,38905,2014-04-18,Friday,7,4,2014,,,0,0,0,36985.17857142857
d_1177,47819,2014-04-19,Saturday,1,4,2014,,,0,0,0,37212.96428571428
d_1178,38934,2014-04-20,Sunday,2,4,2014,Easter,Cultural,0,0,0,37025.92857142857
d_1179,31626,2014-04-21,Monday,3,4,2014,,,0,0,0,37018.17857142857
d_1180,30678,2014-04-22,Tuesday,4,4,2014,Pesach End,Religious,0,0,0,37097.17857142857
d_1181,30437,2014-04-23,Wednesday,5,4,2014,,,0,0,0,37219.42857142857
d_1182,30792,2014-04-24,Thursday,6,4,2014,,,0,0,0,37240.21428571428
d_1183,33427,2014-04-25,Friday,7,4,2014,,,0,0,0,37258.392857142855
d_1184,42377,2014-04-26,Saturday,1,4,2014,,,0,0,0,37300.67857142857
d_1185,43440,2014-04-27,Sunday,2,4,2014,,,0,0,0,37310.82142857143
d_1186,31508,2014-04-28,Monday,3,4,2014,,,0,0,0,37340.67857142857
d_1187,29865,2014-04-29,Tuesday,4,4,2014,,,0,0,0,37203.42857142857
d_1188,28883,2014-04-30,Wednesday,5,4,2014,,,0,0,0,37031.42857142857
d_1189,33859,2014-05-01,Thursday,6,5,2014,,,1,1,0,36933.392857142855
d_1190,38951,2014-05-02,Friday,7,5,2014,,,1,0,1,37050.03571428572
d_1191,46542,2014-05-03,Saturday,1,5,2014,,,1,1,1,37041.67857142857
d_1192,45139,2014-05-04,Sunday,2,5,2014,,,1,0,0,36911.28571428572
d_1193,35820,2014-05-05,Monday,3,5,2014,Cinco De Mayo,Cultural,1,1,1,36883.642857142855
d_1194,33611,2014-05-06,Tuesday,4,5,2014,,,1,1,1,36825.17857142857
d_1195,32146,2014-05-07,Wednesday,5,5,2014,,,1,1,0,36715.78571428572
d_1196,31819,2014-05-08,Thursday,6,5,2014,,,1,0,1,36672.25
d_1197,36363,2014-05-09,Friday,7,5,2014,,,1,1,1,36598.107142857145
d_1198,42843,2014-05-10,Saturday,1,5,2014,,,1,0,0,36479.82142857143
d_1199,38180,2014-05-11,Sunday,2,5,2014,Mother's day,Cultural,0,1,1,36197.57142857143
d_1200,37922,2014-05-12,Monday,3,5,2014,,,0,1,1,36275.107142857145
d_1201,33844,2014-05-13,Tuesday,4,5,2014,,,0,1,0,36183.96428571428
d_1202,32817,2014-05-14,Wednesday,5,5,2014,,,0,0,1,36133.57142857143
d_1203,33522,2014-05-15,Thursday,6,5,2014,,,0,1,1,36145.32142857143
d_1204,34589,2014-05-16,Friday,7,5,2014,,,0,0,0,35991.17857142857
d_1205,40019,2014-05-17,Saturday,1,5,2014,,,0,0,0,35712.607142857145
d_1206,43020,2014-05-18,Sunday,2,5,2014,,,0,0,0,35858.53571428572
d_1207,32314,2014-05-19,Monday,3,5,2014,,,0,0,0,35883.107142857145
d_1208,29926,2014-05-20,Tuesday,4,5,2014,,,0,0,0,35856.25
d_1209,29083,2014-05-21,Wednesday,5,5,2014,,,0,0,0,35807.892857142855
d_1210,30386,2014-05-22,Thursday,6,5,2014,,,0,0,0,35793.392857142855
d_1211,33425,2014-05-23,Friday,7,5,2014,,,0,0,0,35793.32142857143
d_1212,38386,2014-05-24,Saturday,1,5,2014,,,0,0,0,35650.78571428572
d_1213,35965,2014-05-25,Sunday,2,5,2014,,,0,0,0,35383.82142857143
d_1214,33459,2014-05-26,Monday,3,5,2014,MemorialDay,National,0,0,0,35453.5
d_1215,28912,2014-05-27,Tuesday,4,5,2014,,,0,0,0,35419.46428571428
d_1216,28109,2014-05-28,Wednesday,5,5,2014,,,0,0,0,35391.82142857143
d_1217,27689,2014-05-29,Thursday,6,5,2014,,,0,0,0,35171.46428571428
d_1218,33740,2014-05-30,Friday,7,5,2014,,,0,0,0,34985.357142857145
d_1219,40692,2014-05-31,Saturday,1,5,2014,,,0,0,0,34776.42857142857
d_1220,44602,2014-06-01,Sunday,2,6,2014,,,1,1,0,34757.25
d_1221,37312,2014-06-02,Monday,3,6,2014,,,1,0,1,34810.53571428572
d_1222,38357,2014-06-03,Tuesday,4,6,2014,,,1,1,1,34980.03571428572
d_1223,32899,2014-06-04,Wednesday,5,6,2014,,,1,0,0,35006.92857142857
d_1224,35655,2014-06-05,Thursday,6,6,2014,NBAFinalsStart,Sporting,1,1,1,35143.92857142857
d_1225,37457,2014-06-06,Friday,7,6,2014,,,1,1,1,35183.0
d_1226,44347,2014-06-07,Saturday,1,6,2014,,,1,1,0,35236.71428571428
d_1227,45279,2014-06-08,Sunday,2,6,2014,,,1,0,1,35490.25
d_1228,38256,2014-06-09,Monday,3,6,2014,,,1,1,1,35502.17857142857
d_1229,33658,2014-06-10,Tuesday,4,6,2014,,,1,0,0,35495.53571428572
d_1230,34644,2014-06-11,Wednesday,5,6,2014,,,0,1,1,35560.78571428572
d_1231,35077,2014-06-12,Thursday,6,6,2014,,,0,1,1,35616.32142857143
d_1232,38356,2014-06-13,Friday,7,6,2014,,,0,1,0,35750.857142857145
d_1233,44984,2014-06-14,Saturday,1,6,2014,,,0,0,1,35928.17857142857
d_1234,42494,2014-06-15,Sunday,2,6,2014,NBAFinalsEnd,Sporting,0,1,1,35909.392857142855
d_1235,35203,2014-06-16,Monday,3,6,2014,,,0,0,0,36012.57142857143
d_1236,33542,2014-06-17,Tuesday,4,6,2014,,,0,0,0,36141.71428571428
d_1237,32269,2014-06-18,Wednesday,5,6,2014,,,0,0,0,36255.5
d_1238,33120,2014-06-19,Thursday,6,6,2014,,,0,0,0,36353.142857142855
d_1239,37996,2014-06-20,Friday,7,6,2014,,,0,0,0,36516.392857142855
d_1240,42420,2014-06-21,Saturday,1,6,2014,,,0,0,0,36660.46428571428
d_1241,42460,2014-06-22,Sunday,2,6,2014,,,0,0,0,36892.42857142857
d_1242,33158,2014-06-23,Monday,3,6,2014,,,0,0,0,36881.67857142857
d_1243,30641,2014-06-24,Tuesday,4,6,2014,,,0,0,0,36943.42857142857
d_1244,28821,2014-06-25,Wednesday,5,6,2014,,,0,0,0,36968.857142857145
d_1245,29356,2014-06-26,Thursday,6,6,2014,,,0,0,0,37028.392857142855
d_1246,34078,2014-06-27,Friday,7,6,2014,,,0,0,0,37040.46428571428
d_1247,39930,2014-06-28,Saturday,1,6,2014,,,0,0,0,37013.25
d_1248,40211,2014-06-29,Sunday,2,6,2014,Ramadan starts,Religious,0,0,0,36856.42857142857
d_1249,33449,2014-06-30,Monday,3,6,2014,,,0,0,0,36718.46428571428
d_1250,37739,2014-07-01,Tuesday,4,7,2014,,,1,1,0,36696.392857142855
d_1251,37869,2014-07-02,Wednesday,5,7,2014,,,1,0,1,36873.892857142855
d_1252,47028,2014-07-03,Thursday,6,7,2014,,,1,1,1,37280.07142857143
d_1253,38593,2014-07-04,Friday,7,7,2014,IndependenceDay,National,1,0,0,37320.642857142855
d_1254,40782,2014-07-05,Saturday,1,7,2014,,,1,1,1,37193.32142857143
d_1255,45490,2014-07-06,Sunday,2,7,2014,,,1,1,1,37200.857142857145
d_1256,37635,2014-07-07,Monday,3,7,2014,,,1,1,0,37178.67857142857
d_1257,36448,2014-07-08,Tuesday,4,7,2014,,,1,0,1,37278.32142857143
d_1258,37214,2014-07-09,Wednesday,5,7,2014,,,1,1,1,37370.107142857145
d_1259,35179,2014-07-10,Thursday,6,7,2014,,,1,0,0,37373.75
d_1260,40253,2014-07-11,Friday,7,7,2014,,,0,1,1,37441.5
d_1261,47696,2014-07-12,Saturday,1,7,2014,,,0,1,1,37538.357142857145
d_1262,43675,2014-07-13,Sunday,2,7,2014,,,0,1,0,37580.53571428572
d_1263,36281,2014-07-14,Monday,3,7,2014,,,0,0,1,37619.03571428572
d_1264,35815,2014-07-15,Tuesday,4,7,2014,,,0,1,1,37700.21428571428
d_1265,33011,2014-07-16,Wednesday,5,7,2014,,,0,0,0,37726.71428571428
d_1266,32430,2014-07-17,Thursday,6,7,2014,,,0,0,0,37702.07142857143
d_1267,36449,2014-07-18,Friday,7,7,2014,,,0,0,0,37646.82142857143
d_1268,42480,2014-07-19,Saturday,1,7,2014,,,0,0,0,37648.96428571428
d_1269,42689,2014-07-20,Sunday,2,7,2014,,,0,0,0,37657.142857142855
d_1270,33451,2014-07-21,Monday,3,7,2014,,,0,0,0,37667.607142857145
d_1271,31512,2014-07-22,Tuesday,4,7,2014,,,0,0,0,37698.71428571428
d_1272,30939,2014-07-23,Wednesday,5,7,2014,,,0,0,0,37774.357142857145
d_1273,30525,2014-07-24,Thursday,6,7,2014,,,0,0,0,37816.107142857145
d_1274,33848,2014-07-25,Friday,7,7,2014,,,0,0,0,37807.892857142855
d_1275,39008,2014-07-26,Saturday,1,7,2014,,,0,0,0,37774.96428571428
d_1276,42214,2014-07-27,Sunday,2,7,2014,,,0,0,0,37846.5
d_1277,32632,2014-07-28,Monday,3,7,2014,,,0,0,0,37817.32142857143
d_1278,30705,2014-07-29,Tuesday,4,7,2014,Eid al-Fitr,Religious,0,0,0,37566.107142857145
d_1279,30334,2014-07-30,Wednesday,5,7,2014,,,0,0,0,37297.0
d_1280,31840,2014-07-31,Thursday,6,7,2014,,,0,0,0,36754.57142857143
d_1281,43129,2014-08-01,Friday,7,8,2014,,,1,1,0,36916.57142857143
d_1282,47011,2014-08-02,Saturday,1,8,2014,,,1,0,1,37139.03571428572
d_1283,47572,2014-08-03,Sunday,2,8,2014,,,1,1,1,37213.392857142855
d_1284,35799,2014-08-04,Monday,3,8,2014,,,1,0,0,37147.82142857143
d_1285,36238,2014-08-05,Tuesday,4,8,2014,,,1,1,1,37140.32142857143
d_1286,34547,2014-08-06,Wednesday,5,8,2014,,,1,1,1,37045.07142857143
d_1287,34577,2014-08-07,Thursday,6,8,2014,,,1,1,0,37023.57142857143
d_1288,38980,2014-08-08,Friday,7,8,2014,,,1,0,1,36978.107142857145
d_1289,45258,2014-08-09,Saturday,1,8,2014,,,1,1,1,36891.03571428572
d_1290,43249,2014-08-10,Sunday,2,8,2014,,,1,0,0,36875.82142857143
d_1291,36122,2014-08-11,Monday,3,8,2014,,,0,1,1,36870.142857142855
d_1292,36672,2014-08-12,Tuesday,4,8,2014,,,0,1,1,36900.75
d_1293,34419,2014-08-13,Wednesday,5,8,2014,,,0,1,0,36951.03571428572
d_1294,34536,2014-08-14,Thursday,6,8,2014,,,0,0,1,37026.25
d_1295,38258,2014-08-15,Friday,7,8,2014,,,0,1,1,37090.857142857145
d_1296,44555,2014-08-16,Saturday,1,8,2014,,,0,0,0,37164.96428571428
d_1297,46673,2014-08-17,Sunday,2,8,2014,,,0,0,0,37307.25
d_1298,35379,2014-08-18,Monday,3,8,2014,,,0,0,0,37376.107142857145
d_1299,31959,2014-08-19,Tuesday,4,8,2014,,,0,0,0,37392.07142857143
d_1300,31847,2014-08-20,Wednesday,5,8,2014,,,0,0,0,37424.5
d_1301,32399,2014-08-21,Thursday,6,8,2014,,,0,0,0,37491.42857142857
d_1302,37116,2014-08-22,Friday,7,8,2014,,,0,0,0,37608.142857142855
d_1303,44673,2014-08-23,Saturday,1,8,2014,,,0,0,0,37810.46428571428
d_1304,47443,2014-08-24,Sunday,2,8,2014,,,0,0,0,37997.21428571428
d_1305,34667,2014-08-25,Monday,3,8,2014,,,0,0,0,38069.892857142855
d_1306,31402,2014-08-26,Tuesday,4,8,2014,,,0,0,0,38094.78571428572
d_1307,29506,2014-08-27,Wednesday,5,8,2014,,,0,0,0,38065.21428571428
d_1308,29976,2014-08-28,Thursday,6,8,2014,,,0,0,0,37998.642857142855
d_1309,37693,2014-08-29,Friday,7,8,2014,,,0,0,0,37804.5
d_1310,43237,2014-08-30,Saturday,1,8,2014,,,0,0,0,37669.71428571428
d_1311,39210,2014-08-31,Sunday,2,8,2014,,,0,0,0,37371.07142857143
d_1312,43256,2014-09-01,Monday,3,9,2014,LaborDay,National,1,1,0,37637.392857142855
d_1313,34299,2014-09-02,Tuesday,4,9,2014,,,1,0,1,37568.142857142855
d_1314,37397,2014-09-03,Wednesday,5,9,2014,,,1,1,1,37669.92857142857
d_1315,31483,2014-09-04,Thursday,6,9,2014,,,1,0,0,37559.42857142857
d_1316,35966,2014-09-05,Friday,7,9,2014,,,1,1,1,37451.78571428572
d_1317,46017,2014-09-06,Saturday,1,9,2014,,,1,1,1,37478.892857142855
d_1318,45953,2014-09-07,Sunday,2,9,2014,,,1,1,0,37575.46428571428
d_1319,35580,2014-09-08,Monday,3,9,2014,,,1,0,1,37556.107142857145
d_1320,34167,2014-09-09,Tuesday,4,9,2014,,,1,1,1,37466.642857142855
d_1321,31792,2014-09-10,Wednesday,5,9,2014,,,1,0,0,37372.82142857143
d_1322,34480,2014-09-11,Thursday,6,9,2014,,,0,1,1,37370.82142857143
d_1323,38359,2014-09-12,Friday,7,9,2014,,,0,1,1,37374.42857142857
d_1324,47579,2014-09-13,Saturday,1,9,2014,,,0,1,0,37482.42857142857
d_1325,45747,2014-09-14,Sunday,2,9,2014,,,0,0,1,37449.357142857145
d_1326,36559,2014-09-15,Monday,3,9,2014,,,0,1,1,37491.5
d_1327,31037,2014-09-16,Tuesday,4,9,2014,,,0,0,0,37458.57142857143
d_1328,29831,2014-09-17,Wednesday,5,9,2014,,,0,0,0,37386.57142857143
d_1329,28861,2014-09-18,Thursday,6,9,2014,,,0,0,0,37260.21428571428
d_1330,34832,2014-09-19,Friday,7,9,2014,,,0,0,0,37178.642857142855
d_1331,43032,2014-09-20,Saturday,1,9,2014,,,0,0,0,37120.03571428572
d_1332,44402,2014-09-21,Sunday,2,9,2014,,,0,0,0,37011.42857142857
d_1333,31510,2014-09-22,Monday,3,9,2014,,,0,0,0,36898.67857142857
d_1334,29410,2014-09-23,Tuesday,4,9,2014,,,0,0,0,36827.53571428572
d_1335,29001,2014-09-24,Wednesday,5,9,2014,,,0,0,0,36809.5
d_1336,29511,2014-09-25,Thursday,6,9,2014,,,0,0,0,36792.892857142855
d_1337,33127,2014-09-26,Friday,7,9,2014,,,0,0,0,36629.82142857143
d_1338,40839,2014-09-27,Saturday,1,9,2014,,,0,0,0,36544.17857142857
d_1339,42924,2014-09-28,Sunday,2,9,2014,,,0,0,0,36676.82142857143
d_1340,31473,2014-09-29,Monday,3,9,2014,,,0,0,0,36256.0
d_1341,29990,2014-09-30,Tuesday,4,9,2014,,,0,0,0,36102.107142857145
d_1342,34602,2014-10-01,Wednesday,5,10,2014,,,1,1,0,36002.28571428572
d_1343,34249,2014-10-02,Thursday,6,10,2014,,,1,0,1,36101.07142857143
d_1344,41836,2014-10-03,Friday,7,10,2014,,,1,1,1,36310.71428571428
d_1345,47199,2014-10-04,Saturday,1,10,2014,EidAlAdha,Religious,1,0,0,36352.92857142857
d_1346,48361,2014-10-05,Sunday,2,10,2014,,,1,1,1,36438.92857142857
d_1347,37719,2014-10-06,Monday,3,10,2014,,,1,1,1,36515.32142857143
d_1348,33151,2014-10-07,Tuesday,4,10,2014,,,1,1,0,36479.03571428572
d_1349,33185,2014-10-08,Wednesday,5,10,2014,,,1,0,1,36528.78571428572
d_1350,33738,2014-10-09,Thursday,6,10,2014,,,1,1,1,36502.28571428572
d_1351,35001,2014-10-10,Friday,7,10,2014,,,1,0,0,36382.357142857145
d_1352,44561,2014-10-11,Saturday,1,10,2014,,,0,1,1,36274.57142857143
d_1353,46735,2014-10-12,Sunday,2,10,2014,,,0,1,1,36309.857142857145
d_1354,33557,2014-10-13,Monday,3,10,2014,ColumbusDay,National,0,1,0,36202.642857142855
d_1355,32451,2014-10-14,Tuesday,4,10,2014,,,0,0,1,36253.142857142855
d_1356,34193,2014-10-15,Wednesday,5,10,2014,,,0,1,1,36408.92857142857
d_1357,29936,2014-10-16,Thursday,6,10,2014,,,0,0,0,36447.32142857143
d_1358,33430,2014-10-17,Friday,7,10,2014,,,0,0,0,36397.25
d_1359,43755,2014-10-18,Saturday,1,10,2014,,,0,0,0,36423.07142857143
d_1360,43456,2014-10-19,Sunday,2,10,2014,,,0,0,0,36389.28571428572
d_1361,32233,2014-10-20,Monday,3,10,2014,,,0,0,0,36415.107142857145
d_1362,29367,2014-10-21,Tuesday,4,10,2014,,,0,0,0,36413.57142857143
d_1363,27926,2014-10-22,Wednesday,5,10,2014,,,0,0,0,36375.17857142857
d_1364,28506,2014-10-23,Thursday,6,10,2014,,,0,0,0,36339.28571428572
d_1365,32790,2014-10-24,Friday,7,10,2014,,,0,0,0,36327.25
d_1366,40753,2014-10-25,Saturday,1,10,2014,,,0,0,0,36324.17857142857
d_1367,40197,2014-10-26,Sunday,2,10,2014,,,0,0,0,36226.78571428572
d_1368,31203,2014-10-27,Monday,3,10,2014,,,0,0,0,36217.142857142855
d_1369,28340,2014-10-28,Tuesday,4,10,2014,,,0,0,0,36158.21428571428
d_1370,27563,2014-10-29,Wednesday,5,10,2014,,,0,0,0,35906.82142857143
d_1371,30235,2014-10-30,Thursday,6,10,2014,,,0,0,0,35763.46428571428
d_1372,32850,2014-10-31,Friday,7,10,2014,Halloween,Cultural,0,0,0,35442.53571428572
d_1373,44249,2014-11-01,Saturday,1,11,2014,,,1,1,0,35337.17857142857
d_1374,46072,2014-11-02,Sunday,2,11,2014,,,1,0,1,35255.42857142857
d_1375,38564,2014-11-03,Monday,3,11,2014,,,1,1,1,35285.607142857145
d_1376,31952,2014-11-04,Tuesday,4,11,2014,,,1,0,0,35242.78571428572
d_1377,30832,2014-11-05,Wednesday,5,11,2014,,,1,1,1,35158.75
d_1378,33223,2014-11-06,Thursday,6,11,2014,,,1,1,1,35140.357142857145
d_1379,34763,2014-11-07,Friday,7,11,2014,,,1,1,0,35131.857142857145
d_1380,44270,2014-11-08,Saturday,1,11,2014,,,1,0,1,35121.46428571428
d_1381,47415,2014-11-09,Sunday,2,11,2014,,,1,1,1,35145.75
d_1382,34449,2014-11-10,Monday,3,11,2014,,,1,0,0,35177.607142857145
d_1383,32588,2014-11-11,Tuesday,4,11,2014,VeteransDay,National,0,1,1,35182.5
d_1384,30490,2014-11-12,Wednesday,5,11,2014,,,0,1,1,35050.25
d_1385,28711,2014-11-13,Thursday,6,11,2014,,,0,1,0,35006.5
d_1386,34739,2014-11-14,Friday,7,11,2014,,,0,0,1,35053.25
d_1387,44383,2014-11-15,Saturday,1,11,2014,,,0,1,1,35075.67857142857
d_1388,43516,2014-11-16,Sunday,2,11,2014,,,0,0,0,35077.82142857143
d_1389,31811,2014-11-17,Monday,3,11,2014,,,0,0,0,35062.75
d_1390,28014,2014-11-18,Tuesday,4,11,2014,,,0,0,0,35014.42857142857
d_1391,28047,2014-11-19,Wednesday,5,11,2014,,,0,0,0,35018.75
d_1392,28247,2014-11-20,Thursday,6,11,2014,,,0,0,0,35009.5
d_1393,32863,2014-11-21,Friday,7,11,2014,,,0,0,0,35012.107142857145
d_1394,42402,2014-11-22,Saturday,1,11,2014,,,0,0,0,35071.0
d_1395,40630,2014-11-23,Sunday,2,11,2014,,,0,0,0,35086.46428571428
d_1396,31598,2014-11-24,Monday,3,11,2014,,,0,0,0,35100.57142857143
d_1397,31888,2014-11-25,Tuesday,4,11,2014,,,0,0,0,35227.28571428572
d_1398,36903,2014-11-26,Wednesday,5,11,2014,,,0,0,0,35560.857142857145
d_1399,21844,2014-11-27,Thursday,6,11,2014,Thanksgiving,National,0,0,0,35261.17857142857
d_1400,26354,2014-11-28,Friday,7,11,2014,,,0,0,0,35029.17857142857
d_1401,34456,2014-11-29,Saturday,1,11,2014,,,0,0,0,34679.42857142857
d_1402,35805,2014-11-30,Sunday,2,11,2014,,,0,0,0,34312.75
d_1403,34305,2014-12-01,Monday,3,12,2014,,,1,1,0,34160.642857142855
d_1404,30569,2014-12-02,Tuesday,4,12,2014,,,1,0,1,34111.25
d_1405,32605,2014-12-03,Wednesday,5,12,2014,,,1,1,1,34174.57142857143
d_1406,31516,2014-12-04,Thursday,6,12,2014,,,1,0,0,34113.607142857145
d_1407,36963,2014-12-05,Friday,7,12,2014,,,1,1,1,34192.17857142857
d_1408,43815,2014-12-06,Saturday,1,12,2014,,,1,1,1,34175.92857142857
d_1409,42527,2014-12-07,Sunday,2,12,2014,,,1,1,0,34001.357142857145
d_1410,33114,2014-12-08,Monday,3,12,2014,,,1,0,1,33953.67857142857
d_1411,32667,2014-12-09,Tuesday,4,12,2014,,,1,1,1,33956.5
d_1412,31898,2014-12-10,Wednesday,5,12,2014,,,1,0,0,34006.78571428572
d_1413,26115,2014-12-11,Thursday,6,12,2014,,,0,1,1,33914.07142857143
d_1414,33502,2014-12-12,Friday,7,12,2014,,,0,1,1,33869.892857142855
d_1415,40036,2014-12-13,Saturday,1,12,2014,,,0,1,0,33714.642857142855
d_1416,42006,2014-12-14,Sunday,2,12,2014,,,0,0,1,33660.71428571428
d_1417,34127,2014-12-15,Monday,3,12,2014,,,0,1,1,33743.42857142857
d_1418,29936,2014-12-16,Tuesday,4,12,2014,,,0,0,0,33812.07142857143
d_1419,30152,2014-12-17,Wednesday,5,12,2014,,,0,0,0,33887.25
d_1420,32367,2014-12-18,Thursday,6,12,2014,,,0,0,0,34034.392857142855
d_1421,29834,2014-12-19,Friday,7,12,2014,,,0,0,0,33926.21428571428
d_1422,38421,2014-12-20,Saturday,1,12,2014,,,0,0,0,33784.03571428572
d_1423,38488,2014-12-21,Sunday,2,12,2014,,,0,0,0,33707.53571428572
d_1424,33736,2014-12-22,Monday,3,12,2014,,,0,0,0,33783.892857142855
d_1425,34862,2014-12-23,Tuesday,4,12,2014,,,0,0,0,33890.107142857145
d_1426,29617,2014-12-24,Wednesday,5,12,2014,Chanukah End,Religious,0,0,0,33629.892857142855
d_1427,20,2014-12-25,Thursday,6,12,2014,Christmas,National,0,0,0,32850.46428571428
d_1428,32909,2014-12-26,Friday,7,12,2014,,,0,0,0,33084.57142857143
d_1429,32594,2014-12-27,Saturday,1,12,2014,,,0,0,0,33018.07142857143
d_1430,31894,2014-12-28,Sunday,2,12,2014,,,0,0,0,32878.392857142855
d_1431,29990,2014-12-29,Monday,3,12,2014,,,0,0,0,32724.285714285714
d_1432,29417,2014-12-30,Tuesday,4,12,2014,,,0,0,0,32683.14285714286
d_1433,33450,2014-12-31,Wednesday,5,12,2014,,,0,0,0,32713.321428571428
d_1434,26452,2015-01-01,Thursday,6,1,2015,NewYear,National,1,1,0,32532.464285714286
d_1435,39633,2015-01-02,Friday,7,1,2015,,,1,0,1,32627.821428571428
d_1436,41085,2015-01-03,Saturday,1,1,2015,,,1,1,1,32530.321428571428
d_1437,39647,2015-01-04,Sunday,2,1,2015,,,1,0,0,32427.464285714286
d_1438,34691,2015-01-05,Monday,3,1,2015,,,1,1,1,32483.785714285714
d_1439,32682,2015-01-06,Tuesday,4,1,2015,,,1,1,1,32484.321428571428
d_1440,29165,2015-01-07,Wednesday,5,1,2015,OrthodoxChristmas,Religious,1,1,0,32386.714285714286
d_1441,29029,2015-01-08,Thursday,6,1,2015,,,1,0,1,32490.785714285714
d_1442,34385,2015-01-09,Friday,7,1,2015,,,1,1,1,32522.321428571428
d_1443,43946,2015-01-10,Saturday,1,1,2015,,,1,0,0,32661.964285714286
d_1444,45066,2015-01-11,Sunday,2,1,2015,,,0,1,1,32771.25
d_1445,35574,2015-01-12,Monday,3,1,2015,,,0,1,1,32822.92857142857
d_1446,30324,2015-01-13,Tuesday,4,1,2015,,,0,1,0,32836.78571428572
d_1447,31059,2015-01-14,Wednesday,5,1,2015,,,0,0,1,32869.17857142857
d_1448,33063,2015-01-15,Thursday,6,1,2015,,,0,1,1,32894.03571428572
d_1449,34889,2015-01-16,Friday,7,1,2015,,,0,0,0,33074.57142857143
d_1450,45169,2015-01-17,Saturday,1,1,2015,,,0,0,0,33315.57142857143
d_1451,40724,2015-01-18,Sunday,2,1,2015,,,0,0,0,33395.42857142857
d_1452,34412,2015-01-19,Monday,3,1,2015,MartinLutherKingDay,National,0,0,0,33419.57142857143
d_1453,28363,2015-01-20,Tuesday,4,1,2015,,,0,0,0,33187.46428571428
d_1454,28109,2015-01-21,Wednesday,5,1,2015,,,0,0,0,33133.607142857145
d_1455,25795,2015-01-22,Thursday,6,1,2015,,,0,0,0,34054.142857142855
d_1456,32221,2015-01-23,Friday,7,1,2015,,,0,0,0,34029.57142857143
d_1457,42181,2015-01-24,Saturday,1,1,2015,,,0,0,0,34371.96428571428
d_1458,42623,2015-01-25,Sunday,2,1,2015,,,0,0,0,34755.142857142855
d_1459,30358,2015-01-26,Monday,3,1,2015,,,0,0,0,34768.28571428572
d_1460,27873,2015-01-27,Tuesday,4,1,2015,,,0,0,0,34713.142857142855
d_1461,28104,2015-01-28,Wednesday,5,1,2015,,,0,0,0,34522.21428571428
d_1462,28225,2015-01-29,Thursday,6,1,2015,,,0,0,0,34585.53571428572
d_1463,37440,2015-01-30,Friday,7,1,2015,,,0,0,0,34507.21428571428
d_1464,50828,2015-01-31,Saturday,1,1,2015,,,0,0,0,34855.17857142857
d_1465,40385,2015-02-01,Sunday,2,2,2015,SuperBowl,Sporting,1,1,0,34881.53571428572
d_1466,35006,2015-02-02,Monday,3,2,2015,,,1,0,1,34892.78571428572
d_1467,37405,2015-02-03,Tuesday,4,2,2015,,,1,1,1,35061.46428571428
d_1468,33992,2015-02-04,Wednesday,5,2,2015,,,1,0,0,35233.857142857145
d_1469,34647,2015-02-05,Thursday,6,2,2015,,,1,1,1,35434.5
d_1470,36809,2015-02-06,Friday,7,2,2015,,,1,1,1,35521.07142857143
d_1471,50836,2015-02-07,Saturday,1,2,2015,,,1,1,0,35767.142857142855
d_1472,49719,2015-02-08,Sunday,2,2,2015,,,1,0,1,35933.32142857143
d_1473,39170,2015-02-09,Monday,3,2,2015,,,1,1,1,36061.75
d_1474,35464,2015-02-10,Tuesday,4,2,2015,,,1,0,0,36245.32142857143
d_1475,35701,2015-02-11,Wednesday,5,2,2015,,,0,1,1,36411.107142857145
d_1476,38570,2015-02-12,Thursday,6,2,2015,,,0,1,1,36607.78571428572
d_1477,36936,2015-02-13,Friday,7,2,2015,,,0,1,0,36680.892857142855
d_1478,41614,2015-02-14,Saturday,1,2,2015,ValentinesDay,Cultural,0,0,1,36553.92857142857
d_1479,44007,2015-02-15,Sunday,2,2,2015,,,0,1,1,36671.17857142857
d_1480,37147,2015-02-16,Monday,3,2,2015,PresidentsDay,National,0,0,0,36768.857142857145
d_1481,30697,2015-02-17,Tuesday,4,2,2015,,,0,0,0,36852.21428571428
d_1482,28505,2015-02-18,Wednesday,5,2,2015,LentStart,Religious,0,0,0,36866.357142857145
d_1483,28808,2015-02-19,Thursday,6,2,2015,,,0,0,0,36973.96428571428
d_1484,33119,2015-02-20,Friday,7,2,2015,,,0,0,0,37006.03571428572
d_1485,42109,2015-02-21,Saturday,1,2,2015,,,0,0,0,37003.46428571428
d_1486,43759,2015-02-22,Sunday,2,2,2015,,,0,0,0,37044.03571428572
d_1487,31522,2015-02-23,Monday,3,2,2015,,,0,0,0,37085.607142857145
d_1488,29780,2015-02-24,Tuesday,4,2,2015,,,0,0,0,37153.71428571428
d_1489,29227,2015-02-25,Wednesday,5,2,2015,LentWeek2,Religious,0,0,0,37193.82142857143
d_1490,29223,2015-02-26,Thursday,6,2,2015,,,0,0,0,37229.46428571428
d_1491,33566,2015-02-27,Friday,7,2,2015,,,0,0,0,37091.107142857145
d_1492,44154,2015-02-28,Saturday,1,2,2015,,,0,0,0,36852.75
d_1493,45186,2015-03-01,Sunday,2,3,2015,,,1,1,0,37024.21428571428
d_1494,35398,2015-03-02,Monday,3,3,2015,,,1,0,1,37038.21428571428
d_1495,34387,2015-03-03,Tuesday,4,3,2015,,,1,1,1,36930.42857142857
d_1496,31774,2015-03-04,Wednesday,5,3,2015,,,1,0,0,36851.21428571428
d_1497,32819,2015-03-05,Thursday,6,3,2015,Purim End,Religious,1,1,1,36785.92857142857
d_1498,35937,2015-03-06,Friday,7,3,2015,,,1,1,1,36754.78571428572
d_1499,44229,2015-03-07,Saturday,1,3,2015,,,1,1,0,36518.82142857143
d_1500,47379,2015-03-08,Sunday,2,3,2015,,,1,0,1,36435.25
d_1501,36020,2015-03-09,Monday,3,3,2015,,,1,1,1,36322.75
d_1502,33597,2015-03-10,Tuesday,4,3,2015,,,1,0,0,36256.07142857143
d_1503,32891,2015-03-11,Wednesday,5,3,2015,,,0,1,1,36155.71428571428
d_1504,34391,2015-03-12,Thursday,6,3,2015,,,0,1,1,36006.46428571428
d_1505,36623,2015-03-13,Friday,7,3,2015,,,0,1,0,35995.28571428572
d_1506,44471,2015-03-14,Saturday,1,3,2015,,,0,0,1,36097.32142857143
d_1507,48827,2015-03-15,Sunday,2,3,2015,,,0,1,1,36269.46428571428
d_1508,35495,2015-03-16,Monday,3,3,2015,,,0,0,0,36210.46428571428
d_1509,31412,2015-03-17,Tuesday,4,3,2015,StPatricksDay,Cultural,0,0,0,36236.0
d_1510,29947,2015-03-18,Wednesday,5,3,2015,,,0,0,0,36287.5
d_1511,29369,2015-03-19,Thursday,6,3,2015,,,0,0,0,36307.53571428572
d_1512,32999,2015-03-20,Friday,7,3,2015,,,0,0,0,36303.25
d_1513,41982,2015-03-21,Saturday,1,3,2015,,,0,0,0,36298.71428571428
d_1514,44014,2015-03-22,Sunday,2,3,2015,,,0,0,0,36307.82142857143
d_1515,32338,2015-03-23,Monday,3,3,2015,,,0,0,0,36336.96428571428
d_1516,26841,2015-03-24,Tuesday,4,3,2015,,,0,0,0,36232.0
d_1517,31995,2015-03-25,Wednesday,5,3,2015,,,0,0,0,36330.857142857145
d_1518,29902,2015-03-26,Thursday,6,3,2015,,,0,0,0,36355.107142857145
d_1519,32535,2015-03-27,Friday,7,3,2015,,,0,0,0,36318.28571428572
d_1520,41531,2015-03-28,Saturday,1,3,2015,,,0,0,0,36224.607142857145
d_1521,42583,2015-03-29,Sunday,2,3,2015,,,0,0,0,36131.642857142855
d_1522,31899,2015-03-30,Monday,3,3,2015,,,0,0,0,36006.67857142857
d_1523,30956,2015-03-31,Tuesday,4,3,2015,,,0,0,0,35884.142857142855
d_1524,35060,2015-04-01,Wednesday,5,4,2015,,,1,1,0,36001.5
d_1525,33817,2015-04-02,Thursday,6,4,2015,,,1,0,1,36037.142857142855
d_1526,44108,2015-04-03,Friday,7,4,2015,,,1,1,1,36328.96428571428
d_1527,48419,2015-04-04,Saturday,1,4,2015,,,1,0,0,36478.607142857145
d_1528,41636,2015-04-05,Sunday,2,4,2015,Easter,Cultural,1,1,1,36273.5
d_1529,36215,2015-04-06,Monday,3,4,2015,,,1,1,1,36280.46428571428
d_1530,33911,2015-04-07,Tuesday,4,4,2015,,,1,1,0,36291.67857142857
d_1531,34149,2015-04-08,Wednesday,5,4,2015,,,1,0,1,36336.607142857145
d_1532,34437,2015-04-09,Thursday,6,4,2015,,,1,1,1,36338.25
d_1533,36853,2015-04-10,Friday,7,4,2015,,,1,0,0,36346.46428571428
d_1534,45272,2015-04-11,Saturday,1,4,2015,Pesach End,Religious,0,1,1,36375.07142857143
d_1535,47180,2015-04-12,Sunday,2,4,2015,OrthodoxEaster,Religious,0,1,1,36316.25
d_1536,34494,2015-04-13,Monday,3,4,2015,,,0,1,0,36280.5
d_1537,33597,2015-04-14,Tuesday,4,4,2015,,,0,0,1,36358.53571428572
d_1538,34690,2015-04-15,Wednesday,5,4,2015,,,0,1,1,36527.92857142857
d_1539,31431,2015-04-16,Thursday,6,4,2015,,,0,0,0,36601.57142857143
d_1540,33059,2015-04-17,Friday,7,4,2015,,,0,0,0,36603.71428571428
d_1541,42516,2015-04-18,Saturday,1,4,2015,,,0,0,0,36622.78571428572
d_1542,44359,2015-04-19,Sunday,2,4,2015,,,0,0,0,36635.107142857145
d_1543,33118,2015-04-20,Monday,3,4,2015,,,0,0,0,36662.96428571428
d_1544,30227,2015-04-21,Tuesday,4,4,2015,,,0,0,0,36783.892857142855
d_1545,30382,2015-04-22,Wednesday,5,4,2015,,,0,0,0,36726.28571428572
d_1546,30658,2015-04-23,Thursday,6,4,2015,,,0,0,0,36753.28571428572
d_1547,34423,2015-04-24,Friday,7,4,2015,,,0,0,0,36820.71428571428
d_1548,43598,2015-04-25,Saturday,1,4,2015,,,0,0,0,36894.53571428572
d_1549,43406,2015-04-26,Sunday,2,4,2015,,,0,0,0,36923.92857142857
d_1550,33444,2015-04-27,Monday,3,4,2015,,,0,0,0,36979.107142857145
d_1551,29750,2015-04-28,Tuesday,4,4,2015,,,0,0,0,36936.03571428572
d_1552,28667,2015-04-29,Wednesday,5,4,2015,,,0,0,0,36707.71428571428
d_1553,30553,2015-04-30,Thursday,6,4,2015,,,0,0,0,36591.142857142855
d_1554,40976,2015-05-01,Friday,7,5,2015,,,1,1,0,36479.28571428572
d_1555,47052,2015-05-02,Saturday,1,5,2015,,,1,0,1,36430.46428571428
d_1556,49102,2015-05-03,Sunday,2,5,2015,,,1,1,1,36697.107142857145
d_1557,38169,2015-05-04,Monday,3,5,2015,,,1,0,0,36766.892857142855
d_1558,35089,2015-05-05,Tuesday,4,5,2015,Cinco De Mayo,Cultural,1,1,1,36808.96428571428
d_1559,35296,2015-05-06,Wednesday,5,5,2015,,,1,1,1,36849.92857142857
d_1560,33321,2015-05-07,Thursday,6,5,2015,,,1,1,0,36810.07142857143
d_1561,37424,2015-05-08,Friday,7,5,2015,,,1,0,1,36830.46428571428
d_1562,47269,2015-05-09,Saturday,1,5,2015,,,1,1,1,36901.78571428572
d_1563,38030,2015-05-10,Sunday,2,5,2015,Mother's day,Cultural,1,0,0,36575.0
d_1564,37192,2015-05-11,Monday,3,5,2015,,,0,1,1,36671.357142857145
d_1565,35033,2015-05-12,Tuesday,4,5,2015,,,0,1,1,36722.642857142855
d_1566,33685,2015-05-13,Wednesday,5,5,2015,,,0,1,0,36686.75
d_1567,32054,2015-05-14,Thursday,6,5,2015,,,0,0,1,36709.0
d_1568,37764,2015-05-15,Friday,7,5,2015,,,0,1,1,36877.03571428572
d_1569,44336,2015-05-16,Saturday,1,5,2015,,,0,0,0,36942.03571428572
d_1570,44493,2015-05-17,Sunday,2,5,2015,,,0,0,0,36946.82142857143
d_1571,34296,2015-05-18,Monday,3,5,2015,,,0,0,0,36988.892857142855
d_1572,30671,2015-05-19,Tuesday,4,5,2015,,,0,0,0,37004.75
d_1573,31158,2015-05-20,Wednesday,5,5,2015,,,0,0,0,37032.46428571428
d_1574,30601,2015-05-21,Thursday,6,5,2015,,,0,0,0,37030.42857142857
d_1575,36267,2015-05-22,Friday,7,5,2015,,,0,0,0,37096.28571428572
d_1576,39975,2015-05-23,Saturday,1,5,2015,,,0,0,0,36966.892857142855
d_1577,37426,2015-05-24,Sunday,2,5,2015,,,0,0,0,36753.32142857143
d_1578,37817,2015-05-25,Monday,3,5,2015,MemorialDay,National,0,0,0,36909.5
d_1579,30879,2015-05-26,Tuesday,4,5,2015,,,0,0,0,36949.82142857143
d_1580,30097,2015-05-27,Wednesday,5,5,2015,,,0,0,0,37000.892857142855
d_1581,30216,2015-05-28,Thursday,6,5,2015,,,0,0,0,36988.857142857145
d_1582,32925,2015-05-29,Friday,7,5,2015,,,0,0,0,36701.32142857143
d_1583,40938,2015-05-30,Saturday,1,5,2015,,,0,0,0,36482.96428571428
d_1584,43463,2015-05-31,Sunday,2,5,2015,,,0,0,0,36281.57142857143
d_1585,38654,2015-06-01,Monday,3,6,2015,,,1,1,0,36298.892857142855
d_1586,37424,2015-06-02,Tuesday,4,6,2015,,,1,0,1,36382.28571428572
d_1587,37990,2015-06-03,Wednesday,5,6,2015,,,1,1,1,36478.5
d_1588,34922,2015-06-04,Thursday,6,6,2015,NBAFinalsStart,Sporting,1,0,0,36535.67857142857
d_1589,39889,2015-06-05,Friday,7,6,2015,,,1,1,1,36623.71428571428
d_1590,47507,2015-06-06,Saturday,1,6,2015,,,1,1,1,36632.21428571428
d_1591,48426,2015-06-07,Sunday,2,6,2015,,,1,1,0,37003.5
d_1592,39922,2015-06-08,Monday,3,6,2015,,,1,0,1,37101.0
d_1593,38184,2015-06-09,Tuesday,4,6,2015,,,1,1,1,37213.53571428572
d_1594,35176,2015-06-10,Wednesday,5,6,2015,,,1,0,0,37266.78571428572
d_1595,35585,2015-06-11,Thursday,6,6,2015,,,0,1,1,37392.892857142855
d_1596,40282,2015-06-12,Friday,7,6,2015,,,0,1,1,37482.82142857143
d_1597,44853,2015-06-13,Saturday,1,6,2015,,,0,1,0,37501.28571428572
d_1598,48981,2015-06-14,Sunday,2,6,2015,,,0,0,1,37661.57142857143
d_1599,47580,2015-06-15,Monday,3,6,2015,,,0,1,1,38136.0
d_1600,31698,2015-06-16,Tuesday,4,6,2015,NBAFinalsEnd,Sporting,0,0,0,38172.67857142857
d_1601,31478,2015-06-17,Wednesday,5,6,2015,,,0,0,0,38184.107142857145
d_1602,34425,2015-06-18,Thursday,6,6,2015,Ramadan starts,Religious,0,0,0,38320.67857142857
d_1603,37829,2015-06-19,Friday,7,6,2015,,,0,0,0,38376.46428571428
d_1604,44255,2015-06-20,Saturday,1,6,2015,,,0,0,0,38529.32142857143
d_1605,41413,2015-06-21,Sunday,2,6,2015,Father's day,Cultural,0,0,0,38671.71428571428
d_1606,34846,2015-06-22,Monday,3,6,2015,,,0,0,0,38565.607142857145
d_1607,33071,2015-06-23,Tuesday,4,6,2015,,,0,0,0,38643.892857142855
d_1608,31622,2015-06-24,Wednesday,5,6,2015,,,0,0,0,38698.357142857145
d_1609,32376,2015-06-25,Thursday,6,6,2015,,,0,0,0,38775.5
d_1610,35945,2015-06-26,Friday,7,6,2015,,,0,0,0,38883.357142857145
d_1611,42213,2015-06-27,Saturday,1,6,2015,,,0,0,0,38928.892857142855
d_1612,42946,2015-06-28,Sunday,2,6,2015,,,0,0,0,38910.42857142857
d_1613,33928,2015-06-29,Monday,3,6,2015,,,0,0,0,38741.642857142855
d_1614,32179,2015-06-30,Tuesday,4,6,2015,,,0,0,0,38554.32142857143
d_1615,38077,2015-07-01,Wednesday,5,7,2015,,,1,1,0,38557.42857142857
d_1616,41844,2015-07-02,Thursday,6,7,2015,,,1,0,1,38804.642857142855
d_1617,54154,2015-07-03,Friday,7,7,2015,,,1,1,1,39314.107142857145
d_1618,37489,2015-07-04,Saturday,1,7,2015,IndependenceDay,National,1,0,0,38956.32142857143
d_1619,43532,2015-07-05,Sunday,2,7,2015,,,1,1,1,38781.53571428572
d_1620,41538,2015-07-06,Monday,3,7,2015,,,1,1,1,38839.25
d_1621,37355,2015-07-07,Tuesday,4,7,2015,,,1,1,0,38809.642857142855
d_1622,36049,2015-07-08,Wednesday,5,7,2015,,,1,0,1,38840.82142857143
d_1623,38210,2015-07-09,Thursday,6,7,2015,,,1,1,1,38934.57142857143
d_1624,39895,2015-07-10,Friday,7,7,2015,,,1,0,0,38920.75
d_1625,47405,2015-07-11,Saturday,1,7,2015,,,0,1,1,39011.892857142855
d_1626,49594,2015-07-12,Sunday,2,7,2015,,,0,1,1,39033.78571428572
d_1627,39058,2015-07-13,Monday,3,7,2015,,,0,1,0,38729.42857142857
d_1628,36831,2015-07-14,Tuesday,4,7,2015,,,0,0,1,38912.75
d_1629,38095,2015-07-15,Wednesday,5,7,2015,,,0,1,1,39149.07142857143
d_1630,37478,2015-07-16,Thursday,6,7,2015,,,0,0,0,39258.107142857145
d_1631,41847,2015-07-17,Friday,7,7,2015,,,0,0,0,39401.607142857145
d_1632,45660,2015-07-18,Saturday,1,7,2015,Eid al-Fitr,Religious,0,0,0,39451.78571428572
d_1633,47784,2015-07-19,Sunday,2,7,2015,,,0,0,0,39679.32142857143
d_1634,37547,2015-07-20,Monday,3,7,2015,,,0,0,0,39775.78571428572
d_1635,34138,2015-07-21,Tuesday,4,7,2015,,,0,0,0,39813.892857142855
d_1636,33376,2015-07-22,Wednesday,5,7,2015,,,0,0,0,39876.53571428572
d_1637,34195,2015-07-23,Thursday,6,7,2015,,,0,0,0,39941.5
d_1638,38441,2015-07-24,Friday,7,7,2015,,,0,0,0,40030.642857142855
d_1639,42624,2015-07-25,Saturday,1,7,2015,,,0,0,0,40045.32142857143
d_1640,44192,2015-07-26,Sunday,2,7,2015,,,0,0,0,40089.82142857143
d_1641,36126,2015-07-27,Monday,3,7,2015,,,0,0,0,40168.32142857143
d_1642,32955,2015-07-28,Tuesday,4,7,2015,,,0,0,0,40196.03571428572
d_1643,31593,2015-07-29,Wednesday,5,7,2015,,,0,0,0,39964.46428571428
d_1644,33587,2015-07-30,Thursday,6,7,2015,,,0,0,0,39669.57142857143
d_1645,41478,2015-07-31,Friday,7,7,2015,,,0,0,0,39216.857142857145
d_1646,49150,2015-08-01,Saturday,1,8,2015,,,1,1,0,39633.32142857143
d_1647,51541,2015-08-02,Sunday,2,8,2015,,,1,0,1,39919.357142857145
d_1648,45257,2015-08-03,Monday,3,8,2015,,,1,1,1,40052.17857142857
d_1649,37658,2015-08-04,Tuesday,4,8,2015,,,1,0,0,40063.0
d_1650,38279,2015-08-05,Wednesday,5,8,2015,,,1,1,1,40142.642857142855
d_1651,37798,2015-08-06,Thursday,6,8,2015,,,1,1,1,40127.92857142857
d_1652,40137,2015-08-07,Friday,7,8,2015,,,1,1,0,40136.57142857143
d_1653,48104,2015-08-08,Saturday,1,8,2015,,,1,0,1,40161.53571428572
d_1654,51961,2015-08-09,Sunday,2,8,2015,,,1,1,1,40246.07142857143
d_1655,38324,2015-08-10,Monday,3,8,2015,,,1,0,0,40219.857142857145
d_1656,36449,2015-08-11,Tuesday,4,8,2015,,,0,1,1,40206.21428571428
d_1657,37351,2015-08-12,Wednesday,5,8,2015,,,0,1,1,40179.642857142855
d_1658,36055,2015-08-13,Thursday,6,8,2015,,,0,1,0,40128.82142857143
d_1659,40762,2015-08-14,Friday,7,8,2015,,,0,0,1,40090.07142857143
d_1660,48436,2015-08-15,Saturday,1,8,2015,,,0,1,1,40189.21428571428
d_1661,50540,2015-08-16,Sunday,2,8,2015,,,0,0,0,40287.642857142855
d_1662,39112,2015-08-17,Monday,3,8,2015,,,0,0,0,40343.53571428572
d_1663,35245,2015-08-18,Tuesday,4,8,2015,,,0,0,0,40383.07142857143
d_1664,33707,2015-08-19,Wednesday,5,8,2015,,,0,0,0,40394.892857142855
d_1665,32516,2015-08-20,Thursday,6,8,2015,,,0,0,0,40334.92857142857
d_1666,36963,2015-08-21,Friday,7,8,2015,,,0,0,0,40282.142857142855
d_1667,45080,2015-08-22,Saturday,1,8,2015,,,0,0,0,40369.857142857145
d_1668,47596,2015-08-23,Sunday,2,8,2015,,,0,0,0,40491.42857142857
d_1669,35093,2015-08-24,Monday,3,8,2015,,,0,0,0,40454.53571428572
d_1670,31295,2015-08-25,Tuesday,4,8,2015,,,0,0,0,40395.25
d_1671,31967,2015-08-26,Wednesday,5,8,2015,,,0,0,0,40408.607142857145
d_1672,32076,2015-08-27,Thursday,6,8,2015,,,0,0,0,40354.642857142855
d_1673,36251,2015-08-28,Friday,7,8,2015,,,0,0,0,40167.96428571428
d_1674,45236,2015-08-29,Saturday,1,8,2015,,,0,0,0,40028.17857142857
d_1675,48517,2015-08-30,Sunday,2,8,2015,,,0,0,0,39920.17857142857
d_1676,35885,2015-08-31,Monday,3,8,2015,,,0,0,0,39585.46428571428
d_1677,37955,2015-09-01,Tuesday,4,9,2015,,,1,1,0,39596.07142857143
d_1678,36590,2015-09-02,Wednesday,5,9,2015,,,1,0,1,39535.75
d_1679,39619,2015-09-03,Thursday,6,9,2015,,,1,1,1,39600.78571428572
d_1680,39270,2015-09-04,Friday,7,9,2015,,,1,0,0,39569.82142857143
d_1681,47487,2015-09-05,Saturday,1,9,2015,,,1,1,1,39547.78571428572
d_1682,45248,2015-09-06,Sunday,2,9,2015,,,1,1,1,39308.03571428572
d_1683,45762,2015-09-07,Monday,3,9,2015,LaborDay,National,1,1,0,39573.67857142857
d_1684,36169,2015-09-08,Tuesday,4,9,2015,,,1,0,1,39563.67857142857
d_1685,38102,2015-09-09,Wednesday,5,9,2015,,,1,1,1,39590.5
d_1686,35693,2015-09-10,Thursday,6,9,2015,,,1,0,0,39577.57142857143
d_1687,40286,2015-09-11,Friday,7,9,2015,,,0,1,1,39560.57142857143
d_1688,50103,2015-09-12,Saturday,1,9,2015,,,0,1,1,39620.107142857145
d_1689,51340,2015-09-13,Sunday,2,9,2015,,,0,1,0,39648.67857142857
d_1690,38071,2015-09-14,Monday,3,9,2015,,,0,0,1,39611.5
d_1691,37425,2015-09-15,Tuesday,4,9,2015,,,0,1,1,39689.357142857145
d_1692,33645,2015-09-16,Wednesday,5,9,2015,,,0,0,0,39687.142857142855
d_1693,33998,2015-09-17,Thursday,6,9,2015,,,0,0,0,39740.07142857143
d_1694,38689,2015-09-18,Friday,7,9,2015,,,0,0,0,39801.71428571428
d_1695,48279,2015-09-19,Saturday,1,9,2015,,,0,0,0,39915.96428571428
d_1696,49979,2015-09-20,Sunday,2,9,2015,,,0,0,0,40001.07142857143
d_1697,36145,2015-09-21,Monday,3,9,2015,,,0,0,0,40038.642857142855
d_1698,33518,2015-09-22,Tuesday,4,9,2015,,,0,0,0,40118.03571428572
d_1699,33497,2015-09-23,Wednesday,5,9,2015,,,0,0,0,40172.67857142857
d_1700,32967,2015-09-24,Thursday,6,9,2015,EidAlAdha,Religious,0,0,0,40204.5
d_1701,38680,2015-09-25,Friday,7,9,2015,,,0,0,0,40291.25
d_1702,46636,2015-09-26,Saturday,1,9,2015,,,0,0,0,40341.25
d_1703,47613,2015-09-27,Sunday,2,9,2015,,,0,0,0,40308.96428571428
d_1704,34262,2015-09-28,Monday,3,9,2015,,,0,0,0,40251.0
d_1705,30615,2015-09-29,Tuesday,4,9,2015,,,0,0,0,39988.857142857145
d_1706,31270,2015-09-30,Wednesday,5,9,2015,,,0,0,0,39798.857142857145
d_1707,37677,2015-10-01,Thursday,6,10,2015,,,1,1,0,39729.5
d_1708,44376,2015-10-02,Friday,7,10,2015,,,1,0,1,39911.857142857145
d_1709,54687,2015-10-03,Saturday,1,10,2015,,,1,1,1,40169.0
d_1710,52895,2015-10-04,Sunday,2,10,2015,,,1,0,0,40442.107142857145
d_1711,42474,2015-10-05,Monday,3,10,2015,,,1,1,1,40324.67857142857
d_1712,38855,2015-10-06,Tuesday,4,10,2015,,,1,1,1,40420.607142857145
d_1713,35887,2015-10-07,Wednesday,5,10,2015,,,1,1,0,40341.5
d_1714,37819,2015-10-08,Thursday,6,10,2015,,,1,0,1,40417.42857142857
d_1715,43595,2015-10-09,Friday,7,10,2015,,,1,1,1,40535.607142857145
d_1716,48787,2015-10-10,Saturday,1,10,2015,,,1,0,0,40488.607142857145
d_1717,49704,2015-10-11,Sunday,2,10,2015,,,0,1,1,40430.17857142857
d_1718,42240,2015-10-12,Monday,3,10,2015,ColumbusDay,National,0,1,1,40579.07142857143
d_1719,35681,2015-10-13,Tuesday,4,10,2015,,,0,1,0,40516.78571428572
d_1720,34248,2015-10-14,Wednesday,5,10,2015,,,0,0,1,40538.32142857143
d_1721,36353,2015-10-15,Thursday,6,10,2015,,,0,1,1,40622.42857142857
d_1722,38422,2015-10-16,Friday,7,10,2015,,,0,0,0,40612.892857142855
d_1723,47813,2015-10-17,Saturday,1,10,2015,,,0,0,0,40596.25
d_1724,48964,2015-10-18,Sunday,2,10,2015,,,0,0,0,40560.0
d_1725,35302,2015-10-19,Monday,3,10,2015,,,0,0,0,40529.892857142855
d_1726,33104,2015-10-20,Tuesday,4,10,2015,,,0,0,0,40515.107142857145
d_1727,32411,2015-10-21,Wednesday,5,10,2015,,,0,0,0,40476.32142857143
d_1728,32770,2015-10-22,Thursday,6,10,2015,,,0,0,0,40469.28571428572
d_1729,38021,2015-10-23,Friday,7,10,2015,,,0,0,0,40445.75
d_1730,45006,2015-10-24,Saturday,1,10,2015,,,0,0,0,40387.53571428572
d_1731,46179,2015-10-25,Sunday,2,10,2015,,,0,0,0,40336.32142857143
d_1732,35092,2015-10-26,Monday,3,10,2015,,,0,0,0,40365.96428571428
d_1733,32319,2015-10-27,Tuesday,4,10,2015,,,0,0,0,40426.82142857143
d_1734,31267,2015-10-28,Wednesday,5,10,2015,,,0,0,0,40426.71428571428
d_1735,33232,2015-10-29,Thursday,6,10,2015,,,0,0,0,40267.96428571428
d_1736,40514,2015-10-30,Friday,7,10,2015,,,0,0,0,40130.03571428572
d_1737,42743,2015-10-31,Saturday,1,10,2015,Halloween,Cultural,0,0,0,39703.46428571428
d_1738,46994,2015-11-01,Sunday,2,11,2015,,,1,1,0,39492.71428571428
d_1739,36457,2015-11-02,Monday,3,11,2015,,,1,0,1,39277.82142857143
d_1740,37997,2015-11-03,Tuesday,4,11,2015,,,1,1,1,39247.17857142857
d_1741,32102,2015-11-04,Wednesday,5,11,2015,,,1,0,0,39112.0
d_1742,34675,2015-11-05,Thursday,6,11,2015,,,1,1,1,38999.71428571428
d_1743,39621,2015-11-06,Friday,7,11,2015,,,1,1,1,38857.78571428572
d_1744,47341,2015-11-07,Saturday,1,11,2015,,,1,1,0,38806.142857142855
d_1745,48411,2015-11-08,Sunday,2,11,2015,,,1,0,1,38759.96428571428
d_1746,36915,2015-11-09,Monday,3,11,2015,,,1,1,1,38569.78571428572
d_1747,33374,2015-11-10,Tuesday,4,11,2015,,,1,0,0,38487.392857142855
d_1748,33338,2015-11-11,Wednesday,5,11,2015,VeteransDay,National,0,1,1,38454.892857142855
d_1749,33242,2015-11-12,Thursday,6,11,2015,,,0,1,1,38343.78571428572
d_1750,36195,2015-11-13,Friday,7,11,2015,,,0,1,0,38264.25
d_1751,47342,2015-11-14,Saturday,1,11,2015,,,0,0,1,38247.42857142857
d_1752,49755,2015-11-15,Sunday,2,11,2015,,,0,1,1,38275.67857142857
d_1753,35735,2015-11-16,Monday,3,11,2015,,,0,0,0,38291.142857142855
d_1754,29174,2015-11-17,Tuesday,4,11,2015,,,0,0,0,38150.78571428572
d_1755,32160,2015-11-18,Wednesday,5,11,2015,,,0,0,0,38141.82142857143
d_1756,32365,2015-11-19,Thursday,6,11,2015,,,0,0,0,38127.357142857145
d_1757,38357,2015-11-20,Friday,7,11,2015,,,0,0,0,38139.357142857145
d_1758,42793,2015-11-21,Saturday,1,11,2015,,,0,0,0,38060.32142857143
d_1759,44925,2015-11-22,Sunday,2,11,2015,,,0,0,0,38015.53571428572
d_1760,35140,2015-11-23,Monday,3,11,2015,,,0,0,0,38017.25
d_1761,34222,2015-11-24,Tuesday,4,11,2015,,,0,0,0,38085.21428571428
d_1762,40124,2015-11-25,Wednesday,5,11,2015,,,0,0,0,38401.53571428572
d_1763,23631,2015-11-26,Thursday,6,11,2015,Thanksgiving,National,0,0,0,38058.642857142855
d_1764,27581,2015-11-27,Friday,7,11,2015,,,0,0,0,37596.75
d_1765,34212,2015-11-28,Saturday,1,11,2015,,,0,0,0,37292.07142857143
d_1766,37782,2015-11-29,Sunday,2,11,2015,,,0,0,0,36963.07142857143
d_1767,32016,2015-11-30,Monday,3,11,2015,,,0,0,0,36804.46428571428
d_1768,34818,2015-12-01,Tuesday,4,12,2015,,,1,1,0,36690.92857142857
d_1769,33732,2015-12-02,Wednesday,5,12,2015,,,1,0,1,36749.142857142855
d_1770,38029,2015-12-03,Thursday,6,12,2015,,,1,1,1,36868.92857142857
d_1771,38187,2015-12-04,Friday,7,12,2015,,,1,0,0,36817.71428571428
d_1772,47025,2015-12-05,Saturday,1,12,2015,,,1,1,1,36806.42857142857
d_1773,48415,2015-12-06,Sunday,2,12,2015,,,1,1,1,36806.57142857143
d_1774,35408,2015-12-07,Monday,3,12,2015,,,1,1,0,36752.75
d_1775,32913,2015-12-08,Tuesday,4,12,2015,,,1,0,1,36736.28571428572
d_1776,33690,2015-12-09,Wednesday,5,12,2015,,,1,1,1,36748.857142857145
d_1777,32159,2015-12-10,Thursday,6,12,2015,,,1,0,0,36710.17857142857
d_1778,36343,2015-12-11,Friday,7,12,2015,,,0,1,1,36715.46428571428
d_1779,45975,2015-12-12,Saturday,1,12,2015,,,0,1,1,36666.642857142855
d_1780,45133,2015-12-13,Sunday,2,12,2015,,,0,1,0,36501.57142857143
d_1781,37522,2015-12-14,Monday,3,12,2015,Chanukah End,Religious,0,0,1,36565.392857142855
d_1782,36130,2015-12-15,Tuesday,4,12,2015,,,0,1,1,36813.82142857143
d_1783,34123,2015-12-16,Wednesday,5,12,2015,,,0,0,0,36883.92857142857
d_1784,35454,2015-12-17,Thursday,6,12,2015,,,0,0,0,36994.25
d_1785,34756,2015-12-18,Friday,7,12,2015,,,0,0,0,36865.642857142855
d_1786,43488,2015-12-19,Saturday,1,12,2015,,,0,0,0,36890.46428571428
d_1787,43011,2015-12-20,Sunday,2,12,2015,,,0,0,0,36822.107142857145
d_1788,35522,2015-12-21,Monday,3,12,2015,,,0,0,0,36835.75
d_1789,36612,2015-12-22,Tuesday,4,12,2015,,,0,0,0,36921.107142857145
d_1790,38752,2015-12-23,Wednesday,5,12,2015,,,0,0,0,36872.107142857145
d_1791,36227,2015-12-24,Thursday,6,12,2015,,,0,0,0,37321.96428571428
d_1792,14,2015-12-25,Friday,7,12,2015,Christmas,National,0,0,0,36337.42857142857
d_1793,38377,2015-12-26,Saturday,1,12,2015,,,0,0,0,36486.17857142857
d_1794,35378,2015-12-27,Sunday,2,12,2015,,,0,0,0,36400.32142857143
d_1795,29964,2015-12-28,Monday,3,12,2015,,,0,0,0,36327.03571428572
d_1796,31893,2015-12-29,Tuesday,4,12,2015,,,0,0,0,36222.57142857143
d_1797,34127,2015-12-30,Wednesday,5,12,2015,,,0,0,0,36236.67857142857
d_1798,43059,2015-12-31,Thursday,6,12,2015,,,0,0,0,36416.32142857143
d_1799,32651,2016-01-01,Friday,7,1,2016,NewYear,National,1,1,0,36218.607142857145
d_1800,44737,2016-01-02,Saturday,1,1,2016,,,1,0,1,36136.892857142855
d_1801,44340,2016-01-03,Sunday,2,1,2016,,,1,1,1,35991.357142857145
d_1802,36693,2016-01-04,Monday,3,1,2016,,,1,0,0,36037.25
d_1803,35306,2016-01-05,Tuesday,4,1,2016,,,1,1,1,36122.71428571428
d_1804,32685,2016-01-06,Wednesday,5,1,2016,,,1,1,1,36086.82142857143
d_1805,35944,2016-01-07,Thursday,6,1,2016,OrthodoxChristmas,Religious,1,1,0,36222.0
d_1806,38936,2016-01-08,Friday,7,1,2016,,,1,0,1,36314.607142857145
d_1807,52880,2016-01-09,Saturday,1,1,2016,,,1,1,1,36561.21428571428
d_1808,47369,2016-01-10,Sunday,2,1,2016,,,1,0,0,36641.07142857143
d_1809,37986,2016-01-11,Monday,3,1,2016,,,0,1,1,36657.642857142855
d_1810,35122,2016-01-12,Tuesday,4,1,2016,,,0,1,1,36621.642857142855
d_1811,32231,2016-01-13,Wednesday,5,1,2016,,,0,1,0,36554.07142857143
d_1812,35856,2016-01-14,Thursday,6,1,2016,,,0,0,1,36568.42857142857
d_1813,41790,2016-01-15,Friday,7,1,2016,,,0,1,1,36819.642857142855
d_1814,51146,2016-01-16,Saturday,1,1,2016,,,0,0,0,37093.142857142855
d_1815,45533,2016-01-17,Sunday,2,1,2016,,,0,0,0,37183.21428571428
d_1816,38340,2016-01-18,Monday,3,1,2016,MartinLutherKingDay,National,0,0,0,37283.857142857145
d_1817,31988,2016-01-19,Tuesday,4,1,2016,,,0,0,0,37118.71428571428
d_1818,32684,2016-01-20,Wednesday,5,1,2016,,,0,0,0,36902.0
d_1819,31779,2016-01-21,Thursday,6,1,2016,,,0,0,0,36743.142857142855
d_1820,36307,2016-01-22,Friday,7,1,2016,,,0,0,0,38039.32142857143
d_1821,48927,2016-01-23,Saturday,1,1,2016,,,0,0,0,38416.107142857145
d_1822,47832,2016-01-24,Sunday,2,1,2016,,,0,0,0,38860.892857142855
d_1823,34389,2016-01-25,Monday,3,1,2016,,,0,0,0,39018.92857142857
d_1824,30446,2016-01-26,Tuesday,4,1,2016,,,0,0,0,38967.25
d_1825,31349,2016-01-27,Wednesday,5,1,2016,,,0,0,0,38868.03571428572
d_1826,32466,2016-01-28,Thursday,6,1,2016,,,0,0,0,38489.71428571428
d_1827,37639,2016-01-29,Friday,7,1,2016,,,0,0,0,38667.857142857145
d_1828,49104,2016-01-30,Saturday,1,1,2016,,,0,0,0,38823.82142857143
d_1829,50831,2016-01-31,Sunday,2,1,2016,,,0,0,0,39055.642857142855
d_1830,41714,2016-02-01,Monday,3,2,2016,,,1,1,0,39234.96428571428
d_1831,34928,2016-02-02,Tuesday,4,2,2016,,,1,0,1,39221.46428571428
d_1832,39340,2016-02-03,Wednesday,5,2,2016,,,1,1,1,39459.142857142855
d_1833,35424,2016-02-04,Thursday,6,2,2016,,,1,0,0,39440.57142857143
d_1834,40193,2016-02-05,Friday,7,2,2016,,,1,1,1,39485.46428571428
d_1835,55040,2016-02-06,Saturday,1,2,2016,,,1,1,1,39562.607142857145
d_1836,46893,2016-02-07,Sunday,2,2,2016,SuperBowl,Sporting,1,1,0,39545.607142857145
d_1837,36804,2016-02-08,Monday,3,2,2016,,,1,0,1,39503.392857142855
d_1838,38513,2016-02-09,Tuesday,4,2,2016,,,1,1,1,39624.5
d_1839,39353,2016-02-10,Wednesday,5,2,2016,LentStart,Religious,1,0,0,39878.857142857145
d_1840,44584,2016-02-11,Thursday,6,2,2016,,,0,1,1,40190.57142857143
d_1841,44222,2016-02-12,Friday,7,2,2016,,,0,1,1,40277.42857142857
d_1842,53715,2016-02-13,Saturday,1,2,2016,,,0,1,0,40369.17857142857
d_1843,48337,2016-02-14,Sunday,2,2,2016,ValentinesDay,Cultural,0,0,1,40469.32142857143
d_1844,46152,2016-02-15,Monday,3,2,2016,PresidentsDay,National,0,1,1,40748.32142857143
d_1845,37702,2016-02-16,Tuesday,4,2,2016,,,0,0,0,40952.392857142855
d_1846,36545,2016-02-17,Wednesday,5,2,2016,LentWeek2,Religious,0,0,0,41090.28571428572
d_1847,36436,2016-02-18,Thursday,6,2,2016,,,0,0,0,41256.607142857145
d_1848,40392,2016-02-19,Friday,7,2,2016,,,0,0,0,41402.5
d_1849,50857,2016-02-20,Saturday,1,2,2016,,,0,0,0,41471.42857142857
d_1850,52081,2016-02-21,Sunday,2,2,2016,,,0,0,0,41623.17857142857
d_1851,37328,2016-02-22,Monday,3,2,2016,,,0,0,0,41728.142857142855
d_1852,33981,2016-02-23,Tuesday,4,2,2016,,,0,0,0,41854.392857142855
d_1853,34068,2016-02-24,Wednesday,5,2,2016,,,0,0,0,41951.5
d_1854,34615,2016-02-25,Thursday,6,2,2016,,,0,0,0,42028.25
d_1855,37649,2016-02-26,Friday,7,2,2016,,,0,0,0,42028.607142857145
d_1856,47887,2016-02-27,Saturday,1,2,2016,,,0,0,0,41985.142857142855
d_1857,50915,2016-02-28,Sunday,2,2,2016,,,0,0,0,41988.142857142855
d_1858,37259,2016-02-29,Monday,3,2,2016,,,0,0,0,41829.03571428572
d_1859,36536,2016-03-01,Tuesday,4,3,2016,,,1,1,0,41886.46428571428
d_1860,38458,2016-03-02,Wednesday,5,3,2016,,,1,0,1,41854.96428571428
d_1861,41459,2016-03-03,Thursday,6,3,2016,,,1,1,1,42070.5
d_1862,39325,2016-03-04,Friday,7,3,2016,,,1,0,0,42039.5
d_1863,52322,2016-03-05,Saturday,1,3,2016,,,1,1,1,41942.42857142857
d_1864,57218,2016-03-06,Sunday,2,3,2016,,,1,1,1,42311.17857142857
d_1865,40562,2016-03-07,Monday,3,3,2016,,,1,1,0,42445.392857142855
d_1866,37727,2016-03-08,Tuesday,4,3,2016,,,1,0,1,42417.32142857143
d_1867,37032,2016-03-09,Wednesday,5,3,2016,,,1,1,1,42334.42857142857
d_1868,38267,2016-03-10,Thursday,6,3,2016,,,1,0,0,42108.82142857143
d_1869,40887,2016-03-11,Friday,7,3,2016,,,0,1,1,41989.71428571428
d_1870,52711,2016-03-12,Saturday,1,3,2016,,,0,1,1,41953.857142857145
d_1871,51421,2016-03-13,Sunday,2,3,2016,,,0,1,0,42064.0
d_1872,42035,2016-03-14,Monday,3,3,2016,,,0,0,1,41916.96428571428
d_1873,40117,2016-03-15,Tuesday,4,3,2016,,,0,1,1,42003.21428571428
d_1874,36606,2016-03-16,Wednesday,5,3,2016,,,0,0,0,42005.392857142855
d_1875,35009,2016-03-17,Thursday,6,3,2016,StPatricksDay,Cultural,0,0,0,41954.42857142857
d_1876,39652,2016-03-18,Friday,7,3,2016,,,0,0,0,41928.0
d_1877,46181,2016-03-19,Saturday,1,3,2016,,,0,0,0,41761.0
d_1878,47825,2016-03-20,Sunday,2,3,2016,,,0,0,0,41609.0
d_1879,37360,2016-03-21,Monday,3,3,2016,,,0,0,0,41610.142857142855
d_1880,35475,2016-03-22,Tuesday,4,3,2016,,,0,0,0,41663.5
d_1881,34786,2016-03-23,Wednesday,5,3,2016,,,0,0,0,41689.142857142855
d_1882,34003,2016-03-24,Thursday,6,3,2016,Purim End,Religious,0,0,0,41667.28571428572
d_1883,45611,2016-03-25,Friday,7,3,2016,,,0,0,0,41951.642857142855
d_1884,53863,2016-03-26,Saturday,1,3,2016,,,0,0,0,42165.07142857143
d_1885,46360,2016-03-27,Sunday,2,3,2016,Easter,Cultural,0,0,0,42002.392857142855
d_1886,36041,2016-03-28,Monday,3,3,2016,,,0,0,0,41958.892857142855
d_1887,33857,2016-03-29,Tuesday,4,3,2016,,,0,0,0,41863.21428571428
d_1888,32359,2016-03-30,Wednesday,5,3,2016,,,0,0,0,41645.392857142855
d_1889,34681,2016-03-31,Thursday,6,3,2016,,,0,0,0,41403.32142857143
d_1890,45536,2016-04-01,Friday,7,4,2016,,,1,1,0,41625.142857142855
d_1891,52672,2016-04-02,Saturday,1,4,2016,,,1,0,1,41637.642857142855
d_1892,56425,2016-04-03,Sunday,2,4,2016,,,1,1,1,41609.32142857143
d_1893,40418,2016-04-04,Monday,3,4,2016,,,1,0,0,41604.17857142857
d_1894,39683,2016-04-05,Tuesday,4,4,2016,,,1,1,1,41674.03571428572
d_1895,39134,2016-04-06,Wednesday,5,4,2016,,,1,1,1,41749.107142857145
d_1896,38116,2016-04-07,Thursday,6,4,2016,,,1,1,0,41743.71428571428
d_1897,43220,2016-04-08,Friday,7,4,2016,,,1,0,1,41827.03571428572
d_1898,56340,2016-04-09,Saturday,1,4,2016,,,1,1,1,41956.642857142855
d_1899,53856,2016-04-10,Sunday,2,4,2016,,,1,0,0,42043.607142857145
d_1900,42427,2016-04-11,Monday,3,4,2016,,,0,1,1,42057.607142857145
d_1901,39069,2016-04-12,Tuesday,4,4,2016,,,0,1,1,42020.17857142857
d_1902,35193,2016-04-13,Wednesday,5,4,2016,,,0,1,0,41969.71428571428
d_1903,37529,2016-04-14,Thursday,6,4,2016,,,0,0,1,42059.71428571428
d_1904,41789,2016-04-15,Friday,7,4,2016,,,0,1,1,42136.03571428572
d_1905,48362,2016-04-16,Saturday,1,4,2016,,,0,0,0,42213.92857142857
d_1906,51640,2016-04-17,Sunday,2,4,2016,,,0,0,0,42350.17857142857
d_1907,38059,2016-04-18,Monday,3,4,2016,,,0,0,0,42375.142857142855
d_1908,37570,2016-04-19,Tuesday,4,4,2016,,,0,0,0,42449.96428571428
d_1909,35343,2016-04-20,Wednesday,5,4,2016,,,0,0,0,42469.857142857145
d_1910,35033,2016-04-21,Thursday,6,4,2016,,,0,0,0,42506.642857142855
d_1911,40517,2016-04-22,Friday,7,4,2016,,,0,0,0,42324.71428571428
d_1912,48962,2016-04-23,Saturday,1,4,2016,,,0,0,0,42149.67857142857
d_1913,49795,2016-04-24,Sunday,2,4,2016,,,0,0,0,42272.357142857145
d_1914,38793,2016-04-25,Monday,3,4,2016,,,0,0,0,42370.642857142855
d_1915,35487,2016-04-26,Tuesday,4,4,2016,,,0,0,0,42428.857142857145
d_1916,34445,2016-04-27,Wednesday,5,4,2016,,,0,0,0,42503.357142857145
d_1917,34732,2016-04-28,Thursday,6,4,2016,,,0,0,0,42505.17857142857
d_1918,42896,2016-04-29,Friday,7,4,2016,,,0,0,0,42410.892857142855
d_1919,50429,2016-04-30,Saturday,1,4,2016,Pesach End,Religious,0,0,0,42330.78571428572
d_1920,53032,2016-05-01,Sunday,2,5,2016,OrthodoxEaster,Religious,1,1,0,42209.607142857145
d_1921,43181,2016-05-02,Monday,3,5,2016,,,1,0,1,42308.28571428572
d_1922,44314,2016-05-03,Tuesday,4,5,2016,,,1,1,1,42473.67857142857
d_1923,39601,2016-05-04,Wednesday,5,5,2016,,,1,0,0,42490.357142857145
d_1924,40763,2016-05-05,Thursday,6,5,2016,Cinco De Mayo,Cultural,1,1,1,42584.892857142855
d_1925,43805,2016-05-06,Friday,7,5,2016,,,1,1,1,42605.78571428572
d_1926,54239,2016-05-07,Saturday,1,5,2016,,,1,1,0,42530.75
d_1927,45609,2016-05-08,Sunday,2,5,2016,Mother's day,Cultural,1,0,1,42236.21428571428
d_1928,46400,2016-05-09,Monday,3,5,2016,,,1,1,1,42378.107142857145
d_1929,39379,2016-05-10,Tuesday,4,5,2016,,,1,0,0,42389.17857142857
d_1930,42248,2016-05-11,Wednesday,5,5,2016,,,0,1,1,42641.142857142855
d_1931,40503,2016-05-12,Thursday,6,5,2016,,,0,1,1,42747.357142857145
d_1932,44073,2016-05-13,Friday,7,5,2016,,,0,1,0,42828.92857142857
d_1933,54308,2016-05-14,Saturday,1,5,2016,,,0,0,1,43041.28571428572
d_1934,59921,2016-05-15,Sunday,2,5,2016,,,0,1,1,43337.03571428572
d_1935,42362,2016-05-16,Monday,3,5,2016,,,0,0,0,43490.71428571428
d_1936,38777,2016-05-17,Tuesday,4,5,2016,,,0,0,0,43533.82142857143
d_1937,37096,2016-05-18,Wednesday,5,5,2016,,,0,0,0,43596.42857142857
d_1938,36963,2016-05-19,Thursday,6,5,2016,,,0,0,0,43665.357142857145
d_1939,42552,2016-05-20,Friday,7,5,2016,,,0,0,0,43738.03571428572
d_1940,51518,2016-05-21,Saturday,1,5,2016,,,0,0,0,43829.32142857143
d_1941,54338,2016-05-22,Sunday,2,5,2016,,,0,0,0,43991.57142857143
