d,CA,TX,WI,date,CA_rolling_28,TX_rolling_28,WI_rolling_28
d_1,14195,9438,8998,2011-01-29,,,
d_2,13805,9630,8314,2011-01-30,,,
d_3,10108,6778,6897,2011-01-31,,,
d_4,11047,7381,6984,2011-02-01,,,
d_5,9925,5912,3309,2011-02-02,,,
d_6,11322,9006,8883,2011-02-03,,,
d_7,12251,6226,9533,2011-02-04,,,
d_8,16610,9440,11882,2011-02-05,,,
d_9,14696,9376,8664,2011-02-06,,,
d_10,11822,7319,6431,2011-02-07,,,
d_11,10933,6224,5914,2011-02-08,,,
d_12,10350,6740,6568,2011-02-09,,,
d_13,11204,6109,6443,2011-02-10,,,
d_14,11354,7202,7889,2011-02-11,,,
d_15,14610,10081,10142,2011-02-12,,,
d_16,15630,11725,9025,2011-02-13,,,
d_17,9044,6719,6041,2011-02-14,,,
d_18,9496,7460,7114,2011-02-15,,,
d_19,8844,6606,5993,2011-02-16,,,
d_20,7835,6412,6071,2011-02-17,,,
d_21,10025,6711,6985,2011-02-18,,,
d_22,13870,9150,8669,2011-02-19,,,
d_23,13465,9789,6029,2011-02-20,,,
d_24,11997,7297,4672,2011-02-21,,,
d_25,9130,6628,4743,2011-02-22,,,
d_26,8941,5814,6002,2011-02-23,,,
d_27,8514,6175,5588,2011-02-24,,,
d_28,9847,6286,6396,2011-02-25,11459.642857142857,7629.785714285715,7149.25
d_29,13652,8586,7670,2011-02-26,11440.25,7599.357142857143,7101.821428571428
d_30,12491,9086,7130,2011-02-27,11393.32142857143,7579.928571428572,7059.535714285715
d_31,9196,6555,5489,2011-02-28,11360.75,7571.964285714285,7009.25
d_32,9782,7082,6008,2011-03-01,11315.57142857143,7561.285714285715,6974.392857142857
d_33,9537,6145,6364,2011-03-02,11301.714285714286,7569.607142857143,7083.5
d_34,9710,6639,7126,2011-03-03,11244.142857142857,7485.071428571428,7020.75
d_35,10444,6584,6544,2011-03-04,11179.607142857143,7497.857142857143,6914.0
d_36,13784,9238,8180,2011-03-05,11078.67857142857,7490.642857142857,6781.785714285715
d_37,16057,10423,8396,2011-03-06,11127.285714285714,7528.035714285715,6772.214285714285
d_38,10953,7623,5986,2011-03-07,11096.25,7538.892857142857,6756.321428571428
d_39,10299,6335,6118,2011-03-08,11073.607142857143,7542.857142857143,6763.607142857143
d_40,9951,6941,5668,2011-03-09,11059.357142857143,7550.035714285715,6731.464285714285
d_41,10012,6339,6275,2011-03-10,11016.785714285714,7558.25,6725.464285714285
d_42,11189,7203,7180,2011-03-11,11010.892857142857,7558.285714285715,6700.142857142857
d_43,13710,9271,9244,2011-03-12,10978.75,7529.357142857143,6668.071428571428
d_44,14340,9542,7535,2011-03-13,10932.67857142857,7451.392857142857,6614.857142857143
d_45,10722,7745,6468,2011-03-14,10992.607142857143,7488.035714285715,6630.107142857143
d_46,9293,7834,6894,2011-03-15,10985.357142857143,7501.392857142857,6622.25
d_47,9752,6768,6245,2011-03-16,11017.785714285714,7507.178571428572,6631.25
d_48,9504,6759,5516,2011-03-17,11077.392857142857,7519.571428571428,6611.428571428572
d_49,10030,7131,6694,2011-03-18,11077.57142857143,7534.571428571428,6601.035714285715
d_50,14509,8203,7887,2011-03-19,11100.392857142857,7500.75,6573.107142857143
d_51,14112,8992,6539,2011-03-20,11123.5,7472.285714285715,6591.321428571428
d_52,10255,7075,5771,2011-03-21,11061.285714285714,7464.357142857143,6630.571428571428
d_53,9383,6086,5023,2011-03-22,11070.32142857143,7445.0,6640.571428571428
d_54,8490,5914,4826,2011-03-23,11054.214285714286,7448.571428571428,6598.571428571428
d_55,7889,5898,5067,2011-03-24,11031.892857142857,7438.678571428572,6579.964285714285
d_56,11011,6249,6090,2011-03-25,11073.464285714286,7437.357142857143,6569.035714285715
d_57,13816,8072,7732,2011-03-26,11079.32142857143,7419.0,6571.25
d_58,13661,9434,6771,2011-03-27,11121.107142857143,7431.428571428572,6558.428571428572
d_59,9997,6429,5023,2011-03-28,11149.714285714286,7426.928571428572,6541.785714285715
d_60,8516,5728,5337,2011-03-29,11104.5,7378.571428571428,6517.821428571428
d_61,8911,5384,4633,2011-03-30,11082.142857142857,7351.392857142857,6456.0
d_62,10059,6096,5587,2011-03-31,11094.607142857143,7332.0,6401.035714285715
d_63,12827,7992,7490,2011-04-01,11179.714285714286,7382.285714285715,6434.821428571428
d_64,14791,9134,9553,2011-04-02,11215.67857142857,7378.571428571428,6483.857142857143
d_65,15341,9863,7854,2011-04-03,11190.107142857143,7358.571428571428,6464.5
d_66,12356,6648,5848,2011-04-04,11240.214285714286,7323.75,6459.571428571428
d_67,10497,6743,6341,2011-04-05,11247.285714285714,7338.321428571428,6467.535714285715
d_68,10101,6689,5866,2011-04-06,11252.642857142857,7329.321428571428,6474.607142857143
d_69,10575,7201,5125,2011-04-07,11272.75,7360.107142857143,6433.535714285715
d_70,10971,6797,6986,2011-04-08,11264.964285714286,7345.607142857143,6426.607142857143
d_71,14064,9025,8656,2011-04-09,11277.607142857143,7336.821428571428,6405.607142857143
d_72,15291,9648,6597,2011-04-10,11311.57142857143,7340.607142857143,6372.107142857143
d_73,11098,7555,6176,2011-04-11,11325.0,7333.821428571428,6361.678571428572
d_74,9181,7302,6735,2011-04-12,11321.0,7314.821428571428,6356.0
d_75,8853,7202,5556,2011-04-13,11288.892857142857,7330.321428571428,6331.392857142857
d_76,9430,6338,6196,2011-04-14,11286.25,7315.285714285715,6355.678571428572
d_77,10922,7749,6811,2011-04-15,11318.107142857143,7337.357142857143,6359.857142857143
d_78,12809,8573,7852,2011-04-16,11257.392857142857,7350.571428571428,6358.607142857143
d_79,13894,9248,6645,2011-04-17,11249.607142857143,7359.714285714285,6362.392857142857
d_80,9955,7218,5216,2011-04-18,11238.892857142857,7364.821428571428,6342.571428571428
d_81,8930,6133,4411,2011-04-19,11222.714285714286,7366.5,6320.714285714285
d_82,8582,6387,5219,2011-04-20,11226.0,7383.392857142857,6334.75
d_83,8986,5677,5105,2011-04-21,11265.17857142857,7375.5,6336.107142857143
d_84,10967,7542,5770,2011-04-22,11263.607142857143,7421.678571428572,6324.678571428572
d_85,13577,8833,7165,2011-04-23,11255.07142857143,7448.857142857143,6304.428571428572
d_86,11721,7897,4400,2011-04-24,11185.785714285714,7393.964285714285,6219.75
d_87,8865,6339,4800,2011-04-25,11145.357142857143,7390.75,6211.785714285715
d_88,8176,5535,4402,2011-04-26,11133.214285714286,7383.857142857143,6178.392857142857
d_89,8135,5369,4425,2011-04-27,11105.5,7383.321428571428,6170.964285714285
d_90,7951,5372,4822,2011-04-28,11030.214285714286,7357.464285714285,6143.642857142857
d_91,9730,6432,6573,2011-04-29,10919.607142857143,7301.75,6110.892857142857
d_92,12428,8240,7433,2011-04-30,10835.214285714286,7269.821428571428,6035.178571428572
d_93,12997,9644,6404,2011-05-01,10751.5,7262.0,5983.392857142857
d_94,10657,6125,6055,2011-05-02,10690.82142857143,7243.321428571428,5990.785714285715
d_95,10669,6937,6474,2011-05-03,10696.964285714286,7250.25,5995.535714285715
d_96,9596,5771,5394,2011-05-04,10678.92857142857,7217.464285714285,5978.678571428572
d_97,9281,6372,5531,2011-05-05,10632.714285714286,7187.857142857143,5993.178571428572
d_98,10617,7924,5945,2011-05-06,10620.07142857143,7228.107142857143,5956.0
d_99,12386,8863,7163,2011-05-07,10560.142857142857,7222.321428571428,5902.678571428572
d_100,11231,7440,5017,2011-05-08,10415.142857142857,7143.464285714285,5846.25
d_101,11264,8001,5759,2011-05-09,10421.07142857143,7159.392857142857,5831.357142857143
d_102,10430,6523,5278,2011-05-10,10465.67857142857,7131.571428571428,5779.321428571428
d_103,9570,6755,5840,2011-05-11,10491.285714285714,7115.607142857143,5789.464285714285
d_104,9312,6708,6393,2011-05-12,10487.07142857143,7128.821428571428,5796.5
d_105,10978,8231,6439,2011-05-13,10489.07142857143,7146.035714285715,5783.214285714285
d_106,12496,8663,7577,2011-05-14,10477.892857142857,7149.25,5773.392857142857
d_107,13549,10237,7534,2011-05-15,10465.57142857143,7184.571428571428,5805.142857142857
d_108,9542,7141,5530,2011-05-16,10450.82142857143,7181.821428571428,5816.357142857143
d_109,8492,6179,4942,2011-05-17,10435.17857142857,7183.464285714285,5835.321428571428
d_110,8258,5787,4725,2011-05-18,10423.607142857143,7162.035714285715,5817.678571428572
d_111,8410,5680,4594,2011-05-19,10403.035714285714,7162.142857142857,5799.428571428572
d_112,9809,6337,5503,2011-05-20,10361.67857142857,7119.107142857143,5789.892857142857
d_113,12007,8288,6817,2011-05-21,10305.607142857143,7099.642857142857,5777.464285714285
d_114,12301,8518,5427,2011-05-22,10326.32142857143,7121.821428571428,5814.142857142857
d_115,9346,6545,5063,2011-05-23,10343.5,7129.178571428572,5823.535714285715
d_116,8541,5813,4849,2011-05-24,10356.535714285714,7139.107142857143,5839.5
d_117,8835,5958,4265,2011-05-25,10381.535714285714,7160.142857142857,5833.785714285715
d_118,9176,6283,5021,2011-05-26,10425.285714285714,7192.678571428572,5840.892857142857
d_119,10231,6343,5907,2011-05-27,10443.17857142857,7189.5,5817.107142857143
d_120,10959,8286,6282,2011-05-28,10390.714285714286,7191.142857142857,5776.0
d_121,11115,7251,5083,2011-05-29,10323.5,7105.678571428572,5728.821428571428
d_122,10768,7152,4618,2011-05-30,10327.464285714286,7142.357142857143,5677.5
d_123,8743,5865,4947,2011-05-31,10258.67857142857,7104.071428571428,5622.964285714285
d_124,9662,7780,5723,2011-06-01,10261.035714285714,7175.821428571428,5634.714285714285
d_125,9889,6662,6130,2011-06-02,10282.75,7186.178571428572,5656.107142857143
d_126,11788,8130,6863,2011-06-03,10324.57142857143,7193.535714285715,5688.892857142857
d_127,13730,8753,7827,2011-06-04,10372.57142857143,7189.607142857143,5712.607142857143
d_128,13997,9712,7895,2011-06-05,10471.357142857143,7270.75,5815.392857142857
d_129,11171,8655,6859,2011-06-06,10468.035714285714,7294.107142857143,5854.678571428572
d_130,10489,7955,6645,2011-06-07,10470.142857142857,7345.25,5903.5
d_131,10606,7409,6438,2011-06-08,10507.142857142857,7368.607142857143,5924.857142857143
d_132,10266,7772,6744,2011-06-09,10541.214285714286,7406.607142857143,5937.392857142857
d_133,12188,7823,6408,2011-06-10,10584.42857142857,7392.035714285715,5936.285714285715
d_134,12534,9628,7778,2011-06-11,10585.785714285714,7426.5,5943.464285714285
d_135,13616,10570,6908,2011-06-12,10588.17857142857,7438.392857142857,5921.107142857143
d_136,11284,8731,5737,2011-06-13,10650.392857142857,7495.178571428572,5928.5
d_137,10400,7320,6435,2011-06-14,10718.535714285714,7535.928571428572,5981.821428571428
d_138,10380,8142,6736,2011-06-15,10794.32142857143,7620.035714285715,6053.642857142857
d_139,9936,6941,5829,2011-06-16,10848.82142857143,7665.071428571428,6097.75
d_140,10661,7876,6175,2011-06-17,10879.25,7720.035714285715,6121.75
d_141,12745,9080,7000,2011-06-18,10905.607142857143,7748.321428571428,6128.285714285715
d_142,11822,8521,5763,2011-06-19,10888.5,7748.428571428572,6140.285714285715
d_143,11173,7684,5404,2011-06-20,10953.75,7789.107142857143,6152.464285714285
d_144,10049,6636,5125,2011-06-21,11007.607142857143,7818.5,6162.321428571428
d_145,10125,5859,5417,2011-06-22,11053.67857142857,7814.964285714285,6203.464285714285
d_146,10442,7007,5331,2011-06-23,11098.892857142857,7840.821428571428,6214.535714285715
d_147,11207,7327,6104,2011-06-24,11133.75,7875.964285714285,6221.571428571428
d_148,12037,8300,6145,2011-06-25,11172.25,7876.464285714285,6216.678571428572
d_149,13032,9188,5448,2011-06-26,11240.714285714286,7945.642857142857,6229.714285714285
d_150,10458,7157,5027,2011-06-27,11229.642857142857,7945.821428571428,6244.321428571428
d_151,8483,6520,4797,2011-06-28,11220.357142857143,7969.214285714285,6238.964285714285
d_152,8956,6162,4812,2011-06-29,11195.142857142857,7911.428571428572,6206.428571428572
d_153,9822,6353,5276,2011-06-30,11192.75,7900.392857142857,6175.928571428572
d_154,13455,9592,7986,2011-07-01,11252.285714285714,7952.607142857143,6216.035714285715
d_155,14988,9559,8454,2011-07-02,11297.214285714286,7981.392857142857,6238.428571428572
d_156,13502,9194,6477,2011-07-03,11279.535714285714,7962.892857142857,6187.785714285715
d_157,10583,7983,4467,2011-07-04,11258.535714285714,7938.892857142857,6102.357142857143
d_158,11916,8431,6249,2011-07-05,11309.5,7955.892857142857,6088.214285714285
d_159,12365,7508,6729,2011-07-06,11372.32142857143,7959.428571428572,6098.607142857143
d_160,12070,8617,6040,2011-07-07,11436.75,7989.607142857143,6073.464285714285
d_161,12505,7928,7246,2011-07-08,11448.07142857143,7993.357142857143,6103.392857142857
d_162,14046,10024,8416,2011-07-09,11502.07142857143,8007.5,6126.178571428572
d_163,14520,9895,7124,2011-07-10,11534.357142857143,7983.392857142857,6133.892857142857
d_164,10926,8868,6798,2011-07-11,11521.57142857143,7988.285714285715,6171.785714285715
d_165,9697,7968,6967,2011-07-12,11496.464285714286,8011.428571428572,6190.785714285715
d_166,9553,8087,5805,2011-07-13,11466.92857142857,8009.464285714285,6157.535714285715
d_167,9800,7225,6422,2011-07-14,11462.07142857143,8019.607142857143,6178.714285714285
d_168,10931,8809,7609,2011-07-15,11471.714285714286,8052.928571428572,6229.928571428572
d_169,13438,9541,7890,2011-07-16,11496.464285714286,8069.392857142857,6261.714285714285
d_170,13484,9758,7092,2011-07-17,11555.82142857143,8113.571428571428,6309.178571428572
d_171,10834,7794,6011,2011-07-18,11543.714285714286,8117.5,6330.857142857143
d_172,9406,6577,5948,2011-07-19,11520.75,8115.392857142857,6360.25
d_173,9930,6950,5607,2011-07-20,11513.785714285714,8154.357142857143,6367.035714285715
d_174,10209,6885,5684,2011-07-21,11505.464285714286,8150.0,6379.642857142857
d_175,11621,7789,6946,2011-07-22,11520.25,8166.5,6409.714285714285
d_176,13827,9133,7324,2011-07-23,11584.17857142857,8196.25,6451.821428571428
d_177,13467,9310,6022,2011-07-24,11599.714285714286,8200.607142857143,6472.321428571428
d_178,10083,7536,5276,2011-07-25,11586.32142857143,8214.142857142857,6481.214285714285
d_179,9377,6582,5236,2011-07-26,11618.25,8216.357142857143,6496.892857142857
d_180,9379,6447,4678,2011-07-27,11633.357142857143,8226.535714285714,6492.107142857143
d_181,9548,6597,5098,2011-07-28,11623.57142857143,8235.25,6485.75
d_182,11085,7294,6163,2011-07-29,11538.92857142857,8153.178571428572,6420.642857142857
d_183,12797,8868,7288,2011-07-30,11460.67857142857,8128.5,6379.0
d_184,12841,9379,6457,2011-07-31,11437.07142857143,8135.107142857143,6378.285714285715
d_185,11381,9139,6087,2011-08-01,11465.57142857143,8176.392857142857,6436.142857142857
d_186,11236,7367,6872,2011-08-02,11441.285714285714,8138.392857142857,6458.392857142857
d_187,11280,8535,7422,2011-08-03,11402.535714285714,8175.071428571428,6483.142857142857
d_188,10499,7618,5596,2011-08-04,11346.42857142857,8139.392857142857,6467.285714285715
d_189,11494,8380,6720,2011-08-05,11310.32142857143,8155.535714285715,6448.5
d_190,13371,10505,8083,2011-08-06,11286.214285714286,8172.714285714285,6436.607142857143
d_191,14111,11146,6749,2011-08-07,11271.607142857143,8217.392857142857,6423.214285714285
d_192,11813,8302,6239,2011-08-08,11303.285714285714,8197.17857142857,6403.25
d_193,11441,8178,6594,2011-08-09,11365.57142857143,8204.67857142857,6389.928571428572
d_194,11556,7266,5756,2011-08-10,11437.107142857143,8175.357142857143,6388.178571428572
d_195,10370,7950,6388,2011-08-11,11457.464285714286,8201.25,6386.964285714285
d_196,11918,9338,7288,2011-08-12,11492.714285714286,8220.142857142857,6375.5
d_197,14227,11454,7322,2011-08-13,11520.892857142857,8288.464285714286,6355.214285714285
d_198,15256,11302,7351,2011-08-14,11584.17857142857,8343.607142857143,6364.464285714285
d_199,11723,9825,6963,2011-08-15,11615.92857142857,8416.142857142857,6398.464285714285
d_200,11037,8152,6077,2011-08-16,11674.17857142857,8472.392857142857,6403.071428571428
d_201,10163,7827,5691,2011-08-17,11682.5,8503.714285714286,6406.071428571428
d_202,10282,7770,5324,2011-08-18,11685.107142857143,8535.32142857143,6393.214285714285
d_203,11451,8829,6724,2011-08-19,11679.035714285714,8572.464285714286,6385.285714285715
d_204,14025,11170,7063,2011-08-20,11686.107142857143,8645.214285714286,6375.964285714285
d_205,15415,12340,6218,2011-08-21,11755.67857142857,8753.42857142857,6382.964285714285
d_206,11166,8584,5574,2011-08-22,11794.357142857143,8790.857142857143,6393.607142857143
d_207,10026,7483,5108,2011-08-23,11817.535714285714,8823.035714285714,6389.035714285715
d_208,9921,6530,5484,2011-08-24,11836.892857142857,8826.0,6417.821428571428
d_209,9527,6464,5423,2011-08-25,11836.142857142857,8821.25,6429.428571428572
d_210,10979,7184,6105,2011-08-26,11832.357142857143,8817.32142857143,6427.357142857143
d_211,13649,9774,6960,2011-08-27,11862.785714285714,8849.67857142857,6415.642857142857
d_212,14060,10547,6019,2011-08-28,11906.32142857143,8891.392857142857,6400.0
d_213,9890,7054,5141,2011-08-29,11853.07142857143,8816.92857142857,6366.214285714285
d_214,8931,6258,5161,2011-08-30,11770.75,8777.32142857143,6305.107142857143
d_215,9238,6378,6107,2011-08-31,11697.82142857143,8700.285714285714,6258.142857142857
d_216,10865,8827,6607,2011-09-01,11710.892857142857,8743.464285714286,6294.25
d_217,12472,8211,8525,2011-09-02,11745.82142857143,8737.42857142857,6358.714285714285
d_218,14568,10987,8477,2011-09-03,11788.57142857143,8754.642857142857,6372.785714285715
d_219,13019,7538,6368,2011-09-04,11749.57142857143,8625.785714285714,6359.178571428572
d_220,13807,9371,6980,2011-09-05,11820.785714285714,8663.964285714286,6385.642857142857
d_221,12063,7545,6526,2011-09-06,11843.0,8641.357142857143,6383.214285714285
d_222,10804,8306,5335,2011-09-07,11816.142857142857,8678.5,6368.178571428572
d_223,10879,6992,6177,2011-09-08,11834.32142857143,8644.285714285714,6360.642857142857
d_224,12294,8722,7230,2011-09-09,11847.75,8622.285714285714,6358.571428571428
d_225,14664,10427,7939,2011-09-10,11863.357142857143,8585.607142857143,6380.607142857143
d_226,15086,11559,7987,2011-09-11,11857.285714285714,8594.785714285714,6403.321428571428
d_227,10704,8492,6942,2011-09-12,11820.892857142857,8547.17857142857,6402.571428571428
d_228,10089,8996,5560,2011-09-13,11787.035714285714,8577.32142857143,6384.107142857143
d_229,9776,7365,6364,2011-09-14,11773.214285714286,8560.82142857143,6408.142857142857
d_230,10061,8914,7368,2011-09-15,11765.32142857143,8601.67857142857,6481.142857142857
d_231,11169,8672,7092,2011-09-16,11755.25,8596.07142857143,6494.285714285715
d_232,13587,10510,8098,2011-09-17,11739.607142857143,8572.5,6531.25
d_233,14843,10658,6533,2011-09-18,11719.17857142857,8512.42857142857,6542.5
d_234,11168,8065,5134,2011-09-19,11719.25,8493.892857142857,6526.785714285715
d_235,10500,7056,5119,2011-09-20,11736.17857142857,8478.642857142857,6527.178571428572
d_236,10185,6403,5208,2011-09-21,11745.607142857143,8474.107142857143,6517.321428571428
d_237,9984,6554,5321,2011-09-22,11761.92857142857,8477.32142857143,6513.678571428572
d_238,12504,7942,6260,2011-09-23,11816.392857142857,8504.392857142857,6519.214285714285
d_239,14876,10062,7528,2011-09-24,11860.214285714286,8514.67857142857,6539.5
d_240,15644,10890,6694,2011-09-25,11916.785714285714,8526.92857142857,6563.607142857143
d_241,11231,7635,5224,2011-09-26,11964.67857142857,8547.67857142857,6566.571428571428
d_242,10813,6924,5051,2011-09-27,12031.892857142857,8571.464285714286,6562.642857142857
d_243,10479,6453,5261,2011-09-28,12076.214285714286,8574.142857142857,6532.428571428572
d_244,10203,6762,5418,2011-09-29,12052.57142857143,8500.392857142857,6489.964285714285
d_245,12957,9333,7892,2011-09-30,12069.892857142857,8540.464285714286,6467.357142857143
d_246,18020,12475,8817,2011-10-01,12193.17857142857,8593.607142857143,6479.5
d_247,17094,11153,8967,2011-10-02,12338.714285714286,8722.714285714286,6572.321428571428
d_248,13097,9428,7930,2011-10-03,12313.357142857143,8724.75,6606.25
d_249,12525,7671,5918,2011-10-04,12329.857142857143,8729.25,6584.535714285715
d_250,11262,8050,6601,2011-10-05,12346.214285714286,8720.107142857143,6629.75
d_251,11009,8057,7000,2011-10-06,12350.857142857143,8758.142857142857,6659.142857142857
d_252,13365,9630,6990,2011-10-07,12389.107142857143,8790.57142857143,6650.571428571428
d_253,16599,9984,9347,2011-10-08,12458.214285714286,8774.75,6700.857142857143
d_254,16507,10106,9327,2011-10-09,12508.964285714286,8722.857142857143,6748.714285714285
d_255,13561,9623,6217,2011-10-10,12611.0,8763.25,6722.821428571428
d_256,12035,8545,6847,2011-10-11,12680.5,8747.142857142857,6768.785714285715
d_257,11066,9193,7155,2011-10-12,12726.57142857143,8812.42857142857,6797.035714285715
d_258,11244,8632,6240,2011-10-13,12768.82142857143,8802.357142857143,6756.75
d_259,13338,8488,8059,2011-10-14,12846.285714285714,8795.785714285714,6791.285714285715
d_260,16285,11799,10342,2011-10-15,12942.642857142857,8841.82142857143,6871.428571428572
d_261,16289,11864,7974,2011-10-16,12994.285714285714,8884.892857142857,6922.892857142857
d_262,12373,8841,6378,2011-10-17,13037.32142857143,8912.607142857143,6967.321428571428
d_263,10748,7826,5628,2011-10-18,13046.17857142857,8940.107142857143,6985.5
d_264,10247,7082,5112,2011-10-19,13048.392857142857,8964.357142857143,6982.071428571428
d_265,10350,6850,5202,2011-10-20,13061.464285714286,8974.92857142857,6977.821428571428
d_266,12600,7942,6588,2011-10-21,13064.892857142857,8974.92857142857,6989.535714285715
d_267,15555,9982,7614,2011-10-22,13089.142857142857,8972.07142857143,6992.607142857143
d_268,15709,10427,6740,2011-10-23,13091.464285714286,8955.535714285714,6994.25
d_269,11321,7832,5363,2011-10-24,13094.67857142857,8962.57142857143,6999.214285714285
d_270,10278,6919,5240,2011-10-25,13075.57142857143,8962.392857142857,7005.964285714285
d_271,9747,7055,5340,2011-10-26,13049.42857142857,8983.892857142857,7008.785714285715
d_272,10419,6825,5738,2011-10-27,13057.142857142857,8986.142857142857,7020.214285714285
d_273,11718,7734,7428,2011-10-28,13012.892857142857,8929.035714285714,7003.642857142857
d_274,15724,9473,8022,2011-10-29,12930.892857142857,8821.82142857143,6975.25
d_275,16057,9647,6149,2011-10-30,12893.857142857143,8768.035714285714,6874.607142857143
d_276,10191,7218,5286,2011-10-31,12790.07142857143,8689.107142857143,6780.178571428572
d_277,11094,8384,6561,2011-11-01,12738.964285714286,8714.57142857143,6803.142857142857
d_278,11227,7191,6390,2011-11-02,12737.714285714286,8683.892857142857,6795.607142857143
d_279,11972,8193,7737,2011-11-03,12772.107142857143,8688.75,6821.928571428572
d_280,13252,7868,7476,2011-11-04,12768.07142857143,8625.82142857143,6839.285714285715
d_281,16293,10807,9787,2011-11-05,12757.142857142857,8655.214285714286,6855.0
d_282,17402,11608,8877,2011-11-06,12789.107142857143,8708.857142857143,6838.928571428572
d_283,12654,8943,5681,2011-11-07,12756.714285714286,8684.57142857143,6819.785714285715
d_284,11987,6793,6408,2011-11-08,12755.0,8622.0,6804.107142857143
d_285,11442,8143,6507,2011-11-09,12768.42857142857,8584.5,6780.964285714285
d_286,12375,7213,6559,2011-11-10,12808.82142857143,8533.82142857143,6792.357142857143
d_287,13522,8425,7808,2011-11-11,12815.392857142857,8531.57142857143,6783.392857142857
d_288,15332,10782,9808,2011-11-12,12781.357142857143,8495.25,6764.321428571428
d_289,15584,11654,8110,2011-11-13,12756.17857142857,8487.75,6769.178571428572
d_290,11665,8462,6646,2011-11-14,12730.892857142857,8474.214285714286,6778.75
d_291,10860,8414,7427,2011-11-15,12734.892857142857,8495.214285714286,6843.0
d_292,10281,7426,6221,2011-11-16,12736.107142857143,8507.5,6882.607142857143
d_293,10244,7206,5664,2011-11-17,12732.32142857143,8520.214285714286,6899.107142857143
d_294,12106,7601,6800,2011-11-18,12714.67857142857,8508.035714285714,6906.678571428572
d_295,16144,9488,7913,2011-11-19,12735.714285714286,8490.392857142857,6917.357142857143
d_296,15546,10141,7066,2011-11-20,12729.892857142857,8480.17857142857,6929.0
d_297,12213,7925,5436,2011-11-21,12761.75,8483.5,6931.607142857143
d_298,12047,7813,5794,2011-11-22,12824.92857142857,8515.42857142857,6951.392857142857
d_299,13587,10465,6735,2011-11-23,12962.07142857143,8637.214285714286,7001.214285714285
d_300,7356,7361,3710,2011-11-24,12852.67857142857,8656.357142857143,6928.785714285715
d_301,10726,6790,6482,2011-11-25,12817.25,8622.642857142857,6895.0
d_302,11762,6923,6607,2011-11-26,12675.75,8531.57142857143,6844.464285714285
d_303,12714,8050,6370,2011-11-27,12556.357142857143,8474.535714285714,6852.357142857143
d_304,10501,6342,5535,2011-11-28,12567.42857142857,8443.25,6861.25
d_305,9993,6305,5286,2011-11-29,12528.107142857143,8369.0,6815.714285714285
d_306,9455,6314,5320,2011-11-30,12464.82142857143,8337.67857142857,6777.5
d_307,11572,8053,6643,2011-12-01,12450.535714285714,8332.67857142857,6738.428571428572
d_308,13326,7741,8660,2011-12-02,12453.17857142857,8328.142857142857,6780.714285714285
d_309,17353,10618,10158,2011-12-03,12491.035714285714,8321.392857142857,6793.964285714285
d_310,16724,10136,8218,2011-12-04,12466.82142857143,8268.82142857143,6770.428571428572
d_311,13173,8415,7632,2011-12-05,12485.357142857143,8249.964285714286,6840.107142857143
d_312,11773,8357,7137,2011-12-06,12477.714285714286,8305.82142857143,6866.142857142857
d_313,11594,7850,6009,2011-12-07,12483.142857142857,8295.357142857143,6848.357142857143
d_314,12133,6701,7513,2011-12-08,12474.5,8277.07142857143,6882.428571428572
d_315,12985,8401,8052,2011-12-09,12455.32142857143,8276.214285714286,6891.142857142857
d_316,16330,9205,9251,2011-12-10,12490.964285714286,8219.892857142857,6871.25
d_317,15956,11283,8504,2011-12-11,12504.25,8206.642857142857,6885.321428571428
d_318,12691,9194,7266,2011-12-12,12540.892857142857,8232.785714285714,6907.464285714285
d_319,11733,8881,6299,2011-12-13,12572.07142857143,8249.464285714286,6867.178571428572
d_320,10962,8557,7275,2011-12-14,12596.392857142857,8289.857142857143,6904.821428571428
d_321,12215,9558,7871,2011-12-15,12666.785714285714,8373.857142857143,6983.642857142857
d_322,12697,8521,7667,2011-12-16,12687.892857142857,8406.714285714286,7014.607142857143
d_323,15522,9998,8639,2011-12-17,12665.67857142857,8424.92857142857,7040.535714285715
d_324,15434,9351,7302,2011-12-18,12661.67857142857,8396.714285714286,7048.964285714285
d_325,12610,8011,6447,2011-12-19,12675.857142857143,8399.785714285714,7085.071428571428
d_326,12023,7657,6582,2011-12-20,12675.0,8394.214285714286,7113.214285714285
d_327,12182,8174,6306,2011-12-21,12624.82142857143,8312.392857142857,7097.892857142857
d_328,12706,8596,6880,2011-12-22,12815.892857142857,8356.5,7211.107142857143
d_329,15765,10177,8704,2011-12-23,12995.857142857143,8477.464285714286,7290.464285714285
d_330,12557,9803,7598,2011-12-24,13024.25,8580.32142857143,7325.857142857143
d_331,8,2,3,2011-12-25,12570.464285714286,8292.892857142857,7098.464285714285
d_332,12390,9044,6598,2011-12-26,12637.92857142857,8389.392857142857,7136.428571428572
d_333,11775,7274,5602,2011-12-27,12701.57142857143,8424.0,7147.714285714285
d_334,11737,7294,5760,2011-12-28,12783.07142857143,8459.0,7163.428571428572
d_335,11761,7139,5641,2011-12-29,12789.82142857143,8426.357142857143,7127.642857142857
d_336,15763,9371,8518,2011-12-30,12876.857142857143,8484.57142857143,7122.571428571428
d_337,14365,10491,8895,2011-12-31,12770.142857142857,8480.035714285714,7077.464285714285
d_338,10218,7224,4365,2012-01-01,12537.785714285714,8376.035714285714,6939.857142857143
d_339,15152,9307,8594,2012-01-02,12608.464285714286,8407.892857142857,6974.214285714285
d_340,12740,8345,7666,2012-01-03,12643.0,8407.464285714286,6993.107142857143
d_341,11512,7530,6779,2012-01-04,12640.07142857143,8396.035714285714,7020.607142857143
d_342,12283,8558,7658,2012-01-05,12645.42857142857,8462.357142857143,7025.785714285715
d_343,12809,9197,8399,2012-01-06,12639.142857142857,8490.785714285714,7038.178571428572
d_344,16634,11191,9318,2012-01-07,12650.0,8561.714285714286,7040.571428571428
d_345,17261,10981,8480,2012-01-08,12696.607142857143,8550.92857142857,7039.714285714285
d_346,13418,7173,7615,2012-01-09,12722.57142857143,8478.75,7052.178571428572
d_347,12192,7940,6508,2012-01-10,12738.964285714286,8445.142857142857,7059.642857142857
d_348,11470,8551,9023,2012-01-11,12757.107142857143,8444.92857142857,7122.071428571428
d_349,10549,7901,6265,2012-01-12,12697.607142857143,8385.75,7064.714285714285
d_350,13098,9508,6857,2012-01-13,12711.92857142857,8421.0,7035.785714285715
d_351,15748,10482,10585,2012-01-14,12720.0,8438.285714285714,7105.285714285715
d_352,15729,11336,9394,2012-01-15,12730.535714285714,8509.17857142857,7180.0
d_353,14013,9018,7517,2012-01-16,12780.642857142857,8545.142857142857,7218.214285714285
d_354,10525,6925,4737,2012-01-17,12727.142857142857,8519.0,7152.321428571428
d_355,11172,7249,6927,2012-01-18,12691.07142857143,8485.964285714286,7174.5
d_356,10689,7069,6276,2012-01-19,12619.035714285714,8431.42857142857,7152.928571428572
d_357,12202,8441,6561,2012-01-20,12491.785714285714,8369.42857142857,7076.392857142857
d_358,18418,10606,9554,2012-01-21,12701.107142857143,8398.107142857143,7146.25
d_359,14539,10434,7614,2012-01-22,13220.07142857143,8770.67857142857,7418.071428571428
d_360,11365,7619,5718,2012-01-23,13183.464285714286,8719.785714285714,7386.642857142857
d_361,11109,6593,5847,2012-01-24,13159.67857142857,8695.464285714286,7395.392857142857
d_362,10622,6163,5623,2012-01-25,13119.857142857143,8655.07142857143,7390.5
d_363,10471,6757,6009,2012-01-26,13073.785714285714,8641.42857142857,7403.642857142857
d_364,12353,7920,6926,2012-01-27,12952.0,8589.607142857143,7346.785714285715
d_365,15406,10189,8767,2012-01-28,12989.17857142857,8578.82142857143,7342.214285714285
d_366,16101,10428,7048,2012-01-29,13199.285714285714,8693.25,7438.035714285715
d_367,11745,7645,5798,2012-01-30,13077.607142857143,8633.892857142857,7338.178571428572
d_368,11836,7136,6152,2012-01-31,13045.32142857143,8590.714285714286,7284.107142857143
d_369,12931,9481,7439,2012-02-01,13096.0,8660.392857142857,7307.678571428572
d_370,12804,7708,8103,2012-02-02,13114.607142857143,8630.035714285714,7323.571428571428
d_371,15263,9950,9891,2012-02-03,13202.25,8656.92857142857,7376.857142857143
d_372,20129,12224,10676,2012-02-04,13327.07142857143,8693.82142857143,7425.357142857143
d_373,17149,13255,9671,2012-02-05,13323.07142857143,8775.035714285714,7467.892857142857
d_374,13798,9108,7775,2012-02-06,13336.642857142857,8844.142857142857,7473.607142857143
d_375,12785,8889,6434,2012-02-07,13357.82142857143,8878.035714285714,7470.964285714285
d_376,12568,8174,7837,2012-02-08,13397.035714285714,8864.57142857143,7428.607142857143
d_377,12783,8329,8815,2012-02-09,13476.82142857143,8879.857142857143,7519.678571428572
d_378,14425,8128,7310,2012-02-10,13524.214285714286,8830.57142857143,7535.857142857143
d_379,19661,11675,10421,2012-02-11,13663.964285714286,8873.17857142857,7530.0
d_380,18559,12585,10760,2012-02-12,13765.035714285714,8917.785714285714,7578.785714285715
d_381,13954,10394,7327,2012-02-13,13762.92857142857,8966.92857142857,7572.0
d_382,10417,8084,6599,2012-02-14,13759.07142857143,9008.32142857143,7638.5
d_383,10994,8240,7644,2012-02-15,13752.714285714286,9043.714285714286,7664.107142857143
d_384,10984,7754,6457,2012-02-16,13763.25,9068.17857142857,7670.571428571428
d_385,12922,7653,7029,2012-02-17,13788.964285714286,9040.035714285714,7687.285714285715
d_386,16872,10383,9367,2012-02-18,13733.75,9032.07142857143,7680.607142857143
d_387,16159,11747,8432,2012-02-19,13791.607142857143,9078.964285714286,7709.821428571428
d_388,15012,8907,6299,2012-02-20,13921.857142857143,9124.964285714286,7730.571428571428
d_389,11695,7529,5966,2012-02-21,13942.785714285714,9158.392857142857,7734.821428571428
d_390,10847,7091,6177,2012-02-22,13950.82142857143,9191.535714285714,7754.607142857143
d_391,11506,7423,6282,2012-02-23,13987.785714285714,9215.32142857143,7764.357142857143
d_392,13707,7914,6249,2012-02-24,14036.142857142857,9215.107142857143,7740.178571428572
d_393,16555,9801,9413,2012-02-25,14077.17857142857,9201.25,7763.25
d_394,16642,11486,8153,2012-02-26,14096.5,9239.035714285714,7802.714285714285
d_395,12306,8578,6386,2012-02-27,14116.535714285714,9272.357142857143,7823.714285714285
d_396,10826,7474,6059,2012-02-28,14080.464285714286,9284.42857142857,7820.392857142857
d_397,11237,7570,5995,2012-02-29,14019.964285714286,9216.17857142857,7768.821428571428
d_398,13345,9398,7489,2012-03-01,14039.285714285714,9276.535714285714,7746.892857142857
d_399,15070,9186,8287,2012-03-02,14032.392857142857,9249.25,7689.607142857143
d_400,18599,11479,11241,2012-03-03,13977.75,9222.642857142857,7709.785714285715
d_401,19659,11556,9110,2012-03-04,14067.392857142857,9161.964285714286,7689.75
d_402,14495,10091,8117,2012-03-05,14092.285714285714,9197.07142857143,7701.964285714285
d_403,13714,9198,8620,2012-03-06,14125.464285714286,9208.107142857143,7780.035714285715
d_404,13444,8623,6541,2012-03-07,14156.75,9224.142857142857,7733.75
d_405,13510,8320,7929,2012-03-08,14182.714285714286,9223.82142857143,7702.107142857143
d_406,14999,8464,8859,2012-03-09,14203.214285714286,9235.82142857143,7757.428571428572
d_407,18693,11508,9358,2012-03-10,14168.642857142857,9229.857142857143,7719.464285714285
d_408,19895,11973,8744,2012-03-11,14216.357142857143,9208.0,7647.464285714285
d_409,14208,10659,7634,2012-03-12,14225.42857142857,9217.464285714286,7658.428571428572
d_410,12027,10424,6649,2012-03-13,14282.92857142857,9301.035714285714,7660.214285714285
d_411,11442,9328,7071,2012-03-14,14298.92857142857,9339.892857142857,7639.75
d_412,12217,10192,8343,2012-03-15,14342.964285714286,9426.964285714286,7707.107142857143
d_413,13203,9867,7881,2012-03-16,14353.0,9506.035714285714,7737.535714285715
d_414,18035,10571,9298,2012-03-17,14394.535714285714,9512.75,7735.071428571428
d_415,17657,11908,8129,2012-03-18,14448.035714285714,9518.5,7724.25
d_416,13338,9190,6659,2012-03-19,14388.25,9528.607142857143,7737.107142857143
d_417,11847,7490,6196,2012-03-20,14393.67857142857,9527.214285714286,7745.321428571428
d_418,11486,8107,6634,2012-03-21,14416.5,9563.5,7761.642857142857
d_419,11851,8128,6036,2012-03-22,14428.82142857143,9588.67857142857,7752.857142857143
d_420,13339,8995,6721,2012-03-23,14415.67857142857,9627.285714285714,7769.714285714285
d_421,16871,11133,9085,2012-03-24,14426.964285714286,9674.857142857143,7758.0
d_422,18402,11664,7777,2012-03-25,14489.82142857143,9681.214285714286,7744.571428571428
d_423,12909,8595,5678,2012-03-26,14511.357142857143,9681.82142857143,7719.285714285715
d_424,10868,7899,5882,2012-03-27,14512.857142857143,9697.0,7712.964285714285
d_425,11820,7311,5652,2012-03-28,14533.67857142857,9687.75,7700.714285714285
d_426,10902,7304,5673,2012-03-29,14446.42857142857,9612.964285714286,7635.857142857143
d_427,14468,9012,7252,2012-03-30,14424.92857142857,9606.75,7598.892857142857
d_428,17706,11017,9740,2012-03-31,14393.035714285714,9590.25,7545.285714285715
d_429,18364,13427,7992,2012-04-01,14346.785714285714,9657.07142857143,7505.357142857143
d_430,14409,8717,8233,2012-04-02,14343.714285714286,9608.0,7509.5
d_431,14685,10213,8135,2012-04-03,14378.392857142857,9644.25,7492.178571428572
d_432,13210,8372,6736,2012-04-04,14370.035714285714,9635.285714285714,7499.142857142857
d_433,14080,9582,7706,2012-04-05,14390.392857142857,9680.357142857143,7491.178571428572
d_434,16567,11741,9237,2012-04-06,14446.392857142857,9797.392857142857,7504.678571428572
d_435,21332,14331,9975,2012-04-07,14540.642857142857,9898.214285714286,7526.714285714285
d_436,16717,12377,7116,2012-04-08,14427.142857142857,9912.642857142857,7468.571428571428
d_437,14798,9553,7642,2012-04-09,14448.214285714286,9873.142857142857,7468.857142857143
d_438,13265,8757,6778,2012-04-10,14492.42857142857,9813.607142857143,7473.464285714285
d_439,12768,9372,7435,2012-04-11,14539.785714285714,9815.17857142857,7486.464285714285
d_440,11970,8998,7600,2012-04-12,14530.964285714286,9772.535714285714,7459.928571428572
d_441,13809,10255,7874,2012-04-13,14552.607142857143,9786.392857142857,7459.678571428572
d_442,17340,11717,9489,2012-04-14,14527.785714285714,9827.32142857143,7466.5
d_443,16661,13304,8742,2012-04-15,14492.214285714286,9877.17857142857,7488.392857142857
d_444,12652,8285,6735,2012-04-16,14467.714285714286,9844.857142857143,7491.107142857143
d_445,11179,8696,6192,2012-04-17,14443.857142857143,9887.92857142857,7490.964285714285
d_446,11358,7849,5492,2012-04-18,14439.285714285714,9878.714285714286,7450.178571428572
d_447,11805,8022,4997,2012-04-19,14437.642857142857,9874.92857142857,7413.071428571428
d_448,13739,7946,6458,2012-04-20,14451.92857142857,9837.464285714286,7403.678571428572
d_449,17336,10893,8479,2012-04-21,14468.535714285714,9828.892857142857,7382.035714285715
d_450,17793,11660,7311,2012-04-22,14446.785714285714,9828.75,7365.392857142857
d_451,12217,8879,5574,2012-04-23,14422.07142857143,9838.892857142857,7361.678571428572
d_452,11545,7727,5576,2012-04-24,14446.25,9832.75,7350.75
d_453,11052,7873,5523,2012-04-25,14418.82142857143,9852.82142857143,7346.142857142857
d_454,11014,7832,5684,2012-04-26,14422.82142857143,9871.67857142857,7346.535714285715
d_455,13571,8572,6834,2012-04-27,14390.785714285714,9855.964285714286,7331.607142857143
d_456,16121,10820,8706,2012-04-28,14334.17857142857,9848.92857142857,7294.678571428572
d_457,16904,11736,7484,2012-04-29,14282.035714285714,9788.535714285714,7276.535714285715
d_458,12736,8617,6003,2012-04-30,14222.285714285714,9784.964285714286,7196.892857142857
d_459,13593,9577,7120,2012-05-01,14183.285714285714,9762.25,7160.642857142857
d_460,12967,8471,7801,2012-05-02,14174.607142857143,9765.785714285714,7198.678571428572
d_461,14081,10032,8846,2012-05-03,14174.642857142857,9781.857142857143,7239.392857142857
d_462,14797,9702,8433,2012-05-04,14111.42857142857,9709.035714285714,7210.678571428572
d_463,16234,12783,10184,2012-05-05,13929.357142857143,9653.75,7218.142857142857
d_464,18559,13623,9347,2012-05-06,13995.142857142857,9698.25,7297.821428571428
d_465,15317,11079,7081,2012-05-07,14013.67857142857,9752.75,7277.785714285715
d_466,14245,8512,7676,2012-05-08,14048.67857142857,9744.0,7309.857142857143
d_467,13234,9165,7805,2012-05-09,14065.32142857143,9736.607142857143,7323.071428571428
d_468,13339,8095,6730,2012-05-10,14114.214285714286,9704.357142857143,7292.0
d_469,14784,9271,8759,2012-05-11,14149.035714285714,9669.214285714286,7323.607142857143
d_470,17860,12271,10741,2012-05-12,14167.607142857143,9689.0,7368.321428571428
d_471,14807,11677,7285,2012-05-13,14101.392857142857,9630.892857142857,7316.285714285715
d_472,13120,9793,8670,2012-05-14,14118.107142857143,9684.75,7385.392857142857
d_473,13144,9832,8782,2012-05-15,14188.285714285714,9725.32142857143,7477.892857142857
d_474,12590,8694,7393,2012-05-16,14232.285714285714,9755.5,7545.785714285715
d_475,12219,8195,6909,2012-05-17,14247.07142857143,9761.67857142857,7614.071428571428
d_476,14797,9440,8074,2012-05-18,14284.857142857143,9815.035714285714,7671.785714285715
d_477,17400,11211,9318,2012-05-19,14287.142857142857,9826.392857142857,7701.75
d_478,18147,12453,8914,2012-05-20,14299.785714285714,9854.714285714286,7759.0
d_479,13282,8744,6779,2012-05-21,14337.82142857143,9849.892857142857,7802.035714285715
d_480,11964,8943,6595,2012-05-22,14352.785714285714,9893.32142857143,7838.428571428572
d_481,11560,8299,6764,2012-05-23,14370.92857142857,9908.535714285714,7882.75
d_482,12118,8841,7004,2012-05-24,14410.357142857143,9944.57142857143,7929.892857142857
d_483,14411,9786,8600,2012-05-25,14440.357142857143,9987.92857142857,7992.964285714285
d_484,15753,11905,9581,2012-05-26,14427.214285714286,10026.67857142857,8024.214285714285
d_485,14766,11382,7705,2012-05-27,14350.857142857143,10014.035714285714,8032.107142857143
d_486,14997,11254,7156,2012-05-28,14431.607142857143,10108.214285714286,8073.285714285715
d_487,12934,9172,6514,2012-05-29,14408.07142857143,10093.75,8051.642857142857
d_488,12078,8441,6631,2012-05-30,14376.32142857143,10092.67857142857,8009.857142857143
d_489,13501,8090,7218,2012-05-31,14355.607142857143,10023.32142857143,7951.714285714285
d_490,16806,12246,10477,2012-06-01,14427.357142857143,10114.17857142857,8024.714285714285
d_491,19460,12716,12767,2012-06-02,14542.57142857143,10111.785714285714,8116.964285714285
d_492,19136,13271,11503,2012-06-03,14563.17857142857,10099.214285714286,8193.964285714286
d_493,14681,10216,8397,2012-06-04,14540.464285714286,10068.392857142857,8240.964285714286
d_494,14299,10210,9497,2012-06-05,14542.392857142857,10129.035714285714,8306.0
d_495,13663,10184,9740,2012-06-06,14557.714285714286,10165.42857142857,8375.107142857143
d_496,14102,10584,7849,2012-06-07,14584.964285714286,10254.32142857143,8415.07142857143
d_497,15783,10007,11111,2012-06-08,14620.642857142857,10280.607142857143,8499.07142857143
d_498,17841,12964,12504,2012-06-09,14619.964285714286,10305.357142857143,8562.035714285714
d_499,20274,13861,10809,2012-06-10,14815.214285714286,10383.357142857143,8687.892857142857
d_500,16775,12000,10861,2012-06-11,14945.75,10462.17857142857,8766.142857142857
d_501,14676,10051,10347,2012-06-12,15000.464285714286,10470.0,8822.035714285714
d_502,13940,10428,8562,2012-06-13,15048.67857142857,10531.92857142857,8863.785714285714
d_503,14393,9470,9919,2012-06-14,15126.32142857143,10577.464285714286,8971.285714285714
d_504,17087,12276,12435,2012-06-15,15208.107142857143,10678.75,9127.035714285714
d_505,19531,13073,11834,2012-06-16,15284.214285714286,10745.25,9216.892857142857
d_506,17345,12530,9164,2012-06-17,15255.57142857143,10748.0,9225.82142857143
d_507,15141,10337,8622,2012-06-18,15321.964285714286,10804.892857142857,9291.642857142857
d_508,14078,8837,9052,2012-06-19,15397.464285714286,10801.107142857143,9379.392857142857
d_509,13617,9277,8574,2012-06-20,15470.92857142857,10836.035714285714,9444.035714285714
d_510,13504,8936,8324,2012-06-21,15520.42857142857,10839.42857142857,9491.17857142857
d_511,16055,10678,9744,2012-06-22,15579.142857142857,10871.285714285714,9532.035714285714
d_512,17793,12009,10208,2012-06-23,15652.0,10875.0,9554.42857142857
d_513,18336,12518,9655,2012-06-24,15779.5,10915.57142857143,9624.07142857143
d_514,13793,10251,7803,2012-06-25,15736.5,10879.75,9647.17857142857
d_515,12368,9153,7850,2012-06-26,15716.285714285714,10879.07142857143,9694.892857142857
d_516,12521,8784,7580,2012-06-27,15732.107142857143,10891.32142857143,9728.785714285714
d_517,13366,8339,7880,2012-06-28,15727.285714285714,10900.214285714286,9752.42857142857
d_518,15521,10385,10471,2012-06-29,15681.392857142857,10833.75,9752.214285714286
d_519,17961,11189,11444,2012-06-30,15627.857142857143,10779.214285714286,9704.964285714286
d_520,18577,12257,9865,2012-07-01,15607.892857142857,10743.0,9646.464285714286
d_521,15238,9544,11081,2012-07-02,15627.785714285714,10719.0,9742.32142857143
d_522,16147,10825,12570,2012-07-03,15693.785714285714,10740.964285714286,9852.07142857143
d_523,13944,9860,8852,2012-07-04,15703.82142857143,10729.392857142857,9820.357142857143
d_524,13675,9626,11107,2012-07-05,15688.57142857143,10695.17857142857,9936.714285714286
d_525,16184,11319,12488,2012-07-06,15702.892857142857,10742.035714285714,9985.892857142857
d_526,17614,12879,10938,2012-07-07,15694.785714285714,10739.0,9929.964285714286
d_527,19172,11795,11705,2012-07-08,15655.42857142857,10665.214285714286,9961.964285714286
d_528,15720,9576,10474,2012-07-09,15617.75,10578.642857142857,9948.142857142857
d_529,15098,8763,8726,2012-07-10,15632.82142857143,10532.642857142857,9890.25
d_530,13924,9426,9722,2012-07-11,15632.25,10496.857142857143,9931.67857142857
d_531,13841,9163,10073,2012-07-12,15612.535714285714,10485.892857142857,9937.17857142857
d_532,15643,10867,10072,2012-07-13,15560.964285714286,10435.57142857143,9852.785714285714
d_533,17819,12206,12323,2012-07-14,15499.82142857143,10404.607142857143,9870.25
d_534,18103,13205,12381,2012-07-15,15526.892857142857,10428.714285714286,9985.142857142857
d_535,14147,9364,9509,2012-07-16,15491.392857142857,10393.964285714286,10016.82142857143
d_536,13532,8462,8424,2012-07-17,15471.892857142857,10380.57142857143,9994.392857142857
d_537,12834,8374,7708,2012-07-18,15443.92857142857,10348.32142857143,9963.464285714286
d_538,14045,9051,7768,2012-07-19,15463.25,10352.42857142857,9943.607142857143
d_539,15803,10581,9018,2012-07-20,15454.25,10348.964285714286,9917.67857142857
d_540,17811,11633,10100,2012-07-21,15454.892857142857,10335.535714285714,9913.82142857143
d_541,18734,12342,8876,2012-07-22,15469.107142857143,10329.25,9886.0
d_542,14194,8742,7928,2012-07-23,15483.42857142857,10275.357142857143,9890.464285714286
d_543,13219,8656,7604,2012-07-24,15513.82142857143,10257.607142857143,9881.67857142857
d_544,12805,8142,7407,2012-07-25,15523.964285714286,10234.67857142857,9875.5
d_545,13096,8255,7187,2012-07-26,15514.32142857143,10231.67857142857,9850.75
d_546,14101,9333,8406,2012-07-27,15463.607142857143,10194.107142857143,9777.0
d_547,15373,10809,8406,2012-07-28,15371.17857142857,10180.535714285714,9668.5
d_548,16011,11602,8534,2012-07-29,15279.535714285714,10157.142857142857,9620.964285714286
d_549,12750,8683,7500,2012-07-30,15190.67857142857,10126.392857142857,9493.07142857143
d_550,13568,8606,7357,2012-07-31,15098.57142857143,10047.142857142857,9306.892857142857
d_551,14121,10608,9241,2012-08-01,15104.892857142857,10073.857142857143,9320.785714285714
d_552,15275,9864,10121,2012-08-02,15162.035714285714,10082.357142857143,9285.57142857143
d_553,16593,11185,11733,2012-08-03,15176.642857142857,10077.57142857143,9258.607142857143
d_554,18433,12626,10217,2012-08-04,15205.892857142857,10068.535714285714,9232.857142857143
d_555,19272,12506,11231,2012-08-05,15209.464285714286,10093.92857142857,9215.92857142857
d_556,16003,11093,9928,2012-08-06,15219.57142857143,10148.107142857143,9196.42857142857
d_557,14359,10129,7906,2012-08-07,15193.17857142857,10196.892857142857,9167.142857142857
d_558,14237,8853,9211,2012-08-08,15204.357142857143,10176.42857142857,9148.892857142857
d_559,14908,10141,9959,2012-08-09,15242.464285714286,10211.357142857143,9144.82142857143
d_560,16846,9842,9777,2012-08-10,15285.42857142857,10174.75,9134.285714285714
d_561,19618,13363,11100,2012-08-11,15349.67857142857,10216.07142857143,9090.607142857143
d_562,19675,14274,11849,2012-08-12,15405.82142857143,10254.25,9071.607142857143
d_563,15647,11784,8599,2012-08-13,15459.392857142857,10340.67857142857,9039.107142857143
d_564,15103,9529,9680,2012-08-14,15515.5,10378.785714285714,9083.964285714286
d_565,14431,10688,10378,2012-08-15,15572.535714285714,10461.42857142857,9179.32142857143
d_566,14885,10244,9276,2012-08-16,15602.535714285714,10504.035714285714,9233.17857142857
d_567,15667,10706,9084,2012-08-17,15597.67857142857,10508.5,9235.535714285714
d_568,19446,11742,10333,2012-08-18,15656.07142857143,10512.392857142857,9243.857142857143
d_569,20637,13269,9458,2012-08-19,15724.035714285714,10545.5,9264.642857142857
d_570,14856,9809,7745,2012-08-20,15747.67857142857,10583.607142857143,9258.107142857143
d_571,13795,8754,7657,2012-08-21,15768.25,10587.107142857143,9260.0
d_572,13279,8666,6977,2012-08-22,15785.17857142857,10605.82142857143,9244.642857142857
d_573,12454,8916,7182,2012-08-23,15762.25,10629.42857142857,9244.464285714286
d_574,14717,9910,8417,2012-08-24,15784.25,10650.035714285714,9244.857142857143
d_575,17991,12399,9574,2012-08-25,15877.75,10706.82142857143,9286.57142857143
d_576,18447,13402,9172,2012-08-26,15964.75,10771.107142857143,9309.357142857143
d_577,13487,9860,7663,2012-08-27,15991.07142857143,10813.142857142857,9315.17857142857
d_578,12446,8626,7400,2012-08-28,15951.0,10813.857142857143,9316.714285714286
d_579,12216,7822,7063,2012-08-29,15882.964285714286,10714.357142857143,9238.92857142857
d_580,12468,8389,7446,2012-08-30,15782.714285714286,10661.67857142857,9143.392857142857
d_581,15594,10350,11148,2012-08-31,15747.035714285714,10631.857142857143,9122.5
d_582,19396,13998,11236,2012-09-01,15781.42857142857,10680.857142857143,9158.892857142857
d_583,18287,12397,12135,2012-09-02,15746.25,10676.964285714286,9191.17857142857
d_584,19074,13484,11967,2012-09-03,15855.92857142857,10762.357142857143,9264.0
d_585,14368,9054,8457,2012-09-04,15856.25,10723.964285714286,9283.67857142857
d_586,13105,9408,9341,2012-09-05,15815.82142857143,10743.785714285714,9288.32142857143
d_587,13466,9868,9241,2012-09-06,15764.32142857143,10734.035714285714,9262.67857142857
d_588,15010,11088,8677,2012-09-07,15698.75,10778.535714285714,9223.392857142857
d_589,18574,12389,12255,2012-09-08,15661.464285714286,10743.75,9264.642857142857
d_590,20447,13874,12328,2012-09-09,15689.035714285714,10729.464285714286,9281.75
d_591,15467,9698,7807,2012-09-10,15682.607142857143,10654.964285714286,9253.464285714286
d_592,13975,9248,9147,2012-09-11,15642.32142857143,10644.92857142857,9234.42857142857
d_593,12376,9088,9554,2012-09-12,15568.92857142857,10587.785714285714,9205.0
d_594,13077,9025,8040,2012-09-13,15504.357142857143,10544.25,9160.857142857143
d_595,14995,10174,11190,2012-09-14,15480.357142857143,10525.25,9236.07142857143
d_596,18557,13821,13581,2012-09-15,15448.607142857143,10599.5,9352.07142857143
d_597,19480,13502,11304,2012-09-16,15407.285714285714,10607.82142857143,9418.0
d_598,13539,10041,8280,2012-09-17,15360.25,10616.107142857143,9437.107142857143
d_599,12917,8364,7995,2012-09-18,15328.892857142857,10602.17857142857,9449.17857142857
d_600,11513,8221,7331,2012-09-19,15265.82142857143,10586.285714285714,9461.82142857143
d_601,12446,8486,7625,2012-09-20,15265.535714285714,10570.92857142857,9477.642857142857
d_602,14819,9852,8963,2012-09-21,15269.17857142857,10568.857142857143,9497.142857142857
d_603,18583,12772,10534,2012-09-22,15290.32142857143,10582.17857142857,9531.42857142857
d_604,18358,13063,9941,2012-09-23,15287.142857142857,10570.07142857143,9558.892857142857
d_605,13141,9124,6911,2012-09-24,15274.785714285714,10543.785714285714,9532.035714285714
d_606,12357,8552,7070,2012-09-25,15271.607142857143,10541.142857142857,9520.25
d_607,11735,8337,6860,2012-09-26,15254.42857142857,10559.535714285714,9513.0
d_608,12002,8238,6991,2012-09-27,15237.785714285714,10554.142857142857,9496.75
d_609,14550,9331,8775,2012-09-28,15200.5,10517.75,9412.0
d_610,18164,11862,10955,2012-09-29,15156.5,10441.464285714286,9401.964285714286
d_611,18310,12086,9340,2012-09-30,15157.32142857143,10430.357142857143,9302.142857142857
d_612,15728,11017,8096,2012-10-01,15037.82142857143,10342.25,9163.892857142857
d_613,15113,9059,9658,2012-10-02,15064.42857142857,10342.42857142857,9206.785714285714
d_614,14297,9821,10102,2012-10-03,15107.0,10357.17857142857,9233.964285714286
d_615,13337,8576,8162,2012-10-04,15102.392857142857,10311.035714285714,9195.42857142857
d_616,14559,10156,9873,2012-10-05,15086.285714285714,10277.75,9238.142857142857
d_617,18576,12825,12639,2012-10-06,15086.357142857143,10293.32142857143,9251.857142857143
d_618,18997,13041,9834,2012-10-07,15034.57142857143,10263.57142857143,9162.785714285714
d_619,15393,9386,9011,2012-10-08,15031.92857142857,10252.42857142857,9205.785714285714
d_620,13502,9538,9255,2012-10-09,15015.035714285714,10262.785714285714,9209.642857142857
d_621,12974,8919,8076,2012-10-10,15036.392857142857,10256.75,9156.857142857143
d_622,11826,9360,8812,2012-10-11,14991.714285714286,10268.714285714286,9184.42857142857
d_623,14209,10577,10266,2012-10-12,14963.642857142857,10283.107142857143,9151.42857142857
d_624,17236,13634,11356,2012-10-13,14916.464285714286,10276.42857142857,9071.964285714286
d_625,17899,13183,11155,2012-10-14,14860.0,10265.035714285714,9066.642857142857
d_626,12972,11156,9556,2012-10-15,14839.75,10304.857142857143,9112.214285714286
d_627,11722,8284,7863,2012-10-16,14797.07142857143,10302.0,9107.5
d_628,11706,8733,6664,2012-10-17,14803.964285714286,10320.285714285714,9083.67857142857
d_629,11551,8418,6200,2012-10-18,14772.0,10317.857142857143,9032.785714285714
d_630,12990,9109,7612,2012-10-19,14706.67857142857,10291.32142857143,8984.535714285714
d_631,16664,11439,8586,2012-10-20,14638.142857142857,10243.714285714286,8914.964285714286
d_632,17360,12209,7418,2012-10-21,14602.5,10213.214285714286,8824.857142857143
d_633,12433,8776,5503,2012-10-22,14577.214285714286,10200.785714285714,8774.57142857143
d_634,11249,8167,6003,2012-10-23,14537.642857142857,10187.035714285714,8736.464285714286
d_635,10546,8201,5643,2012-10-24,14495.17857142857,10182.17857142857,8693.0
d_636,10821,7807,5684,2012-10-25,14453.0,10166.785714285714,8646.32142857143
d_637,12461,8721,10681,2012-10-26,14378.392857142857,10145.0,8714.392857142857
d_638,15999,10430,12118,2012-10-27,14301.07142857143,10093.857142857143,8755.92857142857
d_639,16457,10910,9817,2012-10-28,14234.892857142857,10051.857142857143,8772.964285714286
d_640,12014,8160,7407,2012-10-29,14102.25,9949.82142857143,8748.357142857143
d_641,12499,8066,7515,2012-10-30,14008.892857142857,9914.357142857143,8671.82142857143
d_642,9984,7704,7287,2012-10-31,13854.857142857143,9838.75,8571.285714285714
d_643,12550,9145,9356,2012-11-01,13826.75,9859.07142857143,8613.92857142857
d_644,14256,9280,11978,2012-11-02,13815.92857142857,9827.785714285714,8689.107142857143
d_645,18203,11805,15071,2012-11-03,13802.607142857143,9791.357142857143,8775.964285714286
d_646,18597,12091,11857,2012-11-04,13788.32142857143,9757.42857142857,8848.214285714286
d_647,13423,9469,10165,2012-11-05,13717.964285714286,9760.392857142857,8889.42857142857
d_648,12078,8653,9783,2012-11-06,13667.107142857143,9728.785714285714,8908.285714285714
d_649,12254,9080,8349,2012-11-07,13641.392857142857,9734.535714285714,8918.035714285714
d_650,12254,8354,10149,2012-11-08,13656.67857142857,9698.607142857143,8965.785714285714
d_651,14020,10011,11691,2012-11-09,13649.92857142857,9678.392857142857,9016.67857142857
d_652,18128,11467,13289,2012-11-10,13681.785714285714,9601.0,9085.714285714286
d_653,17170,12743,13604,2012-11-11,13655.75,9585.285714285714,9173.17857142857
d_654,13310,9435,10468,2012-11-12,13667.82142857143,9523.82142857143,9205.75
d_655,11167,8507,8634,2012-11-13,13648.0,9531.785714285714,9233.285714285714
d_656,10396,7757,9682,2012-11-14,13601.214285714286,9496.92857142857,9341.07142857143
d_657,10950,8808,9955,2012-11-15,13579.75,9510.857142857143,9475.17857142857
d_658,12996,8681,9939,2012-11-16,13579.964285714286,9495.57142857143,9558.285714285714
d_659,16701,11297,12443,2012-11-17,13581.285714285714,9490.5,9696.035714285714
d_660,16316,10920,10340,2012-11-18,13544.0,9444.464285714286,9800.392857142857
d_661,12791,8803,7736,2012-11-19,13556.785714285714,9445.42857142857,9880.142857142857
d_662,12980,9077,8217,2012-11-20,13618.607142857143,9477.92857142857,9959.214285714286
d_663,13964,11863,9381,2012-11-21,13740.67857142857,9608.714285714286,10092.714285714286
d_664,8002,8259,5648,2012-11-22,13640.0,9624.857142857143,10091.42857142857
d_665,9717,7014,6692,2012-11-23,13542.0,9563.892857142857,9948.964285714286
d_666,12264,8855,8897,2012-11-24,13408.607142857143,9507.642857142857,9833.92857142857
d_667,13768,9632,9332,2012-11-25,13312.57142857143,9462.0,9816.607142857143
d_668,11563,7772,7141,2012-11-26,13296.464285714286,9448.142857142857,9807.107142857143
d_669,10421,6837,7231,2012-11-27,13222.25,9404.25,9796.964285714286
d_670,9809,6743,6993,2012-11-28,13216.0,9369.92857142857,9786.464285714286
d_671,9939,6753,7176,2012-11-29,13122.75,9284.5,9708.607142857143
d_672,11540,8821,10028,2012-11-30,13025.75,9268.107142857143,9638.964285714286
d_673,18180,12408,11908,2012-12-01,13024.92857142857,9289.642857142857,9526.0
d_674,15828,12044,13068,2012-12-02,12926.035714285714,9287.964285714286,9569.25
d_675,14358,10063,10916,2012-12-03,12959.42857142857,9309.17857142857,9596.07142857143
d_676,12172,7581,9066,2012-12-04,12962.785714285714,9270.892857142857,9570.464285714286
d_677,11539,9079,10566,2012-12-05,12937.25,9270.857142857143,9649.642857142857
d_678,12123,8908,10093,2012-12-06,12932.57142857143,9290.642857142857,9647.642857142857
d_679,13740,9950,9904,2012-12-07,12922.57142857143,9288.464285714286,9583.82142857143
d_680,16734,11639,13200,2012-12-08,12872.785714285714,9294.607142857143,9580.642857142857
d_681,17164,12532,12830,2012-12-09,12872.57142857143,9287.07142857143,9553.0
d_682,14030,8088,8971,2012-12-10,12898.285714285714,9238.964285714286,9499.535714285714
d_683,12154,8368,9776,2012-12-11,12933.535714285714,9234.0,9540.32142857143
d_684,11147,8821,10048,2012-12-12,12960.357142857143,9272.0,9553.392857142857
d_685,11481,8892,8298,2012-12-13,12979.32142857143,9275.0,9494.214285714286
d_686,12586,9219,11097,2012-12-14,12964.67857142857,9294.214285714286,9535.57142857143
d_687,16288,12347,13755,2012-12-15,12949.92857142857,9331.714285714286,9582.42857142857
d_688,16738,11821,11494,2012-12-16,12965.0,9363.892857142857,9623.642857142857
d_689,12454,9757,8814,2012-12-17,12952.964285714286,9397.964285714286,9662.142857142857
d_690,12715,9215,8324,2012-12-18,12943.5,9402.892857142857,9665.964285714286
d_691,11471,9340,10971,2012-12-19,12854.464285714286,9312.785714285714,9722.75
d_692,12640,9571,8661,2012-12-20,13020.107142857143,9359.642857142857,9830.357142857143
d_693,13684,9543,9621,2012-12-21,13161.785714285714,9449.964285714286,9934.964285714286
d_694,16669,11111,12235,2012-12-22,13319.107142857143,9530.535714285714,10054.17857142857
d_695,15476,11884,11627,2012-12-23,13380.107142857143,9610.964285714286,10136.142857142857
d_696,13360,10404,8859,2012-12-24,13444.285714285714,9704.964285714286,10197.5
d_697,6,2,3,2012-12-25,13072.32142857143,9460.857142857143,9939.357142857143
d_698,12072,10020,7609,2012-12-26,13153.142857142857,9577.892857142857,9961.357142857143
d_699,12289,8507,8290,2012-12-27,13237.07142857143,9640.535714285714,10001.142857142857
d_700,12801,9991,9555,2012-12-28,13282.107142857143,9682.32142857143,9984.25
d_701,15204,10819,11131,2012-12-29,13175.82142857143,9625.57142857143,9956.5
d_702,15023,10801,9875,2012-12-30,13147.07142857143,9581.17857142857,9842.464285714286
d_703,13715,10576,10745,2012-12-31,13124.107142857143,9599.5,9836.357142857143
d_704,9640,8334,6113,2013-01-01,13033.67857142857,9626.392857142857,9730.892857142857
d_705,13252,8387,10545,2013-01-02,13094.857142857143,9601.67857142857,9730.142857142857
d_706,14202,10069,11970,2013-01-03,13169.107142857143,9643.142857142857,9797.17857142857
d_707,14526,8861,10355,2013-01-04,13197.17857142857,9604.25,9813.285714285714
d_708,17101,11310,14876,2013-01-05,13210.285714285714,9592.5,9873.142857142857
d_709,17773,12705,13516,2013-01-06,13232.035714285714,9598.67857142857,9897.642857142857
d_710,13805,10644,9068,2013-01-07,13224.0,9689.964285714286,9901.107142857143
d_711,13098,8035,10087,2013-01-08,13257.714285714286,9678.07142857143,9912.214285714286
d_712,11387,7519,10626,2013-01-09,13266.285714285714,9631.57142857143,9932.857142857143
d_713,12615,8402,8776,2013-01-10,13306.785714285714,9614.07142857143,9949.92857142857
d_714,13487,9521,11468,2013-01-11,13338.964285714286,9624.857142857143,9963.17857142857
d_715,17781,12952,15145,2013-01-12,13392.285714285714,9646.464285714286,10012.82142857143
d_716,17260,12369,10578,2013-01-13,13410.92857142857,9666.035714285714,9980.107142857143
d_717,12151,8407,10056,2013-01-14,13400.107142857143,9617.82142857143,10024.464285714286
d_718,11634,8313,10954,2013-01-15,13361.5,9585.607142857143,10118.392857142857
d_719,11598,8192,9012,2013-01-16,13366.035714285714,9544.607142857143,10048.42857142857
d_720,11854,7923,8593,2013-01-17,13337.964285714286,9485.75,10046.0
d_721,13495,9210,10107,2013-01-18,13331.214285714286,9473.857142857143,10063.357142857143
d_722,17671,11441,13155,2013-01-19,13367.0,9485.642857142857,10096.214285714286
d_723,15199,11493,10349,2013-01-20,13357.107142857143,9471.67857142857,10050.57142857143
d_724,13849,9222,7816,2013-01-21,13374.57142857143,9429.464285714286,10013.32142857143
d_725,11368,7516,6672,2013-01-22,13780.357142857143,9697.82142857143,10251.5
d_726,10669,7396,7529,2013-01-23,13730.25,9604.107142857143,10248.642857142857
d_727,10077,7494,7396,2013-01-24,13651.25,9567.92857142857,10216.714285714286
d_728,13134,8224,8494,2013-01-25,13663.142857142857,9504.82142857143,10178.82142857143
d_729,17658,10988,12047,2013-01-26,13750.785714285714,9510.857142857143,10211.535714285714
d_730,17206,11222,9999,2013-01-27,13828.75,9525.892857142857,10215.964285714286
d_731,11924,8348,7524,2013-01-28,13764.785714285714,9446.32142857143,10100.92857142857
d_732,11258,7204,7087,2013-01-29,13822.57142857143,9405.964285714286,10135.714285714286
d_733,10263,7071,6189,2013-01-30,13715.82142857143,9358.964285714286,9980.142857142857
d_734,11785,7477,7489,2013-01-31,13629.5,9266.392857142857,9820.107142857143
d_735,15823,11282,11971,2013-02-01,13675.82142857143,9352.857142857143,9877.82142857143
d_736,21731,13342,15959,2013-02-02,13841.17857142857,9425.42857142857,9916.5
d_737,15365,12674,13519,2013-02-03,13755.17857142857,9424.32142857143,9916.607142857143
d_738,12548,8661,7783,2013-02-04,13710.285714285714,9353.5,9870.714285714286
d_739,11910,9433,10290,2013-02-05,13667.857142857143,9403.42857142857,9877.964285714286
d_740,11924,8777,11236,2013-02-06,13687.035714285714,9448.357142857143,9899.75
d_741,12428,9930,7341,2013-02-07,13680.357142857143,9502.92857142857,9848.5
d_742,13986,10281,11279,2013-02-08,13698.17857142857,9530.07142857143,9841.75
d_743,17488,13094,15270,2013-02-09,13687.714285714286,9535.142857142857,9846.214285714286
d_744,17372,13720,12818,2013-02-10,13691.714285714286,9583.392857142857,9926.214285714286
d_745,14864,10046,11707,2013-02-11,13788.607142857143,9641.92857142857,9985.17857142857
d_746,13291,10406,12444,2013-02-12,13847.785714285714,9716.67857142857,10038.392857142857
d_747,14147,12009,12395,2013-02-13,13938.82142857143,9853.0,10159.214285714286
d_748,11196,8580,10433,2013-02-14,13915.32142857143,9876.464285714286,10224.92857142857
d_749,14178,10631,13451,2013-02-15,13939.714285714286,9927.214285714286,10344.357142857143
d_750,17563,12785,14809,2013-02-16,13935.857142857143,9975.214285714286,10403.42857142857
d_751,17250,14094,13309,2013-02-17,14009.107142857143,10068.107142857143,10509.142857142857
d_752,15076,10486,9076,2013-02-18,14052.92857142857,10113.25,10554.142857142857
d_753,11609,9169,7470,2013-02-19,14061.535714285714,10172.285714285714,10582.642857142857
d_754,12233,8850,9118,2013-02-20,14117.392857142857,10224.214285714286,10639.392857142857
d_755,12258,9297,9853,2013-02-21,14195.285714285714,10288.607142857143,10727.142857142857
d_756,14171,9665,8727,2013-02-22,14232.32142857143,10340.07142857143,10735.464285714286
d_757,18348,12066,12617,2013-02-23,14256.964285714286,10378.57142857143,10755.82142857143
d_758,18358,13694,12090,2013-02-24,14298.107142857143,10466.857142857143,10830.5
d_759,13713,9352,8955,2013-02-25,14362.0,10502.714285714286,10881.607142857143
d_760,11596,8567,7165,2013-02-26,14374.07142857143,10551.392857142857,10884.392857142857
d_761,11844,8503,7537,2013-02-27,14430.535714285714,10602.535714285714,10932.535714285714
d_762,12625,8430,9319,2013-02-28,14460.535714285714,10636.57142857143,10997.892857142857
d_763,16092,11283,12076,2013-03-01,14470.142857142857,10636.607142857143,11001.642857142857
d_764,20494,13200,16078,2013-03-02,14425.964285714286,10631.535714285714,11005.892857142857
d_765,19787,13493,14967,2013-03-03,14583.892857142857,10660.785714285714,11057.607142857143
d_766,14410,10021,11386,2013-03-04,14650.392857142857,10709.357142857143,11186.285714285714
d_767,13081,9651,8504,2013-03-05,14692.214285714286,10717.142857142857,11122.5
d_768,12395,9324,10309,2013-03-06,14709.035714285714,10736.67857142857,11089.392857142857
d_769,11588,9355,8827,2013-03-07,14679.035714285714,10716.142857142857,11142.464285714286
d_770,14704,8642,10946,2013-03-08,14704.67857142857,10657.607142857143,11130.57142857143
d_771,18334,12272,14283,2013-03-09,14734.892857142857,10628.25,11095.32142857143
d_772,18868,12340,12900,2013-03-10,14788.32142857143,10578.964285714286,11098.25
d_773,14548,11331,10559,2013-03-11,14777.035714285714,10624.857142857143,11057.25
d_774,12768,10256,10768,2013-03-12,14758.357142857143,10619.5,10997.392857142857
d_775,12532,10092,9184,2013-03-13,14700.67857142857,10551.035714285714,10882.714285714286
d_776,12904,9410,10853,2013-03-14,14761.67857142857,10580.67857142857,10897.714285714286
d_777,14889,10761,11851,2013-03-15,14787.07142857143,10585.32142857143,10840.57142857143
d_778,17726,11876,14050,2013-03-16,14792.892857142857,10552.857142857143,10813.464285714286
d_779,18239,12361,11970,2013-03-17,14828.214285714286,10490.964285714286,10765.642857142857
d_780,13262,9923,8180,2013-03-18,14763.42857142857,10470.857142857143,10733.642857142857
d_781,11851,8708,8453,2013-03-19,14772.07142857143,10454.392857142857,10768.75
d_782,12716,8318,8422,2013-03-20,14789.32142857143,10435.392857142857,10743.892857142857
d_783,12561,8798,8283,2013-03-21,14800.142857142857,10417.57142857143,10687.82142857143
d_784,14455,9469,9244,2013-03-22,14810.285714285714,10410.57142857143,10706.285714285714
d_785,17535,11267,11818,2013-03-23,14781.25,10382.035714285714,10677.75
d_786,17216,12057,11360,2013-03-24,14740.464285714286,10323.57142857143,10651.67857142857
d_787,13051,8735,7881,2013-03-25,14716.82142857143,10301.535714285714,10613.32142857143
d_788,12098,8465,8069,2013-03-26,14734.75,10297.892857142857,10645.607142857143
d_789,12240,8188,7830,2013-03-27,14748.892857142857,10286.642857142857,10656.07142857143
d_790,13025,8223,8406,2013-03-28,14763.17857142857,10279.25,10623.464285714286
d_791,15732,11323,11012,2013-03-29,14750.32142857143,10280.67857142857,10585.464285714286
d_792,19945,13001,13464,2013-03-30,14730.714285714286,10273.57142857143,10492.107142857143
d_793,13769,11899,8780,2013-03-31,14515.785714285714,10216.642857142857,10271.142857142857
d_794,14427,10745,9350,2013-04-01,14516.392857142857,10242.5,10198.42857142857
d_795,14391,8958,11293,2013-04-02,14563.17857142857,10217.75,10298.035714285714
d_796,14759,9062,11773,2013-04-03,14647.607142857143,10208.392857142857,10350.32142857143
d_797,14109,8925,9140,2013-04-04,14737.642857142857,10193.035714285714,10361.5
d_798,16073,10519,11464,2013-04-05,14786.535714285714,10260.07142857143,10380.0
d_799,19195,12876,14750,2013-04-06,14817.285714285714,10281.642857142857,10396.67857142857
d_800,20337,13965,12142,2013-04-07,14869.75,10339.67857142857,10369.607142857143
d_801,14638,10104,10275,2013-04-08,14872.964285714286,10295.857142857143,10359.464285714286
d_802,14564,10052,9134,2013-04-09,14937.107142857143,10288.57142857143,10301.107142857143
d_803,14230,8392,8819,2013-04-10,14997.75,10227.857142857143,10288.07142857143
d_804,13647,9502,9543,2013-04-11,15024.285714285714,10231.142857142857,10241.285714285714
d_805,14782,10013,11287,2013-04-12,15020.464285714286,10204.42857142857,10221.142857142857
d_806,18260,12536,12849,2013-04-13,15039.535714285714,10228.0,10178.25
d_807,18310,12931,12749,2013-04-14,15042.07142857143,10248.357142857143,10206.07142857143
d_808,13807,11045,9250,2013-04-15,15061.535714285714,10288.42857142857,10244.285714285714
d_809,13180,8993,8866,2013-04-16,15109.0,10298.607142857143,10259.035714285714
d_810,12736,8473,7606,2013-04-17,15109.714285714286,10304.142857142857,10229.892857142857
d_811,12629,8158,7687,2013-04-18,15112.142857142857,10281.285714285714,10208.607142857143
d_812,14810,9635,8384,2013-04-19,15124.82142857143,10287.214285714286,10177.892857142857
d_813,18193,11886,10778,2013-04-20,15148.32142857143,10309.32142857143,10140.75
d_814,19123,11536,9272,2013-04-21,15216.42857142857,10290.714285714286,10066.17857142857
d_815,14251,8935,6765,2013-04-22,15259.285714285714,10297.857142857143,10026.32142857143
d_816,12559,8472,6028,2013-04-23,15275.75,10298.107142857143,9953.42857142857
d_817,12542,7996,7069,2013-04-24,15286.535714285714,10291.25,9926.25
d_818,12533,7797,7146,2013-04-25,15268.964285714286,10276.035714285714,9881.25
d_819,14093,9423,7690,2013-04-26,15210.42857142857,10208.17857142857,9762.607142857143
d_820,17185,8624,9520,2013-04-27,15111.857142857143,10051.857142857143,9621.75
d_821,18028,12207,8667,2013-04-28,15263.964285714286,10062.857142857143,9617.714285714286
d_822,12903,7869,6673,2013-04-29,15209.535714285714,9960.142857142857,9522.107142857143
d_823,13258,8124,6762,2013-04-30,15169.07142857143,9930.357142857143,9360.285714285714
d_824,14286,9197,7875,2013-05-01,15152.17857142857,9935.17857142857,9221.07142857143
d_825,14214,8125,9402,2013-05-02,15155.92857142857,9906.607142857143,9230.42857142857
d_826,16459,9650,10841,2013-05-03,15169.714285714286,9875.57142857143,9208.17857142857
d_827,18770,10800,11242,2013-05-04,15154.535714285714,9801.42857142857,9082.892857142857
d_828,18927,12305,11971,2013-05-05,15104.17857142857,9742.142857142857,9076.785714285714
d_829,15987,9847,9534,2013-05-06,15152.357142857143,9732.964285714286,9050.32142857143
d_830,14308,9495,7870,2013-05-07,15143.214285714286,9713.07142857143,9005.17857142857
d_831,13429,9106,8811,2013-05-08,15114.607142857143,9738.57142857143,9004.892857142857
d_832,13958,9446,9534,2013-05-09,15125.714285714286,9736.57142857143,9004.57142857143
d_833,15462,8519,9516,2013-05-10,15150.0,9683.214285714286,8941.32142857143
d_834,20060,12328,12997,2013-05-11,15214.285714285714,9675.785714285714,8946.607142857143
d_835,16414,11379,9597,2013-05-12,15146.57142857143,9620.357142857143,8834.035714285714
d_836,14890,11084,8635,2013-05-13,15185.25,9621.75,8812.07142857143
d_837,14287,9457,9141,2013-05-14,15224.785714285714,9638.32142857143,8821.892857142857
d_838,14158,9990,10463,2013-05-15,15275.57142857143,9692.5,8923.92857142857
d_839,13562,9500,8875,2013-05-16,15308.892857142857,9740.42857142857,8966.357142857143
d_840,14936,10055,9691,2013-05-17,15313.392857142857,9755.42857142857,9013.035714285714
d_841,18020,12789,10021,2013-05-18,15307.214285714286,9787.67857142857,8986.0
d_842,19633,13340,9700,2013-05-19,15325.42857142857,9852.107142857143,9001.285714285714
d_843,15437,10096,8113,2013-05-20,15367.785714285714,9893.57142857143,9049.42857142857
d_844,13479,8931,7876,2013-05-21,15400.642857142857,9909.964285714286,9115.42857142857
d_845,13096,8912,6927,2013-05-22,15420.42857142857,9942.67857142857,9110.357142857143
d_846,14016,8753,8133,2013-05-23,15473.392857142857,9976.82142857143,9145.607142857143
d_847,15787,10225,9069,2013-05-24,15533.892857142857,10005.464285714286,9194.857142857143
d_848,17170,11816,10157,2013-05-25,15533.357142857143,10119.464285714286,9217.607142857143
d_849,16344,11647,8058,2013-05-26,15473.214285714286,10099.464285714286,9195.857142857143
d_850,17033,11139,8105,2013-05-27,15620.714285714286,10216.25,9247.0
d_851,13924,8608,6766,2013-05-28,15644.5,10233.535714285714,9247.142857142857
d_852,12350,7644,6973,2013-05-29,15575.357142857143,10178.07142857143,9214.92857142857
d_853,12661,8329,7135,2013-05-30,15519.892857142857,10185.357142857143,9133.964285714286
d_854,16213,9646,10227,2013-05-31,15511.107142857143,10185.214285714286,9112.035714285714
d_855,19759,13829,11220,2013-06-01,15546.42857142857,10293.392857142857,9111.25
d_856,21500,12868,13134,2013-06-02,15638.32142857143,10313.5,9152.785714285714
d_857,16824,11180,11241,2013-06-03,15668.214285714286,10361.107142857143,9213.75
d_858,15176,9546,9087,2013-06-04,15699.214285714286,10362.92857142857,9257.214285714286
d_859,15639,10579,9693,2013-06-05,15778.142857142857,10415.535714285714,9288.714285714286
d_860,14096,10520,9550,2013-06-06,15783.07142857143,10453.892857142857,9289.285714285714
d_861,17107,11280,9215,2013-06-07,15841.82142857143,10552.5,9278.535714285714
d_862,20488,12262,11897,2013-06-08,15857.107142857143,10550.142857142857,9239.25
d_863,21873,13317,12974,2013-06-09,16052.07142857143,10619.357142857143,9359.857142857143
d_864,17630,10451,8688,2013-06-10,16149.92857142857,10596.75,9361.75
d_865,15070,10312,9243,2013-06-11,16177.892857142857,10627.285714285714,9365.392857142857
d_866,14339,10052,9551,2013-06-12,16184.357142857143,10629.5,9332.82142857143
d_867,14910,10524,8754,2013-06-13,16232.5,10666.07142857143,9328.5
d_868,17282,11206,11279,2013-06-14,16316.285714285714,10707.17857142857,9385.214285714286
d_869,19445,13512,13352,2013-06-15,16367.17857142857,10733.0,9504.17857142857
d_870,17574,12677,9439,2013-06-16,16293.642857142857,10709.32142857143,9494.857142857143
d_871,15253,10240,8625,2013-06-17,16287.07142857143,10714.464285714286,9513.142857142857
d_872,14223,9217,7737,2013-06-18,16313.642857142857,10724.67857142857,9508.17857142857
d_873,14013,9232,7825,2013-06-19,16346.392857142857,10736.107142857143,9540.25
d_874,14452,9200,8119,2013-06-20,16361.964285714286,10752.07142857143,9539.75
d_875,16679,10458,9566,2013-06-21,16393.821428571428,10760.392857142857,9557.5
d_876,19032,12805,10439,2013-06-22,16460.321428571428,10795.714285714286,9567.57142857143
d_877,19972,13266,10037,2013-06-23,16589.89285714286,10853.535714285714,9638.25
d_878,15516,10380,8222,2013-06-24,16535.714285714286,10826.42857142857,9642.42857142857
d_879,14620,9245,7738,2013-06-25,16560.571428571428,10849.17857142857,9677.142857142857
d_880,13896,9023,7437,2013-06-26,16615.785714285714,10898.42857142857,9693.714285714286
d_881,14578,9134,7745,2013-06-27,16684.25,10927.17857142857,9715.5
d_882,17612,10353,8788,2013-06-28,16734.214285714286,10952.42857142857,9664.107142857143
d_883,21364,12756,10829,2013-06-29,16791.535714285714,10914.107142857143,9650.142857142857
d_884,21044,13539,10240,2013-06-30,16775.25,10938.07142857143,9546.785714285714
d_885,18300,11497,8919,2013-07-01,16827.964285714286,10949.392857142857,9463.857142857143
d_886,17705,9548,9989,2013-07-02,16918.285714285714,10949.464285714286,9496.07142857143
d_887,19894,11644,12461,2013-07-03,17070.25,10987.5,9594.92857142857
d_888,17287,11248,8248,2013-07-04,17184.214285714286,11013.5,9548.42857142857
d_889,18124,11684,10999,2013-07-05,17220.535714285714,11027.92857142857,9612.142857142857
d_890,17843,12766,11223,2013-07-06,17126.071428571428,11045.92857142857,9588.07142857143
d_891,20695,13357,10572,2013-07-07,17084.0,11047.357142857143,9502.285714285714
d_892,16475,10126,10859,2013-07-08,17042.75,11035.75,9579.82142857143
d_893,16104,10405,10744,2013-07-09,17079.678571428572,11039.07142857143,9633.42857142857
d_894,16039,9084,9456,2013-07-10,17140.39285714286,11004.5,9630.035714285714
d_895,14923,10818,10620,2013-07-11,17140.85714285714,11015.0,9696.67857142857
d_896,16907,12245,12127,2013-07-12,17127.464285714286,11052.107142857143,9726.964285714286
d_897,19047,14227,11911,2013-07-13,17113.25,11077.642857142857,9675.5
d_898,20294,13436,12942,2013-07-14,17210.39285714286,11104.75,9800.607142857143
d_899,15533,11083,11008,2013-07-15,17220.39285714286,11134.857142857143,9885.714285714286
d_900,14502,9368,10067,2013-07-16,17230.35714285714,11140.25,9968.92857142857
d_901,14508,9028,8931,2013-07-17,17248.035714285714,11132.964285714286,10008.42857142857
d_902,14971,9740,9210,2013-07-18,17266.571428571428,11152.25,10047.392857142857
d_903,16383,9908,9903,2013-07-19,17256.0,11132.607142857143,10059.42857142857
d_904,19732,11521,10274,2013-07-20,17281.0,11086.75,10053.535714285714
d_905,20560,12539,8940,2013-07-21,17302.0,11060.785714285714,10014.357142857143
d_906,14781,9634,7788,2013-07-22,17275.75,11034.142857142857,9998.857142857143
d_907,14590,9420,7294,2013-07-23,17274.678571428572,11040.392857142857,9983.0
d_908,14347,9662,7459,2013-07-24,17290.785714285714,11063.214285714286,9983.785714285714
d_909,15007,9197,7612,2013-07-25,17306.10714285714,11065.464285714286,9979.035714285714
d_910,16352,10769,9722,2013-07-26,17261.10714285714,11080.32142857143,10012.392857142857
d_911,19286,12360,10026,2013-07-27,17186.89285714286,11066.17857142857,9983.714285714286
d_912,19053,12670,8757,2013-07-28,17115.785714285714,11035.142857142857,9930.75
d_913,15122,9875,6766,2013-07-29,17002.285714285714,10977.214285714286,9853.857142857143
d_914,14093,8944,7125,2013-07-30,16873.285714285714,10955.642857142857,9751.57142857143
d_915,14441,8844,7970,2013-07-31,16678.535714285714,10855.642857142857,9591.17857142857
d_916,16662,11741,8906,2013-08-01,16656.214285714286,10873.25,9614.67857142857
d_917,17874,11721,12068,2013-08-02,16647.285714285714,10874.57142857143,9652.857142857143
d_918,20462,13599,13044,2013-08-03,16740.821428571428,10904.32142857143,9717.892857142857
d_919,20439,13544,10456,2013-08-04,16731.678571428572,10911.0,9713.75
d_920,17120,11628,10401,2013-08-05,16754.714285714286,10964.642857142857,9697.392857142857
d_921,15295,10959,10440,2013-08-06,16725.821428571428,10984.42857142857,9686.535714285714
d_922,15716,10898,8465,2013-08-07,16714.285714285714,11049.214285714286,9651.142857142857
d_923,15548,9665,9673,2013-08-08,16736.60714285714,11008.035714285714,9617.32142857143
d_924,17285,12564,10850,2013-08-09,16750.10714285714,11019.42857142857,9571.714285714286
d_925,21051,12952,10909,2013-08-10,16821.678571428572,10973.892857142857,9535.92857142857
d_926,20776,14761,11983,2013-08-11,16838.89285714286,11021.214285714286,9501.67857142857
d_927,16617,11232,10904,2013-08-12,16877.60714285714,11026.535714285714,9497.964285714286
d_928,14938,11444,8762,2013-08-13,16893.178571428572,11100.67857142857,9451.357142857143
d_929,14879,8876,9977,2013-08-14,16906.428571428572,11095.25,9488.714285714286
d_930,15213,10974,11456,2013-08-15,16915.071428571428,11139.32142857143,9568.92857142857
d_931,16785,9888,11352,2013-08-16,16929.428571428572,11138.607142857143,9620.67857142857
d_932,20418,12856,11157,2013-08-17,16953.928571428572,11186.285714285714,9652.214285714286
d_933,20883,13267,10744,2013-08-18,16965.464285714286,11212.285714285714,9716.642857142857
d_934,16562,10130,8545,2013-08-19,17029.071428571428,11230.0,9743.67857142857
d_935,14879,8910,7836,2013-08-20,17039.39285714286,11211.785714285714,9763.035714285714
d_936,14871,9440,8322,2013-08-21,17058.10714285714,11203.857142857143,9793.857142857143
d_937,14577,9348,7868,2013-08-22,17042.75,11209.25,9803.0
d_938,16665,11295,9153,2013-08-23,17053.928571428572,11228.035714285714,9782.67857142857
d_939,20575,13847,10414,2013-08-24,17099.964285714286,11281.142857142857,9796.535714285714
d_940,23275,14357,10945,2013-08-25,17250.75,11341.392857142857,9874.67857142857
d_941,15435,9839,8926,2013-08-26,17261.928571428572,11340.107142857143,9951.82142857143
d_942,14572,9332,9059,2013-08-27,17279.035714285714,11353.964285714286,10020.892857142857
d_943,14381,9494,8581,2013-08-28,17276.89285714286,11377.17857142857,10042.714285714286
d_944,14521,8676,8513,2013-08-29,17200.428571428572,11267.714285714286,10028.67857142857
d_945,18431,11093,12097,2013-08-30,17220.321428571428,11245.285714285714,10029.714285714286
d_946,21995,13843,12134,2013-08-31,17275.071428571428,11254.0,9997.214285714286
d_947,20502,14101,10138,2013-09-01,17277.321428571428,11273.892857142857,9985.857142857143
d_948,21384,13152,12536,2013-09-02,17429.60714285714,11328.32142857143,10062.107142857143
d_949,16093,10718,10988,2013-09-03,17458.10714285714,11319.714285714286,10081.67857142857
d_950,14916,9290,9122,2013-09-04,17429.535714285714,11262.285714285714,10105.142857142857
d_951,15153,10489,9783,2013-09-05,17415.428571428572,11291.714285714286,10109.07142857143
d_952,17050,10725,10909,2013-09-06,17407.035714285714,11226.035714285714,10111.17857142857
d_953,21435,14426,11739,2013-09-07,17420.75,11278.67857142857,10140.82142857143
d_954,23603,14880,13257,2013-09-08,17521.714285714286,11282.92857142857,10186.32142857143
d_955,17616,11075,11074,2013-09-09,17557.39285714286,11277.32142857143,10192.392857142857
d_956,16409,8993,9261,2013-09-10,17609.928571428572,11189.785714285714,10210.214285714286
d_957,15382,10173,10640,2013-09-11,17627.89285714286,11236.107142857143,10233.892857142857
d_958,15063,10484,11220,2013-09-12,17622.535714285714,11218.607142857143,10225.464285714286
d_959,17151,12449,11371,2013-09-13,17635.60714285714,11310.07142857143,10226.142857142857
d_960,20484,14457,14225,2013-09-14,17637.964285714286,11367.25,10335.714285714286
d_961,21880,15151,13939,2013-09-15,17673.571428571428,11434.535714285714,10449.82142857143
d_962,16589,10591,9595,2013-09-16,17674.535714285714,11451.0,10487.32142857143
d_963,14832,9327,8412,2013-09-17,17672.85714285714,11465.892857142857,10507.892857142857
d_964,14112,9216,7953,2013-09-18,17645.75,11457.892857142857,10494.714285714286
d_965,14148,8889,7786,2013-09-19,17630.428571428572,11441.5,10491.785714285714
d_966,16931,9211,10139,2013-09-20,17639.928571428572,11367.07142857143,10527.0
d_967,20954,13422,11625,2013-09-21,17653.464285714286,11351.892857142857,10570.25
d_968,21819,13522,10869,2013-09-22,17601.464285714286,11322.07142857143,10567.535714285714
d_969,15148,9423,8213,2013-09-23,17591.214285714286,11307.214285714286,10542.07142857143
d_970,14694,8830,7540,2013-09-24,17595.571428571428,11289.285714285714,10487.82142857143
d_971,13355,8732,7872,2013-09-25,17558.928571428572,11262.07142857143,10462.5
d_972,14062,8652,7934,2013-09-26,17542.535714285714,11261.214285714286,10441.82142857143
d_973,15618,10047,9837,2013-09-27,17442.071428571428,11223.857142857143,10361.107142857143
d_974,19821,12909,11711,2013-09-28,17364.428571428572,11190.5,10346.0
d_975,20788,12740,10868,2013-09-29,17374.64285714286,11141.892857142857,10372.07142857143
d_976,15385,9074,8434,2013-09-30,17160.39285714286,10996.25,10225.57142857143
d_977,15717,11206,9807,2013-10-01,17146.964285714286,11013.67857142857,10183.392857142857
d_978,14460,9063,10377,2013-10-02,17130.678571428572,11005.57142857143,10228.214285714286
d_979,15034,10635,11546,2013-10-03,17126.428571428572,11010.785714285714,10291.17857142857
d_980,17030,10061,10243,2013-10-04,17125.714285714286,10987.07142857143,10267.392857142857
d_981,21356,13640,13781,2013-10-05,17122.89285714286,10959.0,10340.32142857143
d_982,22045,14668,13175,2013-10-06,17067.25,10951.42857142857,10337.392857142857
d_983,16759,11000,9244,2013-10-07,17036.64285714286,10948.75,10272.035714285714
d_984,15637,9239,9668,2013-10-08,17009.071428571428,10957.535714285714,10286.57142857143
d_985,15008,9437,10301,2013-10-09,16995.714285714286,10931.25,10274.464285714286
d_986,16033,8925,9061,2013-10-10,17030.35714285714,10875.57142857143,10197.357142857143
d_987,16112,10626,11355,2013-10-11,16993.25,10810.464285714286,10196.785714285714
d_988,19520,12558,14503,2013-10-12,16958.821428571428,10742.642857142857,10206.714285714286
d_989,20465,14064,11814,2013-10-13,16908.285714285714,10703.82142857143,10130.82142857143
d_990,15592,10831,10413,2013-10-14,16872.678571428572,10712.392857142857,10160.035714285714
d_991,13731,9681,9801,2013-10-15,16833.35714285714,10725.035714285714,10209.642857142857
d_992,13987,9319,9371,2013-10-16,16828.89285714286,10728.714285714286,10260.285714285714
d_993,13966,8411,8161,2013-10-17,16822.39285714286,10711.642857142857,10273.67857142857
d_994,15615,9141,9581,2013-10-18,16775.39285714286,10709.142857142857,10253.75
d_995,19048,12055,10940,2013-10-19,16707.321428571428,10660.32142857143,10229.285714285714
d_996,20688,12170,10494,2013-10-20,16666.928571428572,10612.035714285714,10215.892857142857
d_997,14762,9342,7755,2013-10-21,16653.14285714286,10609.142857142857,10199.535714285714
d_998,13558,8128,7271,2013-10-22,16612.571428571428,10584.07142857143,10189.92857142857
d_999,13032,8545,7948,2013-10-23,16601.035714285714,10577.392857142857,10192.642857142857
d_1000,13066,8311,7883,2013-10-24,16565.464285714286,10565.214285714286,10190.82142857143
d_1001,14957,9144,9776,2013-10-25,16541.85714285714,10532.964285714286,10188.642857142857
d_1002,19043,11526,11885,2013-10-26,16514.071428571428,10483.57142857143,10194.857142857143
d_1003,19459,12213,8993,2013-10-27,16466.60714285714,10464.75,10127.892857142857
d_1004,15149,9371,7538,2013-10-28,16458.178571428572,10475.357142857143,10095.892857142857
d_1005,13780,8009,7740,2013-10-29,16389.0,10361.17857142857,10022.07142857143
d_1006,15458,8629,7049,2013-10-30,16424.64285714286,10345.67857142857,9903.214285714286
d_1007,11722,7625,7687,2013-10-31,16306.357142857143,10238.17857142857,9765.392857142857
d_1008,16539,11501,11687,2013-11-01,16288.82142857143,10289.607142857143,9816.964285714286
d_1009,20526,12328,14239,2013-11-02,16259.17857142857,10242.75,9833.32142857143
d_1010,21495,13166,13712,2013-11-03,16239.535714285714,10189.107142857143,9852.5
d_1011,15376,9045,8551,2013-11-04,16190.142857142857,10119.285714285714,9827.75
d_1012,14683,9850,9554,2013-11-05,16156.07142857143,10141.107142857143,9823.67857142857
d_1013,14152,9143,9735,2013-11-06,16125.5,10130.607142857143,9803.464285714286
d_1014,13890,9482,8581,2013-11-07,16048.964285714286,10150.5,9786.32142857143
d_1015,15340,9143,10977,2013-11-08,16021.392857142857,10097.535714285714,9772.82142857143
d_1016,19643,11819,14255,2013-11-09,16025.785714285714,10071.142857142857,9763.964285714286
d_1017,20105,12183,11617,2013-11-10,16012.92857142857,10003.964285714286,9756.92857142857
d_1018,16490,10360,9546,2013-11-11,16045.0,9987.142857142857,9725.964285714286
d_1019,12770,9517,9988,2013-11-12,16010.67857142857,9981.285714285714,9732.642857142857
d_1020,12613,8526,8116,2013-11-13,15961.607142857143,9952.964285714286,9687.82142857143
d_1021,12551,7933,8984,2013-11-14,15911.07142857143,9935.892857142857,9717.214285714286
d_1022,14870,9989,10916,2013-11-15,15884.464285714286,9966.17857142857,9764.892857142857
d_1023,19340,12556,12691,2013-11-16,15894.892857142857,9984.07142857143,9827.42857142857
d_1024,19731,12678,10180,2013-11-17,15860.714285714286,10002.214285714286,9816.214285714286
d_1025,14428,8938,8744,2013-11-18,15848.785714285714,9987.785714285714,9851.535714285714
d_1026,12299,8195,8028,2013-11-19,15803.82142857143,9990.17857142857,9878.57142857143
d_1027,11884,8042,7989,2013-11-20,15762.82142857143,9972.214285714286,9880.035714285714
d_1028,12375,8055,8269,2013-11-21,15738.142857142857,9963.07142857143,9893.82142857143
d_1029,14280,8741,9842,2013-11-22,15713.964285714286,9948.67857142857,9896.17857142857
d_1030,18472,10351,11224,2013-11-23,15693.57142857143,9906.714285714286,9872.57142857143
d_1031,18198,10810,9438,2013-11-24,15648.535714285714,9856.607142857143,9888.464285714286
d_1032,13854,7355,7436,2013-11-25,15602.285714285714,9784.607142857143,9884.82142857143
d_1033,14129,8884,8280,2013-11-26,15614.75,9815.857142857143,9904.107142857143
d_1034,15079,10922,10138,2013-11-27,15601.214285714286,9897.75,10014.42857142857
d_1035,8302,6489,5048,2013-11-28,15479.07142857143,9857.17857142857,9920.17857142857
d_1036,10763,7126,8184,2013-11-29,15272.785714285714,9700.92857142857,9795.07142857143
d_1037,13572,8388,9586,2013-11-30,15024.42857142857,9560.214285714286,9628.892857142857
d_1038,16983,10626,10578,2013-12-01,14863.285714285714,9469.5,9516.964285714286
d_1039,16466,9609,11012,2013-12-02,14902.214285714286,9489.642857142857,9604.857142857143
d_1040,15949,10508,11567,2013-12-03,14947.42857142857,9513.142857142857,9676.75
d_1041,13865,8570,9084,2013-12-04,14937.17857142857,9492.67857142857,9653.5
d_1042,14368,9612,11171,2013-12-05,14954.25,9497.32142857143,9746.0
d_1043,15616,9818,11465,2013-12-06,14964.107142857143,9521.42857142857,9763.42857142857
d_1044,19874,12366,12210,2013-12-07,14972.357142857143,9540.964285714286,9690.392857142857
d_1045,18772,11556,10096,2013-12-08,14924.75,9518.57142857143,9636.07142857143
d_1046,14829,8855,9969,2013-12-09,14865.42857142857,9464.82142857143,9651.17857142857
d_1047,14720,8370,8332,2013-12-10,14935.07142857143,9423.857142857143,9592.035714285714
d_1048,12882,8642,9387,2013-12-11,14944.67857142857,9428.0,9637.42857142857
d_1049,12353,8769,10547,2013-12-12,14937.607142857143,9457.857142857143,9693.25
d_1050,14678,9389,12096,2013-12-13,14930.75,9436.42857142857,9735.392857142857
d_1051,18160,11203,12165,2013-12-14,14888.607142857143,9388.107142857143,9716.607142857143
d_1052,17943,12422,12732,2013-12-15,14824.75,9378.964285714286,9807.75
d_1053,14530,9333,8611,2013-12-16,14828.392857142857,9393.07142857143,9803.0
d_1054,13153,8638,8547,2013-12-17,14858.892857142857,9408.892857142857,9821.535714285714
d_1055,13387,9549,8756,2013-12-18,14912.57142857143,9462.714285714286,9848.92857142857
d_1056,13290,10179,8942,2013-12-19,14945.25,9538.57142857143,9872.964285714286
d_1057,13776,9054,9293,2013-12-20,14927.25,9549.75,9853.357142857143
d_1058,17676,9930,12868,2013-12-21,14898.82142857143,9534.714285714286,9912.07142857143
d_1059,17748,10424,6743,2013-12-22,14882.75,9520.92857142857,9815.82142857143
d_1060,15786,9489,10014,2013-12-23,14951.75,9597.142857142857,9907.892857142857
d_1061,12607,8888,9582,2013-12-24,14897.392857142857,9597.285714285714,9954.392857142857
d_1062,5,13,2,2013-12-25,14359.035714285714,9207.67857142857,9592.392857142857
d_1063,14544,9739,8444,2013-12-26,14581.964285714286,9323.75,9713.67857142857
d_1064,14677,9262,9156,2013-12-27,14721.75,9400.035714285714,9748.392857142857
d_1065,15846,10454,10190,2013-12-28,14802.964285714286,9473.82142857143,9769.964285714286
d_1066,15455,9983,8683,2013-12-29,14748.392857142857,9450.857142857143,9702.285714285714
d_1067,15159,8975,8159,2013-12-30,14701.714285714286,9428.214285714286,9600.392857142857
d_1068,14973,9789,10049,2013-12-31,14666.857142857143,9402.535714285714,9546.17857142857
d_1069,10884,7837,5124,2014-01-01,14560.392857142857,9376.357142857143,9404.75
d_1070,14703,8647,9303,2014-01-02,14572.357142857143,9341.892857142857,9338.035714285714
d_1071,15982,10147,12741,2014-01-03,14585.42857142857,9353.642857142857,9383.607142857143
d_1072,17993,11291,15332,2014-01-04,14518.25,9315.25,9495.107142857143
d_1073,19258,12592,13452,2014-01-05,14535.607142857143,9352.25,9614.964285714286
d_1074,15562,9616,7234,2014-01-06,14561.785714285714,9379.42857142857,9517.285714285714
d_1075,14199,9289,7464,2014-01-07,14543.17857142857,9412.25,9486.285714285714
d_1076,13953,8760,10260,2014-01-08,14581.42857142857,9416.464285714286,9517.464285714286
d_1077,13308,9046,10843,2014-01-09,14615.535714285714,9426.357142857143,9528.035714285714
d_1078,15094,8404,9268,2014-01-10,14630.392857142857,9391.17857142857,9427.035714285714
d_1079,20084,12676,15038,2014-01-11,14699.107142857143,9443.785714285714,9529.642857142857
d_1080,19062,13028,14768,2014-01-12,14739.07142857143,9465.42857142857,9602.357142857143
d_1081,14826,10226,8662,2014-01-13,14749.642857142857,9497.32142857143,9604.17857142857
d_1082,12483,8390,9350,2014-01-14,14725.714285714286,9488.464285714286,9632.857142857143
d_1083,13118,8649,9812,2014-01-15,14716.107142857143,9456.32142857143,9670.57142857143
d_1084,13275,8290,9625,2014-01-16,14715.57142857143,9388.857142857143,9694.964285714286
d_1085,15801,8810,10629,2014-01-17,14787.892857142857,9380.142857142857,9742.67857142857
d_1086,20056,10339,12838,2014-01-18,14872.892857142857,9394.75,9741.607142857143
d_1087,17807,11231,11389,2014-01-19,14875.0,9423.57142857143,9907.535714285714
d_1088,15452,9189,8065,2014-01-20,14863.07142857143,9412.857142857143,9837.92857142857
d_1089,12793,7404,7657,2014-01-21,14869.714285714286,9359.857142857143,9769.17857142857
d_1090,13228,7567,7402,2014-01-22,15341.964285714286,9629.642857142857,10033.464285714286
d_1091,12047,7212,6985,2014-01-23,15252.785714285714,9539.392857142857,9981.357142857143
d_1092,14269,7669,8950,2014-01-24,15238.214285714286,9482.5,9974.0
d_1093,18248,10581,11700,2014-01-25,15324.0,9487.035714285714,10027.92857142857
d_1094,19371,10811,10015,2014-01-26,15463.857142857143,9516.607142857143,10075.5
d_1095,13512,9848,6700,2014-01-27,15405.035714285714,9547.785714285714,10023.392857142857
d_1096,12167,5634,6199,2014-01-28,15304.82142857143,9399.392857142857,9885.892857142857
d_1097,10941,6774,7268,2014-01-29,15306.857142857143,9361.42857142857,9962.464285714286
d_1098,11714,7442,7861,2014-01-30,15200.107142857143,9318.392857142857,9910.964285714286
d_1099,14942,9334,12213,2014-01-31,15162.964285714286,9289.357142857143,9892.107142857143
d_1100,20480,12629,12224,2014-02-01,15251.785714285714,9337.142857142857,9781.107142857143
d_1101,19300,11121,13476,2014-02-02,15253.285714285714,9284.607142857143,9781.964285714286
d_1102,15947,9288,12059,2014-02-03,15267.035714285714,9272.892857142857,9954.285714285714
d_1103,13963,7692,8922,2014-02-04,15258.607142857143,9215.857142857143,10006.357142857143
d_1104,13759,8412,9505,2014-02-05,15251.67857142857,9203.42857142857,9979.392857142857
d_1105,13845,8352,10192,2014-02-06,15270.857142857143,9178.642857142857,9956.142857142857
d_1106,14641,9671,9943,2014-02-07,15254.67857142857,9223.892857142857,9980.25
d_1107,21851,11365,13892,2014-02-08,15317.785714285714,9177.07142857143,9939.32142857143
d_1108,21126,13388,13526,2014-02-09,15391.5,9189.92857142857,9894.964285714286
d_1109,15714,8654,8779,2014-02-10,15423.214285714286,9133.785714285714,9899.142857142857
d_1110,13694,9350,10489,2014-02-11,15466.464285714286,9168.07142857143,9939.82142857143
d_1111,13889,11094,11755,2014-02-12,15494.0,9255.392857142857,10009.214285714286
d_1112,15294,11744,10445,2014-02-13,15566.107142857143,9378.75,10038.5
d_1113,13393,9663,10854,2014-02-14,15480.107142857143,9409.214285714286,10046.535714285714
d_1114,17799,12726,14440,2014-02-15,15399.5,9494.464285714286,10103.75
d_1115,17962,12794,13076,2014-02-16,15405.035714285714,9550.285714285714,10164.0
d_1116,15790,11467,7300,2014-02-17,15417.107142857143,9631.642857142857,10136.67857142857
d_1117,12719,8556,9435,2014-02-18,15414.464285714286,9672.785714285714,10200.17857142857
d_1118,12495,8225,9691,2014-02-19,15388.285714285714,9696.285714285714,10281.92857142857
d_1119,13149,8224,8330,2014-02-20,15427.642857142857,9732.42857142857,10329.964285714286
d_1120,14070,9316,9940,2014-02-21,15420.535714285714,9791.25,10365.32142857143
d_1121,17686,10868,12934,2014-02-22,15400.464285714286,9801.5,10409.392857142857
d_1122,18909,13334,12184,2014-02-23,15383.964285714286,9891.607142857143,10486.857142857143
d_1123,13794,9228,8775,2014-02-24,15394.035714285714,9869.464285714286,10560.964285714286
d_1124,13035,8545,8145,2014-02-25,15425.035714285714,9973.42857142857,10630.464285714286
d_1125,11294,7169,7888,2014-02-26,15437.642857142857,9987.535714285714,10652.607142857143
d_1126,12578,8424,7888,2014-02-27,15468.5,10022.607142857143,10653.57142857143
d_1127,13154,9814,11230,2014-02-28,15404.642857142857,10039.75,10618.464285714286
d_1128,20981,12257,12258,2014-03-01,15422.535714285714,10026.464285714286,10619.67857142857
d_1129,20852,12206,13719,2014-03-02,15477.964285714286,10065.214285714286,10628.357142857143
d_1130,15203,10261,11737,2014-03-03,15451.392857142857,10099.964285714286,10616.857142857143
d_1131,13650,7653,8763,2014-03-04,15440.214285714286,10098.57142857143,10611.17857142857
d_1132,12396,9265,9617,2014-03-05,15391.535714285714,10129.035714285714,10615.17857142857
d_1133,12840,9479,10343,2014-03-06,15355.642857142857,10169.285714285714,10620.57142857143
d_1134,14643,9895,10326,2014-03-07,15355.714285714286,10177.285714285714,10634.25
d_1135,17971,11665,13849,2014-03-08,15217.142857142857,10188.0,10632.714285714286
d_1136,21869,14175,14046,2014-03-09,15243.67857142857,10216.107142857143,10651.285714285714
d_1137,16430,10904,10172,2014-03-10,15269.25,10296.464285714286,10701.035714285714
d_1138,13918,10051,10598,2014-03-11,15277.25,10321.5,10704.92857142857
d_1139,13981,10449,10512,2014-03-12,15280.535714285714,10298.464285714286,10660.535714285714
d_1140,13680,10291,9113,2014-03-13,15222.892857142857,10246.57142857143,10612.964285714286
d_1141,15179,10111,11656,2014-03-14,15286.67857142857,10262.57142857143,10641.607142857143
d_1142,19039,12071,13598,2014-03-15,15330.964285714286,10239.17857142857,10611.535714285714
d_1143,20018,13285,12073,2014-03-16,15404.392857142857,10256.714285714286,10575.714285714286
d_1144,14273,9712,8099,2014-03-17,15350.214285714286,10194.035714285714,10604.25
d_1145,13161,8811,8123,2014-03-18,15366.0,10203.142857142857,10557.392857142857
d_1146,12693,8833,7858,2014-03-19,15373.07142857143,10224.857142857143,10491.92857142857
d_1147,12703,8365,7741,2014-03-20,15357.142857142857,10229.892857142857,10470.892857142857
d_1148,14720,9385,9097,2014-03-21,15380.357142857143,10232.357142857143,10440.785714285714
d_1149,18616,11015,11810,2014-03-22,15413.57142857143,10237.607142857143,10400.642857142857
d_1150,20673,12219,11279,2014-03-23,15476.57142857143,10197.785714285714,10368.32142857143
d_1151,14672,9314,7857,2014-03-24,15507.92857142857,10200.857142857143,10335.535714285714
d_1152,12983,8402,7081,2014-03-25,15506.07142857143,10195.75,10297.535714285714
d_1153,12742,6296,7976,2014-03-26,15557.785714285714,10164.57142857143,10300.67857142857
d_1154,13134,9431,7645,2014-03-27,15577.642857142857,10200.535714285714,10292.0
d_1155,14684,8596,9638,2014-03-28,15632.285714285714,10157.035714285714,10235.142857142857
d_1156,17862,11015,12316,2014-03-29,15520.892857142857,10112.67857142857,10237.214285714286
d_1157,20499,12109,10548,2014-03-30,15508.285714285714,10109.214285714286,10123.964285714286
d_1158,13605,9506,7561,2014-03-31,15451.214285714286,10082.25,9974.82142857143
d_1159,14505,10208,8995,2014-04-01,15481.75,10173.5,9983.107142857143
d_1160,14744,8515,10440,2014-04-02,15565.607142857143,10146.714285714286,10012.5
d_1161,15363,9821,11420,2014-04-03,15655.714285714286,10158.92857142857,10050.964285714286
d_1162,15875,9808,10002,2014-04-04,15699.714285714286,10155.82142857143,10039.392857142857
d_1163,20477,12347,13952,2014-04-05,15789.214285714286,10180.17857142857,10043.07142857143
d_1164,21710,13459,13621,2014-04-06,15783.535714285714,10154.607142857143,10027.892857142857
d_1165,17070,10570,8954,2014-04-07,15806.392857142857,10142.67857142857,9984.392857142857
d_1166,16152,8860,10236,2014-04-08,15886.17857142857,10100.142857142857,9971.464285714286
d_1167,15555,9346,10308,2014-04-09,15942.392857142857,10060.75,9964.17857142857
d_1168,15227,9202,8609,2014-04-10,15997.642857142857,10021.857142857143,9946.17857142857
d_1169,16110,10900,11429,2014-04-11,16030.892857142857,10050.035714285714,9938.07142857143
d_1170,18790,12830,14535,2014-04-12,16022.0,10077.142857142857,9971.535714285714
d_1171,20183,14517,11383,2014-04-13,16027.892857142857,10121.142857142857,9946.892857142857
d_1172,15012,9664,11075,2014-04-14,16054.285714285714,10119.42857142857,10053.17857142857
d_1173,14174,11157,11065,2014-04-15,16090.464285714286,10203.214285714286,10158.25
d_1174,14716,9984,9528,2014-04-16,16162.714285714286,10244.32142857143,10217.892857142857
d_1175,14652,9374,9167,2014-04-17,16232.32142857143,10280.357142857143,10268.82142857143
d_1176,16814,11668,10423,2014-04-18,16307.107142857143,10361.892857142857,10316.17857142857
d_1177,21794,13231,12794,2014-04-19,16420.60714285714,10441.035714285714,10351.32142857143
d_1178,18353,12553,8028,2014-04-20,16337.75,10452.964285714286,10235.214285714286
d_1179,14419,9293,7914,2014-04-21,16328.714285714286,10452.214285714286,10237.25
d_1180,14025,9186,7467,2014-04-22,16365.92857142857,10480.214285714286,10251.035714285714
d_1181,13630,8931,7876,2014-04-23,16397.64285714286,10574.32142857143,10247.464285714286
d_1182,13940,9059,7793,2014-04-24,16426.428571428572,10561.035714285714,10252.75
d_1183,14391,9859,9177,2014-04-25,16415.964285714286,10606.142857142857,10236.285714285714
d_1184,19037,11752,11588,2014-04-26,16457.928571428572,10632.464285714286,10210.285714285714
d_1185,20454,12371,10615,2014-04-27,16456.321428571428,10641.82142857143,10212.67857142857
d_1186,14501,9803,7204,2014-04-28,16488.321428571428,10652.42857142857,10199.92857142857
d_1187,13390,8473,8002,2014-04-29,16448.5,10590.464285714286,10164.464285714286
d_1188,13130,8180,7573,2014-04-30,16390.85714285714,10578.5,10062.07142857143
d_1189,15529,9613,8717,2014-05-01,16396.785714285714,10571.07142857143,9965.535714285714
d_1190,17526,9785,11640,2014-05-02,16455.75,10570.25,10024.035714285714
d_1191,20320,12750,13472,2014-05-03,16450.14285714286,10584.642857142857,10006.892857142857
d_1192,20749,12721,11669,2014-05-04,16415.821428571428,10558.285714285714,9937.17857142857
d_1193,16144,10193,9483,2014-05-05,16382.75,10544.82142857143,9956.07142857143
d_1194,14777,9793,9041,2014-05-06,16333.642857142857,10578.142857142857,9913.392857142857
d_1195,14104,9946,8096,2014-05-07,16281.82142857143,10599.57142857143,9834.392857142857
d_1196,14204,8270,9345,2014-05-08,16245.285714285714,10566.285714285714,9860.67857142857
d_1197,15828,9628,10907,2014-05-09,16235.214285714286,10520.857142857143,9842.035714285714
d_1198,18744,11929,12170,2014-05-10,16233.57142857143,10488.67857142857,9757.57142857143
d_1199,16920,11763,9497,2014-05-11,16117.035714285714,10390.32142857143,9690.214285714286
d_1200,16283,10462,11177,2014-05-12,16162.42857142857,10418.82142857143,9693.857142857143
d_1201,14959,9361,9524,2014-05-13,16190.464285714286,10354.67857142857,9638.82142857143
d_1202,14079,8271,10467,2014-05-14,16167.714285714286,10293.5,9672.357142857143
d_1203,14051,9487,9984,2014-05-15,16146.25,10297.535714285714,9701.535714285714
d_1204,15216,9589,9784,2014-05-16,16089.17857142857,10223.285714285714,9678.714285714286
d_1205,17770,10745,11504,2014-05-17,15945.464285714286,10134.5,9632.642857142857
d_1206,19798,12388,10834,2014-05-18,15997.07142857143,10128.607142857143,9732.857142857143
d_1207,15056,9257,8001,2014-05-19,16019.82142857143,10127.32142857143,9735.964285714286
d_1208,13394,8724,7808,2014-05-20,15997.285714285714,10110.82142857143,9748.142857142857
d_1209,12930,8487,7666,2014-05-21,15972.285714285714,10094.964285714286,9740.642857142857
d_1210,13417,8693,8276,2014-05-22,15953.607142857143,10081.892857142857,9757.892857142857
d_1211,14824,9251,9350,2014-05-23,15969.07142857143,10060.17857142857,9764.07142857143
d_1212,16951,11174,10261,2014-05-24,15894.57142857143,10039.535714285714,9716.67857142857
d_1213,16360,10910,8695,2014-05-25,15748.357142857143,9987.357142857143,9648.107142857143
d_1214,16291,9167,8001,2014-05-26,15812.285714285714,9964.642857142857,9676.57142857143
d_1215,14005,7652,7255,2014-05-27,15834.25,9935.32142857143,9649.892857142857
d_1216,12549,8117,7443,2014-05-28,15813.5,9933.07142857143,9645.25
d_1217,12276,8064,7349,2014-05-29,15697.32142857143,9877.75,9596.392857142857
d_1218,14309,9816,9615,2014-05-30,15582.42857142857,9878.857142857143,9524.07142857143
d_1219,18204,11220,11268,2014-05-31,15506.857142857143,9824.214285714286,9445.357142857143
d_1220,20472,13215,10915,2014-06-01,15496.964285714286,9841.857142857143,9418.42857142857
d_1221,16617,10022,10673,2014-06-02,15513.857142857143,9835.75,9460.92857142857
d_1222,15777,10319,12261,2014-06-03,15549.57142857143,9854.535714285714,9575.92857142857
d_1223,14823,9038,9038,2014-06-04,15575.25,9822.107142857143,9609.57142857143
d_1224,15072,10599,9984,2014-06-05,15606.25,9905.285714285714,9632.392857142857
d_1225,15825,10304,11328,2014-06-06,15606.142857142857,9929.42857142857,9647.42857142857
d_1226,19146,13562,11639,2014-06-07,15620.5,9987.75,9628.464285714286
d_1227,19946,12848,12485,2014-06-08,15728.57142857143,10026.5,9735.17857142857
d_1228,17306,10082,10868,2014-06-09,15765.107142857143,10012.92857142857,9724.142857142857
d_1229,15188,9221,9249,2014-06-10,15773.285714285714,10007.92857142857,9714.32142857143
d_1230,14796,10173,9675,2014-06-11,15798.892857142857,10075.857142857143,9686.035714285714
d_1231,14461,9957,10659,2014-06-12,15813.535714285714,10092.642857142857,9710.142857142857
d_1232,16308,11609,10439,2014-06-13,15852.535714285714,10164.785714285714,9733.535714285714
d_1233,19564,12989,12431,2014-06-14,15916.607142857143,10244.92857142857,9766.642857142857
d_1234,17497,12908,12089,2014-06-15,15834.42857142857,10263.5,9811.464285714286
d_1235,15312,10574,9317,2014-06-16,15843.57142857143,10310.535714285714,9858.464285714286
d_1236,14678,9445,9419,2014-06-17,15889.42857142857,10336.285714285714,9916.0
d_1237,14835,8956,8478,2014-06-18,15957.464285714286,10353.035714285714,9945.0
d_1238,14750,9704,8666,2014-06-19,16005.07142857143,10389.142857142857,9958.92857142857
d_1239,16980,10646,10370,2014-06-20,16082.07142857143,10438.964285714286,9995.357142857143
d_1240,19216,12241,10963,2014-06-21,16162.964285714286,10477.07142857143,10020.42857142857
d_1241,19882,12386,10192,2014-06-22,16288.75,10529.785714285714,10073.892857142857
d_1242,15294,9271,8593,2014-06-23,16253.142857142857,10533.5,10095.035714285714
d_1243,14323,8416,7902,2014-06-24,16264.5,10560.785714285714,10118.142857142857
d_1244,13219,8097,7505,2014-06-25,16288.42857142857,10560.07142857143,10120.357142857143
d_1245,13530,8305,7521,2014-06-26,16333.214285714286,10568.67857142857,10126.5
d_1246,15378,9586,9114,2014-06-27,16371.392857142857,10560.464285714286,10108.607142857143
d_1247,18671,10959,10300,2014-06-28,16388.071428571428,10551.142857142857,10074.035714285714
d_1248,18929,11258,10024,2014-06-29,16332.964285714286,10481.25,10042.214285714286
d_1249,15686,9540,8223,2014-06-30,16299.714285714286,10464.035714285714,9954.714285714286
d_1250,16770,11118,9851,2014-07-01,16335.17857142857,10492.57142857143,9868.642857142857
d_1251,16289,9651,11929,2014-07-02,16387.535714285714,10514.464285714286,9971.892857142857
d_1252,20128,13209,13691,2014-07-03,16568.10714285714,10607.67857142857,10104.285714285714
d_1253,16997,11912,9684,2014-07-04,16609.964285714286,10665.107142857143,10045.57142857143
d_1254,17756,11458,11568,2014-07-05,16560.321428571428,10589.964285714286,10043.035714285714
d_1255,20262,12870,12358,2014-07-06,16571.60714285714,10590.75,10038.5
d_1256,17119,11382,9134,2014-07-07,16564.928571428572,10637.17857142857,9976.57142857143
d_1257,16206,9298,10944,2014-07-08,16601.285714285714,10639.92857142857,10037.107142857143
d_1258,15257,10827,11130,2014-07-09,16617.75,10663.285714285714,10089.07142857143
d_1259,16491,9653,9035,2014-07-10,16690.25,10652.42857142857,10031.07142857143
d_1260,16756,11569,11928,2014-07-11,16706.25,10651.0,10084.25
d_1261,19613,14084,13999,2014-07-12,16708.0,10690.107142857143,10140.25
d_1262,19244,13098,11333,2014-07-13,16770.39285714286,10696.892857142857,10113.25
d_1263,15330,10118,10833,2014-07-14,16771.035714285714,10680.607142857143,10167.392857142857
d_1264,14994,10154,10667,2014-07-15,16782.321428571428,10705.92857142857,10211.964285714286
d_1265,14533,9576,8902,2014-07-16,16771.535714285714,10728.07142857143,10227.107142857143
d_1266,14157,9184,9089,2014-07-17,16750.35714285714,10709.5,10242.214285714286
d_1267,16302,9925,10222,2014-07-18,16726.14285714286,10683.75,10236.92857142857
d_1268,18827,12202,11451,2014-07-19,16712.25,10682.357142857143,10254.357142857143
d_1269,19725,12309,10655,2014-07-20,16706.64285714286,10679.607142857143,10270.892857142857
d_1270,15208,9775,8468,2014-07-21,16703.571428571428,10697.607142857143,10266.42857142857
d_1271,13945,9201,8366,2014-07-22,16690.071428571428,10725.642857142857,10283.0
d_1272,14240,8882,7817,2014-07-23,16726.535714285714,10753.67857142857,10294.142857142857
d_1273,14214,8473,7838,2014-07-24,16750.964285714286,10759.67857142857,10305.464285714286
d_1274,15269,9807,8772,2014-07-25,16747.071428571428,10767.57142857143,10293.25
d_1275,17776,10663,10569,2014-07-26,16715.10714285714,10757.0,10302.857142857143
d_1276,20037,12348,9829,2014-07-27,16754.678571428572,10795.92857142857,10295.892857142857
d_1277,15315,9558,7759,2014-07-28,16741.428571428572,10796.57142857143,10279.32142857143
d_1278,14014,8732,7959,2014-07-29,16643.0,10711.357142857143,10211.75
d_1279,13916,8857,7561,2014-07-30,16558.25,10683.0,10055.75
d_1280,14501,8927,8412,2014-07-31,16357.285714285714,10530.07142857143,9867.214285714286
d_1281,18047,12993,12089,2014-08-01,16394.785714285714,10568.67857142857,9953.107142857143
d_1282,19978,12610,14423,2014-08-02,16474.14285714286,10609.82142857143,10055.07142857143
d_1283,21352,12974,13246,2014-08-03,16513.071428571428,10613.535714285714,10086.785714285714
d_1284,16516,10139,9144,2014-08-04,16491.535714285714,10569.142857142857,10087.142857142857
d_1285,15724,10208,10306,2014-08-05,16474.321428571428,10601.642857142857,10064.357142857143
d_1286,15077,9353,10117,2014-08-06,16467.89285714286,10549.0,10028.17857142857
d_1287,15574,10175,8828,2014-08-07,16435.14285714286,10567.642857142857,10020.785714285714
d_1288,16822,11208,10950,2014-08-08,16437.5,10554.75,9985.857142857143
d_1289,20235,12170,12853,2014-08-09,16459.714285714286,10486.392857142857,9944.92857142857
d_1290,20759,11607,10883,2014-08-10,16513.821428571428,10433.142857142857,9928.857142857143
d_1291,15419,10381,10322,2014-08-11,16517.0,10442.535714285714,9910.607142857143
d_1292,15041,10035,11596,2014-08-12,16518.678571428572,10438.285714285714,9943.785714285714
d_1293,14576,10380,9463,2014-08-13,16520.214285714286,10467.0,9963.82142857143
d_1294,14444,9619,10473,2014-08-14,16530.464285714286,10482.535714285714,10013.25
d_1295,15332,11024,11902,2014-08-15,16495.821428571428,10521.785714285714,10073.25
d_1296,19421,12542,12592,2014-08-16,16517.035714285714,10533.92857142857,10114.0
d_1297,21639,13221,11813,2014-08-17,16585.39285714286,10566.5,10155.357142857143
d_1298,16581,9851,8947,2014-08-18,16634.428571428572,10569.214285714286,10172.464285714286
d_1299,14344,9200,8415,2014-08-19,16648.678571428572,10569.17857142857,10174.214285714286
d_1300,13973,8931,8943,2014-08-20,16639.14285714286,10570.92857142857,10214.42857142857
d_1301,14062,9691,8646,2014-08-21,16633.714285714286,10614.42857142857,10243.285714285714
d_1302,16320,10897,9899,2014-08-22,16671.25,10653.357142857143,10283.535714285714
d_1303,20126,13257,11290,2014-08-23,16755.178571428572,10746.0,10309.285714285714
d_1304,21876,14391,11176,2014-08-24,16820.85714285714,10818.964285714286,10357.392857142857
d_1305,15022,10727,8918,2014-08-25,16810.39285714286,10860.714285714286,10398.785714285714
d_1306,13881,9367,8154,2014-08-26,16805.64285714286,10883.392857142857,10405.75
d_1307,13182,8281,8043,2014-08-27,16779.428571428572,10862.82142857143,10422.964285714286
d_1308,13328,8527,8121,2014-08-28,16737.535714285714,10848.535714285714,10412.57142857143
d_1309,15871,9444,12378,2014-08-29,16659.821428571428,10721.785714285714,10422.892857142857
d_1310,18717,12075,12445,2014-08-30,16614.785714285714,10702.67857142857,10352.25
d_1311,17656,10625,10929,2014-08-31,16482.785714285714,10618.785714285714,10269.5
d_1312,19179,12686,11391,2014-09-01,16577.89285714286,10709.75,10349.75
d_1313,15047,8789,10463,2014-09-02,16553.714285714286,10659.07142857143,10355.357142857143
d_1314,15352,10162,11883,2014-09-03,16563.535714285714,10687.964285714286,10418.42857142857
d_1315,14157,8325,9001,2014-09-04,16512.928571428572,10621.892857142857,10424.607142857143
d_1316,15262,9556,11148,2014-09-05,16457.214285714286,10562.892857142857,10431.67857142857
d_1317,19408,12703,13906,2014-09-06,16427.678571428572,10581.92857142857,10469.285714285714
d_1318,21338,12606,12009,2014-09-07,16448.35714285714,10617.607142857143,10509.5
d_1319,15427,10232,9921,2014-09-08,16448.64285714286,10612.285714285714,10495.17857142857
d_1320,14425,9441,10301,2014-09-09,16426.64285714286,10591.07142857143,10448.92857142857
d_1321,14479,8743,8570,2014-09-10,16423.178571428572,10532.607142857143,10417.035714285714
d_1322,14355,10001,10124,2014-09-11,16420.0,10546.25,10404.57142857143
d_1323,16653,10153,11553,2014-09-12,16467.178571428572,10515.142857142857,10392.107142857143
d_1324,20184,13984,13411,2014-09-13,16494.428571428572,10566.642857142857,10421.357142857143
d_1325,20240,12757,12750,2014-09-14,16444.464285714286,10550.07142857143,10454.82142857143
d_1326,15711,10331,10517,2014-09-15,16413.39285714286,10567.214285714286,10510.892857142857
d_1327,14076,8613,8348,2014-09-16,16403.821428571428,10546.25,10508.5
d_1328,13966,8166,7699,2014-09-17,16403.571428571428,10518.92857142857,10464.07142857143
d_1329,13430,7307,8124,2014-09-18,16381.0,10433.785714285714,10445.42857142857
d_1330,15605,10025,9202,2014-09-19,16355.464285714286,10402.642857142857,10420.535714285714
d_1331,19738,11877,11417,2014-09-20,16341.607142857143,10353.357142857143,10425.07142857143
d_1332,20735,12979,10688,2014-09-21,16300.857142857143,10302.92857142857,10407.642857142857
d_1333,14751,9006,7753,2014-09-22,16291.17857142857,10241.464285714286,10366.035714285714
d_1334,13968,8261,7181,2014-09-23,16294.285714285714,10201.964285714286,10331.285714285714
d_1335,13356,8051,7594,2014-09-24,16300.5,10193.75,10315.25
d_1336,13472,8108,7931,2014-09-25,16305.642857142857,10178.785714285714,10308.464285714286
d_1337,14940,8899,9288,2014-09-26,16272.392857142857,10159.32142857143,10198.107142857143
d_1338,18447,11013,11379,2014-09-27,16262.75,10121.392857142857,10160.035714285714
d_1339,19691,12187,11046,2014-09-28,16335.42857142857,10177.17857142857,10164.214285714286
d_1340,14958,8749,7766,2014-09-29,16184.67857142857,10036.57142857143,10034.75
d_1341,13841,7910,8239,2014-09-30,16141.607142857143,10005.17857142857,9955.32142857143
d_1342,14894,10034,9674,2014-10-01,16125.25,10000.607142857143,9876.42857142857
d_1343,14865,9135,10249,2014-10-02,16150.535714285714,10029.535714285714,9921.0
d_1344,17105,11644,13087,2014-10-03,16216.357142857143,10104.107142857143,9990.25
d_1345,21225,12396,13578,2014-10-04,16281.25,10093.142857142857,9978.535714285714
d_1346,21661,13206,13494,2014-10-05,16292.785714285714,10114.57142857143,10031.57142857143
d_1347,17144,9870,10705,2014-10-06,16354.107142857143,10101.642857142857,10059.57142857143
d_1348,14492,10014,8645,2014-10-07,16356.5,10122.107142857143,10000.42857142857
d_1349,14381,8733,10071,2014-10-08,16353.0,10121.75,10054.035714285714
d_1350,14092,9361,10285,2014-10-09,16343.607142857143,10098.892857142857,10059.785714285714
d_1351,15377,9333,10291,2014-10-10,16298.035714285714,10069.607142857143,10014.714285714286
d_1352,18742,12354,13465,2014-10-11,16246.535714285714,10011.392857142857,10016.642857142857
d_1353,19652,13039,14044,2014-10-12,16225.535714285714,10021.464285714286,10062.857142857143
d_1354,15008,10122,8427,2014-10-13,16200.42857142857,10014.0,9988.214285714286
d_1355,13134,8739,10578,2014-10-14,16166.785714285714,10018.5,10067.857142857143
d_1356,13265,9757,11171,2014-10-15,16141.75,10075.32142857143,10191.857142857143
d_1357,12232,8333,9371,2014-10-16,16098.964285714286,10111.964285714286,10236.392857142857
d_1358,14735,9032,9663,2014-10-17,16067.892857142857,10076.5,10252.857142857143
d_1359,19310,11852,12593,2014-10-18,16052.607142857143,10075.607142857143,10294.857142857143
d_1360,20322,12096,11038,2014-10-19,16037.857142857143,10044.07142857143,10307.357142857143
d_1361,14931,9309,7993,2014-10-20,16044.285714285714,10054.892857142857,10315.92857142857
d_1362,13419,7966,7982,2014-10-21,16024.67857142857,10044.357142857143,10344.535714285714
d_1363,12215,8015,7696,2014-10-22,15983.92857142857,10043.07142857143,10348.17857142857
d_1364,12800,7845,7861,2014-10-23,15959.92857142857,10033.67857142857,10345.67857142857
d_1365,13962,8842,9986,2014-10-24,15925.0,10031.642857142857,10370.607142857143
d_1366,18415,10461,11877,2014-10-25,15923.857142857143,10011.92857142857,10388.392857142857
d_1367,18317,11841,10039,2014-10-26,15874.785714285714,9999.57142857143,10352.42857142857
d_1368,14486,8899,7818,2014-10-27,15857.92857142857,10004.92857142857,10354.285714285714
d_1369,12591,8105,7644,2014-10-28,15813.285714285714,10011.892857142857,10333.035714285714
d_1370,12545,7721,7297,2014-10-29,15729.392857142857,9929.285714285714,10248.142857142857
d_1371,13818,8659,7758,2014-10-30,15692.0,9912.285714285714,10159.17857142857
d_1372,13024,9411,10415,2014-10-31,15546.25,9832.535714285714,10063.75
d_1373,20253,11685,12311,2014-11-01,15511.535714285714,9807.142857142857,10018.5
d_1374,21092,11490,13490,2014-11-02,15491.214285714286,9745.857142857143,10018.357142857143
d_1375,16462,10265,11837,2014-11-03,15466.857142857143,9759.964285714286,10058.785714285714
d_1376,14001,8524,9427,2014-11-04,15449.32142857143,9706.75,10086.714285714286
d_1377,13264,7946,9622,2014-11-05,15409.42857142857,9678.642857142857,10070.67857142857
d_1378,13878,9085,10260,2014-11-06,15401.785714285714,9668.785714285714,10069.785714285714
d_1379,15019,9969,9775,2014-11-07,15389.0,9691.5,10051.357142857143
d_1380,19284,11053,13933,2014-11-08,15408.357142857143,9645.035714285714,10068.07142857143
d_1381,20404,13193,13818,2014-11-09,15435.214285714286,9650.535714285714,10060.0
d_1382,16116,9609,8724,2014-11-10,15474.785714285714,9632.214285714286,10070.607142857143
d_1383,14501,8797,9290,2014-11-11,15523.607142857143,9634.285714285714,10024.607142857143
d_1384,11966,8281,10243,2014-11-12,15477.214285714286,9581.57142857143,9991.464285714286
d_1385,11992,8476,8243,2014-11-13,15468.642857142857,9586.67857142857,9951.17857142857
d_1386,13994,9195,11550,2014-11-14,15442.17857142857,9592.5,10018.57142857143
d_1387,17879,11929,14575,2014-11-15,15391.07142857143,9595.25,10089.357142857143
d_1388,19201,12187,12128,2014-11-16,15351.035714285714,9598.5,10128.285714285714
d_1389,14039,9076,8696,2014-11-17,15319.17857142857,9590.17857142857,10153.392857142857
d_1390,12619,7963,7432,2014-11-18,15290.607142857143,9590.07142857143,10133.75
d_1391,11988,8025,8034,2014-11-19,15282.5,9590.42857142857,10145.82142857143
d_1392,11993,8283,7971,2014-11-20,15253.67857142857,9606.07142857143,10149.75
d_1393,14421,8398,10044,2014-11-21,15270.07142857143,9590.214285714286,10151.82142857143
d_1394,19145,11482,11775,2014-11-22,15296.142857142857,9626.67857142857,10148.17857142857
d_1395,18717,11606,10307,2014-11-23,15310.42857142857,9618.285714285714,10157.75
d_1396,14628,9462,7508,2014-11-24,15315.5,9638.392857142857,10146.67857142857
d_1397,14751,8894,8243,2014-11-25,15392.642857142857,9666.57142857143,10168.07142857143
d_1398,15812,10727,10364,2014-11-26,15509.32142857143,9773.92857142857,10277.607142857143
d_1399,8930,7672,5242,2014-11-27,15334.75,9738.67857142857,10187.75
d_1400,11524,7587,7243,2014-11-28,15281.17857142857,9673.535714285714,10074.464285714286
d_1401,15234,9176,10046,2014-11-29,15101.92857142857,9583.92857142857,9993.57142857143
d_1402,16322,10206,9277,2014-11-30,14931.57142857143,9538.07142857143,9843.107142857143
d_1403,15515,9557,9233,2014-12-01,14897.75,9512.785714285714,9750.107142857143
d_1404,12665,8227,9677,2014-12-02,14850.035714285714,9502.17857142857,9759.035714285714
d_1405,12590,9036,10979,2014-12-03,14825.964285714286,9541.107142857143,9807.5
d_1406,14778,7583,9155,2014-12-04,14858.107142857143,9487.464285714286,9768.035714285714
d_1407,15097,9677,12189,2014-12-05,14860.892857142857,9477.035714285714,9854.25
d_1408,19085,11579,13151,2014-12-06,14853.785714285714,9495.82142857143,9826.32142857143
d_1409,18773,12409,11345,2014-12-07,14795.535714285714,9467.82142857143,9738.0
d_1410,14487,9013,9614,2014-12-08,14737.357142857143,9446.535714285714,9769.785714285714
d_1411,14319,8872,9476,2014-12-09,14730.857142857143,9449.214285714286,9776.42857142857
d_1412,15526,7899,8473,2014-12-10,14858.0,9435.57142857143,9713.214285714286
d_1413,8585,8161,9369,2014-12-11,14736.32142857143,9424.32142857143,9753.42857142857
d_1414,13448,9314,10740,2014-12-12,14716.82142857143,9428.57142857143,9724.5
d_1415,17179,11203,11654,2014-12-13,14691.82142857143,9402.642857142857,9620.17857142857
d_1416,17834,12014,12158,2014-12-14,14643.0,9396.464285714286,9621.25
d_1417,12986,10762,10379,2014-12-15,14605.392857142857,9456.67857142857,9681.357142857143
d_1418,12272,9121,8543,2014-12-16,14593.0,9498.035714285714,9721.035714285714
d_1419,12716,9384,8052,2014-12-17,14619.0,9546.57142857143,9721.67857142857
d_1420,13501,10029,8837,2014-12-18,14672.857142857143,9608.92857142857,9752.607142857143
d_1421,12432,8226,9176,2014-12-19,14601.82142857143,9602.785714285714,9721.607142857143
d_1422,16757,10739,10925,2014-12-20,14516.535714285714,9576.25,9691.25
d_1423,17815,10749,9924,2014-12-21,14484.32142857143,9545.642857142857,9677.57142857143
d_1424,15575,9510,8651,2014-12-22,14518.142857142857,9547.357142857143,9718.392857142857
d_1425,15172,9724,9966,2014-12-23,14533.17857142857,9577.0,9779.92857142857
d_1426,11485,9084,9048,2014-12-24,14378.642857142857,9518.32142857143,9732.92857142857
d_1427,6,13,1,2014-12-25,14059.92857142857,9244.785714285714,9545.75
d_1428,13329,10507,9073,2014-12-26,14124.392857142857,9349.07142857143,9611.107142857143
d_1429,14550,9037,9007,2014-12-27,14099.964285714286,9344.107142857143,9574.0
d_1430,15122,8475,8297,2014-12-28,14057.107142857143,9282.285714285714,9539.0
d_1431,13406,9043,7541,2014-12-29,13981.785714285714,9263.92857142857,9478.57142857143
d_1432,12385,8981,8051,2014-12-30,13971.785714285714,9290.857142857143,9420.5
d_1433,13248,9329,10873,2014-12-31,13995.285714285714,9301.32142857143,9416.714285714286
d_1434,11169,7693,7590,2015-01-01,13866.392857142857,9305.25,9360.82142857143
d_1435,16179,9915,13539,2015-01-02,13905.035714285714,9313.75,9409.035714285714
d_1436,17410,10691,12984,2015-01-03,13845.214285714286,9282.035714285714,9403.07142857143
d_1437,18465,10832,10350,2015-01-04,13834.214285714286,9225.714285714286,9367.535714285714
d_1438,14833,9850,10008,2015-01-05,13846.57142857143,9255.607142857143,9381.607142857143
d_1439,12796,9508,10378,2015-01-06,13792.17857142857,9278.32142857143,9413.82142857143
d_1440,12301,9413,7451,2015-01-07,13677.0,9332.392857142857,9377.32142857143
d_1441,13088,7443,8498,2015-01-08,13837.82142857143,9306.75,9346.214285714286
d_1442,13865,9001,11519,2015-01-09,13852.714285714286,9295.57142857143,9374.035714285714
d_1443,19244,11182,13520,2015-01-10,13926.464285714286,9294.82142857143,9440.67857142857
d_1444,19921,12149,12996,2015-01-11,14001.0,9299.642857142857,9470.607142857143
d_1445,14064,9888,11622,2015-01-12,14039.5,9268.42857142857,9515.0
d_1446,12716,8701,8907,2015-01-13,14055.357142857143,9253.42857142857,9528.0
d_1447,12030,8240,10789,2015-01-14,14030.857142857143,9212.57142857143,9625.75
d_1448,12442,9487,11134,2015-01-15,13993.035714285714,9193.214285714286,9707.785714285714
d_1449,13997,9518,11374,2015-01-16,14048.92857142857,9239.357142857143,9786.285714285714
d_1450,18674,12264,14231,2015-01-17,14117.392857142857,9293.82142857143,9904.357142857143
d_1451,18195,12128,10401,2015-01-18,14130.964285714286,9343.07142857143,9921.392857142857
d_1452,15535,10114,8763,2015-01-19,14129.535714285714,9364.642857142857,9925.392857142857
d_1453,12589,8267,7507,2015-01-20,14037.285714285714,9312.607142857143,9837.57142857143
d_1454,12301,8293,7515,2015-01-21,14066.42857142857,9284.357142857143,9782.82142857143
d_1455,11648,6628,7519,2015-01-22,14482.214285714286,9520.607142857143,10051.32142857143
d_1456,13725,9275,9221,2015-01-23,14496.357142857143,9476.607142857143,10056.607142857143
d_1457,18319,11422,12440,2015-01-24,14630.964285714286,9561.785714285714,10179.214285714286
d_1458,19578,12055,10990,2015-01-25,14790.107142857143,9689.642857142857,10275.392857142857
d_1459,13130,9055,8173,2015-01-26,14780.25,9690.07142857143,10297.964285714286
d_1460,11859,8109,7905,2015-01-27,14761.464285714286,9658.92857142857,10292.75
d_1461,11825,8089,8190,2015-01-28,14710.642857142857,9614.642857142857,10196.92857142857
d_1462,12022,8263,7940,2015-01-29,14741.107142857143,9635.0,10209.42857142857
d_1463,14540,10314,12586,2015-01-30,14682.57142857143,9649.25,10175.392857142857
d_1464,19825,12998,18005,2015-01-31,14768.82142857143,9731.642857142857,10354.714285714286
d_1465,19519,13986,6880,2015-02-01,14806.464285714286,9844.285714285714,10230.785714285714
d_1466,14603,9615,10788,2015-02-02,14798.25,9835.892857142857,10258.642857142857
d_1467,14462,10063,12880,2015-02-03,14857.75,9855.714285714286,10348.0
d_1468,13677,9884,10431,2015-02-04,14906.892857142857,9872.535714285714,10454.42857142857
d_1469,14260,9173,11214,2015-02-05,14948.75,9934.32142857143,10551.42857142857
d_1470,12985,10770,13054,2015-02-06,14917.32142857143,9997.5,10606.25
d_1471,21744,13495,15597,2015-02-07,15006.607142857143,10080.107142857143,10680.42857142857
d_1472,20343,13932,15444,2015-02-08,15021.67857142857,10143.785714285714,10767.857142857143
d_1473,16576,11460,11134,2015-02-09,15111.392857142857,10199.92857142857,10750.42857142857
d_1474,15419,9913,10132,2015-02-10,15207.92857142857,10243.214285714286,10794.17857142857
d_1475,13858,10665,11178,2015-02-11,15273.214285714286,10329.82142857143,10808.07142857143
d_1476,14811,11419,12340,2015-02-12,15357.82142857143,10398.82142857143,10851.142857142857
d_1477,13954,11171,11811,2015-02-13,15356.285714285714,10457.857142857143,10866.75
d_1478,16024,11735,13855,2015-02-14,15261.642857142857,10438.964285714286,10853.32142857143
d_1479,16634,13564,13809,2015-02-15,15205.892857142857,10490.25,10975.035714285714
d_1480,16235,10259,10653,2015-02-16,15230.892857142857,10495.42857142857,11042.535714285714
d_1481,12756,8719,9222,2015-02-17,15236.857142857143,10511.57142857143,11103.785714285714
d_1482,12004,8426,8075,2015-02-18,15226.25,10516.32142857143,11123.785714285714
d_1483,11496,8920,8392,2015-02-19,15220.82142857143,10598.17857142857,11154.964285714286
d_1484,13594,9769,9756,2015-02-20,15216.142857142857,10615.82142857143,11174.07142857143
d_1485,15963,12637,13509,2015-02-21,15132.0,10659.214285714286,11212.25
d_1486,18349,13041,12369,2015-02-22,15088.107142857143,10694.42857142857,11261.5
d_1487,13688,9143,8691,2015-02-23,15108.035714285714,10697.57142857143,11280.0
d_1488,12241,8801,8738,2015-02-24,15121.67857142857,10722.285714285714,11309.75
d_1489,12358,8649,8220,2015-02-25,15140.714285714286,10742.285714285714,11310.82142857143
d_1490,12168,8823,8232,2015-02-26,15145.92857142857,10762.285714285714,11321.25
d_1491,13794,8962,10810,2015-02-27,15119.285714285714,10714.0,11257.82142857143
d_1492,18208,11795,14151,2015-02-28,15061.535714285714,10671.035714285714,11120.17857142857
d_1493,19496,13416,12274,2015-03-01,15060.714285714286,10650.67857142857,11312.82142857143
d_1494,14370,10161,10867,2015-03-02,15052.392857142857,10670.17857142857,11315.642857142857
d_1495,14180,10405,9802,2015-03-03,15042.32142857143,10682.392857142857,11205.714285714286
d_1496,13002,9233,9539,2015-03-04,15018.214285714286,10659.142857142857,11173.857142857143
d_1497,13806,8952,10061,2015-03-05,15002.0,10651.25,11132.67857142857
d_1498,14619,9742,11576,2015-03-06,15060.357142857143,10614.535714285714,11079.892857142857
d_1499,18440,12530,13259,2015-03-07,14942.357142857143,10580.07142857143,10996.392857142857
d_1500,21140,12080,14159,2015-03-08,14970.82142857143,10513.92857142857,10950.5
d_1501,15271,9921,10828,2015-03-09,14924.214285714286,10458.964285714286,10939.57142857143
d_1502,13856,10741,9000,2015-03-10,14868.392857142857,10488.535714285714,10899.142857142857
d_1503,13280,9568,10043,2015-03-11,14847.75,10449.357142857143,10858.607142857143
d_1504,13288,10194,10909,2015-03-12,14793.357142857143,10405.607142857143,10807.5
d_1505,14855,11254,10514,2015-03-13,14825.535714285714,10408.57142857143,10761.17857142857
d_1506,18504,12209,13758,2015-03-14,14914.107142857143,10425.5,10757.714285714286
d_1507,20812,13710,14305,2015-03-15,15063.32142857143,10430.714285714286,10775.42857142857
d_1508,14699,10880,9916,2015-03-16,15008.464285714286,10452.892857142857,10749.107142857143
d_1509,13153,9748,8511,2015-03-17,15022.642857142857,10489.642857142857,10723.714285714286
d_1510,12456,9159,8332,2015-03-18,15038.785714285714,10515.82142857143,10732.892857142857
d_1511,12257,9225,7887,2015-03-19,15065.964285714286,10526.714285714286,10714.857142857143
d_1512,13989,9927,9083,2015-03-20,15080.07142857143,10532.357142857143,10690.82142857143
d_1513,18719,10997,12266,2015-03-21,15178.5,10473.785714285714,10646.42857142857
d_1514,19974,12829,11211,2015-03-22,15236.535714285714,10466.214285714286,10605.07142857143
d_1515,14339,9691,8308,2015-03-23,15259.785714285714,10485.785714285714,10591.392857142857
d_1516,12504,6071,8266,2015-03-24,15269.17857142857,10388.285714285714,10574.535714285714
d_1517,12743,11462,7790,2015-03-25,15282.92857142857,10488.75,10559.17857142857
d_1518,13056,8488,8358,2015-03-26,15314.642857142857,10476.785714285714,10563.67857142857
d_1519,13977,9069,9489,2015-03-27,15321.17857142857,10480.607142857143,10516.5
d_1520,17755,11655,12121,2015-03-28,15305.0,10475.607142857143,10444.0
d_1521,19228,12491,10864,2015-03-29,15295.42857142857,10442.57142857143,10393.642857142857
d_1522,14501,9590,7808,2015-03-30,15300.107142857143,10422.17857142857,10284.392857142857
d_1523,13770,9236,7950,2015-03-31,15285.464285714286,10380.42857142857,10218.25
d_1524,14961,10706,9393,2015-04-01,15355.42857142857,10433.035714285714,10213.035714285714
d_1525,14590,9190,10037,2015-04-02,15383.42857142857,10441.535714285714,10212.17857142857
d_1526,17536,12845,13727,2015-04-03,15487.607142857143,10552.357142857143,10289.0
d_1527,21501,13220,13698,2015-04-04,15596.92857142857,10577.0,10304.67857142857
d_1528,18426,12789,10421,2015-04-05,15500.0,10602.32142857143,10171.17857142857
d_1529,14999,10756,10460,2015-04-06,15490.285714285714,10632.142857142857,10158.035714285714
d_1530,14223,10415,9273,2015-04-07,15503.392857142857,10620.5,10167.785714285714
d_1531,14137,9578,10434,2015-04-08,15534.0,10620.857142857143,10181.75
d_1532,13542,10561,10334,2015-04-09,15543.07142857143,10633.964285714286,10161.214285714286
d_1533,15573,10115,11165,2015-04-10,15568.714285714286,10593.285714285714,10184.464285714286
d_1534,18376,12975,13921,2015-04-11,15564.142857142857,10620.642857142857,10190.285714285714
d_1535,19636,13824,13720,2015-04-12,15522.142857142857,10624.714285714286,10169.392857142857
d_1536,13348,11465,9681,2015-04-13,15473.892857142857,10645.607142857143,10161.0
d_1537,13431,9121,11045,2015-04-14,15483.82142857143,10623.214285714286,10251.5
d_1538,13080,10386,11224,2015-04-15,15506.107142857143,10667.035714285714,10354.785714285714
d_1539,13510,8802,9119,2015-04-16,15550.857142857143,10651.92857142857,10398.785714285714
d_1540,14269,9209,9581,2015-04-17,15560.857142857143,10626.285714285714,10416.57142857143
d_1541,17238,13046,12232,2015-04-18,15507.964285714286,10699.464285714286,10415.357142857143
d_1542,19517,12575,12267,2015-04-19,15491.642857142857,10690.392857142857,10453.07142857143
d_1543,14202,10224,8692,2015-04-20,15486.75,10709.42857142857,10466.785714285714
d_1544,13167,8879,8181,2015-04-21,15510.42857142857,10809.714285714286,10463.75
d_1545,13099,8926,8357,2015-04-22,15523.142857142857,10719.142857142857,10484.0
d_1546,13669,8801,8188,2015-04-23,15545.035714285714,10730.32142857143,10477.92857142857
d_1547,14833,9761,9829,2015-04-24,15575.607142857143,10755.035714285714,10490.07142857143
d_1548,19071,12049,12478,2015-04-25,15622.607142857143,10769.107142857143,10502.82142857143
d_1549,19426,12387,11593,2015-04-26,15629.67857142857,10765.392857142857,10528.857142857143
d_1550,14773,9873,8798,2015-04-27,15639.392857142857,10775.5,10564.214285714286
d_1551,13044,8805,7901,2015-04-28,15613.464285714286,10760.107142857143,10562.464285714286
d_1552,12509,8579,7579,2015-04-29,15525.892857142857,10684.142857142857,10497.67857142857
d_1553,12985,8967,8601,2015-04-30,15468.57142857143,10676.17857142857,10446.392857142857
d_1554,17168,12238,11570,2015-05-01,15455.42857142857,10654.5,10369.357142857143
d_1555,19497,13252,14303,2015-05-02,15383.857142857143,10655.642857142857,10390.964285714286
d_1556,20394,13859,14849,2015-05-03,15454.142857142857,10693.857142857143,10549.107142857143
d_1557,17031,10376,10762,2015-05-04,15526.714285714286,10680.285714285714,10559.892857142857
d_1558,14609,9764,10716,2015-05-05,15540.5,10657.035714285714,10611.42857142857
d_1559,14392,10066,10838,2015-05-06,15549.607142857143,10674.464285714286,10625.857142857143
d_1560,13690,10662,8969,2015-05-07,15554.892857142857,10678.07142857143,10577.107142857143
d_1561,15574,9952,11898,2015-05-08,15554.92857142857,10672.25,10603.285714285714
d_1562,19126,13236,14907,2015-05-09,15581.714285714286,10681.57142857143,10638.5
d_1563,16523,11367,10140,2015-05-10,15470.535714285714,10593.82142857143,10510.642857142857
d_1564,15527,11281,10384,2015-05-11,15548.357142857143,10587.25,10535.75
d_1565,13859,10112,11062,2015-05-12,15563.642857142857,10622.642857142857,10536.357142857143
d_1566,13939,10567,9179,2015-05-13,15594.32142857143,10629.107142857143,10463.32142857143
d_1567,12326,9579,10149,2015-05-14,15552.035714285714,10656.857142857143,10500.107142857143
d_1568,15255,10959,11550,2015-05-15,15587.25,10719.357142857143,10570.42857142857
d_1569,18516,13473,12347,2015-05-16,15632.892857142857,10734.607142857143,10574.535714285714
d_1570,18894,13007,12592,2015-05-17,15610.642857142857,10750.035714285714,10586.142857142857
d_1571,14543,10384,9369,2015-05-18,15622.82142857143,10755.75,10610.32142857143
d_1572,13015,9108,8548,2015-05-19,15617.392857142857,10763.92857142857,10623.42857142857
d_1573,12941,9428,8789,2015-05-20,15611.75,10781.857142857143,10638.857142857143
d_1574,13341,8835,8425,2015-05-21,15600.035714285714,10783.07142857143,10647.32142857143
d_1575,15904,10306,10057,2015-05-22,15638.285714285714,10802.535714285714,10655.464285714286
d_1576,17197,12156,10622,2015-05-23,15571.357142857143,10806.357142857143,10589.17857142857
d_1577,16750,11062,9614,2015-05-24,15475.785714285714,10759.035714285714,10518.5
d_1578,17642,10552,9623,2015-05-25,15578.25,10783.285714285714,10547.964285714286
d_1579,13963,8887,8029,2015-05-26,15611.07142857143,10786.214285714286,10552.535714285714
d_1580,12974,9188,7935,2015-05-27,15627.67857142857,10807.964285714286,10565.25
d_1581,12976,9153,8087,2015-05-28,15627.357142857143,10814.607142857143,10546.892857142857
d_1582,13992,9533,9400,2015-05-29,15513.92857142857,10718.0,10469.392857142857
d_1583,18423,10300,12215,2015-05-30,15475.57142857143,10612.57142857143,10394.82142857143
d_1584,19734,12554,11175,2015-05-31,15452.0,10565.964285714286,10263.607142857143
d_1585,16694,11581,10379,2015-06-01,15439.964285714286,10609.0,10249.92857142857
d_1586,16809,9785,10830,2015-06-02,15518.535714285714,10609.75,10254.0
d_1587,15003,10678,12309,2015-06-03,15540.357142857143,10631.607142857143,10306.535714285714
d_1588,14946,9895,10081,2015-06-04,15585.214285714286,10604.214285714286,10346.25
d_1589,16439,11506,11944,2015-06-05,15616.107142857143,10659.714285714286,10347.892857142857
d_1590,20802,13057,13648,2015-06-06,15675.964285714286,10653.32142857143,10302.92857142857
d_1591,21319,14327,12780,2015-06-07,15847.25,10759.035714285714,10397.214285714286
d_1592,17765,10907,11250,2015-06-08,15927.17857142857,10745.67857142857,10428.142857142857
d_1593,16375,10520,11289,2015-06-09,16017.035714285714,10760.25,10436.25
d_1594,15598,9870,9708,2015-06-10,16076.285714285714,10735.357142857143,10455.142857142857
d_1595,14617,10593,10375,2015-06-11,16158.107142857143,10771.57142857143,10463.214285714286
d_1596,16154,11176,12952,2015-06-12,16190.214285714286,10779.32142857143,10513.285714285714
d_1597,19849,12826,12178,2015-06-13,16237.82142857143,10756.214285714286,10507.25
d_1598,21596,13420,13965,2015-06-14,16334.32142857143,10770.964285714286,10556.285714285714
d_1599,16840,18733,12007,2015-06-15,16416.35714285714,11069.142857142857,10650.5
d_1600,14294,7557,9847,2015-06-16,16462.035714285714,11013.75,10696.892857142857
d_1601,14737,7691,9050,2015-06-17,16526.178571428572,10951.714285714286,10706.214285714286
d_1602,15268,9230,9927,2015-06-18,16595.0,10965.82142857143,10759.857142857143
d_1603,16386,10125,11318,2015-06-19,16612.214285714286,10959.357142857143,10804.892857142857
d_1604,20047,12219,11989,2015-06-20,16714.0,10961.607142857143,10853.714285714286
d_1605,18535,12273,10605,2015-06-21,16777.75,11004.857142857143,10889.107142857143
d_1606,15916,9824,9106,2015-06-22,16716.10714285714,10978.857142857143,10870.642857142857
d_1607,14995,9080,8996,2015-06-23,16752.964285714286,10985.75,10905.17857142857
d_1608,14046,9292,8284,2015-06-24,16791.25,10989.464285714286,10917.642857142857
d_1609,14767,9144,8465,2015-06-25,16855.214285714286,10989.142857142857,10931.142857142857
d_1610,16617,9893,9435,2015-06-26,16948.964285714286,11002.0,10932.392857142857
d_1611,19911,11724,10578,2015-06-27,17002.10714285714,11052.857142857143,10873.92857142857
d_1612,20786,11841,10319,2015-06-28,17039.678571428572,11027.392857142857,10843.357142857143
d_1613,15603,9404,8921,2015-06-29,17000.714285714286,10949.642857142857,10791.285714285714
d_1614,15208,8207,8764,2015-06-30,16943.535714285714,10893.285714285714,10717.5
d_1615,17247,10565,10265,2015-07-01,17023.678571428572,10889.25,10644.5
d_1616,17773,11271,12800,2015-07-02,17124.64285714286,10938.392857142857,10741.607142857143
d_1617,23408,14085,16661,2015-07-03,17373.535714285714,11030.5,10910.07142857143
d_1618,16535,11154,9800,2015-07-04,17221.14285714286,10962.535714285714,10772.642857142857
d_1619,19387,12041,12104,2015-07-05,17152.14285714286,10880.892857142857,10748.5
d_1620,17733,11615,12190,2015-07-06,17151.0,10906.17857142857,10782.07142857143
d_1621,16207,11067,10081,2015-07-07,17145.0,10925.714285714286,10738.92857142857
d_1622,15364,9602,11083,2015-07-08,17136.64285714286,10916.142857142857,10788.035714285714
d_1623,16040,10500,11670,2015-07-09,17187.464285714286,10912.82142857143,10834.285714285714
d_1624,17973,10561,11361,2015-07-10,17252.428571428572,10890.857142857143,10777.464285714286
d_1625,20900,12743,13762,2015-07-11,17289.964285714286,10887.892857142857,10834.035714285714
d_1626,21449,14272,13873,2015-07-12,17284.714285714286,10918.32142857143,10830.75
d_1627,16797,11996,10265,2015-07-13,17283.178571428572,10677.714285714286,10768.535714285714
d_1628,15331,10123,11377,2015-07-14,17320.214285714286,10769.357142857143,10823.17857142857
d_1629,15743,10642,11710,2015-07-15,17356.14285714286,10874.75,10918.17857142857
d_1630,16331,10417,10730,2015-07-16,17394.10714285714,10917.142857142857,10946.857142857143
d_1631,17606,11735,12506,2015-07-17,17437.678571428572,10974.642857142857,10989.285714285714
d_1632,20407,13203,12050,2015-07-18,17450.535714285714,11009.785714285714,10991.464285714286
d_1633,21606,13760,12418,2015-07-19,17560.214285714286,11062.892857142857,11056.214285714286
d_1634,16789,11275,9483,2015-07-20,17591.39285714286,11114.714285714286,11069.67857142857
d_1635,15573,9543,9022,2015-07-21,17612.035714285714,11131.25,11070.607142857143
d_1636,14682,9415,9279,2015-07-22,17634.75,11135.642857142857,11106.142857142857
d_1637,15124,10089,8982,2015-07-23,17647.5,11169.392857142857,11124.607142857143
d_1638,16996,11052,10393,2015-07-24,17661.035714285714,11210.785714285714,11158.82142857143
d_1639,19049,12382,11193,2015-07-25,17630.25,11234.285714285714,11180.785714285714
d_1640,20209,13094,10889,2015-07-26,17609.64285714286,11279.035714285714,11201.142857142857
d_1641,16756,10082,9288,2015-07-27,17650.821428571428,11303.25,11214.25
d_1642,14962,9649,8344,2015-07-28,17642.035714285714,11354.75,11199.25
d_1643,14382,8900,8311,2015-07-29,17539.714285714286,11295.285714285714,11129.464285714286
d_1644,15266,9175,9146,2015-07-30,17450.178571428572,11220.42857142857,10998.964285714286
d_1645,17326,11499,12653,2015-07-31,17232.964285714286,11128.07142857143,10855.82142857143
d_1646,21982,13985,13183,2015-08-01,17427.5,11229.17857142857,10976.642857142857
d_1647,23473,13705,14363,2015-08-02,17573.428571428572,11288.607142857143,11057.32142857143
d_1648,18550,13099,13608,2015-08-03,17602.60714285714,11341.607142857143,11107.964285714286
d_1649,16895,10360,10403,2015-08-04,17627.178571428572,11316.357142857143,11119.464285714286
d_1650,16354,11015,10910,2015-08-05,17662.535714285714,11366.82142857143,11113.285714285714
d_1651,15973,10877,10948,2015-08-06,17660.14285714286,11380.285714285714,11087.5
d_1652,17880,11556,10701,2015-08-07,17656.821428571428,11415.82142857143,11063.92857142857
d_1653,22056,13254,12794,2015-08-08,17698.10714285714,11434.07142857143,11029.357142857143
d_1654,23442,14452,14067,2015-08-09,17769.285714285714,11440.5,11036.285714285714
d_1655,17958,10572,9794,2015-08-10,17810.75,11389.642857142857,11019.464285714286
d_1656,16097,9825,10527,2015-08-11,17838.10714285714,11379.0,10989.107142857143
d_1657,16109,10869,10373,2015-08-12,17851.178571428572,11387.107142857143,10941.357142857143
d_1658,15527,10769,9759,2015-08-13,17822.464285714286,11399.67857142857,10906.67857142857
d_1659,17023,11228,12511,2015-08-14,17801.64285714286,11381.57142857143,10906.857142857143
d_1660,21426,13259,13751,2015-08-15,17838.035714285714,11383.57142857143,10967.607142857143
d_1661,24198,13405,12937,2015-08-16,17930.60714285714,11370.892857142857,10986.142857142857
d_1662,18190,10484,10438,2015-08-17,17980.64285714286,11342.642857142857,11020.25
d_1663,15956,9503,9786,2015-08-18,17994.321428571428,11341.214285714286,11047.535714285714
d_1664,15929,8427,9351,2015-08-19,18038.85714285714,11305.92857142857,11050.107142857143
d_1665,15362,8422,8732,2015-08-20,18047.35714285714,11246.392857142857,11041.17857142857
d_1666,16338,10480,10145,2015-08-21,18023.85714285714,11225.964285714286,11032.32142857143
d_1667,21062,12577,11441,2015-08-22,18095.75,11232.92857142857,11041.17857142857
d_1668,22447,13820,11329,2015-08-23,18175.678571428572,11258.857142857143,11056.892857142857
d_1669,15643,10580,8870,2015-08-24,18135.928571428572,11276.642857142857,11041.964285714286
d_1670,14187,8651,8457,2015-08-25,18108.25,11241.0,11046.0
d_1671,14070,8832,9065,2015-08-26,18097.10714285714,11238.57142857143,11072.92857142857
d_1672,14387,8540,9149,2015-08-27,18065.714285714286,11215.892857142857,11073.035714285714
d_1673,16343,9151,10757,2015-08-28,18030.60714285714,11132.035714285714,11005.32142857143
d_1674,21273,11377,12586,2015-08-29,18005.285714285714,11038.892857142857,10984.0
d_1675,23319,12995,12203,2015-08-30,17999.785714285714,11013.535714285714,10906.857142857143
d_1676,16223,9144,10518,2015-08-31,17916.678571428572,10872.285714285714,10796.5
d_1677,16305,10186,11464,2015-09-01,17895.60714285714,10866.07142857143,10834.392857142857
d_1678,15825,9203,11562,2015-09-02,17876.714285714286,10801.357142857143,10857.67857142857
d_1679,16222,10409,12988,2015-09-03,17885.60714285714,10784.642857142857,10930.535714285714
d_1680,18059,9859,11352,2015-09-04,17892.0,10724.035714285714,10953.785714285714
d_1681,20994,12589,13904,2015-09-05,17854.071428571428,10700.285714285714,10993.42857142857
d_1682,19898,12134,13216,2015-09-06,17727.5,10617.5,10963.035714285714
d_1683,21191,12774,11797,2015-09-07,17842.964285714286,10696.142857142857,11034.57142857143
d_1684,16508,9278,10383,2015-09-08,17857.64285714286,10676.607142857143,11029.42857142857
d_1685,16348,9603,12151,2015-09-09,17866.178571428572,10631.392857142857,11092.92857142857
d_1686,16385,8895,10413,2015-09-10,17896.821428571428,10564.464285714286,11116.285714285714
d_1687,17203,10077,13006,2015-09-11,17903.25,10523.357142857143,11133.964285714286
d_1688,21581,13142,15380,2015-09-12,17908.785714285714,10519.17857142857,11192.142857142857
d_1689,23552,14305,13483,2015-09-13,17885.714285714286,10551.32142857143,11211.642857142857
d_1690,15918,10455,11698,2015-09-14,17804.571428571428,10550.285714285714,11256.642857142857
d_1691,15805,9943,11677,2015-09-15,17799.178571428572,10566.0,11324.17857142857
d_1692,14209,9327,10109,2015-09-16,17737.75,10598.142857142857,11351.25
d_1693,14737,9459,9802,2015-09-17,17715.428571428572,10635.17857142857,11389.464285714286
d_1694,17192,10495,11002,2015-09-18,17745.928571428572,10635.714285714286,11420.07142857143
d_1695,22322,12856,13101,2015-09-19,17790.928571428572,10645.67857142857,11479.357142857143
d_1696,23160,14179,12640,2015-09-20,17816.39285714286,10658.5,11526.17857142857
d_1697,17236,9632,9277,2015-09-21,17873.285714285714,10624.642857142857,11540.714285714286
d_1698,15753,9238,8527,2015-09-22,17929.214285714286,10645.607142857143,11543.214285714286
d_1699,15098,9629,8770,2015-09-23,17965.928571428572,10674.07142857143,11532.67857142857
d_1700,14610,9187,9170,2015-09-24,17973.89285714286,10697.17857142857,11533.42857142857
d_1701,17432,10013,11235,2015-09-25,18012.785714285714,10727.964285714286,11550.5
d_1702,21638,12286,12712,2015-09-26,18025.821428571428,10760.42857142857,11555.0
d_1703,22462,12610,12541,2015-09-27,17995.214285714286,10746.67857142857,11567.07142857143
d_1704,16259,9332,8671,2015-09-28,17996.5,10753.392857142857,11501.107142857143
d_1705,13677,8387,8551,2015-09-29,17902.64285714286,10689.142857142857,11397.07142857143
d_1706,13952,8352,8966,2015-09-30,17835.75,10658.75,11304.357142857143
d_1707,15726,10941,11010,2015-10-01,17818.035714285714,10677.75,11233.714285714286
d_1708,18782,11330,14264,2015-10-02,17843.85714285714,10730.285714285714,11337.714285714286
d_1709,24286,13622,16779,2015-10-03,17961.428571428572,10767.17857142857,11440.392857142857
d_1710,24729,13932,14234,2015-10-04,18133.964285714286,10831.392857142857,11476.75
d_1711,18511,11484,12479,2015-10-05,18038.25,10785.32142857143,11501.107142857143
d_1712,16163,10763,11929,2015-10-06,18025.928571428572,10838.357142857143,11556.32142857143
d_1713,15797,10148,9942,2015-10-07,18006.25,10857.82142857143,11477.42857142857
d_1714,15862,9959,11998,2015-10-08,17987.571428571428,10895.82142857143,11534.035714285714
d_1715,18486,11322,13787,2015-10-09,18033.39285714286,10940.285714285714,11561.92857142857
d_1716,22084,12528,14175,2015-10-10,18051.35714285714,10918.357142857143,11518.892857142857
d_1717,21329,13998,14377,2015-10-11,17971.964285714286,10907.392857142857,11550.82142857143
d_1718,18473,11422,12345,2015-10-12,18063.214285714286,10941.92857142857,11573.92857142857
d_1719,15336,10176,10169,2015-10-13,18046.464285714286,10950.25,11520.07142857143
d_1720,14786,8157,11305,2015-10-14,18067.071428571428,10908.464285714286,11562.785714285714
d_1721,14546,10253,11554,2015-10-15,18060.25,10936.82142857143,11625.357142857143
d_1722,16249,10286,11887,2015-10-16,18026.571428571428,10929.357142857143,11656.964285714286
d_1723,21764,12670,13379,2015-10-17,18006.64285714286,10922.714285714286,11666.892857142857
d_1724,23087,12973,12904,2015-10-18,18004.035714285714,10879.642857142857,11676.32142857143
d_1725,16005,10116,9181,2015-10-19,17960.071428571428,10896.92857142857,11672.892857142857
d_1726,14988,9083,9033,2015-10-20,17932.75,10891.392857142857,11690.964285714286
d_1727,14342,8946,9123,2015-10-21,17905.75,10867.0,11703.57142857143
d_1728,14111,9326,9333,2015-10-22,17887.928571428572,10871.964285714286,11709.392857142857
d_1729,16117,11153,10751,2015-10-23,17840.964285714286,10912.67857142857,11692.107142857143
d_1730,20049,11592,13365,2015-10-24,17784.214285714286,10887.892857142857,11715.42857142857
d_1731,22632,10916,12631,2015-10-25,17790.285714285714,10827.392857142857,11718.642857142857
d_1732,15588,10108,9396,2015-10-26,17766.321428571428,10855.107142857143,11744.535714285714
d_1733,14858,8704,8757,2015-10-27,17808.5,10866.42857142857,11751.892857142857
d_1734,14253,8751,8263,2015-10-28,17819.25,10880.67857142857,11726.785714285714
d_1735,14598,9189,9445,2015-10-29,17778.964285714286,10818.107142857143,11670.892857142857
d_1736,17112,10320,13082,2015-10-30,17719.321428571428,10782.035714285714,11628.67857142857
d_1737,20376,9895,12472,2015-10-31,17579.678571428572,10648.92857142857,11474.857142857143
d_1738,21945,12814,12235,2015-11-01,17480.25,10609.0,11403.464285714286
d_1739,15531,9746,11180,2015-11-02,17373.821428571428,10546.92857142857,11357.07142857143
d_1740,16052,9959,11986,2015-11-03,17369.85714285714,10518.214285714286,11359.107142857143
d_1741,14266,8918,8918,2015-11-04,17315.178571428572,10474.285714285714,11322.535714285714
d_1742,14421,9225,11029,2015-11-05,17263.714285714286,10448.07142857143,11287.92857142857
d_1743,16243,10509,12869,2015-11-06,17183.60714285714,10419.035714285714,11255.142857142857
d_1744,20676,12764,13901,2015-11-07,17133.321428571428,10427.464285714286,11245.357142857143
d_1745,21942,12438,14031,2015-11-08,17155.214285714286,10371.75,11233.0
d_1746,15020,10320,11575,2015-11-09,17031.89285714286,10332.392857142857,11205.5
d_1747,14992,9092,9290,2015-11-10,17019.60714285714,10293.67857142857,11174.107142857143
d_1748,14410,8878,10050,2015-11-11,17006.178571428572,10319.42857142857,11129.285714285714
d_1749,13137,9034,11071,2015-11-12,16955.85714285714,10275.892857142857,11112.035714285714
d_1750,14592,9988,11615,2015-11-13,16896.678571428572,10265.25,11102.32142857143
d_1751,19806,11793,15743,2015-11-14,16826.75,10233.92857142857,11186.75
d_1752,21637,13557,14561,2015-11-15,16774.964285714286,10254.785714285714,11245.92857142857
d_1753,15127,10366,10242,2015-11-16,16743.60714285714,10263.714285714286,11283.82142857143
d_1754,13774,7636,7764,2015-11-17,16700.25,10212.035714285714,11238.5
d_1755,13316,9433,9411,2015-11-18,16663.60714285714,10229.42857142857,11248.785714285714
d_1756,13261,9213,9891,2015-11-19,16633.25,10225.392857142857,11268.714285714286
d_1757,15181,9561,13615,2015-11-20,16599.821428571428,10168.535714285714,11371.0
d_1758,19932,11792,11069,2015-11-21,16595.64285714286,10175.67857142857,11289.0
d_1759,20838,12072,12015,2015-11-22,16531.571428571428,10216.964285714286,11267.0
d_1760,16056,9741,9343,2015-11-23,16548.285714285714,10203.857142857143,11265.107142857143
d_1761,14937,9596,9689,2015-11-24,16551.10714285714,10235.714285714286,11298.392857142857
d_1762,17095,11632,11397,2015-11-25,16652.60714285714,10338.607142857143,11410.32142857143
d_1763,9570,7855,6206,2015-11-26,16473.035714285714,10290.964285714286,11294.642857142857
d_1764,11537,7928,8116,2015-11-27,16273.92857142857,10205.535714285714,11117.285714285714
d_1765,15088,9194,9930,2015-11-28,16085.07142857143,10180.5,11026.5
d_1766,17216,9885,10681,2015-11-29,15916.17857142857,10075.892857142857,10971.0
d_1767,14449,8775,8792,2015-11-30,15877.535714285714,10041.214285714286,10885.714285714286
d_1768,14823,9739,10256,2015-12-01,15833.642857142857,10033.357142857143,10823.92857142857
d_1769,14174,8501,11057,2015-12-02,15830.357142857143,10018.464285714286,10900.32142857143
d_1770,15020,9694,13315,2015-12-03,15851.75,10035.214285714286,10981.964285714286
d_1771,16666,9141,12380,2015-12-04,15866.857142857143,9986.357142857143,10964.5
d_1772,20202,11449,15374,2015-12-05,15849.92857142857,9939.392857142857,11017.107142857143
d_1773,21101,12379,14935,2015-12-06,15819.892857142857,9937.285714285714,11049.392857142857
d_1774,15260,10135,10013,2015-12-07,15828.464285714286,9930.67857142857,10993.607142857143
d_1775,13856,8471,10586,2015-12-08,15787.892857142857,9908.5,11039.892857142857
d_1776,13767,8780,11143,2015-12-09,15764.92857142857,9905.0,11078.92857142857
d_1777,13802,8838,9519,2015-12-10,15788.67857142857,9898.0,11023.5
d_1778,14612,9747,11984,2015-12-11,15789.392857142857,9889.392857142857,11036.67857142857
d_1779,19364,12133,14478,2015-12-12,15773.607142857143,9901.535714285714,10991.5
d_1780,19713,12663,12757,2015-12-13,15704.892857142857,9869.607142857143,10927.07142857143
d_1781,15479,10823,11220,2015-12-14,15717.464285714286,9885.92857142857,10962.0
d_1782,14188,10523,11419,2015-12-15,15732.25,9989.035714285714,11092.535714285714
d_1783,14306,10049,9768,2015-12-16,15767.607142857143,10011.035714285714,11105.285714285714
d_1784,14753,10397,10304,2015-12-17,15820.892857142857,10053.32142857143,11120.035714285714
d_1785,14594,9375,10787,2015-12-18,15799.92857142857,10046.67857142857,11019.035714285714
d_1786,19940,10986,12562,2015-12-19,15800.214285714286,10017.892857142857,11072.357142857143
d_1787,18996,11666,12349,2015-12-20,15734.42857142857,10003.392857142857,11084.285714285714
d_1788,15417,9754,10351,2015-12-21,15711.607142857143,10003.857142857143,11120.285714285714
d_1789,16026,9970,10616,2015-12-22,15750.5,10017.214285714286,11153.392857142857
d_1790,16522,10625,11605,2015-12-23,15730.035714285714,9981.25,11160.82142857143
d_1791,13841,10755,11631,2015-12-24,15882.57142857143,10084.82142857143,11354.57142857143
d_1792,6,4,4,2015-12-25,15470.75,9801.82142857143,11064.857142857143
d_1793,16365,11906,10106,2015-12-26,15516.357142857143,9898.67857142857,11071.142857142857
d_1794,16025,9527,9826,2015-12-27,15473.82142857143,9885.892857142857,11040.607142857143
d_1795,15043,9165,5756,2015-12-28,15495.035714285714,9899.82142857143,10932.17857142857
d_1796,14669,8884,8340,2015-12-29,15489.535714285714,9869.285714285714,10863.75
d_1797,14779,8740,10608,2015-12-30,15511.142857142857,9877.82142857143,10847.714285714286
d_1798,16248,11162,15649,2015-12-31,15555.0,9930.25,10931.07142857143
d_1799,13364,8845,10442,2016-01-01,15437.07142857143,9919.67857142857,10861.857142857143
d_1800,19054,10408,15275,2016-01-02,15396.07142857143,9882.5,10858.32142857143
d_1801,19624,11081,13635,2016-01-03,15343.32142857143,9836.142857142857,10811.892857142857
d_1802,16455,9856,10382,2016-01-04,15386.0,9826.17857142857,10825.07142857143
d_1803,14421,9332,11553,2016-01-05,15406.17857142857,9856.92857142857,10859.607142857143
d_1804,13572,7928,11185,2016-01-06,15399.214285714286,9826.5,10861.107142857143
d_1805,15418,10507,10019,2016-01-07,15456.92857142857,9886.107142857143,10878.964285714286
d_1806,16242,10043,12651,2016-01-08,15515.142857142857,9896.67857142857,10902.785714285714
d_1807,22922,13158,16800,2016-01-09,15642.214285714286,9933.285714285714,10985.714285714286
d_1808,22216,12633,12520,2016-01-10,15731.607142857143,9932.214285714286,10977.25
d_1809,16206,10526,11254,2016-01-11,15757.57142857143,9921.607142857143,10978.464285714286
d_1810,14058,10190,10874,2016-01-12,15752.92857142857,9909.714285714286,10959.0
d_1811,13001,9539,9691,2016-01-13,15706.32142857143,9891.5,10956.25
d_1812,13371,9309,13176,2016-01-14,15656.964285714286,9852.642857142857,11058.82142857143
d_1813,15800,10858,15132,2016-01-15,15700.035714285714,9905.607142857143,11214.0
d_1814,21380,12764,17002,2016-01-16,15751.464285714286,9969.107142857143,11372.57142857143
d_1815,20852,13106,11575,2016-01-17,15817.75,10020.535714285714,11344.92857142857
d_1816,18004,10685,9651,2016-01-18,15910.142857142857,10053.785714285714,11319.92857142857
d_1817,13383,9010,9595,2016-01-19,15815.75,10019.5,11283.464285714286
d_1818,14241,8769,9674,2016-01-20,15734.285714285714,9953.214285714286,11214.5
d_1819,13937,8657,9185,2016-01-21,15737.714285714286,9878.285714285714,11127.142857142857
d_1820,15102,10132,11073,2016-01-22,16276.857142857143,10240.0,11522.464285714286
d_1821,22843,11836,14248,2016-01-23,16508.214285714286,10237.5,11670.392857142857
d_1822,21845,12719,13268,2016-01-24,16716.071428571428,10351.5,11793.32142857143
d_1823,15839,9645,8905,2016-01-25,16744.5,10368.642857142857,11905.785714285714
d_1824,13872,8158,8416,2016-01-26,16716.035714285714,10342.714285714286,11908.5
d_1825,13768,8512,9069,2016-01-27,16679.928571428572,10334.57142857143,11853.535714285714
d_1826,13798,8896,9772,2016-01-28,16592.428571428572,10253.642857142857,11643.642857142857
d_1827,15904,9741,11994,2016-01-29,16683.14285714286,10285.642857142857,11699.07142857143
d_1828,21394,11933,15777,2016-01-30,16766.714285714286,10340.107142857143,11717.0
d_1829,23506,13014,14311,2016-01-31,16905.35714285714,10409.142857142857,11741.142857142857
d_1830,16618,11700,13396,2016-02-01,16911.178571428572,10475.0,11848.785714285714
d_1831,15146,8943,10839,2016-02-02,16937.071428571428,10461.107142857143,11823.285714285714
d_1832,15372,10894,13074,2016-02-03,17001.35714285714,10567.035714285714,11890.75
d_1833,15456,9311,10657,2016-02-04,17002.714285714286,10524.32142857143,11913.535714285714
d_1834,16905,10350,12938,2016-02-05,17026.39285714286,10535.285714285714,11923.785714285714
d_1835,23210,13611,18219,2016-02-06,17036.678571428572,10551.464285714286,11974.464285714286
d_1836,18660,14149,14084,2016-02-07,16909.678571428572,10605.607142857143,12030.32142857143
d_1837,15566,10266,10972,2016-02-08,16886.821428571428,10596.32142857143,12020.25
d_1838,15574,10540,12399,2016-02-09,16940.964285714286,10608.82142857143,12074.714285714286
d_1839,16325,10835,12193,2016-02-10,17059.678571428572,10655.107142857143,12164.07142857143
d_1840,16963,12668,14953,2016-02-11,17187.964285714286,10775.07142857143,12227.535714285714
d_1841,16856,11836,15530,2016-02-12,17225.678571428572,10810.0,12241.75
d_1842,21848,14363,17504,2016-02-13,17242.39285714286,10867.107142857143,12259.67857142857
d_1843,19238,13392,15707,2016-02-14,17184.75,10877.32142857143,12407.25
d_1844,19231,12115,14806,2016-02-15,17228.571428571428,10928.392857142857,12591.357142857143
d_1845,15249,10341,12112,2016-02-16,17295.214285714286,10975.92857142857,12681.25
d_1846,14555,9904,12086,2016-02-17,17306.428571428572,11016.464285714286,12767.392857142857
d_1847,15306,10102,11028,2016-02-18,17355.321428571428,11068.07142857143,12833.214285714286
d_1848,17114,10826,12452,2016-02-19,17427.178571428572,11092.857142857143,12882.464285714286
d_1849,21348,13282,16227,2016-02-20,17373.785714285714,11144.5,12953.142857142857
d_1850,22538,14663,14880,2016-02-21,17398.535714285714,11213.92857142857,13010.714285714286
d_1851,16269,10415,10644,2016-02-22,17413.89285714286,11241.42857142857,13072.82142857143
d_1852,14616,9459,9906,2016-02-23,17440.464285714286,11287.892857142857,13126.035714285714
d_1853,13943,9842,10283,2016-02-24,17446.714285714286,11335.392857142857,13169.392857142857
d_1854,14517,9492,10606,2016-02-25,17472.39285714286,11356.67857142857,13199.17857142857
d_1855,16346,9897,11406,2016-02-26,17488.178571428572,11362.25,13178.17857142857
d_1856,21546,11575,14766,2016-02-27,17493.60714285714,11349.464285714286,13142.07142857143
d_1857,23157,13376,14382,2016-02-28,17481.14285714286,11362.392857142857,13144.607142857143
d_1858,16232,9963,11064,2016-02-29,17467.35714285714,11300.357142857143,13061.32142857143
d_1859,16297,10842,9397,2016-03-01,17508.464285714286,11368.17857142857,13009.82142857143
d_1860,15415,9902,13141,2016-03-02,17510.0,11332.75,13012.214285714286
d_1861,15621,11396,14442,2016-03-03,17515.89285714286,11407.214285714286,13147.392857142857
d_1862,16095,10158,13072,2016-03-04,17486.964285714286,11400.357142857143,13152.17857142857
d_1863,22022,12495,17805,2016-03-05,17444.535714285714,11360.5,13137.392857142857
d_1864,25224,14155,17839,2016-03-06,17678.964285714286,11360.714285714286,13271.5
d_1865,17148,11603,11811,2016-03-07,17735.464285714286,11408.464285714286,13301.464285714286
d_1866,16083,9786,11858,2016-03-08,17753.64285714286,11381.535714285714,13282.142857142857
d_1867,15544,9091,12397,2016-03-09,17725.75,11319.25,13289.42857142857
d_1868,15835,10648,11784,2016-03-10,17685.464285714286,11247.107142857143,13176.25
d_1869,16275,11066,13546,2016-03-11,17664.714285714286,11219.607142857143,13105.392857142857
d_1870,22515,13113,17083,2016-03-12,17688.535714285714,11174.964285714286,13090.357142857143
d_1871,21937,13466,16018,2016-03-13,17784.928571428572,11177.607142857143,13101.464285714286
d_1872,16858,11882,13295,2016-03-14,17700.178571428572,11169.285714285714,13047.5
d_1873,15051,11659,13407,2016-03-15,17693.10714285714,11216.357142857143,13093.75
d_1874,14807,10478,11321,2016-03-16,17702.10714285714,11236.857142857143,13066.42857142857
d_1875,14196,10170,10643,2016-03-17,17662.464285714286,11239.285714285714,13052.67857142857
d_1876,16664,10756,12232,2016-03-18,17646.39285714286,11236.785714285714,13044.82142857143
d_1877,18900,12210,15071,2016-03-19,17558.964285714286,11198.5,13003.535714285714
d_1878,19421,13428,14976,2016-03-20,17447.64285714286,11154.392857142857,13006.964285714286
d_1879,16541,9973,10846,2016-03-21,17457.35714285714,11138.607142857143,13014.17857142857
d_1880,15581,9826,10068,2016-03-22,17491.821428571428,11151.714285714286,13019.964285714286
d_1881,15141,10341,9304,2016-03-23,17534.60714285714,11169.535714285714,12985.0
d_1882,15228,9305,9470,2016-03-24,17560.0,11162.857142857143,12944.42857142857
d_1883,18694,12235,14682,2016-03-25,17643.85714285714,11246.357142857143,13061.42857142857
d_1884,23787,13595,16481,2016-03-26,17723.89285714286,11318.5,13122.67857142857
d_1885,21296,13336,11728,2016-03-27,17657.428571428572,11317.07142857143,13027.892857142857
d_1886,15482,10303,10256,2016-03-28,17630.64285714286,11329.214285714286,12999.035714285714
d_1887,15319,8322,10216,2016-03-29,17595.714285714286,11239.214285714286,13028.285714285714
d_1888,14352,8828,9179,2016-03-30,17557.75,11200.857142857143,12886.785714285714
d_1889,15601,9306,9774,2016-03-31,17557.035714285714,11126.214285714286,12720.07142857143
d_1890,18922,11852,14762,2016-04-01,17658.0,11186.714285714286,12780.42857142857
d_1891,22171,13095,17406,2016-04-02,17663.321428571428,11208.142857142857,12766.17857142857
d_1892,24577,14051,17797,2016-04-03,17640.214285714286,11204.42857142857,12764.67857142857
d_1893,18193,10497,11728,2016-04-04,17677.535714285714,11164.92857142857,12761.714285714286
d_1894,16396,10466,12821,2016-04-05,17688.714285714286,11189.214285714286,12796.107142857143
d_1895,15807,10338,12989,2016-04-06,17698.10714285714,11233.75,12817.25
d_1896,15459,10600,12057,2016-04-07,17684.678571428572,11232.035714285714,12827.0
d_1897,17714,10766,14740,2016-04-08,17736.071428571428,11221.32142857143,12869.642857142857
d_1898,23311,13360,19669,2016-04-09,17764.5,11230.142857142857,12962.0
d_1899,24063,13818,15975,2016-04-10,17840.428571428572,11242.714285714286,12960.464285714286
d_1900,17490,11174,13763,2016-04-11,17863.0,11217.42857142857,12977.17857142857
d_1901,15192,10418,13459,2016-04-12,17868.035714285714,11173.107142857143,12979.035714285714
d_1902,14614,9694,10885,2016-04-13,17861.14285714286,11145.107142857143,12963.464285714286
d_1903,15069,10292,12168,2016-04-14,17892.321428571428,11149.464285714286,13017.92857142857
d_1904,16255,10800,14734,2016-04-15,17877.714285714286,11151.035714285714,13107.285714285714
d_1905,20564,12460,15338,2016-04-16,17937.14285714286,11159.964285714286,13116.82142857143
d_1906,23032,13709,14899,2016-04-17,18066.10714285714,11170.0,13114.07142857143
d_1907,17052,9868,11139,2016-04-18,18084.35714285714,11166.25,13124.535714285714
d_1908,15784,10922,10864,2016-04-19,18091.60714285714,11205.392857142857,13152.964285714286
d_1909,15148,9600,10595,2016-04-20,18091.85714285714,11178.92857142857,13199.07142857143
d_1910,14488,9602,10943,2016-04-21,18065.428571428572,11189.535714285714,13251.67857142857
d_1911,17095,10615,12807,2016-04-22,18008.321428571428,11131.67857142857,13184.714285714286
d_1912,21834,12266,14862,2016-04-23,17938.571428571428,11084.214285714286,13126.892857142857
d_1913,23187,12282,14326,2016-04-24,18006.10714285714,11046.57142857143,13219.67857142857
d_1914,17524,10662,10607,2016-04-25,18079.035714285714,11059.392857142857,13232.214285714286
d_1915,15012,9933,10542,2016-04-26,18068.071428571428,11116.92857142857,13243.857142857143
d_1916,14836,9575,10034,2016-04-27,18085.35714285714,11143.607142857143,13274.392857142857
d_1917,14664,9655,10413,2016-04-28,18051.89285714286,11156.07142857143,13297.214285714286
d_1918,17180,12162,13554,2016-04-29,17989.678571428572,11167.142857142857,13254.07142857143
d_1919,22327,12694,15408,2016-04-30,17995.25,11152.82142857143,13182.714285714286
d_1920,23689,14193,15150,2016-05-01,17963.535714285714,11157.892857142857,13088.17857142857
d_1921,19117,10719,13345,2016-05-02,17996.535714285714,11165.82142857143,13145.92857142857
d_1922,17830,11949,14535,2016-05-03,18047.75,11218.785714285714,13207.142857142857
d_1923,17266,9909,12426,2016-05-04,18099.85714285714,11203.464285714286,13187.035714285714
d_1924,16197,10833,13733,2016-05-05,18126.214285714286,11211.785714285714,13246.892857142857
d_1925,17638,11773,14394,2016-05-06,18123.5,11247.75,13234.535714285714
d_1926,23119,13668,17452,2016-05-07,18116.64285714286,11258.75,13155.357142857143
d_1927,19960,11385,14264,2016-05-08,17970.10714285714,11171.857142857143,13094.25
d_1928,18916,12035,15449,2016-05-09,18021.035714285714,11202.607142857143,13154.464285714286
d_1929,16971,10580,11828,2016-05-10,18084.571428571428,11208.392857142857,13096.214285714286
d_1930,16191,11314,14743,2016-05-11,18140.89285714286,11266.25,13234.0
d_1931,15498,11491,13514,2016-05-12,18156.214285714286,11309.07142857143,13282.07142857143
d_1932,18471,12320,13282,2016-05-13,18235.35714285714,11363.357142857143,13230.214285714286
d_1933,23037,12366,18905,2016-05-14,18323.678571428572,11360.0,13357.607142857143
d_1934,24704,16249,18968,2016-05-15,18383.39285714286,11450.714285714286,13502.92857142857
d_1935,17721,12228,12413,2016-05-16,18407.285714285714,11535.0,13548.42857142857
d_1936,16150,11370,11257,2016-05-17,18420.35714285714,11551.0,13562.464285714286
d_1937,15678,10375,11043,2016-05-18,18439.285714285714,11578.67857142857,13578.464285714286
d_1938,16297,9162,11504,2016-05-19,18503.89285714286,11562.964285714286,13598.5
d_1939,17430,12303,12819,2016-05-20,18515.85714285714,11623.25,13598.92857142857
d_1940,23103,13681,14734,2016-05-21,18561.178571428572,11673.785714285714,13594.357142857143
d_1941,24644,14815,14879,2016-05-22,18613.214285714286,11764.25,13614.107142857143
