d,CA_1,CA_2,CA_3,CA_4,TX_1,TX_2,TX_3,WI_1,WI_2,WI_3,date,CA_1_rolling_28,CA_2_rolling_28,CA_3_rolling_28,CA_4_rolling_28,TX_1_rolling_28,TX_2_rolling_28,TX_3_rolling_28,WI_1_rolling_28,WI_2_rolling_28,WI_3_rolling_28
d_1,4337,3494,4739,1625,2556,3852,3030,2704,2256,4038,2011-01-29,,,,,,,,,,
d_2,4155,3046,4827,1777,2687,3937,3006,2194,1922,4198,2011-01-30,,,,,,,,,,
d_3,2816,2121,3785,1386,1822,2731,2225,1562,2018,3317,2011-01-31,,,,,,,,,,
d_4,3051,2324,4232,1440,2258,2954,2169,1251,2522,3211,2011-02-01,,,,,,,,,,
d_5,2630,1942,3817,1536,1694,2492,1726,2,1175,2132,2011-02-02,,,,,,,,,,
d_6,3276,2288,4369,1389,2734,3439,2833,2049,2244,4590,2011-02-03,,,,,,,,,,
d_7,3450,2629,4703,1469,1691,2588,1947,2815,2232,4486,2011-02-04,,,,,,,,,,
d_8,5437,3729,5456,1988,2820,3772,2848,3248,2643,5991,2011-02-05,,,,,,,,,,
d_9,4340,2957,5581,1818,2887,3657,2832,1674,2140,4850,2011-02-06,,,,,,,,,,
d_10,3157,2218,4912,1535,2174,2932,2213,1355,1836,3240,2011-02-07,,,,,,,,,,
d_11,2995,2123,4447,1368,1607,2628,1989,1335,1526,3053,2011-02-08,,,,,,,,,,
d_12,2710,1901,4544,1195,2149,2669,1922,1410,1846,3312,2011-02-09,,,,,,,,,,
d_13,2928,2436,4406,1434,1895,2515,1699,1349,1785,3309,2011-02-10,,,,,,,,,,
d_14,3078,2584,4380,1312,2256,2883,2063,1946,2015,3928,2011-02-11,,,,,,,,,,
d_15,4316,3455,5187,1652,2944,4000,3137,2634,2442,5066,2011-02-12,,,,,,,,,,
d_16,4354,3563,5780,1933,3432,4779,3514,2012,2336,4677,2011-02-13,,,,,,,,,,
d_17,2757,1801,3303,1183,1921,2679,2119,1522,1612,2907,2011-02-14,,,,,,,,,,
d_18,2430,1797,3758,1511,2217,2927,2316,1363,1980,3771,2011-02-15,,,,,,,,,,
d_19,2272,1741,3641,1190,1962,2606,2038,1300,1628,3065,2011-02-16,,,,,,,,,,
d_20,2009,1614,3099,1113,1821,2449,2142,1459,1678,2934,2011-02-17,,,,,,,,,,
d_21,3015,2214,3320,1476,1951,2615,2145,1872,1813,3300,2011-02-18,,,,,,,,,,
d_22,4553,3080,4694,1543,2571,3705,2874,2596,2014,4059,2011-02-19,,,,,,,,,,
d_23,3966,3087,4794,1618,2810,3845,3134,1415,1592,3022,2011-02-20,,,,,,,,,,
d_24,3264,2601,4631,1501,2071,3006,2220,939,1356,2377,2011-02-21,,,,,,,,,,
d_25,2441,1810,3593,1286,1933,2725,1970,1089,1330,2324,2011-02-22,,,,,,,,,,
d_26,2377,1851,3342,1371,1723,2268,1823,1413,1719,2870,2011-02-23,,,,,,,,,,
d_27,2414,1652,3310,1138,1825,2488,1862,1449,1571,2568,2011-02-24,,,,,,,,,,
d_28,2701,2187,3575,1384,1886,2506,1894,1830,1532,3034,2011-02-25,3258.1785714285716,2437.3214285714284,4293.75,1470.392857142857,2224.8928571428573,3058.8214285714284,2346.0714285714284,1706.6785714285713,1884.392857142857,3558.1785714285716
d_29,3719,3516,4774,1643,2629,3565,2392,2154,1961,3555,2011-02-26,3236.1071428571427,2438.1071428571427,4295.0,1471.0357142857142,2227.5,3048.5714285714284,2323.285714285714,1687.0357142857142,1873.857142857143,3540.9285714285716
d_30,3548,2692,4540,1711,2688,3660,2738,1784,1643,3703,2011-02-27,3214.4285714285716,2425.464285714286,4284.75,1468.6785714285713,2227.535714285714,3038.6785714285716,2313.714285714286,1672.392857142857,1863.892857142857,3523.25
d_31,2246,1894,3604,1452,1985,2548,2022,1327,1537,2625,2011-02-28,3194.0714285714284,2417.3571428571427,4278.285714285715,1471.0357142857142,2233.3571428571427,3032.1428571428573,2306.464285714286,1664.0,1846.7142857142858,3498.535714285714
d_32,2549,1958,3846,1429,1967,3023,2092,1352,1667,2989,2011-03-01,3176.1428571428573,2404.285714285714,4264.5,1470.642857142857,2222.964285714286,3034.6071428571427,2303.714285714286,1667.607142857143,1816.1785714285713,3490.6071428571427
d_33,2559,1837,3821,1320,1860,2383,1902,1279,1735,3350,2011-03-02,3173.6071428571427,2400.535714285714,4264.642857142857,1462.9285714285713,2228.8928571428573,3030.714285714286,2310.0,1713.2142857142858,1836.1785714285713,3534.1071428571427
d_34,2568,2010,3757,1375,2052,2545,2042,1338,1946,3842,2011-03-03,3148.3214285714284,2390.6071428571427,4242.785714285715,1462.4285714285713,2204.535714285714,2998.785714285714,2281.75,1687.8214285714287,1825.5357142857142,3507.3928571428573
d_35,2978,2105,3904,1457,1753,2718,2113,1560,1659,3325,2011-03-04,3131.464285714286,2371.8928571428573,4214.25,1462.0,2206.75,3003.4285714285716,2287.6785714285716,1643.0,1805.0714285714287,3465.9285714285716
d_36,4096,3199,4894,1595,2642,3627,2969,1867,1967,4346,2011-03-05,3083.5714285714284,2352.964285714286,4194.178571428572,1447.9642857142858,2200.3928571428573,2998.25,2292.0,1593.6785714285713,1780.9285714285713,3407.1785714285716
d_37,4832,3272,5895,2058,3031,4379,3013,1996,1894,4506,2011-03-06,3101.1428571428573,2364.214285714286,4205.392857142857,1456.5357142857142,2205.535714285714,3024.035714285714,2298.464285714286,1605.1785714285713,1772.142857142857,3394.8928571428573
d_38,3138,1970,4274,1571,2272,2954,2397,1453,1635,2898,2011-03-07,3100.464285714286,2355.3571428571427,4182.607142857143,1457.8214285714287,2209.035714285714,3024.8214285714284,2305.035714285714,1608.6785714285713,1764.9642857142858,3382.6785714285716
d_39,2997,1800,4084,1418,1788,2495,2052,1359,1691,3068,2011-03-08,3100.535714285714,2343.8214285714284,4169.642857142857,1459.607142857143,2215.5,3020.0714285714284,2307.285714285714,1609.5357142857142,1770.857142857143,3383.214285714286
d_40,2772,2064,3754,1361,2180,2705,2056,1157,1480,3031,2011-03-09,3102.75,2349.6428571428573,4141.428571428572,1465.5357142857142,2216.6071428571427,3021.3571428571427,2312.0714285714284,1600.5,1757.7857142857142,3373.1785714285716
d_41,2650,2041,3898,1423,1779,2613,1947,1521,1514,3240,2011-03-10,3092.8214285714284,2335.535714285714,4123.285714285715,1465.142857142857,2212.464285714286,3024.8571428571427,2320.9285714285716,1606.642857142857,1748.107142857143,3370.714285714286
d_42,3249,2375,4108,1457,2073,2968,2162,1897,1699,3584,2011-03-11,3098.9285714285716,2328.0714285714284,4113.571428571428,1470.3214285714287,2205.9285714285716,3027.8928571428573,2324.464285714286,1604.892857142857,1736.8214285714287,3358.4285714285716
d_43,4114,3114,4823,1659,2800,3704,2767,2351,2480,4413,2011-03-12,3091.714285714286,2315.8928571428573,4100.571428571428,1470.5714285714287,2200.785714285714,3017.3214285714284,2311.25,1594.7857142857142,1738.1785714285713,3335.1071428571427
d_44,4094,3224,5342,1680,2737,3869,2936,1847,1935,3753,2011-03-13,3082.4285714285716,2303.785714285714,4084.9285714285716,1461.5357142857142,2175.964285714286,2984.8214285714284,2290.6071428571427,1588.892857142857,1723.857142857143,3302.1071428571427
d_45,2880,2044,4231,1567,2277,3296,2172,1386,1759,3323,2011-03-14,3086.8214285714284,2312.464285714286,4118.071428571428,1475.25,2188.6785714285716,3006.8571428571427,2292.5,1584.0357142857142,1729.107142857143,3316.964285714286
d_46,2384,1969,3624,1316,2614,3052,2168,1579,1763,3552,2011-03-15,3085.1785714285716,2318.6071428571427,4113.285714285715,1468.2857142857142,2202.8571428571427,3011.3214285714284,2287.214285714286,1591.75,1721.357142857143,3309.1428571428573
d_47,2522,2082,3767,1381,1987,2719,2062,1530,1650,3065,2011-03-16,3094.1071428571427,2330.785714285714,4117.785714285715,1475.107142857143,2203.75,3015.3571428571427,2288.0714285714284,1599.9642857142858,1722.142857142857,3309.1428571428573
d_48,2435,2234,3653,1182,2117,2642,2000,1441,1454,2621,2011-03-17,3109.3214285714284,2352.9285714285716,4137.571428571428,1477.5714285714287,2214.3214285714284,3022.25,2283.0,1599.3214285714287,1714.142857142857,3297.964285714286
d_49,2744,2227,3562,1497,2121,2889,2121,1874,1675,3145,2011-03-18,3099.6428571428573,2353.3928571428573,4146.214285714285,1478.3214285714287,2220.3928571428573,3032.035714285714,2282.1428571428573,1599.392857142857,1709.2142857142858,3292.4285714285716
d_50,4142,3554,5235,1578,2423,3457,2323,2271,1910,3706,2011-03-19,3084.964285714286,2370.3214285714284,4165.535714285715,1479.5714285714287,2215.1071428571427,3023.1785714285716,2262.464285714286,1587.7857142857142,1705.5,3279.8214285714284
d_51,3904,3431,5181,1596,2669,3533,2790,1516,1556,3467,2011-03-20,3082.75,2382.6071428571427,4179.357142857143,1478.7857142857142,2210.0714285714284,3012.035714285714,2250.1785714285716,1591.392857142857,1704.2142857142858,3295.714285714286
d_52,2635,2018,4154,1448,2074,2764,2237,1496,1426,2849,2011-03-21,3060.285714285714,2361.785714285714,4162.321428571428,1476.892857142857,2210.1785714285716,3003.3928571428573,2250.785714285714,1611.2857142857142,1706.7142857142858,3312.5714285714284
d_53,2458,2045,3664,1216,1858,2313,1915,1359,1428,2236,2011-03-22,3060.8928571428573,2370.1785714285716,4164.857142857143,1474.392857142857,2207.5,2988.6785714285716,2248.8214285714284,1620.9285714285713,1710.2142857142858,3309.4285714285716
d_54,2079,1908,3255,1248,1780,2208,1926,1245,1351,2230,2011-03-23,3050.25,2372.214285714286,4161.75,1470.0,2209.535714285714,2986.535714285714,2252.5,1614.9285714285713,1697.0714285714287,3286.5714285714284
d_55,2281,1718,2814,1076,1859,2290,1749,1427,1306,2334,2011-03-24,3045.5,2374.5714285714284,4144.035714285715,1467.7857142857142,2210.75,2979.464285714286,2248.464285714286,1614.142857142857,1687.607142857143,3278.214285714286
d_56,2740,2697,4085,1489,1982,2412,1855,1808,1435,2847,2011-03-25,3046.8928571428573,2392.785714285714,4162.25,1471.5357142857142,2214.1785714285716,2976.1071428571427,2247.0714285714284,1613.357142857143,1684.142857142857,3271.535714285714
d_57,3899,3310,4991,1616,2392,3195,2485,2277,1826,3629,2011-03-26,3053.3214285714284,2385.4285714285716,4170.0,1470.5714285714287,2205.714285714286,2962.8928571428573,2250.3928571428573,1617.75,1679.3214285714287,3274.1785714285716
d_58,3999,3223,4850,1589,2817,3759,2858,1879,1516,3376,2011-03-27,3069.4285714285716,2404.3928571428573,4181.071428571428,1466.2142857142858,2210.3214285714284,2966.4285714285716,2254.6785714285716,1621.142857142857,1674.7857142857142,3262.5
d_59,2780,2179,3692,1346,1792,2638,1999,1295,1269,2459,2011-03-28,3088.5,2414.5714285714284,4184.214285714285,1462.4285714285713,2203.4285714285716,2969.6428571428573,2253.8571428571427,1620.0,1665.2142857142858,3256.5714285714284
d_60,2167,2107,3028,1214,1705,2276,1747,1293,1504,2540,2011-03-29,3074.8571428571427,2419.8928571428573,4155.0,1454.75,2194.0714285714284,2942.964285714286,2241.535714285714,1617.892857142857,1659.392857142857,3240.535714285714
d_61,2247,1887,3518,1259,1706,2055,1623,1489,1323,1821,2011-03-30,3063.714285714286,2421.6785714285716,4144.178571428572,1452.5714285714287,2188.5714285714284,2931.25,2231.5714285714284,1625.392857142857,1644.6785714285713,3185.9285714285716
d_62,2576,2362,3640,1481,1783,2421,1892,1605,1660,2322,2011-03-31,3064.0,2434.25,4140.0,1456.357142857143,2178.964285714286,2926.8214285714284,2226.214285714286,1634.9285714285713,1634.4642857142858,3131.6428571428573
d_63,3500,2979,4599,1749,2698,2970,2324,1952,2067,3471,2011-04-01,3082.6428571428573,2465.464285714286,4164.821428571428,1466.7857142857142,2212.714285714286,2935.8214285714284,2233.75,1648.9285714285713,1649.0357142857142,3136.8571428571427
d_64,4325,3503,5265,1698,2781,3493,2860,2516,2428,4609,2011-04-02,3090.8214285714284,2476.3214285714284,4178.071428571428,1470.4642857142858,2217.6785714285716,2931.035714285714,2229.8571428571427,1672.107142857143,1665.5,3146.25
d_65,4396,3346,5680,1919,2919,3850,3094,1911,1780,4163,2011-04-03,3075.25,2478.964285714286,4170.392857142857,1465.5,2213.6785714285716,2912.1428571428573,2232.75,1669.0714285714287,1661.4285714285713,3134.0
d_66,3642,2210,4921,1583,1997,2524,2127,1354,1561,2933,2011-04-04,3093.25,2487.535714285714,4193.5,1465.9285714285713,2203.8571428571427,2896.785714285714,2223.1071428571427,1665.5357142857142,1658.7857142857142,3135.25
d_67,2784,2291,3936,1486,2119,2608,2016,1481,1725,3135,2011-04-05,3085.6428571428573,2505.0714285714284,4188.214285714285,1468.357142857143,2215.6785714285716,2900.8214285714284,2221.8214285714284,1669.892857142857,1660.0,3137.6428571428573
d_68,2602,2004,4062,1433,1966,2787,1936,1377,1528,2961,2011-04-06,3079.5714285714284,2502.9285714285716,4199.214285714285,1470.9285714285713,2208.035714285714,2903.75,2217.535714285714,1677.75,1661.7142857142858,3135.1428571428573
d_69,2976,2158,4052,1389,2131,2893,2177,1245,1448,2432,2011-04-07,3091.214285714286,2507.1071428571427,4204.714285714285,1469.7142857142858,2220.6071428571427,2913.75,2225.75,1667.892857142857,1659.357142857143,3106.285714285714
d_70,3294,2305,3918,1454,2109,2621,2067,1677,1864,3445,2011-04-08,3092.8214285714284,2504.6071428571427,4197.928571428572,1469.607142857143,2221.8928571428573,2901.3571428571427,2222.3571428571427,1660.0357142857142,1665.25,3101.3214285714284
d_71,4083,3383,4957,1641,2924,3473,2628,2184,2246,4226,2011-04-09,3091.714285714286,2514.214285714286,4202.714285714285,1468.9642857142858,2226.3214285714284,2893.1071428571427,2217.3928571428573,1654.0714285714287,1656.892857142857,3094.6428571428573
d_72,4194,3416,5728,1953,3057,3942,2649,1660,1440,3497,2011-04-10,3095.285714285714,2521.0714285714284,4216.5,1478.7142857142858,2237.75,2895.714285714286,2207.1428571428573,1647.392857142857,1639.2142857142858,3085.5
d_73,3015,2237,4123,1723,2294,2939,2322,1489,1581,3106,2011-04-11,3100.1071428571427,2527.964285714286,4212.642857142857,1484.2857142857142,2238.3571428571427,2882.964285714286,2212.5,1651.0714285714287,1632.857142857143,3077.75
d_74,2512,1868,3466,1335,2160,2921,2221,1448,1935,3352,2011-04-12,3104.6785714285716,2524.3571428571427,4207.0,1484.9642857142858,2222.1428571428573,2878.285714285714,2214.3928571428573,1646.392857142857,1639.0,3070.6071428571427
d_75,2217,1856,3561,1219,2325,2805,2072,1366,1515,2675,2011-04-13,3093.785714285714,2516.285714285714,4199.642857142857,1479.1785714285713,2234.214285714286,2881.3571428571427,2214.75,1640.5357142857142,1634.1785714285713,3056.6785714285716
d_76,2520,1985,3616,1309,1859,2584,1895,1435,1750,3011,2011-04-14,3096.8214285714284,2507.3928571428573,4198.321428571428,1483.7142857142858,2225.0,2879.285714285714,2211.0,1640.3214285714287,1644.75,3070.6071428571427
d_77,2867,2298,4293,1464,2402,3062,2285,1562,1645,3604,2011-04-15,3101.214285714286,2509.9285714285716,4224.428571428572,1482.5357142857142,2235.035714285714,2885.464285714286,2216.8571428571427,1629.1785714285713,1643.6785714285713,3087.0
d_78,3571,3175,4457,1606,2520,3317,2736,2042,2017,3793,2011-04-16,3080.8214285714284,2496.3928571428573,4196.642857142857,1483.5357142857142,2238.5,2880.464285714286,2231.6071428571427,1621.0,1647.5,3090.1071428571427
d_79,4084,3133,4819,1858,2677,3694,2877,1693,1417,3535,2011-04-17,3087.25,2485.75,4183.714285714285,1492.892857142857,2238.785714285714,2886.214285714286,2234.714285714286,1627.3214285714287,1642.5357142857142,3092.535714285714
d_80,2760,1943,3922,1330,2019,2972,2227,1202,1286,2728,2011-04-18,3091.714285714286,2483.0714285714284,4175.428571428572,1488.6785714285713,2236.8214285714284,2893.6428571428573,2234.3571428571427,1616.8214285714287,1637.5357142857142,3088.214285714286
d_81,2234,1990,3423,1283,1827,2382,1924,1183,1135,2093,2011-04-19,3083.714285714286,2481.1071428571427,4166.821428571428,1491.0714285714287,2235.714285714286,2896.1071428571427,2234.6785714285716,1610.5357142857142,1627.0714285714287,3083.1071428571427
d_82,2261,1754,3306,1261,1913,2511,1963,1327,1306,2586,2011-04-20,3090.214285714286,2475.6071428571427,4168.642857142857,1491.5357142857142,2240.464285714286,2906.9285714285716,2236.0,1613.4642857142858,1625.4642857142858,3095.8214285714284
d_83,2487,1958,3366,1175,1744,2227,1706,1350,1348,2407,2011-04-21,3097.5714285714284,2484.1785714285716,4188.357142857143,1495.0714285714287,2236.3571428571427,2904.6785714285716,2234.464285714286,1610.7142857142858,1626.9642857142858,3098.4285714285716
d_84,3155,2359,3939,1514,2114,3012,2416,1621,1392,2757,2011-04-22,3112.3928571428573,2472.1071428571427,4183.142857142857,1495.9642857142858,2241.0714285714284,2926.1071428571427,2254.5,1604.0357142857142,1625.4285714285713,3095.214285714286
d_85,4187,3000,4577,1813,2304,3664,2865,1868,1730,3567,2011-04-23,3122.6785714285716,2461.035714285714,4168.357142857143,1503.0,2237.9285714285716,2942.8571428571427,2268.0714285714284,1589.4285714285713,1622.0,3093.0
d_86,2946,2834,4482,1459,2451,3307,2139,971,949,2480,2011-04-24,3085.0714285714284,2447.1428571428573,4155.214285714285,1498.357142857143,2224.8571428571427,2926.714285714286,2242.3928571428573,1557.0,1601.75,3061.0
d_87,2439,1952,3336,1138,1832,2572,1935,1295,1245,2260,2011-04-25,3072.8928571428573,2439.035714285714,4142.5,1490.9285714285713,2226.285714285714,2924.3571428571427,2240.1071428571427,1557.0,1600.892857142857,3053.8928571428573
d_88,2085,1845,3145,1101,1777,2077,1681,1203,1219,1980,2011-04-26,3069.964285714286,2429.6785714285716,4146.678571428572,1486.892857142857,2228.8571428571427,2917.25,2237.75,1553.7857142857142,1590.7142857142858,3033.8928571428573
d_89,2096,1851,3062,1126,1653,2112,1604,1125,1288,2012,2011-04-27,3064.5714285714284,2428.3928571428573,4130.392857142857,1482.142857142857,2226.964285714286,2919.285714285714,2237.0714285714284,1540.7857142857142,1589.4642857142858,3040.714285714286
d_90,2086,1810,2930,1125,1438,2225,1709,1390,1254,2178,2011-04-28,3047.0714285714284,2408.6785714285716,4105.035714285715,1469.4285714285713,2214.6428571428573,2912.285714285714,2230.535714285714,1533.107142857143,1574.9642857142858,3035.5714285714284
d_91,2675,2309,3240,1506,1848,2764,1820,1803,1675,3095,2011-04-29,3017.6071428571427,2384.75,4056.5,1460.75,2184.285714285714,2904.9285714285716,2212.535714285714,1527.7857142857142,1560.9642857142858,3022.1428571428573
d_92,3560,3051,4247,1570,2577,3375,2288,2168,1877,3388,2011-04-30,2990.285714285714,2368.6071428571427,4020.1428571428573,1456.1785714285713,2177.0,2900.714285714286,2192.1071428571427,1515.357142857143,1541.2857142857142,2978.535714285714
d_93,3668,2958,4569,1802,3053,3931,2660,1726,1639,3039,2011-05-01,2964.285714285714,2354.75,3980.464285714286,1452.0,2181.785714285714,2903.6071428571427,2176.6071428571427,1508.75,1536.25,2938.3928571428573
d_94,2911,1958,4245,1543,1857,2443,1825,1261,1615,3179,2011-05-02,2938.1785714285716,2345.75,3956.3214285714284,1450.5714285714287,2176.785714285714,2900.714285714286,2165.8214285714284,1505.4285714285713,1538.1785714285713,2947.1785714285716
d_95,2839,2002,4349,1479,2125,2587,2225,1466,1697,3311,2011-05-03,2940.1428571428573,2335.4285714285716,3971.0714285714284,1450.3214285714287,2177.0,2899.964285714286,2173.285714285714,1504.892857142857,1537.1785714285713,2953.464285714286
d_96,2610,1826,3822,1338,1679,2400,1692,1291,1623,2480,2011-05-04,2940.4285714285716,2329.0714285714284,3962.5,1446.9285714285713,2166.75,2886.1428571428573,2164.5714285714284,1501.8214285714287,1540.5714285714287,2936.285714285714
d_97,2384,2010,3611,1276,2058,2452,1862,1406,1460,2665,2011-05-05,2919.285714285714,2323.785714285714,3946.75,1442.892857142857,2164.1428571428573,2870.3928571428573,2153.3214285714284,1507.5714285714287,1541.0,2944.6071428571427
d_98,3125,2223,3772,1497,2939,2804,2181,1469,1424,3052,2011-05-06,2913.25,2320.8571428571427,3941.535714285714,1444.4285714285713,2193.785714285714,2876.9285714285716,2157.3928571428573,1500.142857142857,1525.2857142857142,2930.5714285714284
d_99,3816,2607,4455,1508,2865,3417,2581,2006,1770,3387,2011-05-07,2903.714285714286,2293.1428571428573,3923.6071428571427,1439.6785714285713,2191.6785714285716,2874.9285714285716,2155.714285714286,1493.7857142857142,1508.2857142857142,2900.6071428571427
d_100,3033,2656,4217,1325,2412,2798,2230,1210,1276,2531,2011-05-08,2862.25,2266.0,3869.6428571428573,1417.25,2168.6428571428573,2834.0714285714284,2140.75,1477.7142857142858,1502.4285714285713,2866.1071428571427
d_101,3069,2064,4498,1633,2482,3246,2273,1169,1573,3017,2011-05-09,2864.1785714285716,2259.8214285714284,3883.035714285714,1414.0357142857142,2175.3571428571427,2845.035714285714,2139.0,1466.2857142857142,1502.142857142857,2862.9285714285716
d_102,2985,1831,3993,1621,2178,2515,1830,1339,1456,2483,2011-05-10,2881.0714285714284,2258.5,3901.8571428571427,1424.25,2176.0,2830.535714285714,2125.035714285714,1462.392857142857,1485.0357142857142,2831.8928571428573
d_103,2629,1837,3657,1447,1957,2570,2228,1260,1497,3083,2011-05-11,2895.785714285714,2257.8214285714284,3905.285714285714,1432.392857142857,2162.8571428571427,2822.1428571428573,2130.6071428571427,1458.607142857143,1484.392857142857,2846.464285714286
d_104,2277,2045,3696,1294,2093,2540,2075,1432,1790,3171,2011-05-12,2887.1071428571427,2259.964285714286,3908.1428571428573,1431.857142857143,2171.214285714286,2820.5714285714284,2137.035714285714,1458.5,1485.8214285714287,2852.1785714285716
d_105,3008,2416,3934,1620,2581,3069,2581,1815,1556,3068,2011-05-13,2892.1428571428573,2264.1785714285716,3895.3214285714284,1437.4285714285713,2177.6071428571427,2820.8214285714284,2147.6071428571427,1467.5357142857142,1482.642857142857,2833.035714285714
d_106,3754,3072,4094,1576,2590,3572,2501,1926,1923,3728,2011-05-14,2898.6785714285716,2260.5,3882.3571428571427,1436.357142857143,2180.1071428571427,2829.9285714285716,2139.214285714286,1463.392857142857,1479.2857142857142,2830.714285714286
d_107,3822,3047,4897,1783,3136,4038,3063,1838,1628,4068,2011-05-15,2889.3214285714284,2257.4285714285716,3885.1428571428573,1433.6785714285713,2196.5,2842.214285714286,2145.8571428571427,1468.5714285714287,1486.8214285714287,2849.75
d_108,2582,1872,3806,1282,2248,2745,2148,1384,1361,2785,2011-05-16,2882.964285714286,2254.8928571428573,3881.0,1431.9642857142858,2204.6785714285716,2834.1071428571427,2143.035714285714,1475.0714285714287,1489.5,2851.785714285714
d_109,2144,1794,3297,1257,1956,2365,1858,1327,1331,2284,2011-05-17,2879.75,2247.8928571428573,3876.5,1431.0357142857142,2209.285714285714,2833.5,2140.6785714285716,1480.2142857142858,1496.5,2858.6071428571427
d_110,2174,1718,3173,1193,1706,2341,1740,1404,1258,2063,2011-05-18,2876.6428571428573,2246.6071428571427,3871.75,1428.607142857143,2201.8928571428573,2827.4285714285716,2132.714285714286,1482.9642857142858,1494.7857142857142,2839.9285714285716
d_111,2168,1876,3172,1194,1691,2273,1716,1206,1201,2187,2011-05-19,2865.25,2243.6785714285716,3864.8214285714284,1429.2857142857142,2200.0,2829.0714285714284,2133.0714285714284,1477.8214285714287,1489.5357142857142,2832.0714285714284
d_112,2664,2213,3551,1381,2054,2341,1942,1553,1389,2561,2011-05-20,2847.714285714286,2238.464285714286,3850.964285714286,1424.5357142857142,2197.8571428571427,2805.1071428571427,2116.1428571428573,1475.392857142857,1489.4285714285713,2825.0714285714284
d_113,3463,2742,4247,1555,2507,3161,2620,2070,1656,3091,2011-05-21,2821.8571428571427,2229.25,3839.1785714285716,1415.3214285714287,2205.1071428571427,2787.1428571428573,2107.3928571428573,1482.607142857143,1486.7857142857142,2808.0714285714284
d_114,3597,2600,4475,1629,2472,3454,2592,1473,1144,2810,2011-05-22,2845.1071428571427,2220.8928571428573,3838.9285714285716,1421.392857142857,2205.8571428571427,2792.3928571428573,2123.5714285714284,1500.5357142857142,1493.75,2819.8571428571427
d_115,2461,1877,3637,1371,1889,2659,1997,1264,1315,2484,2011-05-23,2845.8928571428573,2218.214285714286,3849.6785714285716,1429.7142857142858,2207.8928571428573,2795.5,2125.785714285714,1499.4285714285713,1496.25,2827.8571428571427
d_116,2160,1691,3364,1326,1633,2204,1976,1266,1270,2313,2011-05-24,2848.5714285714284,2212.714285714286,3857.5,1437.75,2202.75,2800.035714285714,2136.3214285714284,1501.6785714285713,1498.0714285714287,2839.75
d_117,2251,1786,3429,1369,1809,2300,1849,1208,1233,1824,2011-05-25,2854.1071428571427,2210.3928571428573,3870.6071428571427,1446.4285714285713,2208.3214285714284,2806.75,2145.0714285714284,1504.642857142857,1496.107142857143,2833.035714285714
d_118,2296,2081,3501,1298,1769,2424,2090,1351,1446,2224,2011-05-26,2861.6071428571427,2220.0714285714284,3891.0,1452.607142857143,2220.1428571428573,2813.8571428571427,2158.6785714285716,1503.25,1502.9642857142858,2834.6785714285716
d_119,2642,2476,3707,1406,1809,2508,2026,1548,1556,2803,2011-05-27,2860.4285714285716,2226.035714285714,3907.6785714285716,1449.0357142857142,2218.75,2804.714285714286,2166.035714285714,1494.142857142857,1498.7142857142858,2824.25
d_120,3214,2459,3920,1366,2245,3383,2658,1835,1588,2859,2011-05-28,2848.0714285714284,2204.8928571428573,3896.0,1441.75,2206.8928571428573,2805.0,2179.25,1482.25,1488.392857142857,2805.3571428571427
d_121,3202,2539,3951,1423,2286,2670,2295,1335,1126,2622,2011-05-29,2831.4285714285716,2189.9285714285716,3873.9285714285716,1428.2142857142858,2179.5,2759.964285714286,2166.214285714286,1468.2857142857142,1470.0714285714287,2790.464285714286
d_122,2884,2336,4103,1445,2072,2743,2337,1158,1243,2217,2011-05-30,2830.464285714286,2203.4285714285716,3868.8571428571427,1424.7142857142858,2187.1785714285716,2770.6785714285716,2184.5,1464.607142857143,1456.7857142857142,2756.1071428571427
d_123,2156,1693,3569,1325,1769,2175,1921,1273,1443,2231,2011-05-31,2806.0714285714284,2192.3928571428573,3841.0,1419.2142857142858,2174.464285714286,2755.964285714286,2173.6428571428573,1457.7142857142858,1447.7142857142858,2717.535714285714
d_124,2529,1720,4210,1203,2528,2906,2346,1404,1728,2591,2011-06-01,2803.1785714285716,2188.6071428571427,3854.8571428571427,1414.392857142857,2204.785714285714,2774.035714285714,2197.0,1461.75,1451.4642857142858,2721.5
d_125,2652,2022,3896,1319,2036,2540,2086,1349,1636,3145,2011-06-02,2812.75,2189.035714285714,3865.035714285714,1415.9285714285713,2204.0,2777.1785714285716,2205.0,1459.7142857142858,1457.75,2738.6428571428573
d_126,3200,2276,4681,1631,2641,2864,2625,1748,1975,3140,2011-06-03,2815.4285714285716,2190.9285714285716,3897.5,1420.7142857142858,2193.3571428571427,2779.3214285714284,2220.8571428571427,1469.6785714285713,1477.4285714285713,2741.785714285714
d_127,3942,2737,5390,1661,2661,3355,2737,2078,2148,3601,2011-06-04,2819.9285714285716,2195.5714285714284,3930.8928571428573,1426.1785714285713,2186.0714285714284,2777.1071428571427,2226.4285714285716,1472.25,1490.9285714285713,2749.4285714285716
d_128,3871,2961,5440,1725,2916,3871,2925,1672,2176,4047,2011-06-05,2849.8571428571427,2206.464285714286,3974.5714285714284,1440.4642857142858,2204.0714285714284,2815.4285714285716,2251.25,1488.75,1523.0714285714287,2803.5714285714284
d_129,3056,1940,4502,1673,2403,3370,2882,1476,2129,3254,2011-06-06,2849.3928571428573,2202.035714285714,3974.714285714286,1441.892857142857,2201.25,2819.8571428571427,2273.0,1499.7142857142858,1542.9285714285713,2812.035714285714
d_130,2763,1973,4292,1461,2509,2941,2505,1472,2110,3063,2011-06-07,2841.464285714286,2207.1071428571427,3985.3928571428573,1436.1785714285713,2213.0714285714284,2835.0714285714284,2297.1071428571427,1504.4642857142858,1566.2857142857142,2832.75
d_131,2884,2027,4427,1268,2156,2833,2420,1356,1907,3175,2011-06-08,2850.5714285714284,2213.8928571428573,4012.8928571428573,1429.7857142857142,2220.1785714285716,2844.464285714286,2303.964285714286,1507.892857142857,1580.9285714285713,2836.035714285714
d_132,2787,2135,4008,1336,2446,2884,2442,1427,2038,3279,2011-06-09,2868.785714285714,2217.1071428571427,4024.035714285714,1431.2857142857142,2232.785714285714,2856.75,2317.0714285714284,1507.7142857142858,1589.7857142857142,2839.8928571428573
d_133,3420,2534,4662,1572,2263,3189,2371,1606,1725,3077,2011-06-10,2883.5,2221.3214285714284,4050.035714285714,1429.5714285714287,2221.4285714285716,2861.035714285714,2309.5714285714284,1500.25,1595.8214285714287,2840.214285714286
d_134,3588,2824,4438,1684,2829,3603,3196,1999,2090,3689,2011-06-11,2877.5714285714284,2212.464285714286,4062.3214285714284,1433.4285714285713,2229.964285714286,2862.1428571428573,2334.3928571428573,1502.857142857143,1601.7857142857142,2838.8214285714284
d_135,3569,2988,5380,1679,2999,4267,3304,1623,1724,3561,2011-06-12,2868.535714285714,2210.3571428571427,4079.5714285714284,1429.7142857142858,2225.0714285714284,2870.3214285714284,2343.0,1495.1785714285713,1605.2142857142858,2820.714285714286
d_136,3149,2185,4419,1531,2597,3434,2700,1288,1479,2970,2011-06-13,2888.785714285714,2221.535714285714,4101.464285714285,1438.607142857143,2237.535714285714,2894.9285714285716,2362.714285714286,1491.75,1609.4285714285713,2827.3214285714284
d_137,2894,2102,4034,1370,2174,2675,2471,1548,1780,3107,2011-06-14,2915.5714285714284,2232.535714285714,4127.785714285715,1442.642857142857,2245.3214285714284,2906.0,2384.6071428571427,1499.642857142857,1625.4642857142858,2856.714285714286
d_138,2679,2086,4133,1482,2347,3134,2661,1441,1918,3377,2011-06-15,2933.6071428571427,2245.6785714285716,4162.071428571428,1452.9642857142858,2268.214285714286,2934.3214285714284,2417.5,1500.9642857142858,1649.0357142857142,2903.6428571428573
d_139,2535,2288,3831,1282,2002,2609,2330,1517,1608,2704,2011-06-16,2946.714285714286,2260.3928571428573,4185.607142857143,1456.107142857143,2279.3214285714284,2946.3214285714284,2439.4285714285716,1512.0714285714287,1663.5714285714287,2922.1071428571427
d_140,2971,2362,3935,1393,2279,2998,2599,1549,1557,3069,2011-06-17,2957.6785714285716,2265.714285714286,4199.321428571428,1456.5357142857142,2287.3571428571427,2969.785714285714,2462.8928571428573,1511.9285714285713,1669.5714285714287,2940.25
d_141,3896,2759,4537,1553,2581,3494,3005,2087,1793,3120,2011-06-18,2973.1428571428573,2266.3214285714284,4209.678571428572,1456.4642857142858,2290.0,2981.6785714285716,2476.6428571428573,1512.5357142857142,1674.4642857142858,2941.285714285714
d_142,3109,2568,4656,1489,2549,3178,2794,1633,1318,2812,2011-06-19,2955.714285714286,2265.1785714285716,4216.142857142857,1451.4642857142858,2292.75,2971.8214285714284,2483.8571428571427,1518.25,1680.6785714285713,2941.3571428571427
d_143,2848,2307,4538,1480,2395,2992,2297,1406,1595,2403,2011-06-20,2969.535714285714,2280.535714285714,4248.321428571428,1455.357142857143,2310.8214285714284,2983.714285714286,2494.5714285714284,1523.3214285714287,1690.6785714285713,2938.464285714286
d_144,2936,2064,4255,794,2059,2392,2185,1262,1519,2344,2011-06-21,2997.25,2293.8571428571427,4280.142857142857,1436.357142857143,2326.035714285714,2990.4285714285716,2502.035714285714,1523.1785714285713,1699.5714285714287,2939.5714285714284
d_145,2557,2018,4173,1377,1560,2233,2066,1547,1497,2373,2011-06-22,3008.1785714285716,2302.1428571428573,4306.714285714285,1436.642857142857,2317.1428571428573,2988.035714285714,2509.785714285714,1535.2857142857142,1709.0,2959.1785714285716
d_146,2624,2248,4011,1559,2141,2665,2201,1490,1465,2376,2011-06-23,3019.8928571428573,2308.1071428571427,4324.928571428572,1445.9642857142858,2330.4285714285716,2996.6428571428573,2513.75,1540.25,1709.6785714285713,2964.6071428571427
d_147,3071,2436,4247,1453,2157,2781,2389,1658,1686,2760,2011-06-24,3035.214285714286,2306.6785714285716,4344.214285714285,1447.642857142857,2342.8571428571427,3006.3928571428573,2526.714285714286,1544.1785714285713,1714.3214285714287,2963.0714285714284
d_148,3354,2853,4386,1444,2490,3232,2578,1824,1599,2722,2011-06-25,3040.214285714286,2320.75,4360.857142857143,1450.4285714285713,2351.6071428571427,3001.0,2523.8571428571427,1543.7857142857142,1714.7142857142858,2958.1785714285716
d_149,3672,2916,4876,1568,2727,3342,3119,1477,1276,2695,2011-06-26,3057.0,2334.214285714286,4393.892857142857,1455.607142857143,2367.3571428571427,3025.0,2553.285714285714,1548.857142857143,1720.0714285714287,2960.785714285714
d_150,2912,2106,3891,1549,2151,2672,2334,1440,1310,2277,2011-06-27,3058.0,2326.0,4386.321428571428,1459.3214285714287,2370.1785714285716,3022.464285714286,2553.1785714285716,1558.9285714285713,1722.4642857142858,2962.9285714285716
d_151,2200,1683,3347,1253,1804,2512,2204,1491,1253,2053,2011-06-28,3059.5714285714284,2325.6428571428573,4378.392857142857,1456.75,2371.4285714285716,3034.5,2563.285714285714,1566.7142857142858,1715.6785714285713,2956.5714285714284
d_152,2166,2044,3560,1186,1728,2497,1937,1384,1293,2135,2011-06-29,3046.6071428571427,2337.214285714286,4355.178571428572,1456.142857142857,2342.8571428571427,3019.8928571428573,2548.6785714285716,1566.0,1700.142857142857,2940.285714285714
d_153,2542,2218,3712,1350,1817,2451,2085,1524,1405,2347,2011-06-30,3042.6785714285716,2344.214285714286,4348.607142857143,1457.25,2335.035714285714,3016.714285714286,2548.6428571428573,1572.25,1691.892857142857,2911.785714285714
d_154,3681,2816,5341,1617,3055,3517,3020,2120,2304,3562,2011-07-01,3059.8571428571427,2363.5,4372.178571428572,1456.75,2349.8214285714284,3040.035714285714,2562.75,1585.5357142857142,1703.642857142857,2926.8571428571427
d_155,4276,3308,5633,1771,2740,3593,3226,2184,2092,4178,2011-07-02,3071.785714285714,2383.8928571428573,4380.857142857143,1460.6785714285713,2352.6428571428573,3048.535714285714,2580.214285714286,1589.3214285714287,1701.642857142857,2947.464285714286
d_156,3885,2803,5170,1644,2720,3289,3185,1434,1581,3462,2011-07-03,3072.285714285714,2378.25,4371.214285714285,1457.7857142857142,2345.6428571428573,3027.75,2589.5,1580.8214285714287,1680.392857142857,2926.5714285714284
d_157,2672,2337,4129,1445,2282,2998,2703,968,1154,2345,2011-07-04,3058.5714285714284,2392.4285714285716,4357.892857142857,1449.642857142857,2341.3214285714284,3014.464285714286,2583.1071428571427,1562.6785714285713,1645.5714285714287,2894.1071428571427
d_158,3177,2407,4780,1552,2423,3247,2761,1495,1611,3143,2011-07-05,3073.3571428571427,2407.9285714285716,4375.321428571428,1452.892857142857,2338.25,3025.3928571428573,2592.25,1563.5,1627.75,2896.964285714286
d_159,3542,2348,4939,1536,2478,2783,2247,1541,1840,3348,2011-07-06,3096.8571428571427,2419.3928571428573,4393.607142857143,1462.4642857142858,2349.75,3023.6071428571427,2586.0714285714284,1570.107142857143,1625.357142857143,2903.1428571428573
d_160,3362,2293,4894,1521,2694,3065,2858,1503,1745,2792,2011-07-07,3117.3928571428573,2425.035714285714,4425.25,1469.0714285714287,2358.6071428571427,3030.0714285714284,2600.9285714285716,1572.8214285714287,1614.892857142857,2885.75
d_161,3252,2855,4696,1702,2420,2997,2511,1922,1916,3408,2011-07-08,3111.3928571428573,2436.5,4426.464285714285,1473.7142857142858,2364.214285714286,3023.214285714286,2605.9285714285716,1584.107142857143,1621.7142857142858,2897.5714285714284
d_162,3923,3125,5419,1579,2921,3927,3176,2199,2224,3993,2011-07-09,3123.3571428571427,2447.25,4461.5,1469.9642857142858,2367.5,3034.785714285714,2605.214285714286,1591.25,1626.5,2908.4285714285716
d_163,4286,3091,5413,1730,2797,3682,3416,1737,1848,3539,2011-07-10,3148.964285714286,2450.9285714285716,4462.678571428572,1471.7857142857142,2360.285714285714,3013.8928571428573,2609.214285714286,1595.3214285714287,1630.9285714285713,2907.6428571428573
d_164,2785,2165,4581,1395,2629,3237,3002,1325,1726,3747,2011-07-11,3135.964285714286,2450.214285714286,4468.464285714285,1466.9285714285713,2361.4285714285716,3006.8571428571427,2620.0,1596.642857142857,1639.75,2935.3928571428573
d_165,2380,1982,4002,1333,2452,2940,2576,1469,1977,3521,2011-07-12,3117.6071428571427,2445.9285714285716,4467.321428571428,1465.607142857143,2371.3571428571427,3016.3214285714284,2623.75,1593.8214285714287,1646.7857142857142,2950.1785714285716
d_166,2501,2036,3718,1298,2539,3027,2521,1417,1705,2683,2011-07-13,3111.25,2444.1428571428573,4452.5,1459.0357142857142,2378.214285714286,3012.5,2618.75,1592.9642857142858,1639.1785714285713,2925.3928571428573
d_167,2467,2132,3845,1356,2059,2798,2368,1330,1836,3256,2011-07-14,3108.8214285714284,2438.5714285714284,4453.0,1461.6785714285713,2380.25,3019.25,2620.1071428571427,1586.2857142857142,1647.3214285714287,2945.1071428571427
d_168,2922,2471,4043,1495,2683,3347,2779,1646,2116,3847,2011-07-15,3107.0714285714284,2442.464285714286,4456.857142857143,1465.3214285714287,2394.6785714285716,3031.714285714286,2626.535714285714,1589.75,1667.2857142857142,2972.8928571428573
d_169,3688,3204,4931,1615,2747,3638,3156,2029,2087,3774,2011-07-16,3099.6428571428573,2458.3571428571427,4470.928571428572,1467.5357142857142,2400.6071428571427,3036.8571428571427,2631.9285714285716,1587.6785714285713,1677.7857142857142,2996.25
d_170,3587,3005,5104,1788,2902,3602,3254,1719,1808,3565,2011-07-17,3116.714285714286,2473.964285714286,4486.928571428572,1478.2142857142858,2413.214285714286,3052.0,2648.3571428571427,1590.75,1695.2857142857142,3023.1428571428573
d_171,2936,2336,4060,1502,2313,2773,2708,1358,1627,3026,2011-07-18,3119.8571428571427,2475.0,4469.857142857143,1479.0,2410.285714285714,3044.1785714285716,2663.035714285714,1589.0357142857142,1696.4285714285713,3045.3928571428573
d_172,2373,1976,3715,1342,2117,2491,1969,1381,1726,2841,2011-07-19,3099.75,2471.8571428571427,4450.571428571428,1498.5714285714287,2412.3571428571427,3047.714285714286,2655.3214285714284,1593.2857142857142,1703.8214285714287,3063.1428571428573
d_173,2511,2087,3850,1482,1937,2878,2135,1385,1643,2579,2011-07-20,3098.1071428571427,2474.3214285714284,4439.035714285715,1502.3214285714287,2425.8214285714284,3070.75,2657.785714285714,1587.5,1709.0357142857142,3070.5
d_174,2585,2360,3879,1385,1951,2612,2322,1502,1571,2611,2011-07-21,3096.714285714286,2478.3214285714284,4434.321428571428,1496.107142857143,2419.035714285714,3068.8571428571427,2662.1071428571427,1587.9285714285713,1712.8214285714287,3078.8928571428573
d_175,3069,2561,4516,1475,2278,3047,2464,1737,1784,3425,2011-07-22,3096.6428571428573,2482.785714285714,4443.928571428572,1496.892857142857,2423.3571428571427,3078.3571428571427,2664.785714285714,1590.75,1716.3214285714287,3102.6428571428573
d_176,3851,3244,5212,1520,2573,3706,2854,1994,1956,3374,2011-07-23,3114.3928571428573,2496.75,4473.428571428572,1499.607142857143,2426.3214285714284,3095.285714285714,2674.6428571428573,1596.8214285714287,1729.0714285714287,3125.9285714285716
d_177,3773,3111,5023,1560,2641,3557,3112,1462,1516,3044,2011-07-24,3118.0,2503.714285714286,4478.678571428572,1499.3214285714287,2423.25,3102.964285714286,2674.3928571428573,1596.2857142857142,1737.642857142857,3138.3928571428573
d_178,2762,2119,3804,1398,2100,2888,2548,1408,1442,2426,2011-07-25,3112.6428571428573,2504.1785714285716,4475.571428571428,1493.9285714285713,2421.4285714285716,3110.6785714285716,2682.035714285714,1595.142857142857,1742.357142857143,3143.714285714286
d_179,2322,1988,3671,1396,1983,2490,2109,1272,1649,2315,2011-07-26,3117.0,2515.0714285714284,4487.142857142857,1499.0357142857142,2427.8214285714284,3109.8928571428573,2678.6428571428573,1587.3214285714287,1756.5,3153.0714285714284
d_180,2337,2209,3548,1285,1843,2428,2176,1285,1372,2021,2011-07-27,3123.1071428571427,2520.964285714286,4486.714285714285,1502.5714285714287,2431.9285714285716,3107.4285714285716,2687.1785714285716,1583.7857142857142,1759.3214285714287,3149.0
d_181,2518,2088,3636,1306,1902,2511,2184,1402,1424,2272,2011-07-28,3122.25,2516.3214285714284,4484.0,1501.0,2434.964285714286,3109.5714285714284,2690.714285714286,1579.4285714285713,1760.0,3146.3214285714284
d_182,2915,2639,3956,1575,2112,2936,2246,1556,1641,2966,2011-07-29,3094.8928571428573,2510.0,4434.535714285715,1499.5,2401.285714285714,3088.8214285714284,2663.0714285714284,1559.2857142857142,1736.3214285714287,3125.035714285714
d_183,2930,3218,4923,1726,2336,3609,2923,2052,1889,3347,2011-07-30,3046.8214285714284,2506.785714285714,4409.178571428572,1497.892857142857,2386.8571428571427,3089.3928571428573,2652.25,1554.5714285714287,1729.0714285714287,3095.3571428571427
d_184,3493,2742,4946,1660,2625,3463,3291,1615,1616,3226,2011-07-31,3032.8214285714284,2504.6071428571427,4401.178571428572,1498.4642857142858,2383.464285714286,3095.6071428571427,2656.035714285714,1561.0357142857142,1730.3214285714287,3086.9285714285716
d_185,2860,2385,4609,1527,2635,3439,3065,1367,1709,3011,2011-08-01,3039.535714285714,2506.3214285714284,4418.321428571428,1501.392857142857,2396.0714285714284,3111.3571428571427,2668.964285714286,1575.2857142857142,1750.142857142857,3110.714285714286
d_186,3018,2117,4684,1417,2210,2641,2516,1429,1791,3652,2011-08-02,3033.8571428571427,2495.964285714286,4414.892857142857,1496.5714285714287,2388.464285714286,3089.714285714286,2660.214285714286,1572.9285714285713,1756.5714285714287,3128.8928571428573
d_187,2919,2245,4721,1395,2650,3132,2753,1426,1936,4060,2011-08-03,3011.6071428571427,2492.285714285714,4407.107142857143,1491.5357142857142,2394.6071428571427,3102.1785714285716,2678.285714285714,1568.8214285714287,1760.0,3154.3214285714284
d_188,3003,1948,4252,1296,2209,2832,2577,1292,1589,2715,2011-08-04,2998.785714285714,2479.964285714286,4384.178571428572,1483.5,2377.285714285714,3093.8571428571427,2668.25,1561.2857142857142,1754.4285714285713,3151.5714285714284
d_189,3450,2400,4320,1324,2570,3093,2717,1398,1914,3408,2011-08-05,3005.8571428571427,2463.714285714286,4370.75,1470.0,2382.6428571428573,3097.285714285714,2675.6071428571427,1542.5714285714287,1754.357142857143,3151.5714285714284
d_190,3818,2992,4990,1571,3315,4020,3170,1802,1894,4387,2011-08-06,3002.1071428571427,2458.964285714286,4355.428571428572,1469.7142857142858,2396.714285714286,3100.6071428571427,2675.3928571428573,1528.392857142857,1742.5714285714287,3165.6428571428573
d_191,3930,2853,5728,1600,3244,4181,3721,1659,1471,3619,2011-08-07,2989.3928571428573,2450.464285714286,4366.678571428572,1465.0714285714287,2412.6785714285716,3118.4285714285716,2686.285714285714,1525.607142857143,1729.107142857143,3168.5
d_192,3246,2092,5012,1463,2368,3262,2672,1252,1580,3407,2011-08-08,3005.8571428571427,2447.8571428571427,4382.071428571428,1467.5,2403.3571428571427,3119.3214285714284,2674.5,1523.0,1723.892857142857,3156.3571428571427
d_193,2862,2166,5011,1402,2520,3188,2470,1407,1743,3444,2011-08-09,3023.0714285714284,2454.4285714285716,4418.107142857143,1469.9642857142858,2405.785714285714,3128.1785714285716,2670.714285714286,1520.7857142857142,1715.5357142857142,3153.6071428571427
d_194,2699,2208,5365,1284,2119,2931,2216,1526,1518,2712,2011-08-10,3030.1428571428573,2460.5714285714284,4476.928571428572,1469.4642857142858,2390.785714285714,3124.75,2659.8214285714284,1524.6785714285713,1708.857142857143,3154.6428571428573
d_195,2728,2193,4019,1430,2375,3070,2505,1408,1753,3227,2011-08-11,3039.464285714286,2462.75,4483.142857142857,1472.107142857143,2402.0714285714284,3134.464285714286,2664.714285714286,1527.4642857142858,1705.892857142857,3153.6071428571427
d_196,3292,2538,4507,1581,2810,3711,2817,1489,1749,4050,2011-08-12,3052.6785714285716,2465.1428571428573,4499.714285714285,1475.1785714285713,2406.6071428571427,3147.464285714286,2666.0714285714284,1521.857142857143,1692.7857142857142,3160.8571428571427
d_197,4077,3183,5190,1777,3636,4225,3593,2026,1690,3606,2011-08-13,3066.5714285714284,2464.3928571428573,4508.964285714285,1480.9642857142858,2438.3571428571427,3168.4285714285716,2681.6785714285716,1521.75,1678.607142857143,3154.8571428571427
d_198,4202,3151,6062,1841,3223,4221,3858,1592,1808,3951,2011-08-14,3088.535714285714,2469.6071428571427,4543.178571428572,1482.857142857143,2449.8214285714284,3190.535714285714,2703.25,1517.2142857142858,1678.607142857143,3168.6428571428573
d_199,2879,2244,5048,1552,2762,3844,3219,1405,1734,3824,2011-08-15,3086.5,2466.3214285714284,4578.464285714285,1484.642857142857,2465.8571428571427,3228.785714285714,2721.5,1518.892857142857,1682.4285714285713,3197.1428571428573
d_200,2718,2195,4799,1325,2411,3213,2528,1388,1515,3174,2011-08-16,3098.8214285714284,2474.1428571428573,4617.178571428572,1484.0357142857142,2476.3571428571427,3254.5714285714284,2741.464285714286,1519.142857142857,1674.892857142857,3209.035714285714
d_201,2577,2071,4061,1454,2430,2964,2433,1492,1449,2750,2011-08-17,3101.1785714285716,2473.5714285714284,4624.714285714285,1483.0357142857142,2493.964285714286,3257.6428571428573,2752.1071428571427,1522.9642857142858,1667.9642857142858,3215.1428571428573
d_202,2574,2147,4081,1480,2308,2926,2536,1289,1446,2589,2011-08-18,3100.785714285714,2465.964285714286,4631.928571428572,1486.4285714285713,2506.714285714286,3268.8571428571427,2759.75,1515.357142857143,1663.5,3214.3571428571427
d_203,3080,2366,4498,1507,2592,3402,2835,1679,1612,3433,2011-08-19,3101.1785714285716,2459.0,4631.285714285715,1487.5714285714287,2517.9285714285716,3281.535714285714,2773.0,1513.2857142857142,1657.357142857143,3214.6428571428573
d_204,3702,3142,5444,1737,3366,4309,3495,1863,1747,3453,2011-08-20,3095.8571428571427,2455.3571428571427,4639.571428571428,1495.3214285714287,2546.25,3303.0714285714284,2795.8928571428573,1508.607142857143,1649.892857142857,3217.464285714286
d_205,4462,3323,5680,1950,3882,4454,4004,1492,1537,3189,2011-08-21,3120.464285714286,2462.9285714285716,4663.035714285715,1509.25,2590.5714285714284,3335.1071428571427,2827.75,1509.6785714285713,1650.642857142857,3222.6428571428573
d_206,2722,2100,4769,1575,2551,3217,2816,1174,1549,2851,2011-08-22,3119.035714285714,2462.25,4697.5,1515.5714285714287,2606.6785714285716,3346.8571428571427,2837.3214285714284,1501.3214285714287,1654.4642857142858,3237.8214285714284
d_207,2217,2197,4244,1368,2125,2844,2514,1326,1433,2349,2011-08-23,3115.285714285714,2469.714285714286,4717.964285714285,1514.5714285714287,2611.75,3359.5,2851.785714285714,1503.25,1646.75,3239.035714285714
d_208,2440,2006,4066,1409,2029,2384,2117,1398,1579,2507,2011-08-24,3118.964285714286,2462.464285714286,4736.464285714285,1519.0,2618.3928571428573,3357.9285714285716,2849.6785714285716,1507.2857142857142,1654.142857142857,3256.3928571428573
d_209,2483,1968,3618,1458,1877,2583,2004,1494,1526,2403,2011-08-25,3117.714285714286,2458.1785714285716,4735.821428571428,1524.4285714285713,2617.5,3360.5,2843.25,1510.5714285714287,1657.7857142857142,3261.0714285714284
d_210,2873,2378,4172,1556,2014,2798,2372,1558,1614,2933,2011-08-26,3116.214285714286,2448.8571428571427,4743.535714285715,1523.75,2614.0,3355.5714285714284,2847.75,1510.642857142857,1656.8214285714287,3259.8928571428573
d_211,3769,3359,4913,1608,2866,3729,3179,1866,1931,3163,2011-08-27,3146.1785714285716,2453.8928571428573,4743.178571428572,1519.5357142857142,2632.9285714285716,3359.8571428571427,2856.8928571428573,1504.0,1658.3214285714287,3253.3214285714284
d_212,3701,3154,5280,1925,3061,3992,3494,1533,1620,2866,2011-08-28,3153.6071428571427,2468.6071428571427,4755.107142857143,1529.0,2648.5,3378.75,2864.1428571428573,1501.0714285714287,1658.4642857142858,3240.464285714286
d_213,2407,2069,3969,1445,1999,2742,2313,1403,1429,2309,2011-08-29,3137.4285714285716,2457.3214285714284,4732.25,1526.0714285714287,2625.785714285714,3353.8571428571427,2837.285714285714,1502.357142857143,1648.4642857142858,3215.3928571428573
d_214,2114,1878,3696,1243,1833,2470,1955,1445,1495,2221,2011-08-30,3105.1428571428573,2448.785714285714,4696.964285714285,1519.857142857143,2612.3214285714284,3347.75,2817.25,1502.9285714285713,1637.892857142857,3164.285714285714
d_215,2291,2061,3568,1318,1769,2747,1862,1805,1711,2591,2011-08-31,3082.714285714286,2442.214285714286,4655.785714285715,1517.107142857143,2580.8571428571427,3334.0,2785.4285714285716,1516.4642857142858,1629.857142857143,3111.8214285714284
d_216,2668,2112,4490,1595,2931,3257,2639,1666,2014,2927,2011-09-01,3070.75,2448.0714285714284,4664.285714285715,1527.7857142857142,2606.6428571428573,3349.1785714285716,2787.6428571428573,1529.8214285714287,1645.0357142857142,3119.3928571428573
d_217,3412,2431,5010,1619,2385,3179,2647,2028,2225,4272,2011-09-02,3069.3928571428573,2449.1785714285716,4688.928571428572,1538.3214285714287,2600.035714285714,3352.25,2785.1428571428573,1552.3214285714287,1656.142857142857,3150.25
d_218,4127,3068,5348,2025,3438,4079,3470,2002,1888,4587,2011-09-03,3080.4285714285716,2451.8928571428573,4701.714285714285,1554.5357142857142,2604.4285714285716,3354.3571428571427,2795.8571428571427,1559.4642857142858,1655.9285714285713,3157.3928571428573
d_219,3542,2564,5356,1557,2630,2093,2815,1443,1610,3315,2011-09-04,3066.5714285714284,2441.5714285714284,4688.428571428572,1553.0,2582.5,3279.785714285714,2763.5,1551.75,1660.892857142857,3146.535714285714
d_220,3485,2923,5574,1825,2882,3548,2941,1454,1766,3760,2011-09-05,3075.1071428571427,2471.25,4708.5,1565.9285714285713,2600.8571428571427,3290.0,2773.1071428571427,1558.9642857142858,1667.5357142857142,3159.1428571428573
d_221,3130,1998,5279,1656,2159,2716,2670,1367,1676,3483,2011-09-06,3084.6785714285716,2465.25,4718.071428571428,1575.0,2587.964285714286,3273.1428571428573,2780.25,1557.5357142857142,1665.142857142857,3160.535714285714
d_222,2674,1904,4744,1482,2528,2917,2861,1272,1498,2565,2011-09-07,3083.785714285714,2454.3928571428573,4695.892857142857,1582.0714285714287,2602.5714285714284,3272.6428571428573,2803.285714285714,1548.4642857142858,1664.4285714285713,3155.285714285714
d_223,2826,2025,4550,1478,2117,2687,2188,1283,1654,3240,2011-09-08,3087.285714285714,2448.3928571428573,4714.857142857143,1583.7857142857142,2593.3571428571427,3258.964285714286,2791.964285714286,1544.0,1660.892857142857,3155.75
d_224,3238,2300,5132,1624,2619,3472,2631,1651,1892,3687,2011-09-09,3085.3571428571427,2439.8928571428573,4737.178571428572,1585.3214285714287,2586.535714285714,3250.4285714285716,2785.3214285714284,1549.7857142857142,1666.0,3142.785714285714
d_225,3873,3172,5718,1901,3085,4140,3202,2154,2028,3757,2011-09-10,3078.0714285714284,2439.5,4756.035714285715,1589.75,2566.8571428571427,3247.3928571428573,2771.3571428571427,1554.357142857143,1678.0714285714287,3148.1785714285716
d_226,4046,3068,6003,1969,3379,4457,3723,1676,2026,4285,2011-09-11,3072.5,2436.535714285714,4753.928571428572,1594.3214285714287,2572.4285714285716,3255.8214285714284,2766.535714285714,1557.357142857143,1685.857142857143,3160.1071428571427
d_227,2835,2005,4214,1650,2435,3146,2911,1464,1708,3770,2011-09-12,3070.9285714285716,2428.0,4724.142857142857,1597.8214285714287,2560.75,3230.8928571428573,2755.535714285714,1559.4642857142858,1684.9285714285713,3158.1785714285716
d_228,2383,2000,4199,1507,2704,3739,2553,1338,1384,2838,2011-09-13,3058.964285714286,2421.035714285714,4702.714285714285,1604.3214285714287,2571.214285714286,3249.6785714285716,2756.4285714285716,1557.6785714285713,1680.25,3146.1785714285716
d_229,2186,1990,4250,1350,2172,2819,2374,1333,1783,3248,2011-09-14,3045.0,2418.1428571428573,4709.464285714285,1600.607142857143,2562.0,3244.5,2754.3214285714284,1552.0,1692.1785714285713,3163.964285714286
d_230,2388,2216,3911,1546,2723,3671,2520,1604,1859,3905,2011-09-15,3038.3571428571427,2420.6071428571427,4703.392857142857,1602.9642857142858,2576.8214285714284,3271.1071428571427,2753.75,1563.25,1706.9285714285713,3210.964285714286
d_231,2813,2359,4335,1662,2550,3348,2774,1816,1664,3612,2011-09-16,3028.8214285714284,2420.3571428571427,4697.571428571428,1608.5,2575.3214285714284,3269.1785714285716,2751.5714285714284,1568.142857142857,1708.7857142857142,3217.3571428571427
d_232,3515,3343,4879,1850,3084,4109,3317,2261,1906,3931,2011-09-17,3022.1428571428573,2427.535714285714,4677.392857142857,1612.5357142857142,2565.25,3262.035714285714,2745.214285714286,1582.357142857143,1714.4642857142858,3234.4285714285716
d_233,3670,3215,5734,2224,2987,4281,3390,1506,1511,3516,2011-09-18,2993.8571428571427,2423.6785714285716,4679.321428571428,1622.3214285714287,2533.285714285714,3255.8571428571427,2723.285714285714,1582.857142857143,1713.5357142857142,3246.1071428571427
d_234,2606,2242,4641,1679,2235,3152,2678,1285,1274,2575,2011-09-19,2989.714285714286,2428.75,4674.75,1626.0357142857142,2522.0,3253.535714285714,2718.3571428571427,1586.8214285714287,1703.7142857142858,3236.25
d_235,2558,2040,4157,1745,2075,2895,2086,1321,1415,2383,2011-09-20,3001.8928571428573,2423.1428571428573,4671.642857142857,1639.5,2520.214285714286,3255.3571428571427,2703.0714285714284,1586.642857142857,1703.0714285714287,3237.464285714286
d_236,2453,2145,4089,1498,1893,2510,2000,1437,1396,2375,2011-09-21,3002.3571428571427,2428.1071428571427,4672.464285714285,1642.6785714285713,2515.3571428571427,3259.8571428571427,2698.8928571428573,1588.0357142857142,1696.5357142857142,3232.75
d_237,2366,2245,3861,1512,1911,2640,2003,1492,1473,2356,2011-09-22,2998.1785714285716,2438.0,4681.142857142857,1644.607142857143,2516.5714285714284,3261.8928571428573,2698.8571428571427,1587.9642857142858,1694.642857142857,3231.0714285714284
d_238,3475,2774,4345,1910,2101,3168,2673,1646,1469,3145,2011-09-23,3019.6785714285716,2452.1428571428573,4687.321428571428,1657.25,2519.6785714285716,3275.1071428571427,2709.6071428571427,1591.107142857143,1689.4642857142858,3238.6428571428573
d_239,4059,3718,5157,1942,2835,4011,3216,2045,1676,3807,2011-09-24,3030.035714285714,2464.964285714286,4696.035714285715,1669.1785714285713,2518.5714285714284,3285.1785714285716,2710.9285714285716,1597.5,1680.357142857143,3261.6428571428573
d_240,4086,3473,5866,2219,3084,4171,3635,1592,1375,3727,2011-09-25,3043.785714285714,2476.3571428571427,4716.964285714285,1679.6785714285713,2519.3928571428573,3291.5714285714284,2715.964285714286,1599.607142857143,1671.607142857143,3292.3928571428573
d_241,2846,2091,4463,1831,2219,2897,2519,1329,1240,2655,2011-09-26,3059.464285714286,2477.1428571428573,4734.607142857143,1693.4642857142858,2527.25,3297.1071428571427,2723.3214285714284,1596.9642857142858,1664.857142857143,3304.75
d_242,2438,2148,4536,1691,2068,2640,2216,1262,1414,2375,2011-09-27,3071.035714285714,2486.785714285714,4764.607142857143,1709.4642857142858,2535.6428571428573,3303.1785714285716,2732.6428571428573,1590.4285714285713,1661.9642857142858,3310.25
d_243,2581,2111,4220,1567,1751,2591,2111,1335,1492,2434,2011-09-28,3081.3928571428573,2488.5714285714284,4787.892857142857,1718.357142857143,2535.0,3297.6071428571427,2741.535714285714,1573.642857142857,1654.142857142857,3304.6428571428573
d_244,2437,2144,3939,1683,1870,2727,2165,1333,1496,2589,2011-09-29,3073.1428571428573,2489.714285714286,4768.214285714285,1721.5,2497.1071428571427,3278.6785714285716,2724.6071428571427,1561.75,1635.642857142857,3292.5714285714284
d_245,3623,2955,4568,1811,2608,3901,2824,2142,1909,3841,2011-09-30,3080.6785714285716,2508.4285714285716,4752.428571428572,1728.357142857143,2505.0714285714284,3304.464285714286,2730.9285714285716,1565.8214285714287,1624.357142857143,3277.1785714285716
d_246,5037,4064,6660,2259,3804,5030,3641,2266,2238,4313,2011-10-01,3113.1785714285716,2544.0,4799.285714285715,1736.7142857142858,2518.1428571428573,3338.4285714285716,2737.035714285714,1575.25,1636.857142857143,3267.3928571428573
d_247,4685,3362,6569,2478,3324,4517,3312,1845,2196,4926,2011-10-02,3154.0,2572.5,4842.607142857143,1769.607142857143,2542.9285714285716,3425.0,2754.785714285714,1589.607142857143,1657.7857142857142,3324.9285714285716
d_248,3298,2153,5686,1960,2782,3687,2959,1634,2061,4235,2011-10-03,3147.3214285714284,2545.0,4846.607142857143,1774.4285714285713,2539.3571428571427,3429.964285714286,2755.4285714285716,1596.0357142857142,1668.3214285714287,3341.8928571428573
d_249,3200,2243,5310,1772,2118,2955,2598,1427,1725,2766,2011-10-04,3149.8214285714284,2553.75,4847.714285714285,1778.5714285714287,2537.8928571428573,3438.5,2752.8571428571427,1598.1785714285713,1670.0714285714287,3316.285714285714
d_250,2798,2082,4753,1629,2633,2835,2582,1446,1769,3386,2011-10-05,3154.25,2560.1071428571427,4848.035714285715,1783.8214285714287,2541.6428571428573,3435.5714285714284,2742.8928571428573,1604.392857142857,1679.75,3345.6071428571427
d_251,2690,2039,4666,1614,2343,3021,2693,1385,1856,3759,2011-10-06,3149.3928571428573,2560.6071428571427,4852.178571428572,1788.6785714285713,2549.714285714286,3447.5,2760.9285714285716,1608.0357142857142,1686.9642857142858,3364.1428571428573
d_252,3541,2823,5161,1840,2748,3782,3100,1719,1623,3648,2011-10-07,3160.214285714286,2579.285714285714,4853.214285714285,1796.392857142857,2554.3214285714284,3458.5714285714284,2777.6785714285716,1610.4642857142858,1677.357142857143,3362.75
d_253,4604,3428,6237,2330,2991,4251,2742,2253,2082,5012,2011-10-08,3186.3214285714284,2588.4285714285716,4871.75,1811.7142857142858,2550.964285714286,3462.535714285714,2761.25,1614.0,1679.2857142857142,3407.5714285714284
d_254,4417,3281,6703,2106,3170,3500,3436,1766,1958,5603,2011-10-09,3199.5714285714284,2596.035714285714,4896.75,1816.607142857143,2543.5,3428.3571428571427,2751.0,1617.2142857142858,1676.857142857143,3454.6428571428573
d_255,3572,2382,5687,1920,2507,3730,3386,1311,1516,3390,2011-10-10,3225.8928571428573,2609.5,4949.357142857143,1826.25,2546.0714285714284,3449.214285714286,2767.964285714286,1611.75,1670.0,3441.0714285714284
d_256,3110,2249,4986,1690,2349,3317,2879,1462,1744,3641,2011-10-11,3251.8571428571427,2618.3928571428573,4977.464285714285,1832.7857142857142,2533.3928571428573,3434.1428571428573,2779.6071428571427,1616.1785714285713,1682.857142857143,3469.75
d_257,2609,2194,4600,1663,2611,3467,3115,1364,1914,3877,2011-10-12,3266.964285714286,2625.6785714285716,4989.964285714285,1843.9642857142858,2549.0714285714284,3457.285714285714,2806.0714285714284,1617.2857142857142,1687.5357142857142,3492.214285714286
d_258,2859,2168,4501,1716,2494,3365,2773,1628,1548,3064,2011-10-13,3283.785714285714,2623.964285714286,5011.035714285715,1850.0357142857142,2540.8928571428573,3446.3571428571427,2815.1071428571427,1618.142857142857,1676.4285714285713,3462.1785714285716
d_259,3337,2815,5229,1957,2473,3303,2712,1884,1965,4210,2011-10-14,3302.5,2640.25,5042.964285714285,1860.5714285714287,2538.1428571428573,3444.75,2812.8928571428573,1620.5714285714287,1687.1785714285713,3483.535714285714
d_260,4253,3543,6274,2215,3507,4866,3426,2411,2312,5619,2011-10-15,3328.8571428571427,2647.3928571428573,5092.785714285715,1873.607142857143,2553.25,3471.785714285714,2816.785714285714,1625.9285714285713,1701.6785714285713,3543.8214285714284
d_261,4250,3384,6370,2285,3469,4872,3523,1785,1893,4296,2011-10-16,3349.5714285714284,2653.4285714285716,5115.5,1875.7857142857142,2570.464285714286,3492.8928571428573,2821.535714285714,1635.892857142857,1715.3214285714287,3571.6785714285716
d_262,2761,2176,5434,2002,2615,3243,2983,1491,1505,3382,2011-10-17,3355.1071428571427,2651.0714285714284,5143.821428571428,1887.3214285714287,2584.035714285714,3496.1428571428573,2832.4285714285716,1643.25,1723.5714285714287,3600.5
d_263,2494,2049,4463,1742,2225,3208,2393,1414,1379,2835,2011-10-18,3352.8214285714284,2651.3928571428573,5154.75,1887.2142857142858,2589.3928571428573,3507.3214285714284,2843.3928571428573,1646.5714285714287,1722.2857142857142,3616.6428571428573
d_264,2540,2026,4105,1576,1980,2793,2309,1448,1263,2401,2011-10-19,3355.9285714285716,2647.1428571428573,5155.321428571428,1890.0,2592.5,3517.4285714285716,2854.4285714285716,1646.9642857142858,1717.5357142857142,3617.5714285714284
d_265,2654,1978,4097,1621,1864,2847,2139,1482,1240,2480,2011-10-20,3366.214285714286,2637.6071428571427,5163.75,1893.892857142857,2590.8214285714284,3524.8214285714284,2859.285714285714,1646.607142857143,1709.2142857142858,3622.0
d_266,3438,2958,4497,1707,2210,3247,2485,1770,1535,3283,2011-10-21,3364.8928571428573,2644.1785714285716,5169.178571428572,1886.642857142857,2594.714285714286,3527.6428571428573,2852.5714285714284,1651.0357142857142,1711.5714285714287,3626.9285714285716
d_267,4243,3402,5939,1971,2789,4246,2947,2050,1851,3713,2011-10-22,3371.464285714286,2632.8928571428573,5197.107142857143,1887.6785714285713,2593.0714285714284,3536.035714285714,2842.964285714286,1651.2142857142858,1717.8214285714287,3623.5714285714284
d_268,4319,3124,6004,2262,2883,4277,3267,1800,1531,3409,2011-10-23,3379.785714285714,2620.4285714285716,5202.035714285715,1889.2142857142858,2585.8928571428573,3539.8214285714284,2829.8214285714284,1658.642857142857,1723.392857142857,3612.214285714286
d_269,2878,2111,4550,1782,2047,3347,2438,1287,1290,2786,2011-10-24,3380.9285714285716,2621.1428571428573,5205.142857142857,1887.4642857142858,2579.75,3555.8928571428573,2826.9285714285716,1657.142857142857,1725.1785714285713,3616.8928571428573
d_270,2517,1958,4239,1564,1922,2720,2277,1308,1307,2625,2011-10-25,3383.75,2614.3571428571427,5194.535714285715,1882.9285714285713,2574.535714285714,3558.75,2829.1071428571427,1658.7857142857142,1721.357142857143,3625.8214285714284
d_271,2343,1990,3792,1622,2021,2879,2155,1613,1367,2360,2011-10-26,3375.25,2610.035714285714,5179.25,1884.892857142857,2584.1785714285716,3569.035714285714,2830.6785714285716,1668.7142857142858,1716.892857142857,3623.1785714285716
d_272,2720,2099,4046,1554,1861,2881,2083,1626,1437,2675,2011-10-27,3385.3571428571427,2608.4285714285716,5183.071428571428,1880.2857142857142,2583.8571428571427,3574.535714285714,2827.75,1679.1785714285713,1714.7857142857142,3626.25
d_273,3162,2623,4208,1725,2234,3219,2281,2030,1912,3486,2011-10-28,3368.8928571428573,2596.5714285714284,5170.214285714285,1877.2142857142858,2570.5,3550.1785714285716,2808.3571428571427,1675.1785714285713,1714.892857142857,3613.5714285714284
d_274,4162,3375,5813,2374,2800,3761,2912,2336,1833,3853,2011-10-29,3337.6428571428573,2571.964285714286,5139.964285714285,1881.3214285714287,2534.6428571428573,3504.8571428571427,2782.3214285714284,1677.6785714285713,1700.4285714285713,3597.1428571428573
d_275,4227,3610,5903,2317,2696,3774,3177,1562,1418,3169,2011-10-30,3321.285714285714,2580.8214285714284,5116.178571428572,1875.5714285714287,2512.214285714286,3478.3214285714284,2777.5,1667.5714285714287,1672.642857142857,3534.3928571428573
d_276,2435,2258,3883,1615,1962,2843,2413,1311,1384,2591,2011-10-31,3290.464285714286,2584.5714285714284,5051.785714285715,1863.25,2482.9285714285716,3448.1785714285716,2758.0,1656.0357142857142,1648.4642857142858,3475.6785714285716
d_277,2774,1995,4734,1591,2577,3003,2804,1618,1764,3179,2011-11-01,3275.25,2575.714285714286,5031.214285714285,1856.7857142857142,2499.3214285714284,3449.8928571428573,2765.3571428571427,1662.857142857143,1649.857142857143,3490.4285714285716
d_278,2977,2071,4566,1613,2009,2833,2349,1270,1716,3404,2011-11-02,3281.6428571428573,2575.3214285714284,5024.535714285715,1856.2142857142858,2477.035714285714,3449.8214285714284,2757.035714285714,1656.5714285714287,1647.9642857142858,3491.0714285714284
d_279,3014,2218,4999,1741,2170,3201,2822,1646,2041,4050,2011-11-03,3293.214285714286,2581.714285714286,5036.428571428572,1860.75,2470.8571428571427,3456.25,2761.6428571428573,1665.892857142857,1654.5714285714287,3501.464285714286
d_280,3747,2383,5276,1846,1991,3380,2497,1792,1919,3765,2011-11-04,3300.5714285714284,2566.0,5040.535714285715,1860.9642857142858,2443.8214285714284,3441.8928571428573,2740.1071428571427,1668.5,1665.142857142857,3505.6428571428573
d_281,4515,3545,6189,2044,3356,4207,3244,2395,2411,4981,2011-11-05,3297.3928571428573,2570.1785714285716,5038.821428571428,1850.75,2456.8571428571427,3440.3214285714284,2758.035714285714,1673.5714285714287,1676.892857142857,3504.535714285714
d_282,4852,3435,6628,2487,3285,4612,3711,1729,1977,5171,2011-11-06,3312.9285714285716,2575.6785714285716,5036.142857142857,1864.357142857143,2460.964285714286,3480.035714285714,2767.8571428571427,1672.25,1677.5714285714287,3489.1071428571427
d_283,3284,2387,5137,1846,2625,3427,2891,1328,1362,2991,2011-11-07,3302.6428571428573,2575.8571428571427,5016.5,1861.7142857142858,2465.1785714285716,3469.214285714286,2750.1785714285716,1672.857142857143,1672.0714285714287,3474.8571428571427
d_284,3318,2128,4960,1581,1989,2609,2195,1397,1616,3395,2011-11-08,3310.0714285714284,2571.535714285714,5015.571428571428,1857.8214285714287,2452.3214285714284,3443.9285714285716,2725.75,1670.5357142857142,1667.5,3466.0714285714284
d_285,2780,1992,4883,1787,2340,2958,2845,1316,1515,3676,2011-11-09,3316.1785714285716,2564.3214285714284,5025.678571428572,1862.25,2442.6428571428573,3425.75,2716.1071428571427,1668.8214285714287,1653.25,3458.8928571428573
d_286,3277,2221,5161,1716,1998,2922,2293,1554,1751,3254,2011-11-10,3331.1071428571427,2566.214285714286,5049.25,1862.25,2424.9285714285716,3409.9285714285716,2698.964285714286,1666.1785714285713,1660.5,3465.6785714285716
d_287,3858,2812,4972,1880,2260,3372,2793,1931,1739,4138,2011-11-11,3349.714285714286,2566.1071428571427,5040.071428571428,1859.5,2417.3214285714284,3412.3928571428573,2701.8571428571427,1667.857142857143,1652.4285714285713,3463.1071428571427
d_288,4292,3454,5570,2016,3249,4340,3193,2349,2309,5150,2011-11-12,3351.1071428571427,2562.9285714285716,5014.928571428572,1852.392857142857,2408.1071428571427,3393.6071428571427,2693.535714285714,1665.642857142857,1652.3214285714287,3446.3571428571427
d_289,4150,3440,6110,1884,3464,4551,3639,1858,1737,4515,2011-11-13,3347.535714285714,2564.9285714285716,5005.642857142857,1838.0714285714287,2407.9285714285716,3382.1428571428573,2697.6785714285716,1668.25,1646.75,3454.1785714285716
d_290,3035,2204,4686,1740,2434,3089,2939,1415,1801,3430,2011-11-14,3357.3214285714284,2565.9285714285716,4978.928571428572,1828.7142857142858,2401.464285714286,3376.6428571428573,2696.1071428571427,1665.5357142857142,1657.3214285714287,3455.8928571428573
d_291,2707,1975,4380,1798,2471,3155,2788,1470,1907,4050,2011-11-15,3364.9285714285716,2563.285714285714,4975.964285714285,1830.7142857142858,2410.25,3374.75,2710.214285714286,1667.5357142857142,1676.1785714285713,3499.285714285714
d_292,2495,2081,4126,1579,2071,2870,2485,1655,1489,3077,2011-11-16,3363.3214285714284,2565.25,4976.714285714285,1830.8214285714287,2413.5,3377.5,2716.5,1674.9285714285713,1684.25,3523.4285714285716
d_293,2388,2171,4050,1635,2127,3000,2079,1152,1584,2928,2011-11-17,3353.8214285714284,2572.1428571428573,4975.035714285715,1831.3214285714287,2422.8928571428573,3382.964285714286,2714.3571428571427,1663.142857142857,1696.5357142857142,3539.4285714285716
d_294,3012,2459,4881,1754,2204,2973,2424,1845,1628,3327,2011-11-18,3338.6071428571427,2554.3214285714284,4988.75,1833.0,2422.6785714285716,3373.1785714285716,2712.1785714285716,1665.8214285714287,1699.857142857143,3541.0
d_295,4681,3413,6031,2019,2643,3898,2947,2026,1827,4060,2011-11-19,3354.25,2554.714285714286,4992.035714285715,1834.7142857142858,2417.464285714286,3360.75,2712.1785714285716,1664.9642857142858,1699.0,3553.3928571428573
d_296,4415,3280,5812,2039,2901,3991,3249,1651,1450,3965,2011-11-20,3357.6785714285716,2560.285714285714,4985.178571428572,1826.75,2418.1071428571427,3350.535714285714,2711.535714285714,1659.642857142857,1696.107142857143,3573.25
d_297,3209,2303,4780,1921,2043,3185,2697,1411,1315,2710,2011-11-21,3369.5,2567.1428571428573,4993.392857142857,1831.7142857142858,2417.964285714286,3344.75,2720.785714285714,1664.0714285714287,1697.0,3570.535714285714
d_298,3637,2268,4520,1622,2182,3200,2431,1586,1334,2874,2011-11-22,3409.5,2578.214285714286,5003.428571428572,1833.7857142857142,2427.25,3361.8928571428573,2726.285714285714,1674.0,1697.9642857142858,3579.4285714285716
d_299,3663,2582,5311,2031,3018,3976,3471,1567,1649,3519,2011-11-23,3456.6428571428573,2599.3571428571427,5057.678571428572,1848.392857142857,2462.8571428571427,3401.0714285714284,2773.285714285714,1672.357142857143,1708.0357142857142,3620.8214285714284
d_300,1941,1155,3130,1130,2268,3131,1962,620,682,2408,2011-11-24,3428.8214285714284,2565.6428571428573,5024.964285714285,1833.25,2477.3928571428573,3410.0,2768.964285714286,1636.4285714285713,1681.0714285714287,3611.285714285714
d_301,3162,2490,3768,1306,1996,2602,2192,1900,1699,2883,2011-11-25,3428.8214285714284,2560.8928571428573,5009.25,1818.2857142857142,2468.8928571428573,3387.964285714286,2765.785714285714,1631.7857142857142,1673.4642857142858,3589.75
d_302,3077,2792,4275,1618,1909,2696,2318,2147,1566,2894,2011-11-26,3390.0714285714284,2540.0714285714284,4954.321428571428,1791.2857142857142,2437.0714285714284,3349.9285714285716,2744.5714285714284,1625.0357142857142,1663.9285714285713,3555.5
d_303,3341,2677,4747,1949,2321,3284,2445,1749,1523,3098,2011-11-27,3358.4285714285716,2506.75,4913.035714285715,1778.142857142857,2423.6785714285716,3332.4285714285716,2718.4285714285716,1631.7142857142858,1667.6785714285713,3552.964285714286
d_304,2514,2215,3957,1815,1922,2472,1948,1442,1512,2581,2011-11-28,3361.25,2505.214285714286,4915.678571428572,1785.2857142857142,2422.25,3319.1785714285716,2701.8214285714284,1636.392857142857,1672.25,3552.6071428571427
d_305,2628,2004,3771,1590,1778,2470,2057,1352,1324,2610,2011-11-29,3356.035714285714,2505.535714285714,4881.285714285715,1785.25,2393.714285714286,3300.1428571428573,2675.1428571428573,1626.892857142857,1656.5357142857142,3532.285714285714
d_306,2412,2015,3614,1414,1840,2616,1858,1483,1411,2426,2011-11-30,3335.8571428571427,2503.535714285714,4847.285714285715,1778.142857142857,2387.6785714285716,3292.3928571428573,2657.6071428571427,1634.5,1645.642857142857,3497.3571428571427
d_307,2699,2163,4944,1766,2361,3072,2620,1654,2076,2913,2011-12-01,3324.6071428571427,2501.5714285714284,4845.321428571428,1779.0357142857142,2394.5,3287.785714285714,2650.3928571428573,1634.7857142857142,1646.892857142857,3456.75
d_308,3504,2503,5237,2082,2241,3052,2448,1930,2141,4589,2011-12-02,3315.9285714285716,2505.8571428571427,4843.928571428572,1787.4642857142858,2403.4285714285716,3276.0714285714284,2648.6428571428573,1639.7142857142858,1654.8214285714287,3486.1785714285716
d_309,4832,3853,6284,2384,3239,4187,3192,2407,2537,5214,2011-12-03,3327.25,2516.8571428571427,4847.321428571428,1799.607142857143,2399.25,3275.3571428571427,2646.785714285714,1640.142857142857,1659.3214285714287,3494.5
d_310,4632,3267,6616,2209,2920,3973,3243,1960,1913,4345,2011-12-04,3319.3928571428573,2510.8571428571427,4846.892857142857,1789.6785714285713,2386.214285714286,3252.535714285714,2630.0714285714284,1648.392857142857,1657.0357142857142,3465.0
d_311,3367,2354,5745,1707,2464,3254,2697,1859,1836,3937,2011-12-05,3322.3571428571427,2509.6785714285716,4868.607142857143,1784.7142857142858,2380.464285714286,3246.3571428571427,2623.1428571428573,1667.357142857143,1673.9642857142858,3498.785714285714
d_312,2960,2152,4937,1724,2339,3430,2588,1556,1800,3781,2011-12-06,3309.5714285714284,2510.535714285714,4867.785714285715,1789.8214285714287,2392.964285714286,3275.6785714285716,2637.1785714285716,1673.0357142857142,1680.5357142857142,3512.5714285714284
d_313,2889,2068,4840,1797,2325,3107,2418,1557,1396,3056,2011-12-07,3313.464285714286,2513.25,4866.25,1790.1785714285713,2392.4285714285716,3281.0,2621.9285714285716,1681.642857142857,1676.2857142857142,3490.4285714285716
d_314,3331,2342,4719,1741,1922,2811,1968,1562,1943,4008,2011-12-08,3315.3928571428573,2517.5714285714284,4850.464285714285,1791.0714285714287,2389.714285714286,3277.035714285714,2610.3214285714284,1681.9285714285713,1683.142857142857,3517.3571428571427
d_315,3435,2611,5039,1900,2617,3408,2376,1814,1788,4450,2011-12-09,3300.285714285714,2510.3928571428573,4852.857142857143,1791.7857142857142,2402.464285714286,3278.3214285714284,2595.4285714285716,1677.75,1684.892857142857,3528.5
d_316,4575,3500,6266,1989,2671,3701,2833,2308,2135,4808,2011-12-10,3310.3928571428573,2512.035714285714,4877.714285714285,1790.8214285714287,2381.8214285714284,3255.5,2582.5714285714284,1676.2857142857142,1678.6785714285713,3516.285714285714
d_317,4312,3185,6138,2321,3589,4225,3469,1687,1985,4832,2011-12-11,3316.1785714285716,2502.9285714285716,4878.714285714285,1806.4285714285713,2386.285714285714,3243.8571428571427,2576.5,1670.1785714285713,1687.5357142857142,3527.6071428571427
d_318,3267,2373,5216,1835,2610,3565,3019,1444,1813,4009,2011-12-12,3324.464285714286,2508.964285714286,4897.642857142857,1809.8214285714287,2392.5714285714284,3260.8571428571427,2579.3571428571427,1671.2142857142858,1687.9642857142858,3548.285714285714
d_319,2946,2320,4831,1636,2571,3665,2645,1516,1625,3158,2011-12-13,3333.0,2521.285714285714,4913.75,1804.0357142857142,2396.1428571428573,3279.0714285714284,2574.25,1672.857142857143,1677.892857142857,3516.4285714285716
d_320,2871,2318,4314,1459,2496,3428,2633,1445,1888,3942,2011-12-14,3346.4285714285716,2529.75,4920.464285714285,1799.75,2411.3214285714284,3299.0,2579.535714285714,1665.357142857143,1692.142857142857,3547.3214285714284
d_321,3109,2476,4906,1724,2841,3807,2910,1577,2276,4018,2011-12-15,3372.1785714285716,2540.6428571428573,4951.035714285715,1802.9285714285713,2436.8214285714284,3327.8214285714284,2609.214285714286,1680.5357142857142,1716.857142857143,3586.25
d_322,3399,2465,4980,1853,2563,3496,2462,1866,1810,3991,2011-12-16,3386.0,2540.8571428571427,4954.571428571428,1806.4642857142858,2449.6428571428573,3346.5,2610.5714285714284,1681.2857142857142,1723.357142857143,3609.964285714286
d_323,4463,3494,5648,1917,3111,4000,2887,2315,2133,4191,2011-12-17,3378.214285714286,2543.75,4940.892857142857,1802.8214285714287,2466.3571428571427,3350.1428571428573,2608.4285714285716,1691.607142857143,1734.2857142857142,3614.6428571428573
d_324,4253,3430,5573,2178,2659,3745,2947,1787,1653,3862,2011-12-18,3372.4285714285716,2549.1071428571427,4932.357142857143,1807.7857142857142,2457.714285714286,3341.3571428571427,2597.6428571428573,1696.4642857142858,1741.5357142857142,3610.964285714286
d_325,3333,2387,4973,1917,2208,3174,2629,1744,1616,3087,2011-12-19,3376.8571428571427,2552.1071428571427,4939.25,1807.642857142857,2463.6071428571427,3340.964285714286,2595.214285714286,1708.357142857143,1752.2857142857142,3624.4285714285716
d_326,3236,2549,4424,1814,2216,3048,2393,1848,1709,3025,2011-12-20,3362.535714285714,2562.1428571428573,4935.821428571428,1814.5,2464.8214285714284,3335.535714285714,2593.8571428571427,1717.7142857142858,1765.6785714285713,3629.8214285714284
d_327,3367,2774,4347,1694,2410,3295,2469,1750,1654,2902,2011-12-21,3351.964285714286,2569.0,4901.392857142857,1802.4642857142858,2443.1071428571427,3311.214285714286,2558.0714285714284,1724.25,1765.857142857143,3607.785714285714
d_328,3609,2608,4639,1850,2391,3558,2647,1850,1824,3206,2011-12-22,3411.535714285714,2620.8928571428573,4955.285714285715,1828.1785714285713,2447.5,3326.464285714286,2582.535714285714,1768.1785714285713,1806.642857142857,3636.285714285714
d_329,4652,3026,5820,2267,2963,4254,2960,2262,2149,4293,2011-12-23,3464.75,2640.035714285714,5028.571428571428,1862.5,2482.035714285714,3385.464285714286,2609.964285714286,1781.107142857143,1822.7142857142858,3686.6428571428573
d_330,3454,2431,4753,1919,3041,3611,3151,1658,1933,4007,2011-12-24,3478.214285714286,2627.1428571428573,5045.642857142857,1873.25,2522.464285714286,3418.1428571428573,2639.714285714286,1763.642857142857,1835.8214285714287,3726.3928571428573
d_331,0,7,1,0,0,0,2,0,3,0,2011-12-25,3358.8928571428573,2531.785714285714,4876.142857142857,1803.642857142857,2439.5714285714284,3300.8571428571427,2552.464285714286,1701.1785714285713,1781.5357142857142,3615.75
d_332,3335,2653,4998,1404,2766,3419,2859,1576,1544,3478,2011-12-26,3388.214285714286,2547.4285714285716,4913.321428571428,1788.9642857142858,2469.714285714286,3334.6785714285716,2585.0,1705.9642857142858,1782.6785714285713,3647.785714285714
d_333,3111,2439,4530,1695,2087,3033,2154,1439,1393,2770,2011-12-27,3405.464285714286,2562.964285714286,4940.428571428572,1792.7142857142858,2480.75,3354.785714285714,2588.464285714286,1709.0714285714287,1785.142857142857,3653.5
d_334,3097,2271,4745,1624,2119,3066,2109,1603,1333,2824,2011-12-28,3429.9285714285716,2572.1071428571427,4980.821428571428,1800.2142857142858,2490.714285714286,3370.8571428571427,2597.4285714285716,1713.357142857143,1782.357142857143,3667.714285714286
d_335,3233,2505,4511,1512,2090,2859,2190,1540,1537,2564,2011-12-29,3449.0,2584.3214285714284,4965.357142857143,1791.142857142857,2481.035714285714,3363.25,2582.0714285714284,1709.2857142857142,1763.107142857143,3655.25
d_336,4638,3136,6115,1874,2662,3784,2925,2076,2314,4128,2011-12-30,3489.5,2606.9285714285716,4996.714285714285,1783.7142857142858,2496.0714285714284,3389.3928571428573,2599.1071428571427,1714.5,1769.2857142857142,3638.785714285714
d_337,4236,2548,5535,2046,2933,4142,3416,2254,2176,4465,2011-12-31,3468.214285714286,2560.3214285714284,4969.964285714285,1771.642857142857,2485.1428571428573,3387.785714285714,2607.1071428571427,1709.0357142857142,1756.392857142857,3612.035714285714
d_338,2648,2174,3978,1418,2420,2773,2031,1114,1148,2103,2012-01-01,3397.3571428571427,2521.285714285714,4875.75,1743.392857142857,2467.285714285714,3344.9285714285716,2563.8214285714284,1678.8214285714287,1729.0714285714287,3531.964285714286
d_339,3931,2987,6199,2035,2745,3722,2840,1802,2086,4706,2012-01-02,3417.5,2543.8928571428573,4891.964285714285,1755.107142857143,2477.3214285714284,3361.6428571428573,2568.9285714285716,1676.7857142857142,1738.0,3559.4285714285716
d_340,3496,2036,5371,1837,2440,3372,2533,1530,1897,4239,2012-01-03,3436.6428571428573,2539.75,4907.464285714285,1759.142857142857,2480.9285714285716,3359.5714285714284,2566.964285714286,1675.857142857143,1741.4642857142858,3575.785714285714
d_341,3284,1852,4878,1498,2223,2827,2480,1606,1831,3342,2012-01-04,3450.75,2532.035714285714,4908.821428571428,1748.4642857142858,2477.285714285714,3349.5714285714284,2569.1785714285716,1677.607142857143,1757.0,3586.0
d_342,3444,2040,5021,1778,2470,3336,2752,1576,1992,4090,2012-01-05,3454.785714285714,2521.25,4919.607142857143,1749.7857142857142,2496.8571428571427,3368.3214285714284,2597.1785714285716,1678.107142857143,1758.75,3588.9285714285716
d_343,3854,2506,4696,1753,2899,3603,2695,1983,2080,4336,2012-01-06,3469.75,2517.5,4907.357142857143,1744.5357142857142,2506.9285714285716,3375.285714285714,2608.5714285714284,1684.142857142857,1769.1785714285713,3584.8571428571427
d_344,4670,3368,6384,2212,3399,4555,3237,2362,2209,4747,2012-01-07,3473.1428571428573,2512.785714285714,4911.571428571428,1752.5,2532.9285714285716,3405.785714285714,2623.0,1686.0714285714287,1771.8214285714287,3582.6785714285716
d_345,4585,3234,7124,2318,3392,4409,3180,1753,1838,4889,2012-01-08,3482.8928571428573,2514.535714285714,4946.785714285715,1752.392857142857,2525.8928571428573,3412.3571428571427,2612.6785714285716,1688.4285714285713,1766.5714285714287,3584.714285714286
d_346,3637,2257,5679,1845,2130,2813,2230,1451,1948,4216,2012-01-09,3496.1071428571427,2510.3928571428573,4963.321428571428,1752.75,2508.75,3385.5,2584.5,1688.6785714285713,1771.392857142857,3592.1071428571427
d_347,3217,1990,5392,1593,2284,3304,2352,1477,1642,3389,2012-01-10,3505.785714285714,2498.6071428571427,4983.357142857143,1751.2142857142858,2498.5,3372.6071428571427,2574.035714285714,1687.2857142857142,1772.0,3600.3571428571427
d_348,2994,2062,4590,1824,2550,3272,2729,1908,2214,4901,2012-01-11,3510.1785714285716,2489.464285714286,4993.214285714285,1764.25,2500.4285714285716,3367.035714285714,2577.464285714286,1703.8214285714287,1783.642857142857,3634.6071428571427
d_349,2655,2066,4163,1665,2277,3086,2538,946,2001,3318,2012-01-12,3493.964285714286,2474.8214285714284,4966.678571428572,1762.142857142857,2480.285714285714,3341.285714285714,2564.1785714285716,1681.2857142857142,1773.8214285714287,3609.6071428571427
d_350,3550,2509,5193,1846,2814,4004,2690,1581,1678,3598,2012-01-13,3499.3571428571427,2476.3928571428573,4974.285714285715,1761.892857142857,2489.25,3359.4285714285716,2572.3214285714284,1671.107142857143,1769.107142857143,3595.5714285714284
d_351,4271,3381,5904,2192,2976,4355,3151,2368,2380,5837,2012-01-14,3492.5,2472.3571428571427,4983.428571428572,1771.7142857142858,2484.4285714285716,3372.1071428571427,2581.75,1673.0,1777.9285714285713,3654.3571428571427
d_352,4111,3187,5993,2438,3361,4460,3515,1780,2042,5572,2012-01-15,3487.4285714285716,2463.6785714285716,4998.428571428572,1781.0,2509.5,3397.6428571428573,2602.035714285714,1672.75,1791.8214285714287,3715.4285714285716
d_353,3670,2666,5546,2131,2769,3591,2658,1668,1815,4034,2012-01-16,3499.464285714286,2473.6428571428573,5018.892857142857,1788.642857142857,2529.535714285714,3412.535714285714,2603.0714285714284,1670.0357142857142,1798.9285714285713,3749.25
d_354,2824,1893,4234,1574,1874,2767,2284,934,1213,2590,2012-01-17,3484.75,2450.214285714286,5012.107142857143,1780.0714285714287,2517.3214285714284,3402.5,2599.1785714285716,1637.392857142857,1781.2142857142858,3733.714285714286
d_355,2729,2097,4538,1808,2127,2727,2395,1733,1716,3478,2012-01-18,3461.964285714286,2426.035714285714,5018.928571428572,1784.142857142857,2507.214285714286,3382.214285714286,2596.535714285714,1636.7857142857142,1783.4285714285713,3754.285714285714
d_356,2782,2020,4255,1632,2167,2720,2182,1528,1700,3048,2012-01-19,3432.4285714285716,2405.035714285714,5005.214285714285,1776.357142857143,2499.214285714286,3352.285714285714,2579.9285714285716,1625.2857142857142,1779.0,3748.6428571428573
d_357,3153,2401,4825,1823,2380,3546,2515,1429,2015,3117,2012-01-20,3378.8928571428573,2382.714285714286,4969.678571428572,1760.5,2478.3928571428573,3327.0,2564.035714285714,1595.5357142857142,1774.2142857142858,3706.6428571428573
d_358,5107,4045,6786,2480,3177,4427,3002,2661,2122,4771,2012-01-21,3437.9285714285716,2440.3571428571427,5042.285714285715,1780.5357142857142,2483.25,3356.1428571428573,2558.714285714286,1631.357142857143,1780.9642857142858,3733.9285714285716
d_359,3965,2690,5837,2047,2878,4406,3150,1909,1955,3750,2012-01-22,3579.535714285714,2536.1785714285716,5250.714285714285,1853.642857142857,2586.035714285714,3513.5,2671.1428571428573,1699.5357142857142,1850.6785714285713,3867.8571428571427
d_360,2678,2029,4856,1802,2123,3152,2344,1348,1537,2833,2012-01-23,3556.0714285714284,2513.8928571428573,5245.642857142857,1867.857142857143,2563.0714285714284,3503.964285714286,2652.75,1691.392857142857,1850.4285714285713,3844.8214285714284
d_361,2571,2125,4732,1681,1790,2787,2016,1584,1595,2668,2012-01-24,3536.785714285714,2502.6785714285716,5252.857142857143,1867.357142857143,2552.464285714286,3495.1785714285716,2647.8214285714284,1696.5714285714287,1857.642857142857,3841.1785714285716
d_362,2460,2034,4329,1799,1739,2598,1826,1455,1575,2593,2012-01-25,3514.035714285714,2494.214285714286,5238.0,1873.607142857143,2538.8928571428573,3478.464285714286,2637.714285714286,1691.2857142857142,1866.2857142857142,3832.9285714285716
d_363,2680,2124,4004,1663,1918,2775,2064,1529,1834,2646,2012-01-26,3494.285714285714,2480.6071428571427,5219.892857142857,1879.0,2532.75,3475.464285714286,2633.214285714286,1690.892857142857,1876.892857142857,3835.8571428571427
d_364,3444,2451,4654,1804,2295,3243,2382,1766,1923,3237,2012-01-27,3451.6428571428573,2456.1428571428573,5167.714285714285,1876.5,2519.6428571428573,3456.1428571428573,2613.8214285714284,1679.8214285714287,1862.9285714285713,3804.035714285714
d_365,4241,3801,5101,2263,2722,4429,3038,2373,2394,4000,2012-01-28,3451.8214285714284,2500.8928571428573,5152.214285714285,1884.25,2512.1071428571427,3466.3928571428573,2600.3214285714284,1684.0714285714287,1870.7142857142858,3787.4285714285716
d_366,4147,3527,6123,2304,2921,4178,3329,1726,1753,3569,2012-01-29,3505.3571428571427,2549.214285714286,5228.821428571428,1915.892857142857,2530.0,3516.5714285714284,2646.6785714285716,1705.9285714285713,1892.3214285714287,3839.785714285714
d_367,2889,2064,4875,1917,2206,3232,2207,1513,1750,2535,2012-01-30,3468.1428571428573,2516.25,5181.535714285715,1911.6785714285713,2510.75,3499.0714285714284,2624.0714285714284,1695.607142857143,1880.3214285714287,3762.25
d_368,2892,2170,5016,1758,1982,2814,2340,1508,1717,2927,2012-01-31,3446.5714285714284,2521.035714285714,5168.857142857143,1908.857142857143,2494.3928571428573,3479.1428571428573,2617.1785714285716,1694.8214285714287,1873.892857142857,3715.3928571428573
d_369,3205,2295,5600,1831,2910,3733,2838,1733,2168,3538,2012-02-01,3443.75,2536.8571428571427,5194.642857142857,1920.75,2518.9285714285716,3511.5,2629.964285714286,1699.357142857143,1885.9285714285713,3722.3928571428573
d_370,3409,2150,5160,2085,2268,2961,2479,1464,2335,4304,2012-02-02,3442.5,2540.785714285714,5199.607142857143,1931.7142857142858,2511.714285714286,3498.1071428571427,2620.214285714286,1695.357142857143,1898.1785714285713,3730.035714285714
d_371,4269,2675,6193,2126,2852,4036,3062,2136,2513,5242,2012-02-03,3457.3214285714284,2546.8214285714284,5253.071428571428,1945.0357142857142,2510.035714285714,3513.5714285714284,2633.3214285714284,1700.8214285714287,1913.642857142857,3762.3928571428573
d_372,5786,3959,7762,2622,3362,5120,3742,2771,2552,5353,2012-02-04,3497.1785714285716,2567.9285714285716,5302.285714285715,1959.6785714285713,2508.714285714286,3533.75,2651.3571428571427,1715.4285714285713,1925.892857142857,3784.035714285714
d_373,4783,3176,6911,2279,3784,5341,4130,1946,2534,5191,2012-02-05,3504.25,2565.8571428571427,5294.678571428572,1958.2857142857142,2522.714285714286,3567.035714285714,2685.285714285714,1722.3214285714287,1950.75,3794.8214285714284
d_374,3638,2251,5932,1977,2542,3610,2956,1468,2142,4165,2012-02-06,3504.285714285714,2565.6428571428573,5303.714285714285,1963.0,2537.4285714285716,3595.5,2711.214285714286,1722.9285714285713,1957.6785714285713,3793.0
d_375,3159,2163,5616,1847,2535,3573,2781,1494,1769,3171,2012-02-07,3502.214285714286,2571.8214285714284,5311.714285714285,1972.0714285714287,2546.3928571428573,3605.1071428571427,2726.535714285714,1723.5357142857142,1962.2142857142858,3785.214285714286
d_376,3041,2164,5498,1865,2360,3216,2598,1509,2069,4259,2012-02-08,3503.8928571428573,2575.464285714286,5344.142857142857,1973.5357142857142,2539.6071428571427,3603.1071428571427,2721.8571428571427,1709.2857142857142,1957.0357142857142,3762.285714285714
d_377,3034,2440,5501,1808,2528,3350,2451,1646,2519,4650,2012-02-09,3517.4285714285716,2588.8214285714284,5391.928571428572,1978.642857142857,2548.5714285714284,3612.535714285714,2718.75,1734.2857142857142,1975.5357142857142,3809.8571428571427
d_378,3516,2671,6108,2130,2253,3365,2510,1605,2083,3622,2012-02-10,3516.214285714286,2594.6071428571427,5424.607142857143,1988.7857142857142,2528.535714285714,3589.714285714286,2712.3214285714284,1735.142857142857,1990.0,3810.714285714286
d_379,5463,3959,7794,2445,3181,5212,3282,2534,2405,5482,2012-02-11,3558.785714285714,2615.25,5492.107142857143,1997.8214285714287,2535.8571428571427,3620.3214285714284,2717.0,1741.0714285714287,1990.892857142857,3798.035714285714
d_380,5230,3776,7095,2458,3664,5101,3820,2250,2737,5773,2012-02-12,3598.75,2636.285714285714,5531.464285714285,1998.5357142857142,2546.6785714285716,3643.214285714286,2727.8928571428573,1757.857142857143,2015.7142857142858,3805.214285714286
d_381,3674,2394,5849,2037,2901,4359,3134,1567,1987,3773,2012-02-13,3598.8928571428573,2626.5714285714284,5542.285714285715,1995.1785714285713,2551.3928571428573,3670.6428571428573,2744.8928571428573,1754.25,2021.857142857143,3795.8928571428573
d_382,2603,1884,4383,1547,2359,3291,2434,1453,1746,3400,2012-02-14,3591.0,2626.25,5547.607142857143,1994.2142857142858,2568.714285714286,3689.3571428571427,2750.25,1772.7857142857142,2040.892857142857,3824.8214285714284
d_383,2669,1975,4818,1532,2457,3463,2320,1630,1879,4135,2012-02-15,3588.8571428571427,2621.8928571428573,5557.607142857143,1984.357142857143,2580.5,3715.6428571428573,2747.5714285714284,1769.107142857143,2046.7142857142858,3848.285714285714
d_384,2832,2004,4582,1566,2130,3139,2485,1640,1663,3154,2012-02-16,3590.6428571428573,2621.3214285714284,5569.285714285715,1982.0,2579.1785714285716,3730.6071428571427,2758.3928571428573,1773.107142857143,2045.392857142857,3852.0714285714284
d_385,3311,2524,5317,1770,2044,3095,2514,1792,1886,3351,2012-02-17,3596.285714285714,2625.714285714286,5586.857142857143,1980.107142857143,2567.1785714285716,3714.5,2758.3571428571427,1786.0714285714287,2040.7857142857142,3860.4285714285716
d_386,4534,3714,6515,2109,2886,4423,3074,2461,2146,4760,2012-02-18,3575.8214285714284,2613.8928571428573,5577.178571428572,1966.857142857143,2556.785714285714,3714.3571428571427,2760.9285714285716,1778.9285714285713,2041.642857142857,3860.035714285714
d_387,4535,3351,6185,2088,3487,5083,3177,2133,1869,4430,2012-02-19,3596.1785714285716,2637.5,5589.607142857143,1968.3214285714287,2578.535714285714,3738.535714285714,2761.8928571428573,1786.9285714285713,2038.5714285714287,3884.3214285714284
d_388,3721,2714,6662,1915,2792,3425,2690,1442,1595,3262,2012-02-20,3633.4285714285716,2661.964285714286,5654.107142857143,1972.357142857143,2602.4285714285716,3748.285714285714,2774.25,1790.2857142857142,2040.642857142857,3899.6428571428573
d_389,2823,2003,5148,1721,2138,3147,2244,1510,1573,2883,2012-02-21,3642.4285714285716,2657.6071428571427,5668.964285714285,1973.7857142857142,2614.8571428571427,3761.1428571428573,2782.3928571428573,1787.642857142857,2039.857142857143,3907.3214285714284
d_390,2774,2224,4351,1498,2230,2881,1980,1679,1692,2806,2012-02-22,3653.6428571428573,2664.3928571428573,5669.75,1963.0357142857142,2632.3928571428573,3771.25,2787.8928571428573,1795.642857142857,2044.0357142857142,3914.9285714285716
d_391,2798,2366,4703,1639,2401,3005,2017,1630,1689,2963,2012-02-23,3657.8571428571427,2673.035714285714,5694.714285714285,1962.1785714285713,2649.6428571428573,3779.464285714286,2786.214285714286,1799.25,2038.857142857143,3926.25
d_392,3280,2840,5800,1787,2528,3165,2221,1634,1713,2902,2012-02-24,3652.0,2686.9285714285716,5735.642857142857,1961.5714285714287,2657.964285714286,3776.6785714285716,2780.464285714286,1794.5357142857142,2031.357142857143,3914.285714285714
d_393,4806,3550,6164,2035,2743,4248,2810,2806,2216,4391,2012-02-25,3672.1785714285716,2677.964285714286,5773.607142857143,1953.4285714285713,2658.714285714286,3770.214285714286,2772.3214285714284,1810.0,2025.0,3928.25
d_394,4430,3365,6784,2063,3234,4886,3366,2253,1926,3974,2012-02-26,3682.285714285714,2672.1785714285716,5797.214285714285,1944.8214285714287,2669.8928571428573,3795.5,2773.6428571428573,1828.8214285714287,2031.1785714285713,3942.714285714286
d_395,2998,2212,5286,1810,2322,3550,2706,1631,1672,3083,2012-02-27,3686.1785714285716,2677.464285714286,5811.892857142857,1941.0,2674.035714285714,3806.8571428571427,2791.464285714286,1833.0357142857142,2028.392857142857,3962.285714285714
d_396,2707,1942,4514,1663,2157,3022,2295,1500,1590,2969,2012-02-28,3679.5714285714284,2669.3214285714284,5793.964285714285,1937.607142857143,2680.285714285714,3814.285714285714,2789.8571428571427,1832.75,2023.857142857143,3963.785714285714
d_397,2915,2216,4424,1682,2155,3156,2259,1621,1736,2638,2012-02-29,3669.214285714286,2666.5,5751.964285714285,1932.2857142857142,2653.3214285714284,3793.6785714285716,2769.1785714285716,1828.75,2008.4285714285713,3931.6428571428573
d_398,3603,2452,5580,1710,2731,3752,2915,1817,2061,3611,2012-03-01,3676.1428571428573,2677.285714285714,5766.964285714285,1918.892857142857,2669.8571428571427,3821.9285714285716,2784.75,1841.357142857143,1998.642857142857,3906.8928571428573
d_399,4025,2955,6121,1969,2674,3631,2881,1727,2408,4152,2012-03-02,3667.4285714285716,2687.285714285714,5764.392857142857,1913.2857142857142,2663.5,3807.464285714286,2778.285714285714,1826.75,1994.892857142857,3867.964285714286
d_400,5123,3850,7392,2234,3161,4998,3320,2503,2717,6021,2012-03-03,3643.75,2683.3928571428573,5751.178571428572,1899.4285714285713,2656.3214285714284,3803.1071428571427,2763.214285714286,1817.1785714285713,2000.7857142857142,3891.8214285714284
d_401,5165,3746,8245,2503,3471,4612,3473,2100,2089,4921,2012-03-04,3657.3928571428573,2703.75,5798.821428571428,1907.4285714285713,2645.1428571428573,3777.0714285714284,2739.75,1822.6785714285713,1984.892857142857,3882.1785714285716
d_402,3893,2306,6450,1846,2810,4367,2914,1607,2192,4318,2012-03-05,3666.5,2705.714285714286,5817.321428571428,1902.75,2654.714285714286,3804.1071428571427,2738.25,1827.642857142857,1986.6785714285713,3887.6428571428573
d_403,3398,2392,5952,1972,2566,3749,2883,1579,2239,4802,2012-03-06,3675.035714285714,2713.8928571428573,5829.321428571428,1907.2142857142858,2655.8214285714284,3810.3928571428573,2741.8928571428573,1830.6785714285713,2003.4642857142858,3945.8928571428573
d_404,3541,2282,5621,2000,2362,3572,2689,1488,1496,3557,2012-03-07,3692.8928571428573,2718.1071428571427,5833.714285714285,1912.0357142857142,2655.8928571428573,3823.1071428571427,2745.1428571428573,1829.9285714285713,1983.0,3920.8214285714284
d_405,3392,2400,5892,1826,2454,3340,2526,1692,1933,4304,2012-03-08,3705.6785714285716,2716.6785714285716,5847.678571428572,1912.6785714285713,2653.25,3822.75,2747.8214285714284,1831.5714285714287,1962.0714285714287,3908.464285714286
d_406,3786,2999,6139,2075,2469,3503,2492,1948,1889,5022,2012-03-09,3715.3214285714284,2728.3928571428573,5848.785714285715,1910.7142857142858,2660.964285714286,3827.6785714285716,2747.1785714285716,1843.8214285714287,1955.142857142857,3958.464285714286
d_407,5354,4000,7050,2289,3350,4693,3465,2361,2042,4955,2012-03-10,3711.4285714285716,2729.8571428571427,5822.214285714285,1905.142857142857,2667.0,3809.1428571428573,2753.714285714286,1837.642857142857,1942.1785714285713,3939.6428571428573
d_408,5502,3997,7672,2724,3400,4928,3645,2020,1827,4897,2012-03-11,3721.1428571428573,2737.75,5842.821428571428,1914.642857142857,2657.5714285714284,3802.964285714286,2747.464285714286,1829.4285714285713,1909.6785714285713,3908.3571428571427
d_409,3643,2417,6361,1787,3261,4191,3207,1623,1723,4288,2012-03-12,3720.035714285714,2738.5714285714284,5861.107142857143,1905.7142857142858,2670.4285714285716,3796.964285714286,2750.0714285714284,1831.4285714285713,1900.25,3926.75
d_410,2836,2025,5476,1690,2997,4386,3041,1691,1533,3425,2012-03-13,3728.3571428571427,2743.6071428571427,5900.142857142857,1910.8214285714287,2693.214285714286,3836.0714285714284,2771.75,1839.9285714285713,1892.642857142857,3927.6428571428573
d_411,2821,1987,5045,1589,2826,3796,2706,1451,1669,3951,2012-03-14,3733.785714285714,2744.035714285714,5908.25,1912.857142857143,2706.3928571428573,3847.964285714286,2785.535714285714,1833.5357142857142,1885.142857142857,3921.0714285714284
d_412,3161,2341,4964,1751,3005,4312,2875,1774,2146,4423,2012-03-15,3745.535714285714,2756.0714285714284,5921.892857142857,1919.4642857142858,2737.6428571428573,3889.8571428571427,2799.464285714286,1838.3214285714287,1902.392857142857,3966.3928571428573
d_413,3737,2358,5107,2001,2964,4073,2830,2069,1679,4133,2012-03-16,3760.75,2750.1428571428573,5914.392857142857,1927.7142857142858,2770.5,3924.785714285714,2810.75,1848.2142857142858,1895.0,3994.3214285714284
d_414,4718,4287,6773,2257,2982,4314,3275,2584,1851,4863,2012-03-17,3767.3214285714284,2770.6071428571427,5923.607142857143,1933.0,2773.9285714285716,3920.8928571428573,2817.9285714285716,1852.607142857143,1884.4642857142858,3998.0
d_415,4966,3674,6983,2034,3599,4824,3485,2054,1885,4190,2012-03-18,3782.714285714286,2782.1428571428573,5952.107142857143,1931.0714285714287,2777.9285714285716,3911.6428571428573,2828.9285714285716,1849.7857142857142,1885.0357142857142,3989.4285714285716
d_416,3621,2553,5302,1862,2506,3594,3090,1535,1720,3404,2012-03-19,3779.1428571428573,2776.3928571428573,5903.535714285715,1929.1785714285713,2767.714285714286,3917.6785714285716,2843.214285714286,1853.107142857143,1889.5,3994.5
d_417,2939,2243,5033,1632,2359,2973,2158,1586,1369,3241,2012-03-20,3783.285714285714,2784.964285714286,5899.428571428572,1926.0,2775.6071428571427,3911.464285714286,2840.1428571428573,1855.8214285714287,1882.2142857142858,4007.285714285714
d_418,2764,2063,4909,1750,2454,3292,2361,1808,1575,3251,2012-03-21,3782.9285714285716,2779.214285714286,5919.357142857143,1935.0,2783.6071428571427,3926.1428571428573,2853.75,1860.4285714285713,1878.0357142857142,4023.1785714285716
d_419,3103,2187,4885,1676,2389,3280,2459,1722,1375,2939,2012-03-22,3793.8214285714284,2772.8214285714284,5925.857142857143,1936.3214285714287,2783.1785714285716,3935.964285714286,2869.535714285714,1863.7142857142858,1866.8214285714287,4022.3214285714284
d_420,3414,2998,5082,1845,2587,3792,2616,1792,1445,3484,2012-03-23,3798.6071428571427,2778.464285714286,5900.214285714285,1938.392857142857,2785.285714285714,3958.3571428571427,2883.6428571428573,1869.357142857143,1857.25,4043.1071428571427
d_421,5211,3462,6117,2081,3103,4826,3204,2556,2032,4497,2012-03-24,3813.0714285714284,2775.3214285714284,5898.535714285715,1940.0357142857142,2798.1428571428573,3979.0,2897.714285714286,1860.4285714285713,1850.6785714285713,4046.8928571428573
d_422,5240,3497,7209,2456,3383,4834,3447,2003,1775,3999,2012-03-25,3842.0,2780.035714285714,5913.714285714285,1954.0714285714287,2803.464285714286,3977.1428571428573,2900.6071428571427,1851.5,1845.2857142857142,4047.785714285714
d_423,3167,2359,5463,1920,2480,3549,2566,1239,1374,3065,2012-03-26,3848.035714285714,2785.285714285714,5920.035714285715,1958.0,2809.1071428571427,3977.1071428571427,2895.6071428571427,1837.5,1834.642857142857,4047.1428571428573
d_424,2889,2079,4239,1661,2175,3219,2505,1572,1528,2782,2012-03-27,3854.535714285714,2790.1785714285716,5910.214285714285,1957.9285714285713,2809.75,3984.1428571428573,2903.1071428571427,1840.0714285714287,1832.4285714285713,4040.464285714286
d_425,2768,2417,4771,1864,2161,2932,2218,1590,1449,2613,2012-03-28,3849.285714285714,2797.3571428571427,5922.607142857143,1964.4285714285713,2809.964285714286,3976.1428571428573,2901.6428571428573,1838.9642857142858,1822.1785714285713,4039.5714285714284
d_426,2625,2267,4415,1595,2123,2918,2263,1554,1517,2602,2012-03-29,3814.3571428571427,2790.75,5881.0,1960.3214285714287,2788.25,3946.3571428571427,2878.3571428571427,1829.5714285714287,1802.75,4003.535714285714
d_427,4255,2703,5549,1961,2582,3732,2698,1900,1893,3459,2012-03-30,3822.5714285714284,2781.75,5860.571428571428,1960.0357142857142,2784.964285714286,3949.964285714286,2871.8214285714284,1835.75,1784.357142857143,3978.785714285714
d_428,4902,3705,6413,2686,2956,4861,3200,2688,2384,4668,2012-03-31,3814.6785714285716,2776.5714285714284,5825.607142857143,1976.1785714285713,2777.6428571428573,3945.0714285714284,2867.535714285714,1842.357142857143,1772.4642857142858,3930.464285714286
d_429,5181,3757,6959,2467,3927,5636,3864,2032,1827,4133,2012-04-01,3815.25,2776.964285714286,5779.678571428572,1974.892857142857,2793.9285714285716,3981.6428571428573,2881.5,1839.9285714285713,1763.107142857143,3902.3214285714284
d_430,3825,2509,6008,2067,2442,3539,2736,1609,1986,4638,2012-04-02,3812.8214285714284,2784.214285714286,5763.892857142857,1982.7857142857142,2780.785714285714,3952.0714285714284,2875.1428571428573,1840.0,1755.75,3913.75
d_431,4005,2635,6124,1921,3349,3831,3033,1658,2151,4326,2012-04-03,3834.5,2792.8928571428573,5770.035714285715,1980.9642857142858,2808.75,3955.0,2880.5,1842.8214285714287,1752.607142857143,3896.75
d_432,3493,2423,5300,1994,2494,3411,2467,1548,1736,3452,2012-04-04,3832.785714285714,2797.9285714285716,5758.571428571428,1980.75,2813.464285714286,3949.25,2872.5714285714284,1844.9642857142858,1761.1785714285713,3893.0
d_433,3973,2441,5677,1989,2984,3681,2917,1666,1836,4204,2012-04-05,3853.535714285714,2799.3928571428573,5750.892857142857,1986.5714285714287,2832.3928571428573,3961.4285714285716,2886.535714285714,1844.0357142857142,1757.7142857142858,3889.4285714285716
d_434,5085,2904,6341,2237,3585,4856,3300,2274,2184,4779,2012-04-06,3899.9285714285716,2796.0,5758.107142857143,1992.357142857143,2872.25,4009.75,2915.3928571428573,1855.6785714285713,1768.25,3880.75
d_435,6035,4306,8069,2922,4307,5775,4249,2922,2029,5024,2012-04-07,3924.25,2806.9285714285716,5794.5,2014.9642857142858,2906.4285714285716,4048.3928571428573,2943.3928571428573,1875.7142857142858,1767.7857142857142,3883.214285714286
d_436,3962,3506,6992,2257,4292,4896,3189,1516,1448,4152,2012-04-08,3869.25,2789.3928571428573,5770.214285714285,1998.2857142857142,2938.285714285714,4047.25,2927.1071428571427,1857.7142857142858,1754.25,3856.6071428571427
d_437,3984,2499,6250,2065,2786,3946,2821,1626,1901,4115,2012-04-09,3881.4285714285716,2792.3214285714284,5766.25,2008.2142857142858,2921.3214285714284,4038.5,2913.3214285714284,1857.8214285714287,1760.607142857143,3850.4285714285716
d_438,3859,2105,5565,1736,2483,3858,2416,1674,1762,3342,2012-04-10,3917.964285714286,2795.1785714285716,5769.428571428572,2009.857142857143,2902.964285714286,4019.6428571428573,2891.0,1857.2142857142858,1768.7857142857142,3847.464285714286
d_439,3310,2467,5225,1766,2883,3798,2691,1588,1788,4059,2012-04-11,3935.4285714285716,2812.3214285714284,5775.857142857143,2016.1785714285713,2905.0,4019.714285714286,2890.464285714286,1862.107142857143,1773.0357142857142,3851.3214285714284
d_440,3293,2452,4662,1563,2769,3486,2743,1720,1756,4124,2012-04-12,3940.1428571428573,2816.285714285714,5765.071428571428,2009.4642857142858,2896.5714285714284,3990.214285714286,2885.75,1860.1785714285713,1759.107142857143,3840.6428571428573
d_441,4136,2722,5106,1845,3131,4182,2942,2111,1725,4038,2012-04-13,3954.3928571428573,2829.285714285714,5765.035714285715,2003.892857142857,2902.535714285714,3994.1071428571427,2889.75,1861.6785714285713,1760.75,3837.25
d_442,5114,3791,6165,2270,3529,4956,3232,2214,1970,5305,2012-04-14,3968.535714285714,2811.5714285714284,5743.321428571428,2004.357142857143,2922.0714285714284,4017.035714285714,2888.214285714286,1848.4642857142858,1765.0,3853.035714285714
d_443,4950,3603,5851,2257,3993,5435,3876,1967,1798,4977,2012-04-15,3967.964285714286,2809.035714285714,5702.892857142857,2012.3214285714287,2936.1428571428573,4038.8571428571427,2902.1785714285716,1845.357142857143,1761.892857142857,3881.1428571428573
d_444,3279,2362,5119,1892,2633,3321,2331,1485,1599,3651,2012-04-16,3955.75,2802.214285714286,5696.357142857143,2013.392857142857,2940.6785714285716,4029.1071428571427,2875.0714285714284,1843.5714285714287,1757.5714285714287,3889.964285714286
d_445,2784,2000,4775,1620,2777,3389,2530,1525,1419,3248,2012-04-17,3950.214285714286,2793.535714285714,5687.142857142857,2012.9642857142858,2955.6071428571427,4043.964285714286,2888.3571428571427,1841.392857142857,1759.357142857143,3890.214285714286
d_446,2764,2238,4547,1809,2378,3312,2159,1316,1316,2860,2012-04-18,3950.214285714286,2799.785714285714,5674.214285714285,2015.0714285714287,2952.8928571428573,4044.6785714285716,2881.1428571428573,1823.8214285714287,1750.107142857143,3876.25
d_447,3330,2194,4488,1793,2413,3338,2271,1212,1256,2529,2012-04-19,3958.3214285714284,2800.035714285714,5660.035714285715,2019.25,2953.75,4046.75,2874.4285714285716,1805.607142857143,1745.857142857143,3861.6071428571427
d_448,4124,2675,5065,1875,2133,3477,2336,1807,1595,3056,2012-04-20,3983.6785714285716,2788.5,5659.428571428572,2020.3214285714287,2937.535714285714,4035.5,2864.4285714285716,1806.142857142857,1751.2142857142858,3846.3214285714284
d_449,5027,3888,6187,2234,3237,4741,2915,2377,1706,4396,2012-04-21,3977.1071428571427,2803.714285714286,5661.928571428572,2025.7857142857142,2942.3214285714284,4032.464285714286,2854.1071428571427,1799.75,1739.5714285714287,3842.714285714286
d_450,5179,3552,6767,2295,3600,4701,3359,1987,1543,3781,2012-04-22,3974.9285714285716,2805.6785714285716,5646.142857142857,2020.0357142857142,2950.0714285714284,4027.714285714286,2850.964285714286,1799.1785714285713,1731.2857142857142,3834.9285714285716
d_451,2968,2374,4991,1884,2789,3351,2739,1558,1140,2876,2012-04-23,3967.8214285714284,2806.214285714286,5629.285714285715,2018.75,2961.1071428571427,4020.6428571428573,2857.1428571428573,1810.5714285714287,1722.9285714285713,3828.1785714285716
d_452,3032,2287,4334,1892,2635,2963,2129,1525,1283,2768,2012-04-24,3972.9285714285716,2813.6428571428573,5632.678571428572,2027.0,2977.535714285714,4011.5,2843.714285714286,1808.892857142857,1714.1785714285713,3827.6785714285716
d_453,2851,2127,4393,1681,2535,2944,2394,1405,1154,2964,2012-04-25,3975.8928571428573,2803.285714285714,5619.178571428572,2020.4642857142858,2990.8928571428573,4011.9285714285716,2850.0,1802.2857142857142,1703.642857142857,3840.214285714286
d_454,3003,2194,4141,1676,2379,3153,2300,1645,1264,2775,2012-04-26,3989.3928571428573,2800.6785714285716,5609.392857142857,2023.357142857143,3000.035714285714,4020.3214285714284,2851.3214285714284,1805.5357142857142,1694.607142857143,3846.3928571428573
d_455,3820,3001,4734,2016,2426,3730,2416,1944,1426,3464,2012-04-27,3973.8571428571427,2811.3214285714284,5580.285714285715,2025.3214285714287,2994.464285714286,4020.25,2841.25,1807.107142857143,1677.9285714285713,3846.5714285714284
d_456,4754,3570,5781,2016,3533,4431,2856,2606,1864,4236,2012-04-28,3968.5714285714284,2806.5,5557.714285714285,2001.392857142857,3015.0714285714284,4004.8928571428573,2828.964285714286,1804.1785714285713,1659.357142857143,3831.1428571428573
d_457,4856,3546,6283,2219,3490,5027,3219,2039,1457,3988,2012-04-29,3956.964285714286,2798.964285714286,5533.571428571428,1992.5357142857142,2999.464285714286,3983.1428571428573,2805.9285714285716,1804.4285714285713,1646.142857142857,3825.964285714286
d_458,3353,2477,4853,2053,2648,3442,2527,1616,1329,3058,2012-04-30,3940.1071428571427,2797.8214285714284,5492.321428571428,1992.0357142857142,3006.8214285714284,3979.6785714285716,2798.464285714286,1804.6785714285713,1622.6785714285713,3769.535714285714
d_459,3605,2540,5534,1914,3102,3603,2872,1699,1686,3735,2012-05-01,3925.8214285714284,2794.4285714285716,5471.25,1991.7857142857142,2998.0,3971.535714285714,2792.714285714286,1806.142857142857,1606.0714285714287,3748.4285714285716
d_460,3514,2464,5282,1707,2616,3342,2513,1654,1568,4579,2012-05-02,3926.5714285714284,2795.8928571428573,5470.607142857143,1981.5357142857142,3002.3571428571427,3969.0714285714284,2794.3571428571427,1809.9285714285713,1600.0714285714287,3788.6785714285716
d_461,3981,2463,5646,1991,3030,4167,2835,1927,1968,4951,2012-05-03,3926.8571428571427,2796.6785714285716,5469.5,1981.607142857143,3004.0,3986.4285714285716,2791.4285714285716,1819.25,1604.7857142857142,3815.3571428571427
d_462,4168,3149,5477,2003,2915,3863,2924,2133,1866,4434,2012-05-04,3894.1071428571427,2805.4285714285716,5438.642857142857,1973.25,2980.0714285714284,3950.964285714286,2778.0,1814.2142857142858,1593.4285714285713,3803.035714285714
d_463,4457,3634,5889,2254,4154,5050,3579,2389,2254,5541,2012-05-05,3837.75,2781.4285714285716,5360.785714285715,1949.392857142857,2974.6071428571427,3925.0714285714284,2754.0714285714284,1795.1785714285713,1601.4642857142858,3821.5
d_464,5695,3998,6403,2463,4429,5615,3579,1869,2131,5347,2012-05-06,3899.6428571428573,2799.0,5339.75,1956.75,2979.5,3950.75,2768.0,1807.7857142857142,1625.857142857143,3864.1785714285716
d_465,4326,2600,6444,1947,3389,4434,3256,1445,1742,3894,2012-05-07,3911.8571428571427,2802.6071428571427,5346.678571428572,1952.5357142857142,3001.035714285714,3968.1785714285716,2783.535714285714,1801.3214285714287,1620.1785714285713,3856.285714285714
d_466,3577,2530,6187,1951,2592,3438,2482,1545,1938,4193,2012-05-08,3901.785714285714,2817.785714285714,5368.892857142857,1960.2142857142858,3004.9285714285716,3953.1785714285716,2785.8928571428573,1796.7142857142858,1626.4642857142858,3886.6785714285716
d_467,3501,2393,5455,1885,2554,3953,2658,1467,2063,4275,2012-05-09,3908.6071428571427,2815.1428571428573,5377.107142857143,1964.4642857142858,2993.1785714285716,3958.714285714286,2784.714285714286,1792.392857142857,1636.2857142857142,3894.3928571428573
d_468,3735,2407,5380,1817,2566,3195,2334,1546,1809,3375,2012-05-10,3924.3928571428573,2813.535714285714,5402.75,1973.5357142857142,2985.9285714285716,3948.3214285714284,2770.1071428571427,1786.1785714285713,1638.1785714285713,3867.6428571428573
d_469,4293,2916,5521,2054,2835,3743,2693,1878,2156,4725,2012-05-11,3930.0,2820.464285714286,5417.571428571428,1981.0,2975.3571428571427,3932.6428571428573,2761.214285714286,1777.857142857143,1653.5714285714287,3892.1785714285716
d_470,5546,3609,6575,2130,3714,4953,3604,2369,2324,6048,2012-05-12,3945.4285714285716,2813.964285714286,5432.214285714285,1976.0,2981.964285714286,3932.535714285714,2774.5,1783.392857142857,1666.2142857142858,3918.714285714286
d_471,4390,3166,5418,1833,3651,4766,3260,1757,1376,4152,2012-05-13,3925.4285714285716,2798.3571428571427,5416.75,1960.857142857143,2969.75,3908.6428571428573,2752.5,1775.892857142857,1651.142857142857,3889.25
d_472,3397,2288,5483,1952,2883,4062,2848,1450,2018,5202,2012-05-14,3929.6428571428573,2795.714285714286,5429.75,1963.0,2978.6785714285716,3935.1071428571427,2770.964285714286,1774.642857142857,1666.107142857143,3944.6428571428573
d_473,3429,2380,5273,2062,2874,4082,2876,1633,2345,4804,2012-05-15,3952.6785714285716,2809.285714285714,5447.535714285715,1978.7857142857142,2982.1428571428573,3959.8571428571427,2783.3214285714284,1778.5,1699.1785714285713,4000.214285714286
d_474,3570,2369,4752,1899,2576,3433,2685,1771,1999,3623,2012-05-16,3981.464285714286,2813.964285714286,5454.857142857143,1982.0,2989.214285714286,3964.1785714285716,2802.1071428571427,1794.75,1723.5714285714287,4027.464285714286
d_475,3339,2327,4772,1781,2421,3197,2577,1717,1679,3513,2012-05-17,3981.785714285714,2818.714285714286,5465.0,1981.5714285714287,2989.5,3959.1428571428573,2813.035714285714,1812.7857142857142,1738.6785714285713,4062.6071428571427
d_476,4107,2871,5615,2204,2723,3842,2875,1831,2090,4153,2012-05-18,3981.1785714285716,2825.714285714286,5484.642857142857,1993.3214285714287,3010.5714285714284,3972.1785714285716,2832.285714285714,1813.642857142857,1756.357142857143,4101.785714285715
d_477,4904,4066,6325,2105,3384,4623,3204,2386,2139,4793,2012-05-19,3976.785714285714,2832.0714285714284,5489.571428571428,1988.7142857142858,3015.8214285714284,3967.964285714286,2842.6071428571427,1813.9642857142858,1771.8214285714287,4115.964285714285
d_478,5477,3717,6471,2482,3891,4940,3622,2068,2025,4821,2012-05-20,3987.4285714285716,2837.964285714286,5479.0,1995.392857142857,3026.214285714286,3976.5,2852.0,1816.857142857143,1789.0357142857142,4153.107142857143
d_479,3583,2079,5542,2078,2541,3466,2737,1718,1718,3343,2012-05-21,4009.3928571428573,2827.4285714285716,5498.678571428572,2002.3214285714287,3017.3571428571427,3980.6071428571427,2851.9285714285716,1822.5714285714287,1809.6785714285713,4169.785714285715
d_480,2713,2391,5158,1702,2570,3397,2976,1811,1682,3102,2012-05-22,3998.0,2831.1428571428573,5528.107142857143,1995.5357142857142,3015.035714285714,3996.1071428571427,2882.1785714285716,1832.7857142857142,1823.9285714285713,4181.714285714285
d_481,2852,2230,4788,1690,2440,3366,2493,1673,1897,3194,2012-05-23,3998.035714285714,2834.8214285714284,5542.214285714285,1995.857142857143,3011.6428571428573,4011.1785714285716,2885.714285714286,1842.357142857143,1850.4642857142858,4189.928571428572
d_482,3272,2264,4774,1808,2708,3614,2519,1746,1834,3424,2012-05-24,4007.6428571428573,2837.3214285714284,5564.821428571428,2000.5714285714287,3023.3928571428573,4027.6428571428573,2893.535714285714,1845.9642857142858,1870.8214285714287,4213.107142857143
d_483,4120,2783,5567,1941,2632,4104,3050,2119,2519,3962,2012-05-25,4018.3571428571427,2829.535714285714,5594.571428571428,1997.892857142857,3030.75,4041.0,2916.1785714285716,1852.2142857142858,1909.857142857143,4230.892857142857
d_484,4700,3303,5647,2103,3444,5175,3286,2405,2560,4616,2012-05-26,4016.4285714285716,2820.0,5589.785714285715,2001.0,3027.5714285714284,4067.5714285714284,2931.535714285714,1845.0357142857142,1934.7142857142858,4244.464285714285
d_485,4572,3164,5273,1757,3500,4692,3190,1841,2069,3795,2012-05-27,4006.285714285714,2806.3571428571427,5553.714285714285,1984.5,3027.9285714285716,4055.6071428571427,2930.5,1837.9642857142858,1956.5714285714287,4237.571428571428
d_486,4070,3278,5588,2061,3344,4732,3178,1633,2010,3513,2012-05-28,4031.8928571428573,2834.964285714286,5579.964285714285,1984.7857142857142,3052.785714285714,4101.678571428572,2953.75,1838.5714285714287,1980.892857142857,4253.821428571428
d_487,3277,2409,5033,2215,2808,3636,2728,1594,1804,3116,2012-05-29,4020.1785714285716,2830.285714285714,5562.071428571428,1995.5357142857142,3042.285714285714,4102.857142857143,2948.6071428571427,1834.8214285714287,1985.107142857143,4231.714285714285
d_488,2977,2239,5055,1807,2578,3388,2475,1517,2145,2969,2012-05-30,4001.0,2822.25,5553.964285714285,1999.107142857143,3040.9285714285716,4104.5,2947.25,1829.9285714285713,2005.7142857142858,4174.214285714285
d_489,3546,2687,5189,2079,2258,3383,2449,1872,2487,2859,2012-05-31,3985.464285714286,2830.25,5537.642857142857,2002.25,3013.3571428571427,4076.5,2933.464285714286,1827.9642857142858,2024.25,4099.5
d_490,4575,3244,6874,2113,3569,4735,3942,2421,3551,4505,2012-06-01,4000.0,2833.6428571428573,5587.535714285715,2006.1785714285713,3036.714285714286,4107.642857142857,2969.8214285714284,1838.25,2084.4285714285716,4102.035714285715
d_491,5652,4165,7155,2488,3626,5148,3942,2413,4289,6065,2012-06-02,4042.6785714285716,2852.6071428571427,5632.75,2014.5357142857142,3017.8571428571427,4111.142857142857,2982.785714285714,1839.107142857143,2157.1071428571427,4120.75
d_492,5336,3703,7322,2775,3907,5374,3990,2165,3629,5709,2012-06-03,4029.8571428571427,2842.0714285714284,5665.571428571428,2025.6785714285713,2999.214285714286,4102.535714285715,2997.464285714286,1849.6785714285713,2210.6071428571427,4133.678571428572
d_493,3993,2514,6243,1931,2979,4098,3139,1534,2664,4199,2012-06-04,4017.964285714286,2839.0,5658.392857142857,2025.107142857143,2984.5714285714284,4090.535714285714,2993.285714285714,1852.857142857143,2243.535714285714,4144.571428571428
d_494,3772,2408,6080,2039,2972,4179,3059,1740,3578,4179,2012-06-05,4024.9285714285716,2834.6428571428573,5654.571428571428,2028.25,2998.1428571428573,4117.0,3013.8928571428573,1859.8214285714287,2302.1071428571427,4144.071428571428
d_495,3558,2337,5698,2070,3133,4070,2981,1647,3683,4410,2012-06-06,4026.964285714286,2832.6428571428573,5663.25,2034.857142857143,3018.8214285714284,4121.178571428572,3025.4285714285716,1866.25,2359.964285714286,4148.892857142857
d_496,3724,2338,6014,2026,3054,4446,3084,1714,2571,3564,2012-06-07,4026.5714285714284,2830.1785714285716,5685.892857142857,2042.3214285714287,3036.25,4165.857142857143,3052.214285714286,1872.25,2387.1785714285716,4155.642857142857
d_497,4448,3066,6173,2096,2935,4284,2788,2372,3532,5207,2012-06-08,4032.1071428571427,2835.535714285714,5709.178571428572,2043.8214285714287,3039.8214285714284,4185.178571428572,3055.6071428571427,1889.892857142857,2436.3214285714284,4172.857142857143
d_498,4946,3501,7035,2359,3515,5383,4066,2359,4226,5919,2012-06-09,4010.6785714285716,2831.6785714285716,5725.607142857143,2052.0,3032.714285714286,4200.535714285715,3072.1071428571427,1889.5357142857142,2504.25,4168.25
d_499,5484,4081,8064,2645,4061,5707,4093,2121,3516,5172,2012-06-10,4049.75,2864.3571428571427,5820.107142857143,2081.0,3047.3571428571427,4234.142857142857,3101.8571428571427,1902.5357142857142,2580.6785714285716,4204.678571428572
d_500,4310,3001,7092,2372,3497,5002,3501,1895,3919,5047,2012-06-11,4082.3571428571427,2889.8214285714284,5877.571428571428,2096.0,3069.285714285714,4267.714285714285,3125.1785714285716,1918.4285714285713,2648.5714285714284,4199.142857142857
d_501,3845,2915,5999,1917,3196,4050,2805,2034,4013,4300,2012-06-12,4097.214285714285,2908.9285714285716,5903.5,2090.8214285714284,3080.785714285714,4266.571428571428,3122.6428571428573,1932.75,2708.1428571428573,4181.142857142857
d_502,3734,2799,5454,1953,2935,4179,3314,1857,2983,3722,2012-06-13,4103.071428571428,2924.285714285714,5928.571428571428,2092.75,3093.6071428571427,4293.214285714285,3145.1071428571427,1935.8214285714287,2743.285714285714,4184.678571428572
d_503,3838,2773,5816,1966,2749,3696,3025,1822,3180,4917,2012-06-14,4120.892857142857,2940.214285714286,5965.857142857143,2099.3571428571427,3105.3214285714284,4311.035714285715,3161.1071428571427,1939.5714285714287,2796.8928571428573,4234.821428571428
d_504,4683,3605,6588,2211,3822,4812,3642,2613,4055,5767,2012-06-15,4141.464285714285,2966.4285714285716,6000.607142857143,2099.6071428571427,3144.5714285714284,4345.678571428572,3188.5,1967.5,2867.0714285714284,4292.464285714285
d_505,5587,4044,7331,2569,3658,5497,3918,2861,3638,5335,2012-06-16,4165.857142857143,2965.6428571428573,6036.535714285715,2116.1785714285716,3154.3571428571427,4376.892857142857,3214.0,1984.4642857142858,2920.6071428571427,4311.821428571428
d_506,4618,3711,6872,2144,3771,4987,3772,1944,2563,4657,2012-06-17,4135.178571428572,2965.4285714285716,6050.857142857143,2104.1071428571427,3150.0714285714284,4378.571428571428,3219.3571428571427,1980.0357142857142,2939.8214285714284,4305.964285714285
d_507,3740,3000,6379,2022,3270,4031,3036,1969,2698,3955,2012-06-18,4140.785714285715,2998.3214285714284,6080.75,2102.1071428571427,3176.1071428571427,4398.75,3230.035714285714,1989.0,2974.8214285714284,4327.821428571428
d_508,3486,2663,5838,2091,2578,3861,2398,2109,2759,4184,2012-06-19,4168.392857142857,3008.035714285714,6105.035714285715,2116.0,3176.3928571428573,4415.321428571428,3209.3928571428573,1999.642857142857,3013.285714285714,4366.464285714285
d_509,3427,2691,5697,1802,2752,3844,2681,2092,2720,3762,2012-06-20,4188.928571428572,3024.5,6137.5,2120.0,3187.535714285714,4432.392857142857,3216.1071428571427,2014.607142857143,3042.6785714285716,4386.75
d_510,3580,2809,5133,1982,2673,3569,2694,1961,2645,3718,2012-06-21,4199.928571428572,3043.964285714286,6150.321428571428,2126.214285714286,3186.285714285714,4430.785714285715,3222.3571428571427,2022.2857142857142,3071.6428571428573,4397.25
d_511,4760,3390,5896,2009,3076,4314,3288,2471,2987,4286,2012-06-22,4222.785714285715,3065.6428571428573,6162.071428571428,2128.6428571428573,3202.1428571428573,4438.285714285715,3230.8571428571427,2034.857142857143,3088.3571428571427,4408.821428571428
d_512,4891,3889,6975,2038,3430,4857,3722,2336,3269,4603,2012-06-23,4229.607142857143,3086.5714285714284,6209.5,2126.3214285714284,3201.6428571428573,4426.928571428572,3246.4285714285716,2032.392857142857,3113.6785714285716,4408.357142857143
d_513,5226,3769,7095,2246,3647,4984,3887,2048,3016,4591,2012-06-24,4252.964285714285,3108.1785714285716,6274.571428571428,2143.785714285714,3206.8928571428573,4437.357142857143,3271.3214285714284,2039.7857142857142,3147.5,4436.785714285715
d_514,3654,2634,5574,1931,2936,4136,3179,1676,2588,3539,2012-06-25,4238.107142857143,3085.1785714285716,6274.071428571428,2139.1428571428573,3192.3214285714284,4416.071428571428,3271.3571428571427,2041.3214285714287,3168.1428571428573,4437.714285714285
d_515,3181,2265,5021,1901,2527,3679,2947,1842,2604,3404,2012-06-26,4234.678571428572,3080.035714285714,6273.642857142857,2127.9285714285716,3182.285714285714,4417.607142857143,3279.1785714285716,2050.1785714285716,3196.714285714286,4448.0
d_516,3253,2398,5025,1845,2506,3599,2679,1937,2438,3205,2012-06-27,4244.535714285715,3085.714285714286,6272.571428571428,2129.285714285714,3179.714285714286,4425.142857142857,3286.464285714286,2065.1785714285716,3207.1785714285716,4456.428571428572
d_517,3555,2566,5244,2001,2075,3646,2618,1809,2720,3351,2012-06-28,4244.857142857143,3081.3928571428573,6274.535714285715,2126.5,3173.1785714285716,4434.535714285715,3292.5,2062.9285714285716,3215.5,4474.0
d_518,4280,3372,5745,2124,2922,4305,3158,2326,3409,4736,2012-06-29,4234.321428571428,3085.964285714286,6234.214285714285,2126.8928571428573,3150.0714285714284,4419.178571428572,3264.5,2059.535714285714,3210.4285714285716,4482.25
d_519,5356,3883,6425,2297,3075,4637,3477,2635,3719,5090,2012-06-30,4223.75,3075.8928571428573,6208.142857142857,2120.0714285714284,3130.3928571428573,4400.928571428572,3247.8928571428573,2067.464285714286,3190.0714285714284,4447.428571428572
d_520,5548,3790,6924,2315,4031,4772,3454,2091,3175,4599,2012-07-01,4231.321428571428,3079.0,6193.928571428572,2103.6428571428573,3134.8214285714284,4379.428571428572,3228.75,2064.8214285714284,3173.8571428571427,4407.785714285715
d_521,4155,2689,6482,1912,2705,4055,2784,1844,4074,5163,2012-07-02,4237.107142857143,3085.25,6202.464285714285,2102.964285714286,3125.035714285714,4377.892857142857,3216.0714285714284,2075.8928571428573,3224.214285714286,4442.214285714285
d_522,4609,2852,6616,2070,3255,4312,3258,2121,4639,5810,2012-07-03,4267.0,3101.1071428571427,6221.607142857143,2104.0714285714284,3135.1428571428573,4382.642857142857,3223.1785714285716,2089.5,3262.1071428571427,4500.464285714285
d_523,3497,2721,5978,1748,2913,4052,2895,1735,2894,4223,2012-07-04,4264.821428571428,3114.8214285714284,6231.607142857143,2092.5714285714284,3127.285714285714,4382.0,3220.1071428571427,2092.6428571428573,3233.9285714285716,4493.785714285715
d_524,3455,2700,5773,1747,2690,4022,2914,1979,4188,4940,2012-07-05,4255.214285714285,3127.75,6223.0,2082.6071428571427,3114.285714285714,4366.857142857143,3214.035714285714,2102.1071428571427,3291.6785714285716,4542.928571428572
d_525,4426,3130,6620,2008,3381,4434,3504,2060,4502,5926,2012-07-06,4254.428571428572,3130.035714285714,6238.964285714285,2079.464285714286,3130.214285714286,4372.214285714285,3239.6071428571427,2090.964285714286,3326.3214285714284,4568.607142857143
d_526,4784,3581,7254,1995,3984,5217,3678,2233,3707,4998,2012-07-07,4248.642857142857,3132.8928571428573,6246.785714285715,2066.464285714286,3146.964285714286,4366.285714285715,3225.75,2086.464285714286,3307.785714285714,4535.714285714285
d_527,5481,3541,7683,2467,3478,4720,3597,2282,4143,5280,2012-07-08,4248.535714285715,3113.6071428571427,6233.178571428572,2060.1071428571427,3126.1428571428573,4331.035714285715,3208.035714285714,2092.214285714286,3330.1785714285716,4539.571428571428
d_528,4280,2608,6556,2276,2928,3765,2883,1762,3876,4836,2012-07-09,4247.464285714285,3099.5714285714284,6214.035714285715,2056.6785714285716,3105.8214285714284,4286.857142857143,3185.964285714286,2087.464285714286,3328.6428571428573,4532.035714285715
d_529,3947,2781,6267,2103,2417,3464,2882,1914,2792,4020,2012-07-10,4251.107142857143,3094.785714285714,6223.607142857143,2063.3214285714284,3078.0,4265.928571428572,3188.714285714286,2083.1785714285716,3285.035714285714,4522.035714285715
d_530,3678,2529,5657,2060,2859,3816,2751,1745,3702,4275,2012-07-11,4249.107142857143,3085.1428571428573,6230.857142857143,2067.1428571428573,3075.285714285714,4252.964285714285,3168.6071428571427,2079.1785714285716,3310.714285714286,4541.785714285715
d_531,3778,2711,5507,1845,2772,3510,2881,1640,3762,4671,2012-07-12,4246.964285714285,3082.9285714285716,6219.821428571428,2062.8214285714284,3076.1071428571427,4246.321428571428,3163.464285714286,2072.6785714285716,3331.5,4533.0
d_532,4322,3298,6008,2015,3242,4196,3429,2106,3273,4693,2012-07-13,4234.071428571428,3071.964285714286,6199.107142857143,2055.8214285714284,3055.3928571428573,4224.321428571428,3155.8571428571427,2054.5714285714284,3303.5714285714284,4494.642857142857
d_533,4912,3917,6782,2208,3541,5151,3514,2511,4476,5336,2012-07-14,4209.964285714285,3067.4285714285716,6179.5,2042.9285714285713,3051.214285714286,4211.964285714285,3141.4285714285716,2042.0714285714287,3333.5,4494.678571428572
d_534,4954,3784,7000,2365,4078,5322,3805,1881,4736,5764,2012-07-15,4221.964285714285,3070.035714285714,6184.071428571428,2050.8214285714284,3062.1785714285716,4223.928571428572,3142.6071428571427,2039.8214285714287,3411.1071428571427,4534.214285714285
d_535,3583,2691,6062,1811,2673,3859,2832,1627,3498,4384,2012-07-16,4216.357142857143,3059.0,6172.75,2043.2857142857142,3040.8571428571427,4217.785714285715,3135.3214285714284,2027.607142857143,3439.6785714285716,4549.535714285715
d_536,3493,2557,5623,1859,2679,3230,2553,1637,2947,3840,2012-07-17,4216.607142857143,3055.214285714286,6165.071428571428,2035.0,3044.464285714286,4195.25,3140.8571428571427,2010.75,3446.3928571428573,4537.25
d_537,3285,2581,5218,1750,2358,3353,2663,1766,2629,3313,2012-07-18,4211.535714285715,3051.285714285714,6147.964285714285,2033.142857142857,3030.3928571428573,4177.714285714285,3140.214285714286,1999.107142857143,3443.1428571428573,4521.214285714285
d_538,3491,2902,5487,2165,2556,3783,2712,1681,2745,3342,2012-07-19,4208.357142857143,3054.6071428571427,6160.607142857143,2039.6785714285713,3026.214285714286,4185.357142857143,3140.8571428571427,1989.107142857143,3446.714285714286,4507.785714285715
d_539,4488,3061,5981,2273,2869,4460,3252,2155,2847,4016,2012-07-20,4198.642857142857,3042.8571428571427,6163.642857142857,2049.1071428571427,3018.8214285714284,4190.571428571428,3139.5714285714284,1977.8214285714287,3441.714285714286,4498.142857142857
d_540,5011,3784,6703,2313,3290,4841,3502,2439,3301,4360,2012-07-21,4202.928571428572,3039.1071428571427,6153.928571428572,2058.9285714285716,3013.8214285714284,4190.0,3131.714285714286,1981.5,3442.8571428571427,4489.464285714285
d_541,5301,3713,7293,2427,3670,4930,3742,1908,2926,4042,2012-07-22,4205.607142857143,3037.1071428571427,6161.0,2065.3928571428573,3014.6428571428573,4188.071428571428,3126.535714285714,1976.5,3439.6428571428573,4469.857142857143
d_542,3560,2686,5881,2067,2458,3480,2804,1445,2895,3588,2012-07-23,4202.25,3038.964285714286,6171.964285714285,2070.25,2997.5714285714284,4164.642857142857,3113.1428571428573,1968.25,3450.6071428571427,4471.607142857143
d_543,3255,2773,5467,1724,2366,3574,2716,1639,2679,3286,2012-07-24,4204.892857142857,3057.1071428571427,6187.892857142857,2063.9285714285716,2991.8214285714284,4160.892857142857,3104.8928571428573,1961.0,3453.285714285714,4467.392857142857
d_544,3182,2516,5202,1905,2168,3533,2441,1597,2654,3156,2012-07-25,4202.357142857143,3061.3214285714284,6194.214285714285,2066.0714285714284,2979.75,4158.535714285715,3096.3928571428573,1948.857142857143,3461.0,4465.642857142857
d_545,3575,2512,5113,1896,2365,3367,2523,1551,2482,3154,2012-07-26,4203.071428571428,3059.3928571428573,6189.535714285715,2062.3214285714284,2990.1071428571427,4148.571428571428,3093.0,1939.642857142857,3452.5,4458.607142857143
d_546,3750,2887,5596,1868,2578,3944,2811,1915,3098,3393,2012-07-27,4184.142857142857,3042.0714285714284,6184.214285714285,2053.1785714285716,2977.8214285714284,4135.678571428572,3080.6071428571427,1924.9642857142858,3441.3928571428573,4410.642857142857
d_547,3971,3486,5939,1977,2838,4609,3362,2057,2626,3723,2012-07-28,4134.678571428572,3027.8928571428573,6166.857142857143,2041.75,2969.3571428571427,4134.678571428572,3076.5,1904.3214285714287,3402.3571428571427,4361.821428571428
d_548,4161,3499,6309,2042,3302,4729,3571,1786,2795,3953,2012-07-29,4085.1428571428573,3017.5,6144.892857142857,2032.0,2943.3214285714284,4133.142857142857,3080.6785714285716,1893.4285714285713,3388.785714285714,4338.75
d_549,3406,2320,5147,1877,2569,3346,2768,1692,2468,3340,2012-07-30,4058.3928571428573,3004.3214285714284,6097.214285714285,2030.75,2938.464285714286,4107.821428571428,3080.1071428571427,1888.0,3331.4285714285716,4273.642857142857
d_550,3401,2651,5486,2030,2302,3527,2777,1707,2673,2977,2012-07-31,4015.25,2997.1428571428573,6056.857142857143,2029.3214285714287,2904.4285714285716,4079.785714285714,3062.9285714285716,1873.2142857142858,3261.214285714286,4172.464285714285
d_551,3819,2651,5846,1805,3020,4279,3309,1832,3559,3850,2012-08-01,4026.75,2994.6428571428573,6052.142857142857,2031.357142857143,2908.25,4087.8928571428573,3077.714285714286,1876.6785714285713,3284.964285714286,4159.142857142857
d_552,4307,2751,6270,1947,2689,3899,3276,1675,4109,4337,2012-08-02,4057.1785714285716,2996.464285714286,6069.892857142857,2038.5,2908.214285714286,4083.5,3090.6428571428573,1865.8214285714287,3282.1428571428573,4137.607142857143
d_553,4470,2969,6917,2237,3197,4306,3682,1925,4854,4954,2012-08-03,4058.75,2990.714285714286,6080.5,2046.6785714285713,2901.6428571428573,4078.9285714285716,3097.0,1861.0,3294.714285714286,4102.892857142857
d_554,5143,3821,7203,2266,3621,4849,4156,2046,3924,4247,2012-08-04,4071.5714285714284,2999.285714285714,6078.678571428572,2056.3571428571427,2888.6785714285716,4065.785714285714,3114.0714285714284,1854.3214285714287,3302.464285714286,4076.0714285714284
d_555,5538,3629,7801,2304,3508,4979,4019,1751,4482,4998,2012-08-05,4073.6071428571427,3002.4285714285716,6082.892857142857,2050.535714285714,2889.75,4075.035714285714,3129.1428571428573,1835.357142857143,3314.5714285714284,4066.0
d_556,4378,2875,6565,2185,3251,4373,3469,1480,4052,4396,2012-08-06,4077.1071428571427,3011.964285714286,6083.214285714285,2047.2857142857142,2901.285714285714,4096.75,3150.0714285714284,1825.2857142857142,3320.8571428571427,4050.285714285714
d_557,3855,2450,5967,2087,2842,4009,3278,1530,3022,3354,2012-08-07,4073.8214285714284,3000.1428571428573,6072.5,2046.7142857142858,2916.464285714286,4116.214285714285,3164.214285714286,1811.5714285714287,3329.0714285714284,4026.5
d_558,3924,2538,5839,1936,2679,3408,2766,1352,3636,4223,2012-08-08,4082.6071428571427,3000.464285714286,6079.0,2042.2857142857142,2910.035714285714,4101.642857142857,3164.75,1797.5357142857142,3326.714285714286,4024.6428571428573
d_559,3810,2623,6475,2000,2862,3967,3312,1530,3945,4484,2012-08-09,4083.75,2997.3214285714284,6113.571428571428,2047.8214285714287,2913.25,4117.964285714285,3180.1428571428573,1793.607142857143,3333.25,4017.964285714286
d_560,4561,3212,6790,2283,2715,4133,2994,1761,3817,4199,2012-08-10,4092.285714285714,2994.25,6141.5,2057.3928571428573,2894.4285714285716,4115.714285714285,3164.6071428571427,1781.2857142857142,3352.6785714285716,4000.3214285714284
d_561,5529,4162,7786,2141,3790,5265,4308,1859,4394,4847,2012-08-11,4114.321428571428,3003.0,6177.357142857143,2055.0,2903.3214285714284,4119.785714285715,3192.964285714286,1758.0,3349.75,3982.8571428571427
d_562,5284,3946,7964,2481,4445,5609,4220,1675,4812,5362,2012-08-12,4126.107142857143,3008.785714285714,6211.785714285715,2059.1428571428573,2916.4285714285716,4130.035714285715,3207.785714285714,1750.642857142857,3352.464285714286,3968.5
d_563,3864,2702,6894,2187,3454,4772,3558,1407,3294,3898,2012-08-13,4136.142857142857,3009.1785714285716,6241.5,2072.5714285714284,2944.3214285714284,4162.642857142857,3233.714285714286,1742.7857142857142,3345.1785714285716,3951.1428571428573
d_564,3762,2652,6670,2019,2762,3673,3094,1674,4372,3634,2012-08-14,4145.75,3012.5714285714284,6278.892857142857,2078.285714285714,2947.285714285714,4178.464285714285,3253.035714285714,1744.107142857143,3396.0714285714284,3943.785714285714
d_565,3471,2840,6051,2069,3368,4179,3141,1622,4113,4643,2012-08-15,4152.392857142857,3021.8214285714284,6308.642857142857,2089.6785714285716,2983.3571428571427,4207.964285714285,3270.1071428571427,1738.9642857142858,3449.0714285714284,3991.285714285714
d_566,3902,2885,6155,1943,3143,4252,2849,1842,3478,3956,2012-08-16,4167.071428571428,3021.214285714286,6332.5,2081.75,3004.3214285714284,4224.714285714285,3275.0,1744.7142857142858,3475.25,4013.214285714286
d_567,4366,3353,5701,2247,2966,4426,3314,1965,3200,3919,2012-08-17,4162.714285714285,3031.6428571428573,6322.5,2080.8214285714284,3007.785714285714,4223.5,3277.214285714286,1737.9285714285713,3487.8571428571427,4009.75
d_568,5898,4022,7203,2323,3260,4815,3667,2230,3548,4555,2012-08-18,4194.392857142857,3040.1428571428573,6340.357142857143,2081.1785714285716,3006.714285714286,4222.571428571428,3283.1071428571427,1730.4642857142858,3496.6785714285716,4016.714285714286
d_569,5934,4176,7956,2571,3817,5165,4287,2005,3461,3992,2012-08-19,4217.0,3056.6785714285716,6364.035714285715,2086.3214285714284,3011.964285714286,4230.964285714285,3302.5714285714284,1733.9285714285713,3515.785714285714,4014.9285714285716
d_570,3896,2889,6058,2013,2845,3944,3020,1421,2922,3402,2012-08-20,4229.0,3063.9285714285716,6370.357142857143,2084.3928571428573,3025.785714285714,4247.535714285715,3310.285714285714,1733.0714285714287,3516.75,4008.285714285714
d_571,3564,2780,5511,1940,2711,3578,2465,1654,2939,3064,2012-08-21,4240.035714285715,3064.1785714285716,6371.928571428572,2092.1071428571427,3038.1071428571427,4247.678571428572,3301.3214285714284,1733.607142857143,3526.035714285714,4000.3571428571427
d_572,3255,2753,5287,1984,2686,3515,2465,1528,2598,2851,2012-08-22,4242.642857142857,3072.6428571428573,6374.964285714285,2094.9285714285716,3056.6071428571427,4247.035714285715,3302.1785714285716,1731.142857142857,3524.035714285714,3989.464285714286
d_573,3208,2616,4854,1776,2715,3661,2540,1626,2678,2878,2012-08-23,4229.535714285715,3076.3571428571427,6365.714285714285,2090.6428571428573,3069.1071428571427,4257.535714285715,3302.785714285714,1733.8214285714287,3531.035714285714,3979.6071428571427
d_574,3686,3267,5748,2016,2652,4333,2925,1871,2842,3704,2012-08-24,4227.25,3089.9285714285716,6371.142857142857,2095.9285714285716,3071.75,4271.428571428572,3306.8571428571427,1732.25,3521.8928571428573,3990.714285714286
d_575,5082,3979,6597,2333,3575,5083,3741,2030,3350,4194,2012-08-25,4266.928571428572,3107.535714285714,6394.642857142857,2108.6428571428573,3098.0714285714284,4288.357142857143,3320.3928571428573,1731.2857142857142,3547.75,4007.535714285714
d_576,5283,3734,7116,2314,4112,5176,4114,2159,3214,3799,2012-08-26,4307.0,3115.9285714285716,6423.464285714285,2118.3571428571427,3127.0,4304.321428571428,3339.785714285714,1744.607142857143,3562.714285714286,4002.035714285714
d_577,3423,2509,5585,1970,2767,4113,2980,1617,2837,3209,2012-08-27,4307.607142857143,3122.6785714285716,6439.107142857143,2121.6785714285716,3134.0714285714284,4331.714285714285,3347.3571428571427,1741.9285714285713,3575.8928571428573,3997.3571428571427
d_578,3144,2245,5192,1865,2546,3551,2529,1723,2713,2964,2012-08-28,4298.428571428572,3108.1785714285716,6428.607142857143,2115.785714285714,3142.785714285714,4332.571428571428,3338.5,1742.5,3577.3214285714284,3996.8928571428573
d_579,2879,2528,5053,1756,2222,3386,2214,1425,2820,2818,2012-08-29,4264.857142857143,3103.785714285714,6400.285714285715,2114.035714285714,3114.285714285714,4300.678571428572,3299.3928571428573,1727.9642857142858,3550.9285714285716,3960.035714285714
d_580,3242,2423,4948,1855,2371,3439,2579,1615,2961,2870,2012-08-30,4226.821428571428,3092.0714285714284,6353.071428571428,2110.75,3102.9285714285716,4284.25,3274.5,1725.8214285714287,3509.9285714285716,3907.6428571428573
d_581,4095,3288,5854,2357,2886,4204,3260,2120,4519,4509,2012-08-31,4213.428571428572,3103.464285714286,6315.107142857143,2115.035714285714,3091.8214285714284,4280.607142857143,3259.4285714285716,1732.7857142857142,3497.964285714286,3891.75
d_582,5894,3922,7373,2207,4408,5278,4312,2367,4363,4506,2012-09-01,4240.25,3107.0714285714284,6321.178571428572,2112.9285714285716,3119.9285714285716,4295.928571428572,3265.0,1744.25,3513.6428571428573,3901.0
d_583,5403,3818,6801,2265,3697,4967,3733,2065,4622,5448,2012-09-02,4235.428571428572,3113.8214285714284,6285.464285714285,2111.535714285714,3126.6785714285716,4295.5,3254.785714285714,1755.4642857142858,3518.6428571428573,3917.0714285714284
d_584,5157,3720,7865,2332,4080,5166,4238,2149,4592,5226,2012-09-03,4263.25,3144.0,6331.892857142857,2116.785714285714,3156.285714285714,4323.821428571428,3282.25,1779.357142857143,3537.9285714285716,3946.714285714286
d_585,3921,2286,6116,2045,2667,3482,2905,1550,2957,3950,2012-09-04,4265.607142857143,3138.1428571428573,6337.214285714285,2115.285714285714,3150.035714285714,4305.0,3268.9285714285716,1780.0714285714287,3535.6071428571427,3968.0
d_586,3369,2306,5556,1874,2953,3698,2757,1640,3791,3910,2012-09-05,4245.785714285715,3129.8571428571427,6327.107142857143,2113.0714285714284,3159.8214285714284,4315.357142857143,3268.6071428571427,1790.357142857143,3541.1428571428573,3956.8214285714284
d_587,3242,2586,5734,1904,3036,3869,2963,1444,3903,3894,2012-09-06,4225.5,3128.535714285714,6300.642857142857,2109.6428571428573,3166.035714285714,4311.857142857143,3256.1428571428573,1787.2857142857142,3539.6428571428573,3935.75
d_588,4074,2818,6019,2099,3218,4339,3531,1703,3281,3693,2012-09-07,4208.107142857143,3114.464285714286,6273.107142857143,2103.0714285714284,3184.0,4319.214285714285,3275.3214285714284,1785.2142857142858,3520.5,3917.6785714285716
d_589,4844,4078,7159,2493,3601,5241,3547,2175,4696,5384,2012-09-08,4183.642857142857,3111.464285714286,6250.714285714285,2115.6428571428573,3177.25,4318.357142857143,3248.1428571428573,1796.5,3531.285714285714,3936.8571428571427
d_590,5704,4097,8252,2394,4079,5502,4293,1778,5169,5381,2012-09-09,4198.642857142857,3116.8571428571427,6261.0,2112.535714285714,3164.1785714285716,4314.535714285715,3250.75,1800.1785714285713,3544.035714285714,3937.535714285714
d_591,3714,2584,6968,2201,2767,3992,2939,1385,2938,3484,2012-09-10,4193.285714285715,3112.6428571428573,6263.642857142857,2113.035714285714,3139.6428571428573,4286.678571428572,3228.6428571428573,1799.392857142857,3531.3214285714284,3922.75
d_592,3264,2757,5922,2032,2907,3494,2847,1550,4005,3592,2012-09-11,4175.5,3116.3928571428573,6236.928571428572,2113.5,3144.8214285714284,4280.285714285715,3219.8214285714284,1794.9642857142858,3518.214285714286,3921.25
d_593,3044,2408,5203,1721,2887,3306,2895,1449,4256,3849,2012-09-12,4160.25,3100.964285714286,6206.642857142857,2101.0714285714284,3127.6428571428573,4249.107142857143,3211.035714285714,1788.7857142857142,3523.3214285714284,3892.8928571428573
d_594,3348,2578,5307,1844,2772,3740,2513,1555,3161,3324,2012-09-13,4140.464285714285,3090.0,6176.357142857143,2097.535714285714,3114.3928571428573,4230.821428571428,3199.035714285714,1778.5357142857142,3512.0,3870.3214285714284
d_595,4097,2959,5715,2224,2910,4032,3232,2050,4454,4686,2012-09-14,4130.857142857143,3075.9285714285716,6176.857142857143,2096.714285714286,3112.3928571428573,4216.75,3196.1071428571427,1781.5714285714287,3556.785714285714,3897.714285714286
d_596,5011,4334,6720,2492,4175,5317,4329,2568,5308,5705,2012-09-15,4099.178571428572,3087.0714285714284,6159.607142857143,2102.75,3145.0714285714284,4234.678571428572,3219.75,1793.642857142857,3619.6428571428573,3938.785714285714
d_597,5224,3991,7778,2487,3936,5512,4054,1972,4459,4873,2012-09-16,4073.8214285714284,3080.464285714286,6153.25,2099.75,3149.3214285714284,4247.071428571428,3211.4285714285716,1792.4642857142858,3655.285714285714,3970.25
d_598,3364,2465,5638,2072,3138,3902,3001,1527,3200,3553,2012-09-17,4054.8214285714284,3065.3214285714284,6138.25,2101.8571428571427,3159.785714285714,4245.571428571428,3210.75,1796.25,3665.214285714286,3975.6428571428573
d_599,3290,2382,5280,1965,2527,3469,2368,1600,3068,3327,2012-09-18,4045.035714285714,3051.1071428571427,6130.0,2102.75,3153.214285714286,4241.678571428572,3207.285714285714,1794.3214285714287,3669.8214285714284,3985.035714285714
d_600,2980,2269,4528,1736,2647,3078,2496,1506,2890,2935,2012-09-19,4035.214285714286,3033.8214285714284,6102.892857142857,2093.8928571428573,3151.8214285714284,4226.071428571428,3208.3928571428573,1793.5357142857142,3680.25,3988.035714285714
d_601,3102,2526,4977,1841,2587,3321,2578,1559,3048,3018,2012-09-20,4031.4285714285716,3030.6071428571427,6107.285714285715,2096.214285714286,3147.25,4213.928571428572,3209.75,1791.142857142857,3693.464285714286,3993.035714285714
d_602,3918,3006,5687,2208,3037,3906,2909,1881,3312,3770,2012-09-21,4039.714285714286,3021.285714285714,6105.107142857143,2103.0714285714284,3161.0,4198.678571428572,3209.1785714285716,1791.5,3710.25,3995.3928571428573
d_603,5121,4264,6710,2488,3658,5390,3724,2379,3684,4471,2012-09-22,4041.1071428571427,3031.464285714286,6109.142857142857,2108.6071428571427,3163.964285714286,4209.642857142857,3208.5714285714284,1803.9642857142858,3722.1785714285716,4005.285714285714
d_604,5349,3646,6884,2479,3954,5210,3899,2080,3551,4310,2012-09-23,4043.464285714286,3028.3214285714284,6100.857142857143,2114.5,3158.3214285714284,4210.857142857143,3200.8928571428573,1801.142857142857,3734.214285714286,4023.535714285714
d_605,3106,2441,5451,2143,2563,3498,3063,1563,2451,2897,2012-09-24,4032.1428571428573,3025.8928571428573,6096.071428571428,2120.6785714285716,3151.035714285714,4188.892857142857,3203.8571428571427,1799.2142857142858,3720.4285714285716,4012.3928571428573
d_606,2939,2321,5119,1978,2505,3398,2649,1418,2578,3074,2012-09-25,4024.8214285714284,3028.6071428571427,6093.464285714285,2124.714285714286,3149.5714285714284,4183.428571428572,3208.1428571428573,1788.3214285714287,3715.6071428571427,4016.3214285714284
d_607,2838,2198,5064,1635,2418,3201,2718,1390,2600,2870,2012-09-26,4023.3571428571427,3016.8214285714284,6093.857142857143,2120.3928571428573,3156.5714285714284,4176.821428571428,3226.1428571428573,1787.0714285714287,3707.75,4018.1785714285716
d_608,2676,2457,5081,1788,2365,3266,2607,1503,2534,2954,2012-09-27,4003.1428571428573,3018.035714285714,6098.607142857143,2118.0,3156.3571428571427,4170.642857142857,3227.1428571428573,1783.0714285714287,3692.5,4021.1785714285716
d_609,3837,3187,5354,2172,2676,3658,2997,1881,3281,3613,2012-09-28,3993.9285714285716,3014.4285714285716,6080.75,2111.3928571428573,3148.8571428571427,4151.142857142857,3217.75,1774.5357142857142,3648.285714285714,3989.1785714285716
d_610,4722,4039,7020,2383,3432,4693,3737,2286,3763,4906,2012-09-29,3952.0714285714284,3018.6071428571427,6068.142857142857,2117.6785714285716,3114.0,4130.25,3197.214285714286,1771.642857142857,3626.8571428571427,4003.464285714286
d_611,5091,3669,7008,2542,3626,4765,3695,1834,3237,4269,2012-09-30,3940.9285714285716,3013.285714285714,6075.535714285715,2127.5714285714284,3111.464285714286,4123.035714285715,3195.8571428571427,1763.392857142857,3577.3928571428573,3961.3571428571427
d_612,3957,2486,6794,2491,3232,4340,3445,1454,3117,3525,2012-10-01,3898.0714285714284,2969.214285714286,6037.285714285715,2133.25,3081.1785714285716,4093.535714285714,3167.535714285714,1738.5714285714287,3524.714285714286,3900.6071428571427
d_613,3822,2550,6658,2083,2595,3585,2879,1487,3718,4453,2012-10-02,3894.535714285714,2978.6428571428573,6056.642857142857,2134.6071428571427,3078.6071428571427,4097.214285714285,3166.6071428571427,1736.3214285714287,3551.8928571428573,3918.5714285714284
d_614,3646,2530,6119,2002,2840,3779,3202,1382,4496,4224,2012-10-03,3904.4285714285716,2986.6428571428573,6076.75,2139.1785714285716,3074.5714285714284,4100.107142857143,3182.5,1727.107142857143,3577.0714285714284,3929.785714285714
d_615,3295,2422,5640,1980,2544,3325,2707,1501,3136,3525,2012-10-04,3906.3214285714284,2980.785714285714,6073.392857142857,2141.8928571428573,3057.0,4080.6785714285716,3173.3571428571427,1729.142857142857,3549.6785714285716,3916.6071428571427
d_616,3653,2854,6184,1868,2963,4039,3154,1658,4076,4139,2012-10-05,3891.285714285714,2982.0714285714284,6079.285714285715,2133.6428571428573,3047.8928571428573,4069.964285714286,3159.8928571428573,1727.5357142857142,3578.0714285714284,3932.535714285714
d_617,5038,3762,7400,2376,3829,5217,3779,2020,5035,5584,2012-10-06,3898.214285714286,2970.785714285714,6087.892857142857,2129.464285714286,3056.035714285714,4069.1071428571427,3168.1785714285716,1722.0,3590.1785714285716,3939.6785714285716
d_618,5583,3410,7595,2409,3998,5027,4016,1644,3708,4482,2012-10-07,3893.8928571428573,2946.25,6064.428571428572,2130.0,3053.1428571428573,4052.1428571428573,3158.285714285714,1717.2142857142858,3538.0,3907.5714285714284
d_619,4069,2646,6591,2087,2829,3470,3087,1295,3768,3948,2012-10-08,3906.5714285714284,2948.464285714286,6050.964285714285,2125.9285714285716,3055.3571428571427,4033.5,3163.5714285714284,1714.0,3567.6428571428573,3924.1428571428573
d_620,3431,2274,5796,2001,2643,3630,3265,1306,4004,3945,2012-10-09,3912.535714285714,2931.214285714286,6046.464285714285,2124.8214285714284,3045.9285714285716,4038.3571428571427,3178.5,1705.2857142857142,3567.6071428571427,3936.75
d_621,3106,2488,5636,1744,2621,3463,2835,1329,3308,3439,2012-10-10,3914.75,2934.0714285714284,6061.928571428572,2125.6428571428573,3036.4285714285716,4043.964285714286,3176.3571428571427,1701.0,3533.75,3922.1071428571427
d_622,3029,2318,4674,1805,2816,3691,2853,1436,3801,3575,2012-10-11,3903.3571428571427,2924.785714285714,6039.321428571428,2124.25,3038.0,4042.214285714286,3188.5,1696.75,3556.6071428571427,3931.0714285714284
d_623,3730,2809,5692,1978,3114,4055,3408,1668,3948,4650,2012-10-12,3890.25,2919.4285714285716,6038.5,2115.464285714286,3045.285714285714,4043.035714285714,3194.785714285714,1683.107142857143,3538.535714285714,3929.785714285714
d_624,4226,4009,6716,2285,4105,5363,4166,1957,4422,4977,2012-10-13,3862.214285714286,2907.8214285714284,6038.357142857143,2108.0714285714284,3042.785714285714,4044.6785714285716,3188.964285714286,1661.2857142857142,3506.8928571428573,3903.785714285714
d_625,4773,3983,6939,2204,3929,5247,4007,1437,4383,5335,2012-10-14,3846.1071428571427,2907.535714285714,6008.392857142857,2097.964285714286,3042.535714285714,4035.214285714286,3187.285714285714,1642.1785714285713,3504.1785714285716,3920.285714285714
d_626,3348,2403,5279,1942,3363,4318,3475,1090,4475,3991,2012-10-15,3845.535714285714,2905.3214285714284,5995.571428571428,2093.3214285714284,3050.5714285714284,4050.0714285714284,3204.214285714286,1626.5714285714287,3549.714285714286,3935.9285714285716
d_627,2870,2222,4985,1645,2426,2987,2871,1149,3333,3381,2012-10-16,3830.535714285714,2899.6071428571427,5985.035714285715,2081.8928571428573,3046.964285714286,4032.8571428571427,3222.1785714285716,1610.4642857142858,3559.1785714285716,3937.8571428571427
d_628,2938,2231,4800,1737,2464,3471,2798,1000,2977,2687,2012-10-17,3829.035714285714,2898.25,5994.75,2081.9285714285716,3040.4285714285716,4046.8928571428573,3232.964285714286,1592.392857142857,3562.285714285714,3929.0
d_629,2784,2145,4808,1814,2583,3280,2555,903,2472,2825,2012-10-18,3817.6785714285716,2884.6428571428573,5988.714285714285,2080.964285714286,3040.285714285714,4045.4285714285716,3232.1428571428573,1568.9642857142858,3541.714285714286,3922.1071428571427
d_630,3326,2701,5008,1955,2546,3735,2828,1182,3099,3331,2012-10-19,3796.535714285714,2873.75,5964.464285714285,2071.9285714285716,3022.75,4039.3214285714284,3229.25,1544.0,3534.1071428571427,3906.4285714285716
d_631,4226,3903,6431,2104,3492,4533,3414,1242,3484,3860,2012-10-20,3764.5714285714284,2860.8571428571427,5954.5,2058.214285714286,3016.8214285714284,4008.714285714286,3218.1785714285716,1503.392857142857,3526.964285714286,3884.6071428571427
d_632,4554,3704,6965,2137,3481,4996,3732,829,2836,3753,2012-10-21,3736.1785714285716,2862.9285714285716,5957.392857142857,2046.0,2999.9285714285716,4001.0714285714284,3212.214285714286,1458.7142857142858,3501.4285714285716,3864.714285714286
d_633,3035,2370,5282,1746,2578,3488,2710,582,2299,2622,2012-10-22,3733.6428571428573,2860.3928571428573,5951.357142857143,2031.8214285714287,3000.464285714286,4000.714285714286,3199.6071428571427,1423.6785714285713,3496.0,3854.8928571428573
d_634,2845,2303,4456,1645,2324,3213,2630,684,2511,2808,2012-10-23,3730.285714285714,2859.75,5927.678571428572,2019.9285714285713,2994.0,3994.1071428571427,3198.9285714285716,1397.4642857142858,3493.6071428571427,3845.3928571428573
d_635,2566,2119,4299,1562,2359,3470,2372,607,2374,2662,2012-10-24,3720.5714285714284,2856.9285714285716,5900.357142857143,2017.3214285714287,2991.8928571428573,4003.714285714286,3186.5714285714284,1369.5,3485.535714285714,3837.964285714286
d_636,2764,2364,4043,1650,2109,3379,2319,318,2493,2873,2012-10-25,3723.714285714286,2853.6071428571427,5863.285714285715,2012.392857142857,2982.75,4007.75,3176.285714285714,1327.1785714285713,3484.0714285714284,3835.0714285714284
d_637,3361,2730,4567,1803,2326,3929,2466,3994,3301,3386,2012-10-26,3706.714285714286,2837.285714285714,5835.178571428572,1999.2142857142858,2970.25,4017.4285714285716,3157.3214285714284,1402.642857142857,3484.785714285714,3826.964285714286
d_638,4297,3665,5891,2146,2998,4482,2950,4298,3799,4021,2012-10-27,3691.535714285714,2823.9285714285716,5794.857142857143,1990.75,2954.75,4009.8928571428573,3129.214285714286,1474.5,3486.0714285714284,3795.3571428571427
d_639,4627,3332,6364,2134,3165,4624,3121,3332,2870,3615,2012-10-28,3674.964285714286,2811.8928571428573,5771.857142857143,1976.1785714285713,2938.285714285714,4004.8571428571427,3108.714285714286,1528.0,3472.964285714286,3772.0
d_640,3212,2165,4807,1830,2222,3415,2523,2423,2529,2455,2012-10-29,3648.3571428571427,2800.4285714285716,5700.892857142857,1952.5714285714287,2902.214285714286,3971.8214285714284,3075.785714285714,1562.607142857143,3451.964285714286,3733.785714285714
d_641,2926,2766,4966,1841,2203,3515,2348,2197,2681,2637,2012-10-30,3616.3571428571427,2808.1428571428573,5640.464285714285,1943.9285714285713,2888.214285714286,3969.3214285714284,3056.8214285714284,1587.9642857142858,3414.9285714285716,3668.9285714285716
d_642,2319,2060,4240,1365,2206,3072,2426,2316,2566,2405,2012-10-31,3568.964285714286,2791.3571428571427,5573.357142857143,1921.1785714285713,2865.5714285714284,3944.0714285714284,3029.1071428571427,1621.3214285714287,3346.0,3603.964285714286
d_643,3176,2503,5062,1809,2679,3629,2837,2822,3393,3141,2012-11-01,3564.714285714286,2794.25,5552.714285714285,1915.0714285714287,2870.3928571428573,3954.9285714285716,3033.75,1668.5,3355.1785714285716,3590.25
d_644,3914,2756,5862,1724,2604,3737,2939,3376,4040,4562,2012-11-02,3574.035714285714,2790.75,5541.214285714285,1909.9285714285713,2857.5714285714284,3944.1428571428573,3026.0714285714284,1729.857142857143,3353.8928571428573,3605.3571428571427
d_645,4839,4027,7068,2269,3361,4819,3625,4319,5236,5516,2012-11-03,3566.9285714285716,2800.214285714286,5529.357142857143,1906.107142857143,2840.8571428571427,3929.9285714285716,3020.5714285714284,1811.9642857142858,3361.0714285714284,3602.9285714285716
d_646,5096,3667,7385,2449,3657,4806,3628,3522,3945,4390,2012-11-04,3549.535714285714,2809.3928571428573,5521.857142857143,1907.5357142857142,2828.6785714285716,3922.035714285714,3006.714285714286,1879.0357142857142,3369.535714285714,3599.6428571428573
d_647,3638,2265,5665,1855,2838,3446,3185,2306,4122,3737,2012-11-05,3534.1428571428573,2795.785714285714,5488.785714285715,1899.25,2829.0,3921.1785714285716,3010.214285714286,1915.142857142857,3382.1785714285716,3592.1071428571427
d_648,3003,2090,5198,1787,2558,3519,2576,2238,4092,3453,2012-11-06,3518.8571428571427,2789.214285714286,5467.428571428572,1891.607142857143,2825.964285714286,3917.214285714286,2985.6071428571427,1948.4285714285713,3385.3214285714284,3574.535714285714
d_649,3226,1978,5165,1885,2634,3585,2861,2200,3184,2965,2012-11-07,3523.1428571428573,2771.0,5450.607142857143,1896.642857142857,2826.4285714285716,3921.5714285714284,2986.535714285714,1979.5357142857142,3380.8928571428573,3557.6071428571427
d_650,3156,2278,5029,1791,2451,3172,2731,2605,3932,3612,2012-11-08,3527.6785714285716,2769.5714285714284,5463.285714285715,1896.142857142857,2813.3928571428573,3903.035714285714,2982.1785714285716,2021.2857142857142,3385.5714285714284,3558.9285714285716
d_651,3894,2681,5494,1951,3000,4066,2945,3226,4107,4358,2012-11-09,3533.535714285714,2765.0,5456.214285714285,1895.1785714285713,2809.3214285714284,3903.4285714285716,2965.6428571428573,2076.9285714285716,3391.25,3548.5
d_652,5075,3775,7100,2178,3305,4790,3372,4191,4110,4988,2012-11-10,3563.8571428571427,2756.6428571428573,5469.928571428572,1891.357142857143,2780.75,3882.964285714286,2937.285714285714,2156.714285714286,3380.1071428571427,3548.8928571428573
d_653,4781,3325,6958,2106,3763,5236,3744,3997,4684,4923,2012-11-11,3564.1428571428573,2733.1428571428573,5470.607142857143,1887.857142857143,2774.8214285714284,3882.5714285714284,2927.8928571428573,2248.1428571428573,3390.8571428571427,3534.1785714285716
d_654,3505,2480,5339,1986,2818,3606,3011,2640,3847,3981,2012-11-12,3569.75,2735.8928571428573,5472.75,1889.4285714285713,2755.3571428571427,3857.1428571428573,2911.3214285714284,2303.5,3368.4285714285716,3533.8214285714284
d_655,2886,1986,4588,1707,2557,3433,2517,2211,3175,3248,2012-11-13,3570.3214285714284,2727.464285714286,5458.571428571428,1891.642857142857,2760.035714285714,3873.0714285714284,2898.6785714285716,2341.4285714285716,3362.785714285714,3529.0714285714284
d_656,2495,1949,4373,1579,2339,3020,2398,2434,3537,3711,2012-11-14,3554.5,2717.3928571428573,5443.321428571428,1886.0,2755.5714285714284,3856.964285714286,2884.3928571428573,2392.6428571428573,3382.785714285714,3565.6428571428573
d_657,2778,2173,4336,1663,2936,3430,2442,2697,3716,3542,2012-11-15,3554.285714285714,2718.3928571428573,5426.464285714285,1880.607142857143,2768.1785714285716,3862.3214285714284,2880.3571428571427,2456.714285714286,3427.214285714286,3591.25
d_658,3566,2628,4985,1817,2731,3452,2498,2879,3423,3637,2012-11-16,3562.8571428571427,2715.785714285714,5425.642857142857,1875.6785714285713,2774.785714285714,3852.214285714286,2868.5714285714284,2517.3214285714284,3438.785714285714,3602.1785714285716
d_659,4817,3581,6169,2134,3370,4758,3169,4081,4072,4290,2012-11-17,3583.964285714286,2704.285714285714,5416.285714285715,1876.75,2770.4285714285716,3860.25,2859.8214285714284,2618.714285714286,3459.785714285714,3617.535714285714
d_660,4441,3388,6340,2147,3162,4580,3178,3058,3202,4080,2012-11-18,3579.9285714285716,2693.0,5393.964285714285,1877.107142857143,2759.035714285714,3845.3928571428573,2840.035714285714,2698.3214285714284,3472.8571428571427,3629.214285714286
d_661,3385,2264,5149,1993,2565,3461,2777,2135,2818,2783,2012-11-19,3592.4285714285716,2689.214285714286,5389.214285714285,1885.9285714285713,2758.5714285714284,3844.4285714285716,2842.4285714285716,2753.785714285714,3491.3928571428573,3634.964285714286
d_662,3585,2183,5191,2021,2626,3776,2675,2350,2715,3152,2012-11-20,3618.8571428571427,2684.9285714285716,5415.464285714285,1899.357142857143,2769.3571428571427,3864.535714285714,2844.035714285714,2813.285714285714,3498.6785714285716,3647.25
d_663,3843,2386,5513,2222,3666,4644,3553,2781,3365,3235,2012-11-21,3664.464285714286,2694.464285714286,5458.821428571428,1922.9285714285713,2816.035714285714,3906.464285714286,2886.214285714286,2890.9285714285716,3534.0714285714284,3667.714285714286
d_664,2054,1150,3568,1230,2802,3349,2108,1354,1474,2820,2012-11-22,3639.1071428571427,2651.1071428571427,5441.857142857143,1907.9285714285713,2840.785714285714,3905.3928571428573,2878.6785714285716,2927.9285714285716,3497.6785714285716,3665.8214285714284
d_665,2369,2651,3414,1283,2159,2765,2090,2140,2075,2477,2012-11-23,3603.6785714285716,2648.285714285714,5400.678571428572,1889.357142857143,2834.8214285714284,3863.8214285714284,2865.25,2861.714285714286,3453.8928571428573,3633.3571428571427
d_666,2964,2770,4870,1660,2810,3515,2530,3091,2537,3269,2012-11-24,3556.0714285714284,2616.3214285714284,5364.214285714285,1872.0,2828.1071428571427,3829.285714285714,2850.25,2818.6071428571427,3408.8214285714284,3606.5
d_667,3639,2877,5278,1974,2935,3866,2831,3151,2879,3302,2012-11-25,3520.785714285714,2600.0714285714284,5325.428571428572,1866.2857142857142,2819.8928571428573,3802.214285714286,2839.8928571428573,2812.1428571428573,3409.1428571428573,3595.3214285714284
d_668,2931,2078,4594,1960,2287,3052,2433,2130,2437,2574,2012-11-26,3510.75,2596.964285714286,5317.821428571428,1870.9285714285713,2822.214285714286,3789.25,2836.6785714285716,2801.6785714285716,3405.8571428571427,3599.5714285714284
d_669,2657,2148,3901,1715,2018,2701,2118,2169,2569,2493,2012-11-27,3501.1428571428573,2574.8928571428573,5279.785714285715,1866.4285714285713,2815.6071428571427,3760.1785714285716,2828.464285714286,2800.6785714285716,3401.8571428571427,3594.4285714285716
d_670,2456,1905,3937,1511,1869,2850,2024,2063,2406,2524,2012-11-28,3506.035714285714,2569.3571428571427,5268.964285714285,1871.642857142857,2803.5714285714284,3752.25,2814.1071428571427,2791.6428571428573,3396.1428571428573,3598.6785714285716
d_671,2277,2067,3800,1795,1992,2691,2070,2302,2489,2385,2012-11-29,3473.9285714285716,2553.785714285714,5223.892857142857,1871.142857142857,2779.035714285714,3718.75,2786.714285714286,2773.0714285714284,3363.8571428571427,3571.6785714285716
d_672,3079,2161,4557,1743,2517,3561,2743,2712,3717,3599,2012-11-30,3444.1071428571427,2532.535714285714,5177.285714285715,1871.8214285714287,2775.9285714285716,3712.464285714286,2779.714285714286,2749.3571428571427,3352.3214285714284,3537.285714285714
d_673,5085,3900,6741,2454,3664,4890,3854,3829,3834,4245,2012-12-01,3452.8928571428573,2528.0,5165.607142857143,1878.4285714285713,2786.75,3715.0,2787.8928571428573,2731.8571428571427,3302.25,3491.8928571428573
d_674,4097,3224,6518,1989,3613,4898,3533,3465,4361,5242,2012-12-02,3417.214285714286,2512.1785714285716,5134.642857142857,1862.0,2785.1785714285716,3718.285714285714,2784.5,2729.8214285714284,3317.1071428571427,3522.3214285714284
d_675,3804,2764,5623,2167,2897,4052,3114,2866,3789,4261,2012-12-03,3423.1428571428573,2530.0,5133.142857142857,1873.142857142857,2787.285714285714,3739.9285714285716,2781.964285714286,2749.8214285714284,3305.214285714286,3541.035714285714
d_676,2983,2344,5023,1822,2243,2933,2405,2700,3072,3294,2012-12-04,3422.4285714285716,2539.0714285714284,5126.892857142857,1874.392857142857,2776.035714285714,3719.0,2775.8571428571427,2766.3214285714284,3268.785714285714,3535.3571428571427
d_677,2834,2137,4802,1766,2682,3580,2817,2921,3932,3713,2012-12-05,3408.4285714285716,2544.75,5113.928571428572,1870.142857142857,2777.75,3718.8214285714284,2774.285714285714,2792.0714285714284,3295.5,3562.0714285714284
d_678,3141,2343,4948,1691,2830,3590,2488,2503,3936,3654,2012-12-06,3407.8928571428573,2547.0714285714284,5111.035714285715,1866.5714285714287,2791.285714285714,3733.75,2765.6071428571427,2788.4285714285716,3295.6428571428573,3563.5714285714284
d_679,3762,2745,5297,1936,3152,4003,2795,3076,3294,3534,2012-12-07,3403.1785714285716,2549.3571428571427,5104.0,1866.0357142857142,2796.714285714286,3731.5,2760.25,2783.0714285714284,3266.6071428571427,3534.1428571428573
d_680,4849,3411,6365,2109,3561,4750,3328,3842,4389,4969,2012-12-08,3395.1071428571427,2536.3571428571427,5077.75,1863.5714285714287,2805.8571428571427,3730.0714285714284,2758.6785714285716,2770.6071428571427,3276.5714285714284,3533.464285714286
d_681,4702,3496,6596,2370,3762,5049,3721,3439,4689,4702,2012-12-09,3392.285714285714,2542.464285714286,5064.821428571428,1873.0,2805.8214285714284,3723.3928571428573,2757.8571428571427,2750.6785714285716,3276.75,3525.5714285714284
d_682,3682,2493,5630,2225,2533,3039,2516,2428,3157,3386,2012-12-10,3398.6071428571427,2542.9285714285716,5075.214285714285,1881.5357142857142,2795.6428571428573,3703.1428571428573,2740.1785714285716,2743.1071428571427,3252.1071428571427,3504.3214285714284
d_683,3004,2276,5004,1870,2407,3575,2386,2277,3819,3680,2012-12-11,3402.8214285714284,2553.285714285714,5090.071428571428,1887.357142857143,2790.285714285714,3708.214285714286,2735.5,2745.464285714286,3275.1071428571427,3519.75
d_684,2856,2038,4617,1636,2728,3505,2588,2320,4006,3722,2012-12-12,3415.714285714286,2556.464285714286,5098.785714285715,1889.392857142857,2804.1785714285716,3725.535714285714,2742.285714285714,2741.3928571428573,3291.8571428571427,3520.1428571428573
d_685,2856,2134,4712,1779,2767,3504,2621,2201,3158,2939,2012-12-13,3418.5,2555.0714285714284,5112.214285714285,1893.5357142857142,2798.1428571428573,3728.1785714285716,2748.6785714285716,2723.6785714285716,3271.9285714285716,3498.6071428571427
d_686,3467,2622,4739,1758,2717,3719,2783,3336,4115,3646,2012-12-14,3414.964285714286,2554.8571428571427,5103.428571428572,1891.4285714285713,2797.6428571428573,3737.714285714286,2758.8571428571427,2740.0,3296.6428571428573,3498.9285714285716
d_687,4475,3586,6021,2206,3648,5069,3630,4038,4895,4822,2012-12-15,3402.75,2555.035714285714,5098.142857142857,1894.0,2807.5714285714284,3748.8214285714284,2775.3214285714284,2738.464285714286,3326.035714285714,3517.9285714285716
d_688,4542,3705,6110,2381,3552,4881,3388,3394,3844,4256,2012-12-16,3406.3571428571427,2566.3571428571427,5089.928571428572,1902.357142857143,2821.5,3759.5714285714284,2782.8214285714284,2750.464285714286,3348.964285714286,3524.214285714286
d_689,3188,2197,5115,1954,2848,4045,2864,2568,2982,3264,2012-12-17,3399.3214285714284,2563.964285714286,5088.714285714285,1900.9642857142858,2831.6071428571427,3780.4285714285716,2785.9285714285716,2765.9285714285716,3354.8214285714284,3541.3928571428573
d_690,3277,2411,5173,1854,2714,3678,2823,2528,2831,2965,2012-12-18,3388.3214285714284,2572.1071428571427,5088.071428571428,1895.0,2834.75,3776.9285714285716,2791.214285714286,2772.285714285714,3358.964285714286,3534.714285714286
d_691,2968,2417,4495,1591,2683,3879,2778,3328,3884,3759,2012-12-19,3357.0714285714284,2573.214285714286,5051.714285714285,1872.4642857142858,2799.6428571428573,3749.6071428571427,2763.535714285714,2791.8214285714284,3377.5,3553.4285714285716
d_692,3266,2594,4910,1870,2919,3892,2760,2129,3275,3257,2012-12-20,3400.3571428571427,2624.785714285714,5099.642857142857,1895.3214285714287,2803.8214285714284,3769.0,2786.8214285714284,2819.5,3441.8214285714284,3569.035714285714
d_693,3748,2975,4959,2002,2817,3739,2987,3298,2989,3334,2012-12-21,3449.6071428571427,2636.3571428571427,5154.821428571428,1921.0,2827.3214285714284,3803.785714285714,2818.8571428571427,2860.8571428571427,3474.464285714286,3599.6428571428573
d_694,4528,3637,6147,2357,3361,4566,3184,4446,3666,4123,2012-12-22,3505.464285714286,2667.3214285714284,5200.428571428572,1945.892857142857,2847.0,3841.3214285714284,2842.214285714286,2909.25,3514.785714285714,3630.1428571428573
d_695,4171,3041,5929,2335,3879,4723,3282,3861,3678,4088,2012-12-23,3524.464285714286,2673.1785714285716,5223.678571428572,1958.7857142857142,2880.714285714286,3871.9285714285716,2858.3214285714284,2934.6071428571427,3543.3214285714284,3658.214285714286
d_696,3370,2517,5451,2022,3117,4260,3027,2426,3230,3203,2012-12-24,3540.1428571428573,2688.8571428571427,5254.285714285715,1961.0,2910.3571428571427,3915.0714285714284,2879.535714285714,2945.1785714285716,3571.6428571428573,3680.6785714285716
d_697,0,2,4,0,0,0,2,0,3,0,2012-12-25,3445.25,2612.214285714286,5115.107142857143,1899.75,2838.285714285714,3818.6071428571427,2803.964285714286,2867.714285714286,3480.0,3591.6428571428573
d_698,2862,2600,4987,1623,2953,4020,3047,2338,2475,2796,2012-12-26,3459.75,2637.035714285714,5152.607142857143,1903.75,2877.0,3860.3928571428573,2840.5,2877.535714285714,3482.464285714286,3601.3571428571427
d_699,2973,2707,4819,1790,2441,3483,2583,2583,2704,3003,2012-12-27,3484.6071428571427,2659.8928571428573,5189.0,1903.5714285714287,2893.035714285714,3888.6785714285716,2858.8214285714284,2887.5714285714284,3490.1428571428573,3623.4285714285716
d_700,3378,2671,5124,1628,2816,4300,2875,2731,3386,3438,2012-12-28,3495.285714285714,2678.1071428571427,5209.25,1899.4642857142858,2903.714285714286,3915.0714285714284,2863.535714285714,2888.25,3478.3214285714284,3617.6785714285716
d_701,3978,3095,6197,1934,3057,4189,3573,3498,3916,3717,2012-12-29,3455.75,2649.3571428571427,5189.821428571428,1880.892857142857,2882.035714285714,3890.035714285714,2853.5,2876.4285714285716,3481.25,3598.8214285714284
d_702,4364,2924,5727,2008,3274,4218,3309,2947,3230,3698,2012-12-30,3465.285714285714,2638.6428571428573,5161.571428571428,1881.5714285714287,2869.9285714285716,3865.75,2845.5,2857.9285714285716,3440.8571428571427,3543.6785714285716
d_703,3789,2356,5385,2185,3027,4285,3264,3079,3926,3740,2012-12-31,3464.75,2624.0714285714284,5153.071428571428,1882.2142857142858,2874.5714285714284,3874.0714285714284,2850.8571428571427,2865.535714285714,3445.75,3525.0714285714284
d_704,2552,2124,3580,1384,2362,3402,2570,1918,2187,2008,2013-01-01,3449.3571428571427,2616.214285714286,5101.535714285715,1866.5714285714287,2878.8214285714284,3890.8214285714284,2856.75,2837.6071428571427,3414.1428571428573,3479.1428571428573
d_705,3532,2464,5510,1746,2337,3367,2683,2650,4224,3671,2013-01-02,3474.285714285714,2627.8928571428573,5126.821428571428,1865.857142857143,2866.5,3883.214285714286,2851.964285714286,2827.9285714285716,3424.5714285714284,3477.6428571428573
d_706,3957,2468,5999,1778,2796,4064,3209,2630,5086,4254,2013-01-03,3503.4285714285716,2632.3571428571427,5164.357142857143,1868.9642857142858,2865.285714285714,3900.1428571428573,2877.714285714286,2832.464285714286,3465.6428571428573,3499.0714285714284
d_707,4134,2605,5828,1959,2572,3529,2760,2836,3984,3535,2013-01-04,3516.714285714286,2627.3571428571427,5183.321428571428,1869.7857142857142,2844.5714285714284,3883.214285714286,2876.464285714286,2823.8928571428573,3490.285714285714,3499.1071428571427
d_708,4673,3507,6842,2079,3478,4583,3249,4207,5581,5088,2013-01-05,3510.4285714285716,2630.785714285714,5200.357142857143,1868.7142857142858,2841.6071428571427,3877.25,2873.6428571428573,2836.9285714285716,3532.8571428571427,3503.3571428571427
d_709,4855,3174,7306,2438,3508,5400,3797,3475,5068,4973,2013-01-06,3515.8928571428573,2619.285714285714,5225.714285714285,1871.142857142857,2832.535714285714,3889.785714285714,2876.3571428571427,2838.214285714286,3546.3928571428573,3513.035714285714
d_710,3738,2421,5716,1930,3085,4250,3309,2492,3559,3017,2013-01-07,3517.8928571428573,2616.714285714286,5228.785714285715,1860.607142857143,2852.25,3933.035714285714,2904.6785714285716,2840.5,3560.75,3499.8571428571427
d_711,3279,2257,5828,1734,2384,3099,2552,2123,4211,3753,2013-01-08,3527.714285714286,2616.035714285714,5258.214285714285,1855.75,2851.4285714285716,3916.035714285714,2910.6071428571427,2835.0,3574.75,3502.464285714286
d_712,2780,1936,4945,1726,2321,2804,2394,2353,4510,3763,2013-01-09,3525.0,2612.3928571428573,5269.928571428572,1858.9642857142858,2836.8928571428573,3891.0,2903.6785714285716,2836.1785714285716,3592.75,3503.9285714285716
d_713,3308,2135,5307,1865,2548,3353,2501,2230,3534,3012,2013-01-10,3541.1428571428573,2612.4285714285716,5291.178571428572,1862.0357142857142,2829.0714285714284,3885.6071428571427,2899.3928571428573,2837.214285714286,3606.1785714285716,3506.535714285714
d_714,3807,2780,5169,1731,2692,3800,3029,3091,4271,4106,2013-01-11,3553.285714285714,2618.0714285714284,5306.535714285715,1861.0714285714287,2828.1785714285716,3888.5,2908.1785714285716,2828.464285714286,3611.75,3522.964285714286
d_715,4781,3689,6913,2398,3532,5611,3809,3893,5810,5442,2013-01-12,3564.214285714286,2621.75,5338.392857142857,1867.9285714285713,2824.035714285714,3907.8571428571427,2914.5714285714284,2823.285714285714,3644.4285714285716,3545.1071428571427
d_716,4465,3544,7073,2178,3751,4906,3712,2982,3861,3735,2013-01-13,3561.464285714286,2616.0,5372.785714285715,1860.6785714285713,2831.1428571428573,3908.75,2926.1428571428573,2808.5714285714284,3645.035714285714,3526.5
d_717,3048,2249,5048,1806,2282,3304,2821,2393,4317,3346,2013-01-14,3556.464285714286,2617.8571428571427,5370.392857142857,1855.392857142857,2810.9285714285716,3882.285714285714,2924.6071428571427,2802.3214285714284,3692.714285714286,3529.4285714285716
d_718,2891,2347,4618,1778,2498,3212,2603,2599,4776,3579,2013-01-15,3542.6785714285716,2615.5714285714284,5350.571428571428,1852.6785714285713,2803.214285714286,3865.6428571428573,2916.75,2804.8571428571427,3762.1785714285716,3551.3571428571427
d_719,2731,2264,4922,1681,2322,3408,2462,2180,3522,3310,2013-01-16,3534.214285714286,2610.1071428571427,5365.821428571428,1855.892857142857,2790.3214285714284,3848.8214285714284,2905.464285714286,2763.8571428571427,3749.25,3535.3214285714284
d_720,2891,2412,4713,1838,2125,3348,2450,2589,3108,2896,2013-01-17,3520.8214285714284,2603.6071428571427,5358.785714285715,1854.75,2761.964285714286,3829.3928571428573,2894.3928571428573,2780.285714285714,3743.285714285714,3522.4285714285716
d_721,3698,2747,5134,1916,2646,3616,2948,2967,3297,3843,2013-01-18,3519.035714285714,2595.464285714286,5365.035714285715,1851.6785714285713,2755.8571428571427,3825.0,2893.0,2768.464285714286,3754.285714285714,3540.6071428571427
d_722,4801,3805,6535,2530,3300,4806,3335,4241,4251,4663,2013-01-19,3528.785714285714,2601.464285714286,5378.892857142857,1857.857142857143,2753.6785714285716,3833.5714285714284,2898.3928571428573,2761.1428571428573,3775.1785714285716,3559.8928571428573
d_723,4084,3034,6065,2016,3505,4793,3195,3452,3322,3575,2013-01-20,3525.6785714285716,2601.214285714286,5383.75,1846.4642857142858,2740.3214285714284,3836.0714285714284,2895.285714285714,2746.535714285714,3762.464285714286,3541.5714285714284
d_724,3566,2789,5458,2036,2662,3758,2802,2148,3001,2667,2013-01-21,3532.6785714285716,2610.9285714285716,5384.0,1846.9642857142858,2724.0714285714284,3818.1428571428573,2887.25,2736.6071428571427,3754.285714285714,3522.4285714285716
d_725,2764,2029,4816,1759,2191,2928,2397,1712,2521,2439,2013-01-22,3631.3928571428573,2683.3214285714284,5555.857142857143,1909.7857142857142,2802.3214285714284,3922.714285714286,2972.785714285714,2797.75,3844.214285714286,3609.535714285714
d_726,2652,1959,4354,1704,2218,3022,2156,2206,2761,2562,2013-01-23,3623.8928571428573,2660.4285714285716,5533.25,1912.6785714285713,2776.0714285714284,3887.0714285714284,2940.964285714286,2793.035714285714,3854.4285714285716,3601.1785714285716
d_727,2778,1791,3872,1636,2112,2945,2437,2102,2431,2863,2013-01-24,3616.9285714285716,2627.714285714286,5499.428571428572,1907.1785714285713,2764.3214285714284,3867.8571428571427,2935.75,2775.8571428571427,3844.6785714285716,3596.1785714285716
d_728,3278,2925,4937,1994,2421,3328,2475,2496,2829,3169,2013-01-25,3613.3571428571427,2636.785714285714,5492.75,1920.25,2750.214285714286,3833.1428571428573,2921.464285714286,2767.464285714286,3824.785714285714,3586.5714285714284
d_729,4742,4104,6517,2295,3306,4268,3414,3920,3910,4217,2013-01-26,3640.6428571428573,2672.8214285714284,5504.178571428572,1933.142857142857,2759.1071428571427,3835.964285714286,2915.785714285714,2782.535714285714,3824.5714285714284,3604.4285714285716
d_730,4444,3664,6582,2516,3323,4662,3237,2744,3471,3784,2013-01-27,3643.5,2699.25,5534.714285714285,1951.2857142857142,2760.8571428571427,3851.8214285714284,2913.214285714286,2775.285714285714,3833.1785714285716,3607.5
d_731,3054,2099,4716,2055,2571,3117,2660,2016,2913,2595,2013-01-28,3617.25,2690.0714285714284,5510.821428571428,1946.642857142857,2744.5714285714284,3810.1071428571427,2891.6428571428573,2737.3214285714284,3797.0,3566.6071428571427
d_732,2869,2037,4615,1737,1983,3068,2153,1749,2698,2640,2013-01-29,3628.5714285714284,2686.964285714286,5547.785714285715,1959.25,2731.035714285714,3798.1785714285716,2876.75,2731.285714285714,3815.25,3589.1785714285716
d_733,2389,2235,3996,1643,2015,2787,2269,1571,2486,2132,2013-01-30,3587.75,2678.785714285714,5493.714285714285,1955.5714285714287,2719.535714285714,3777.464285714286,2861.964285714286,2692.75,3753.1785714285716,3534.214285714286
d_734,2984,2549,4376,1876,2213,2957,2307,2087,2794,2608,2013-01-31,3553.0,2681.6785714285716,5435.75,1959.0714285714287,2698.714285714286,3737.9285714285716,2829.75,2673.3571428571427,3671.3214285714284,3475.4285714285716
d_735,4526,3206,5718,2373,3356,4537,3389,2852,4785,4334,2013-02-01,3567.0,2703.1428571428573,5431.821428571428,1973.857142857143,2726.714285714286,3773.9285714285716,2852.214285714286,2673.9285714285716,3699.9285714285716,3503.964285714286
d_736,6232,4463,7934,3102,3774,5703,3865,4488,5660,5811,2013-02-02,3622.6785714285716,2737.285714285714,5470.821428571428,2010.392857142857,2737.285714285714,3813.9285714285716,2874.214285714286,2683.964285714286,3702.75,3529.785714285714
d_737,4018,2799,6098,2450,3958,4995,3721,3349,5002,5168,2013-02-03,3592.785714285714,2723.8928571428573,5427.678571428572,2010.8214285714287,2753.3571428571427,3799.464285714286,2871.5,2679.464285714286,3700.3928571428573,3536.75
d_738,3092,2051,5364,2041,2291,3437,2933,1680,3020,3083,2013-02-04,3569.714285714286,2710.6785714285716,5415.107142857143,2014.7857142857142,2725.0,3770.4285714285716,2858.0714285714284,2650.464285714286,3681.1428571428573,3539.1071428571427
d_739,2966,2385,4705,1854,2835,3867,2731,2242,4093,3955,2013-02-05,3558.535714285714,2715.25,5375.0,2019.0714285714287,2741.1071428571427,3797.8571428571427,2864.464285714286,2654.714285714286,3676.9285714285716,3546.3214285714284
d_740,3097,2124,4765,1938,2675,3364,2738,2616,4392,4228,2013-02-06,3569.8571428571427,2721.964285714286,5368.571428571428,2026.642857142857,2753.75,3817.8571428571427,2876.75,2664.1071428571427,3672.714285714286,3562.9285714285716
d_741,3294,2242,5046,1846,2804,4175,2951,1557,3143,2641,2013-02-07,3569.3571428571427,2725.785714285714,5359.25,2025.9642857142858,2762.8928571428573,3847.214285714286,2892.8214285714284,2640.0714285714284,3658.75,3549.6785714285716
d_742,3879,2664,5450,1993,2964,4124,3193,2596,4611,4072,2013-02-08,3571.9285714285716,2721.6428571428573,5369.285714285715,2035.3214285714287,2772.6071428571427,3858.785714285714,2898.6785714285716,2622.3928571428573,3670.8928571428573,3548.464285714286
d_743,5346,3793,6153,2196,3671,5503,3920,4156,5380,5734,2013-02-09,3592.1071428571427,2725.3571428571427,5342.142857142857,2028.107142857143,2777.5714285714284,3854.9285714285716,2902.6428571428573,2631.785714285714,3655.535714285714,3558.8928571428573
d_744,5499,3856,5449,2568,4019,5674,4027,3611,4654,4553,2013-02-10,3629.035714285714,2736.5,5284.142857142857,2042.0357142857142,2787.1428571428573,3882.3571428571427,2913.8928571428573,2654.25,3683.8571428571427,3588.1071428571427
d_745,4054,2590,6264,1956,2803,4269,2974,2344,5070,4293,2013-02-11,3664.964285714286,2748.6785714285716,5327.571428571428,2047.392857142857,2805.75,3916.8214285714284,2919.3571428571427,2652.5,3710.75,3621.9285714285716
d_746,3242,2451,5705,1893,2741,4419,3246,2368,5447,4629,2013-02-12,3677.5,2752.3928571428573,5366.392857142857,2051.5,2814.4285714285716,3959.9285714285716,2942.3214285714284,2644.25,3734.714285714286,3659.4285714285716
d_747,3514,2674,5925,2034,3483,5124,3402,2936,4906,4553,2013-02-13,3705.464285714286,2767.035714285714,5402.214285714285,2064.1071428571427,2855.8928571428573,4021.214285714286,2975.8928571428573,2671.25,3784.1428571428573,3703.8214285714284
d_748,2820,2324,4276,1776,2525,3533,2522,2377,4498,3558,2013-02-14,3702.9285714285716,2763.8928571428573,5386.607142857143,2061.8928571428573,2870.1785714285716,4027.8214285714284,2978.464285714286,2663.6785714285716,3833.785714285714,3727.464285714286
d_749,4121,2814,5196,2047,3222,4240,3169,3094,5605,4752,2013-02-15,3718.035714285714,2766.285714285714,5388.821428571428,2066.5714285714284,2890.75,4050.1071428571427,2986.3571428571427,2668.214285714286,3916.214285714286,3759.9285714285716
d_750,4931,3943,6403,2286,3856,5122,3807,4249,5427,5133,2013-02-16,3722.6785714285716,2771.214285714286,5384.107142857143,2057.8571428571427,2910.6071428571427,4061.3928571428573,3003.214285714286,2668.5,3958.214285714286,3776.714285714286
d_751,4884,3367,6663,2336,4003,5962,4129,3966,4496,4847,2013-02-17,3751.25,2783.1071428571427,5405.464285714285,2069.285714285714,2928.3928571428573,4103.142857142857,3036.5714285714284,2686.8571428571427,4000.1428571428573,3822.1428571428573
d_752,3947,2908,6040,2181,3109,4042,3335,2332,3423,3321,2013-02-18,3764.8571428571427,2787.3571428571427,5426.25,2074.464285714286,2944.3571428571427,4113.285714285715,3055.6071428571427,2693.4285714285716,4015.214285714286,3845.5
d_753,2867,2091,4805,1846,2683,3696,2790,1938,2743,2789,2013-02-19,3768.535714285714,2789.5714285714284,5425.857142857143,2077.5714285714284,2961.9285714285716,4140.714285714285,3069.6428571428573,2701.5,4023.1428571428573,3858.0
d_754,3232,2489,4766,1746,2741,3490,2619,2358,3557,3203,2013-02-20,3789.25,2808.5,5440.571428571428,2079.0714285714284,2980.6071428571427,4157.428571428572,3086.1785714285716,2706.9285714285716,4051.5714285714284,3880.8928571428573
d_755,3408,2375,4856,1619,2872,3682,2743,2597,3985,3271,2013-02-21,3811.75,2829.3571428571427,5475.714285714285,2078.464285714286,3007.75,4183.75,3097.1071428571427,2724.6071428571427,4107.071428571428,3895.464285714286
d_756,4098,2934,5303,1836,2776,4097,2792,2137,3712,2878,2013-02-22,3841.035714285714,2829.6785714285716,5488.785714285715,2072.8214285714284,3020.4285714285716,4211.214285714285,3108.4285714285716,2711.785714285714,4138.607142857143,3885.0714285714284
d_757,4835,4521,6667,2325,3559,4987,3520,4059,4272,4286,2013-02-23,3844.3571428571427,2844.5714285714284,5494.142857142857,2073.8928571428573,3029.464285714286,4236.892857142857,3112.214285714286,2716.75,4151.535714285715,3887.535714285714
d_758,4711,3961,7109,2577,4063,5909,3722,3667,4130,4293,2013-02-24,3853.8928571428573,2855.1785714285716,5512.964285714285,2076.0714285714284,3055.8928571428573,4281.428571428572,3129.535714285714,2749.714285714286,4175.071428571428,3905.714285714286
d_759,3416,2596,5587,2114,2701,3857,2794,2321,3293,3341,2013-02-25,3866.8214285714284,2872.9285714285716,5544.071428571428,2078.1785714285716,3060.535714285714,4307.857142857143,3134.3214285714284,2760.6071428571427,4188.642857142857,3932.3571428571427
d_760,2850,2179,4697,1870,2570,3356,2641,1768,2799,2598,2013-02-26,3866.1428571428573,2878.0,5547.0,2082.9285714285716,3081.5,4318.142857142857,3151.75,2761.285714285714,4192.25,3930.8571428571427
d_761,2953,2346,4653,1892,2632,3444,2427,1723,3101,2713,2013-02-27,3886.285714285714,2881.964285714286,5570.464285714285,2091.8214285714284,3103.535714285714,4341.607142857143,3157.3928571428573,2766.714285714286,4214.214285714285,3951.6071428571427
d_762,3124,2474,5031,1996,2462,3522,2446,2544,3390,3385,2013-02-28,3891.285714285714,2879.285714285714,5593.857142857143,2096.1071428571427,3112.4285714285716,4361.785714285715,3162.3571428571427,2783.035714285714,4235.5,3979.3571428571427
d_763,4091,3457,6273,2271,3317,4562,3404,3463,3978,4635,2013-03-01,3875.75,2888.25,5613.678571428572,2092.464285714286,3111.035714285714,4362.678571428572,3162.8928571428573,2804.8571428571427,4206.678571428572,3990.1071428571427
d_764,5468,4669,7938,2419,4038,5628,3534,4599,5416,6063,2013-03-02,3848.464285714286,2895.6071428571427,5613.821428571428,2068.0714285714284,3120.464285714286,4360.0,3151.0714285714284,2808.8214285714284,4197.964285714285,3999.1071428571427
d_765,5520,3848,7599,2820,4285,5454,3754,3638,5787,5542,2013-03-03,3902.1071428571427,2933.0714285714284,5667.428571428572,2081.285714285714,3132.1428571428573,4376.392857142857,3152.25,2819.1428571428573,4226.0,4012.464285714286
d_766,3678,2552,6081,2099,3041,4153,2827,2655,4473,4258,2013-03-04,3923.035714285714,2950.964285714286,5693.035714285715,2083.3571428571427,3158.9285714285716,4401.964285714285,3148.464285714286,2853.964285714286,4277.892857142857,4054.4285714285716
d_767,3182,2517,5578,1804,2782,3880,2989,1460,4005,3039,2013-03-05,3930.75,2955.6785714285716,5724.214285714285,2081.5714285714284,3157.035714285714,4402.428571428572,3157.6785714285716,2826.035714285714,4274.75,4021.714285714286
d_768,3188,2183,5244,1780,2806,3811,2707,2245,4051,4013,2013-03-06,3934.0,2957.785714285714,5741.321428571428,2075.9285714285716,3161.714285714286,4418.392857142857,3156.5714285714284,2812.785714285714,4262.571428571428,4014.035714285714
d_769,3070,2358,4405,1755,2830,3644,2881,2303,3003,3521,2013-03-07,3926.0,2961.9285714285716,5718.428571428572,2072.6785714285716,3162.6428571428573,4399.428571428572,3154.0714285714284,2839.4285714285716,4257.571428571428,4045.464285714286
d_770,3943,2834,5728,2199,1743,4018,2881,2714,3886,4346,2013-03-08,3928.285714285714,2968.0,5728.357142857143,2080.035714285714,3119.035714285714,4395.642857142857,3142.9285714285716,2843.6428571428573,4231.678571428572,4055.25
d_771,4998,4059,6932,2345,3630,5025,3617,3777,5056,5450,2013-03-09,3915.8571428571427,2977.5,5756.178571428572,2085.3571428571427,3117.5714285714284,4378.571428571428,3132.1071428571427,2830.1071428571427,4220.107142857143,4045.1071428571427
d_772,4903,4163,7336,2466,3809,4961,3570,3289,5091,4520,2013-03-10,3894.5714285714284,2988.464285714286,5823.571428571428,2081.714285714286,3110.0714285714284,4353.107142857143,3115.785714285714,2818.6071428571427,4235.714285714285,4043.9285714285716
d_773,3638,2630,6095,2185,3312,4782,3237,2051,4651,3857,2013-03-11,3879.714285714286,2989.8928571428573,5817.535714285715,2089.8928571428573,3128.25,4371.428571428572,3125.1785714285716,2808.1428571428573,4220.75,4028.3571428571427
d_774,3085,2514,5134,2035,3173,4073,3010,2286,4409,4073,2013-03-12,3874.1071428571427,2992.1428571428573,5797.142857142857,2094.964285714286,3143.6785714285716,4359.071428571428,3116.75,2805.214285714286,4183.678571428572,4008.5
d_775,2908,2335,5355,1934,2878,4315,2899,2287,3621,3276,2013-03-13,3852.464285714286,2980.035714285714,5776.785714285715,2091.3928571428573,3122.0714285714284,4330.178571428572,3098.785714285714,2782.035714285714,4137.785714285715,3962.8928571428573
d_776,3214,2480,5259,1951,2718,3799,2893,2338,4403,4112,2013-03-14,3866.535714285714,2985.6071428571427,5811.892857142857,2097.6428571428573,3128.964285714286,4339.678571428572,3112.035714285714,2780.6428571428573,4134.392857142857,3982.6785714285716
d_777,3958,3196,5521,2214,2955,4640,3166,2899,4772,4180,2013-03-15,3860.714285714286,2999.25,5823.5,2103.6071428571427,3119.4285714285716,4353.964285714285,3111.9285714285716,2773.6785714285716,4104.642857142857,3962.25
d_778,4974,3824,6545,2383,3452,5149,3275,4254,4749,5047,2013-03-16,3862.25,2995.0,5828.571428571428,2107.0714285714284,3105.0,4354.928571428572,3092.9285714285716,2773.8571428571427,4080.4285714285716,3959.1785714285716
d_779,4889,3903,7107,2340,3702,5033,3626,3709,3969,4292,2013-03-17,3862.4285714285716,3014.1428571428573,5844.428571428572,2107.214285714286,3094.25,4321.75,3074.964285714286,2764.6785714285716,4061.6071428571427,3939.3571428571427
d_780,3033,2265,5780,2184,2799,4080,3044,1990,3102,3088,2013-03-18,3829.785714285714,2991.1785714285716,5835.142857142857,2107.3214285714284,3083.1785714285716,4323.107142857143,3064.5714285714284,2752.464285714286,4050.1428571428573,3931.035714285714
d_781,2950,2319,4789,1793,2456,3630,2622,2134,3075,3244,2013-03-19,3832.75,2999.3214285714284,5834.571428571428,2105.4285714285716,3075.0714285714284,4320.75,3058.5714285714284,2759.464285714286,4062.0,3947.285714285714
d_782,3215,2414,5112,1975,2513,3335,2470,2330,3140,2952,2013-03-20,3832.1428571428573,2996.6428571428573,5846.928571428572,2113.6071428571427,3066.9285714285716,4315.214285714285,3053.25,2758.464285714286,4047.1071428571427,3938.3214285714284
d_783,3188,2343,4990,2040,2531,3589,2678,2429,2908,2946,2013-03-21,3824.285714285714,2995.5,5851.714285714285,2128.6428571428573,3054.75,4311.892857142857,3050.9285714285716,2752.464285714286,4008.6428571428573,3926.714285714286
d_784,4067,3244,5196,1948,2742,4262,2465,3075,2956,3213,2013-03-22,3823.1785714285716,3006.5714285714284,5847.892857142857,2132.6428571428573,3053.535714285714,4317.785714285715,3039.25,2785.964285714286,3981.6428571428573,3938.6785714285716
d_785,4724,3988,6256,2567,3417,4680,3170,4046,3911,3861,2013-03-23,3819.214285714286,2987.535714285714,5833.214285714285,2141.285714285714,3048.464285714286,4306.821428571428,3026.75,2785.5,3968.75,3923.5
d_786,4793,3847,6295,2281,3451,5246,3360,3526,3967,3867,2013-03-24,3822.1428571428573,2983.464285714286,5804.142857142857,2130.714285714286,3026.6071428571427,4283.142857142857,3013.8214285714284,2780.464285714286,3962.9285714285716,3908.285714285714
d_787,3366,2571,5056,2058,2435,3665,2635,2122,2657,3102,2013-03-25,3820.3571428571427,2982.5714285714284,5785.178571428572,2128.714285714286,3017.1071428571427,4276.285714285715,3008.1428571428573,2773.3571428571427,3940.214285714286,3899.75
d_788,3110,2291,4907,1790,2378,3678,2409,2405,2979,2685,2013-03-26,3829.6428571428573,2986.5714285714284,5792.678571428572,2125.8571428571427,3010.25,4287.785714285715,2999.8571428571427,2796.1071428571427,3946.6428571428573,3902.8571428571427
d_789,2973,2486,4912,1869,2349,3443,2396,2251,2778,2801,2013-03-27,3830.3571428571427,2991.5714285714284,5801.928571428572,2125.035714285714,3000.1428571428573,4287.75,2998.75,2814.964285714286,3935.1071428571427,3906.0
d_790,3645,2601,4924,1855,2404,3481,2338,2603,3028,2775,2013-03-28,3848.964285714286,2996.1071428571427,5798.107142857143,2120.0,2998.0714285714284,4286.285714285715,2994.8928571428573,2817.0714285714284,3922.1785714285716,3884.214285714286
d_791,4468,3296,5651,2317,3322,4593,3408,3400,3788,3824,2013-03-29,3862.4285714285716,2990.3571428571427,5775.892857142857,2121.6428571428573,2998.25,4287.392857142857,2995.035714285714,2814.8214285714284,3915.3928571428573,3855.25
d_792,5978,4030,7036,2901,3750,5219,4032,4616,4508,4340,2013-03-30,3880.6428571428573,2967.535714285714,5743.678571428572,2138.8571428571427,2987.964285714286,4272.785714285715,3012.8214285714284,2815.4285714285716,3882.964285714286,3793.714285714286
d_793,4279,3747,3352,2391,3989,4887,3023,2303,2976,3501,2013-03-31,3836.3214285714284,2963.9285714285716,5592.0,2123.535714285714,2977.3928571428573,4252.535714285715,2986.714285714286,2767.75,3782.5714285714284,3720.8214285714284
d_794,3545,2687,6219,1976,3027,4522,3196,2269,3520,3561,2013-04-01,3831.5714285714284,2968.75,5596.928571428572,2119.1428571428573,2976.8928571428573,4265.714285714285,2999.8928571428573,2753.964285714286,3748.535714285714,3695.9285714285716
d_795,3675,2642,6163,1911,2543,3541,2874,2408,4543,4342,2013-04-02,3849.1785714285716,2973.214285714286,5617.821428571428,2122.964285714286,2968.3571428571427,4253.607142857143,2995.785714285714,2787.8214285714284,3767.75,3742.464285714286
d_796,3924,2835,6024,1976,2223,3991,2848,2619,4914,4240,2013-04-03,3875.464285714286,2996.5,5645.678571428572,2129.964285714286,2947.535714285714,4260.035714285715,3000.8214285714284,2801.1785714285716,3798.5714285714284,3750.5714285714284
d_797,3938,2760,5419,1992,3020,3398,2507,2267,3566,3307,2013-04-04,3906.464285714286,3010.8571428571427,5681.892857142857,2138.4285714285716,2954.3214285714284,4251.25,2987.464285714286,2799.8928571428573,3818.6785714285716,3742.9285714285716
d_798,4388,2944,6548,2193,2942,4459,3118,2911,4345,4208,2013-04-05,3922.3571428571427,3014.785714285714,5711.178571428572,2138.214285714286,2997.1428571428573,4267.0,2995.9285714285716,2806.9285714285716,3835.0714285714284,3738.0
d_799,5385,4289,6971,2550,3832,5405,3639,4176,5494,5080,2013-04-06,3936.1785714285716,3023.0,5712.571428571428,2145.535714285714,3004.3571428571427,4280.571428571428,2996.714285714286,2821.1785714285716,3850.714285714286,3724.785714285714
d_800,5683,3997,7769,2888,4274,5869,3822,3270,4293,4579,2013-04-07,3964.035714285714,3017.0714285714284,5728.035714285715,2160.6071428571427,3020.964285714286,4313.0,3005.714285714286,2820.5,3822.214285714286,3726.8928571428573
d_801,3901,2544,5897,2296,2835,4164,3105,2151,4516,3608,2013-04-08,3973.4285714285716,3014.0,5720.964285714285,2164.5714285714284,3003.9285714285716,4290.928571428572,3001.0,2824.0714285714284,3817.3928571428573,3718.0
d_802,3809,2458,6188,2109,2879,4186,2987,1857,3934,3343,2013-04-09,3999.285714285714,3012.0,5758.607142857143,2167.214285714286,2993.4285714285716,4294.964285714285,3000.1785714285716,2808.75,3800.4285714285716,3691.9285714285716
d_803,3653,2420,5896,2261,2609,3344,2439,2142,3692,2985,2013-04-10,4025.8928571428573,3015.035714285714,5777.928571428572,2178.8928571428573,2983.8214285714284,4260.285714285715,2983.75,2803.5714285714284,3802.964285714286,3681.535714285714
d_804,3641,2422,5673,1911,2614,4060,2828,2228,3984,3331,2013-04-11,4041.1428571428573,3012.964285714286,5792.714285714285,2177.464285714286,2980.1071428571427,4269.607142857143,2981.4285714285716,2799.6428571428573,3788.0,3653.6428571428573
d_805,3825,3078,5900,1979,2894,4160,2959,2825,4662,3800,2013-04-12,4036.3928571428573,3008.75,5806.25,2169.0714285714284,2977.9285714285716,4252.464285714285,2974.035714285714,2797.0,3784.0714285714284,3640.0714285714284
d_806,4737,4004,7137,2382,3982,5096,3458,4011,4520,4318,2013-04-13,4027.9285714285716,3015.1785714285716,5827.392857142857,2169.035714285714,2996.8571428571427,4250.571428571428,2980.5714285714284,2788.3214285714284,3775.8928571428573,3614.035714285714
d_807,5072,3852,6924,2462,4071,5366,3494,3726,5378,3645,2013-04-14,4034.464285714286,3013.3571428571427,5820.857142857143,2173.3928571428573,3010.035714285714,4262.464285714285,2975.8571428571427,2788.9285714285716,3826.214285714286,3590.9285714285716
d_808,3428,2508,5700,2171,3391,4228,3426,2323,3920,3007,2013-04-15,4048.5714285714284,3022.035714285714,5818.0,2172.9285714285716,3031.1785714285716,4267.75,2989.5,2800.8214285714284,3855.4285714285716,3588.035714285714
d_809,3016,2562,5748,1854,2638,3540,2815,2324,3772,2770,2013-04-16,4050.9285714285716,3030.714285714286,5852.25,2175.1071428571427,3037.6785714285716,4264.535714285715,2996.3928571428573,2807.6071428571427,3880.3214285714284,3571.1071428571427
d_810,3079,2316,5300,2041,2493,3448,2532,1989,3339,2278,2013-04-17,4046.0714285714284,3027.214285714286,5858.964285714285,2177.464285714286,3036.964285714286,4268.571428571428,2998.6071428571427,2795.4285714285716,3887.4285714285716,3547.035714285714
d_811,3051,2502,5157,1919,2355,3256,2547,2184,3069,2434,2013-04-18,4041.1785714285716,3032.8928571428573,5864.928571428572,2173.1428571428573,3030.6785714285716,4256.678571428572,2993.9285714285716,2786.6785714285716,3893.1785714285716,3528.75
d_812,3887,3030,5685,2208,2645,4149,2841,2301,3344,2739,2013-04-19,4034.75,3025.25,5882.392857142857,2182.4285714285716,3027.214285714286,4252.642857142857,3007.3571428571427,2759.035714285714,3907.035714285714,3511.8214285714284
d_813,4923,4078,6862,2330,3503,5106,3277,3519,4047,3212,2013-04-20,4041.8571428571427,3028.464285714286,5904.035714285715,2173.964285714286,3030.285714285714,4267.857142857143,3011.1785714285716,2740.214285714286,3911.8928571428573,3488.6428571428573
d_814,5031,3821,7463,2808,3534,4951,3051,3014,3278,2980,2013-04-21,4050.3571428571427,3027.535714285714,5945.75,2192.785714285714,3033.25,4257.321428571428,3000.1428571428573,2721.9285714285716,3887.285714285714,3456.964285714286
d_815,3625,2652,5712,2262,2660,3539,2736,1991,2580,2194,2013-04-22,4059.6071428571427,3030.4285714285716,5969.178571428572,2200.0714285714284,3041.285714285714,4252.821428571428,3003.75,2717.25,3884.535714285714,3424.535714285714
d_816,3037,2220,5432,1870,2604,3402,2466,1705,2329,1994,2013-04-23,4057.0,3027.8928571428573,5987.928571428572,2202.9285714285716,3049.3571428571427,4242.964285714285,3005.785714285714,2692.25,3861.3214285714284,3399.8571428571427
d_817,3073,2389,5262,1818,2470,3039,2487,2263,2494,2312,2013-04-24,4060.5714285714284,3024.4285714285716,6000.428571428572,2201.1071428571427,3053.6785714285716,4228.535714285715,3009.035714285714,2692.6785714285716,3851.1785714285716,3382.3928571428573
d_818,3194,2517,4906,1916,2280,3224,2293,2224,2560,2362,2013-04-25,4044.464285714286,3021.4285714285716,5999.785714285715,2203.285714285714,3049.25,4219.357142857143,3007.4285714285716,2679.1428571428573,3834.464285714286,3367.6428571428573
d_819,3843,2973,5150,2127,2763,3936,2724,2352,2804,2534,2013-04-26,4022.1428571428573,3009.8928571428573,5981.892857142857,2196.5,3029.285714285714,4195.892857142857,2983.0,2641.714285714286,3799.3214285714284,3321.5714285714284
d_820,4665,3889,6341,2290,2311,3635,2678,3145,3342,3033,2013-04-27,3975.25,3004.8571428571427,5957.071428571428,2174.6785714285716,2977.8928571428573,4139.321428571428,2934.6428571428573,2589.1785714285716,3757.6785714285716,3274.8928571428573
d_821,4723,3665,6994,2646,3949,4982,3276,2898,2847,2922,2013-04-28,3991.1071428571427,3001.9285714285716,6087.142857142857,2183.785714285714,2976.464285714286,4142.714285714285,2943.6785714285716,2610.4285714285716,3753.0714285714284,3254.214285714286
d_822,3338,2437,4975,2153,2377,3014,2478,2103,2376,2194,2013-04-29,3983.714285714286,2993.0,6042.714285714285,2190.1071428571427,2953.25,4088.8571428571427,2918.035714285714,2604.5,3712.214285714286,3205.3928571428573
d_823,3276,2609,5200,2173,2389,3089,2646,1807,2688,2267,2013-04-30,3969.464285714286,2991.8214285714284,6008.321428571428,2199.464285714286,2947.75,4072.714285714286,2909.8928571428573,2583.035714285714,3645.964285714286,3131.285714285714
d_824,3456,2778,5876,2176,2885,3314,2998,2289,3210,2376,2013-05-01,3952.75,2989.785714285714,6003.035714285715,2206.6071428571427,2971.3928571428573,4048.535714285714,2915.25,2571.25,3585.1071428571427,3064.714285714286
d_825,3604,2617,5882,2111,2324,3402,2399,2052,4225,3125,2013-05-02,3940.8214285714284,2984.6785714285716,6019.571428571428,2210.8571428571427,2946.535714285714,4048.6785714285716,2911.3928571428573,2563.5714285714284,3608.6428571428573,3058.214285714286
d_826,4455,3147,6440,2417,2816,3933,2901,2816,4421,3604,2013-05-03,3943.214285714286,2991.9285714285716,6015.714285714285,2218.8571428571427,2942.035714285714,4029.8928571428573,2903.6428571428573,2560.1785714285716,3611.3571428571427,3036.6428571428573
d_827,5225,4108,6672,2765,3211,4352,3237,3321,4349,3572,2013-05-04,3937.5,2985.464285714286,6005.035714285715,2226.535714285714,2919.8571428571427,3992.285714285714,2889.285714285714,2529.6428571428573,3570.464285714286,2982.785714285714
d_828,5504,3846,7015,2562,3851,5063,3391,3349,5014,3608,2013-05-05,3931.1071428571427,2980.0714285714284,5978.107142857143,2214.8928571428573,2904.75,3963.5,2873.8928571428573,2532.464285714286,3596.214285714286,2948.1071428571427
d_829,4257,2555,6920,2255,2746,3984,3117,2250,4159,3125,2013-05-06,3943.8214285714284,2980.464285714286,6014.642857142857,2213.4285714285716,2901.5714285714284,3957.0714285714284,2874.3214285714284,2536.0,3583.464285714286,2930.8571428571427
d_830,3645,2704,5839,2120,2862,3706,2927,1974,3242,2654,2013-05-07,3937.964285714286,2989.25,6002.178571428572,2213.8214285714284,2900.964285714286,3939.9285714285716,2872.1785714285716,2540.1785714285716,3558.75,2906.25
d_831,3542,2435,5429,2023,2806,3654,2646,2213,3613,2985,2013-05-08,3934.0,2989.785714285714,5985.5,2205.3214285714284,2908.0,3951.0,2879.5714285714284,2542.714285714286,3555.9285714285716,2906.25
d_832,3633,2570,5726,2029,2740,3871,2835,2311,4205,3018,2013-05-09,3933.714285714286,2995.0714285714284,5987.392857142857,2209.535714285714,2912.5,3944.25,2879.8214285714284,2545.6785714285716,3563.8214285714284,2895.0714285714284
d_833,4292,2896,6021,2253,2365,3641,2513,2766,3496,3254,2013-05-10,3950.3928571428573,2988.5714285714284,5991.714285714285,2219.3214285714284,2893.6071428571427,3925.714285714286,2863.8928571428573,2543.5714285714284,3522.1785714285716,2875.5714285714284
d_834,6041,3996,7547,2476,3457,5193,3678,3991,4819,4187,2013-05-11,3996.964285714286,2988.285714285714,6006.357142857143,2222.6785714285716,2874.8571428571427,3929.1785714285716,2871.75,2542.8571428571427,3532.8571428571427,2870.8928571428573
d_835,4486,3317,6384,2227,3702,4484,3193,2536,3814,3247,2013-05-12,3976.035714285714,2969.1785714285716,5987.071428571428,2214.285714285714,2861.6785714285716,3897.6785714285716,2861.0,2500.3571428571427,3477.0,2856.6785714285716
d_836,3791,2363,6371,2365,3359,4450,3275,2257,3617,2761,2013-05-13,3989.0,2964.0,6011.035714285715,2221.214285714286,2860.535714285714,3905.6071428571427,2855.6071428571427,2498.0,3466.1785714285716,2847.8928571428573
d_837,3564,2433,6192,2098,2594,3839,3024,2154,4128,2859,2013-05-14,4008.5714285714284,2959.3928571428573,6026.892857142857,2229.9285714285716,2858.964285714286,3916.285714285714,2863.0714285714284,2491.9285714285716,3478.8928571428573,2851.0714285714284
d_838,3492,2697,5797,2172,3254,3934,2802,2609,4543,3311,2013-05-15,4023.3214285714284,2973.0,6044.642857142857,2234.6071428571427,2886.1428571428573,3933.6428571428573,2872.714285714286,2514.0714285714284,3521.8928571428573,2887.964285714286
d_839,3701,2508,5245,2108,2981,3638,2881,2541,3603,2731,2013-05-16,4046.535714285714,2973.214285714286,6047.785714285715,2241.3571428571427,2908.5,3947.285714285714,2884.6428571428573,2526.8214285714284,3540.964285714286,2898.5714285714284
d_840,4126,2982,5569,2259,3104,4011,2940,3036,3831,2824,2013-05-17,4055.0714285714284,2971.5,6043.642857142857,2243.1785714285716,2924.8928571428573,3942.3571428571427,2888.1785714285716,2553.0714285714284,3558.3571428571427,2901.6071428571427
d_841,4746,4048,6884,2342,3865,5415,3509,3433,3608,2980,2013-05-18,4048.75,2970.4285714285716,6044.428571428572,2243.6071428571427,2937.8214285714284,3953.3928571428573,2896.464285714286,2550.0,3542.6785714285716,2893.3214285714284
d_842,5470,3801,7554,2808,4168,5396,3776,3468,3248,2984,2013-05-19,4064.4285714285716,2969.714285714286,6047.678571428572,2243.6071428571427,2960.464285714286,3969.285714285714,2922.3571428571427,2566.214285714286,3541.6071428571427,2893.464285714286
d_843,4063,2658,6203,2513,3014,4054,3028,2423,3112,2578,2013-05-20,4080.0714285714284,2969.9285714285716,6065.214285714285,2252.5714285714284,2973.1071428571427,3987.6785714285716,2932.785714285714,2581.6428571428573,3560.6071428571427,2907.1785714285716
d_844,3626,2563,5228,2062,2621,3595,2715,2446,3041,2389,2013-05-21,4101.107142857143,2982.1785714285716,6057.928571428572,2259.4285714285716,2973.714285714286,3994.5714285714284,2941.6785714285716,2608.1071428571427,3586.035714285714,2921.285714285714
d_845,3473,2625,5128,1870,2545,3549,2818,2168,2729,2030,2013-05-22,4115.392857142857,2990.6071428571427,6053.142857142857,2261.285714285714,2976.3928571428573,4012.785714285714,2953.5,2604.714285714286,3594.4285714285716,2911.214285714286
d_846,3580,2994,5111,2331,2517,3579,2657,2677,2861,2595,2013-05-23,4129.178571428572,3007.6428571428573,6060.464285714285,2276.1071428571427,2984.8571428571427,4025.464285714286,2966.5,2620.8928571428573,3605.1785714285716,2919.535714285714
d_847,4390,3355,5576,2466,2763,4435,3027,2989,3203,2877,2013-05-24,4148.714285714285,3021.285714285714,6075.678571428572,2288.214285714286,2984.8571428571427,4043.285714285714,2977.3214285714284,2643.6428571428573,3619.4285714285716,2931.785714285714
d_848,4766,3981,6126,2297,3473,5080,3263,3263,3637,3257,2013-05-25,4152.321428571428,3024.5714285714284,6068.0,2288.464285714286,3026.3571428571427,4094.8928571428573,2998.214285714286,2647.8571428571427,3629.964285714286,2939.785714285714
d_849,4416,3580,6076,2272,3401,4997,3249,2720,2750,2588,2013-05-26,4141.357142857143,3021.535714285714,6035.214285714285,2275.1071428571427,3006.785714285714,4095.4285714285716,2997.25,2641.5,3626.5,2927.8571428571427
d_850,4390,3807,6402,2434,3237,4750,3152,2844,2748,2513,2013-05-27,4178.928571428572,3070.464285714286,6086.178571428572,2285.1428571428573,3037.5,4157.428571428572,3021.3214285714284,2667.964285714286,3639.785714285714,2939.25
d_851,3575,2691,5443,2215,2269,3569,2770,2206,2480,2080,2013-05-28,4189.607142857143,3073.3928571428573,6094.857142857143,2286.6428571428573,3033.214285714286,4174.571428571428,3025.75,2682.214285714286,3632.3571428571427,2932.5714285714284
d_852,3104,2400,4846,2000,2228,3177,2239,2210,2444,2319,2013-05-29,4177.035714285715,3059.8928571428573,6058.071428571428,2280.3571428571427,3009.75,4169.678571428572,2998.6428571428573,2679.3928571428573,3605.0,2930.535714285714
d_853,3439,2402,4893,1927,2554,3318,2457,2237,2530,2368,2013-05-30,4171.142857142857,3052.214285714286,6022.75,2273.785714285714,3017.964285714286,4166.678571428572,3000.714285714286,2686.0,3544.464285714286,2903.5
d_854,4393,3399,6012,2409,2700,4035,2911,2986,4020,3221,2013-05-31,4168.928571428572,3061.214285714286,6007.464285714285,2273.5,3013.8214285714284,4170.321428571428,3001.0714285714284,2692.0714285714284,3530.1428571428573,2889.8214285714284
d_855,5654,3998,7176,2931,3982,5810,4037,3907,3835,3478,2013-06-01,4184.25,3057.285714285714,6025.464285714285,2279.4285714285716,3041.3571428571427,4222.392857142857,3029.6428571428573,2713.0,3511.785714285714,2886.464285714286
d_856,5987,4157,8187,3169,3503,5632,3733,3586,5329,4219,2013-06-02,4201.5,3068.3928571428573,6067.321428571428,2301.1071428571427,3028.9285714285716,4242.714285714285,3041.8571428571427,2721.464285714286,3523.035714285714,2908.285714285714
d_857,4602,2992,6893,2337,3146,4460,3574,2674,4784,3783,2013-06-03,4213.821428571428,3084.0,6066.357142857143,2304.035714285714,3043.214285714286,4259.714285714285,3058.1785714285716,2736.6071428571427,3545.3571428571427,2931.785714285714
d_858,3857,2983,6232,2104,2806,3800,2940,2454,3641,2992,2013-06-04,4221.392857142857,3093.964285714286,6080.392857142857,2303.464285714286,3041.214285714286,4263.071428571428,3058.6428571428573,2753.75,3559.6071428571427,2943.8571428571427
d_859,4174,2959,6441,2065,3705,3919,2955,2493,4031,3169,2013-06-05,4243.964285714285,3112.6785714285716,6116.535714285715,2304.964285714286,3073.3214285714284,4272.535714285715,3069.6785714285716,2763.75,3574.535714285714,2950.4285714285716
d_860,3048,2850,5885,2313,2981,4538,3001,2695,3730,3125,2013-06-06,4223.071428571428,3122.6785714285716,6122.214285714285,2315.1071428571427,3081.9285714285716,4296.357142857143,3075.6071428571427,2777.464285714286,3557.5714285714284,2954.25
d_861,4783,3428,6594,2302,3177,4715,3388,2886,3466,2863,2013-06-07,4240.607142857143,3141.6785714285716,6142.678571428572,2316.8571428571427,3110.9285714285716,4334.714285714285,3106.8571428571427,2781.75,3556.5,2940.285714285714
d_862,5714,4221,8003,2550,3772,5103,3387,3688,4785,3424,2013-06-08,4228.928571428572,3149.714285714286,6158.964285714285,2319.5,3122.1785714285716,4331.5,3096.464285714286,2770.9285714285716,3555.285714285714,2913.035714285714
d_863,6091,4308,8736,2738,3766,5578,3973,3671,5101,4202,2013-06-09,4286.25,3185.1071428571427,6242.964285714285,2337.75,3124.464285714286,4370.571428571428,3124.3214285714284,2811.464285714286,3601.25,2947.1428571428573
d_864,4672,2807,7537,2614,3178,4262,3011,2397,3418,2873,2013-06-10,4317.714285714285,3200.964285714286,6284.607142857143,2346.6428571428573,3118.0,4363.857142857143,3114.8928571428573,2816.464285714286,3594.1428571428573,2951.1428571428573
d_865,3859,2708,6113,2390,3133,4413,2766,2418,3783,3042,2013-06-11,4328.25,3210.785714285714,6281.785714285715,2357.0714285714284,3137.25,4384.357142857143,3105.6785714285716,2825.8928571428573,3581.8214285714284,2957.6785714285716
d_866,3765,2632,5851,2091,3053,4089,2910,2430,4243,2878,2013-06-12,4338.0,3208.464285714286,6283.714285714285,2354.1785714285716,3130.0714285714284,4389.892857142857,3109.535714285714,2819.5,3571.1071428571427,2942.214285714286
d_867,3910,2869,5782,2349,3206,4279,3039,2535,3509,2710,2013-06-13,4345.464285714285,3221.3571428571427,6302.892857142857,2362.785714285714,3138.1071428571427,4412.785714285715,3115.1785714285716,2819.285714285714,3567.75,2941.464285714286
d_868,4782,3550,6555,2395,3168,5010,3028,3220,4521,3538,2013-06-14,4368.892857142857,3241.6428571428573,6338.107142857143,2367.6428571428573,3140.3928571428573,4448.464285714285,3118.3214285714284,2825.8571428571427,3592.3928571428573,2966.964285714286
d_869,5526,4177,7244,2498,4133,5824,3555,3909,5228,4215,2013-06-15,4396.75,3246.25,6350.964285714285,2373.214285714286,3149.964285714286,4463.071428571428,3119.964285714286,2842.8571428571427,3650.25,3011.0714285714284
d_870,4718,3638,6787,2431,4074,5072,3531,2824,3352,3263,2013-06-16,4369.892857142857,3240.4285714285716,6323.571428571428,2359.75,3146.6071428571427,4451.5,3111.214285714286,2819.8571428571427,3653.964285714286,3021.035714285714
d_871,3816,2684,6403,2350,3017,4183,3040,2405,3392,2828,2013-06-17,4361.071428571428,3241.3571428571427,6330.714285714285,2353.9285714285716,3146.714285714286,4456.107142857143,3111.6428571428573,2819.214285714286,3663.964285714286,3029.964285714286
d_872,3772,2472,5802,2177,2768,3763,2686,2262,3022,2453,2013-06-18,4366.285714285715,3238.1071428571427,6351.214285714285,2358.035714285714,3151.964285714286,4462.107142857143,3110.6071428571427,2812.6428571428573,3663.285714285714,3032.25
d_873,3350,2807,5639,2217,2731,3868,2633,2500,2875,2450,2013-06-19,4361.892857142857,3244.6071428571427,6369.464285714285,2370.4285714285716,3158.6071428571427,4473.5,3104.0,2824.5,3668.5,3047.25
d_874,3770,3032,5516,2134,2810,3723,2667,2440,3156,2523,2013-06-20,4368.678571428572,3245.964285714286,6383.928571428572,2363.3928571428573,3169.0714285714284,4478.642857142857,3104.3571428571427,2816.035714285714,3679.035714285714,3044.6785714285716
d_875,4870,3109,6308,2392,2920,4379,3159,3094,3363,3109,2013-06-21,4385.821428571428,3237.1785714285716,6410.071428571428,2360.75,3174.6785714285716,4476.642857142857,3109.0714285714284,2819.785714285714,3684.75,3052.964285714286
d_876,5213,4128,7192,2499,3799,5222,3784,3515,3708,3216,2013-06-22,4401.785714285715,3242.4285714285716,6448.142857142857,2367.964285714286,3186.3214285714284,4481.714285714285,3127.6785714285716,2828.785714285714,3687.285714285714,3051.5
d_877,5505,4385,7651,2431,4083,5231,3952,3410,3388,3239,2013-06-23,4440.678571428572,3271.1785714285716,6504.392857142857,2373.6428571428573,3210.6785714285716,4490.071428571428,3152.785714285714,2853.4285714285716,3710.0714285714284,3074.75
d_878,3985,2802,6080,2649,3051,4101,3228,2526,3028,2668,2013-06-24,4426.214285714285,3235.285714285714,6492.892857142857,2381.3214285714284,3204.035714285714,4466.892857142857,3155.5,2842.0714285714284,3720.0714285714284,3080.285714285714
d_879,3641,2847,5820,2312,2728,3623,2894,2301,2966,2471,2013-06-25,4428.571428571428,3240.8571428571427,6506.357142857143,2384.785714285714,3220.4285714285716,4468.821428571428,3159.9285714285716,2845.464285714286,3737.4285714285716,3094.25
d_880,3719,2679,5331,2167,2510,3725,2788,2338,2794,2305,2013-06-26,4450.535714285715,3250.8214285714284,6523.678571428572,2390.75,3230.5,4488.392857142857,3179.535714285714,2850.035714285714,3749.9285714285716,3093.75
d_881,3635,3085,5589,2269,2713,3862,2559,2466,2964,2315,2013-06-27,4457.535714285715,3275.214285714286,6548.535714285715,2402.964285714286,3236.1785714285716,4507.821428571428,3183.1785714285716,2858.214285714286,3765.4285714285716,3091.8571428571427
d_882,4895,3631,6528,2558,2870,4402,3081,2824,3203,2761,2013-06-28,4475.464285714285,3283.5,6566.964285714285,2408.285714285714,3242.25,4520.928571428572,3189.25,2852.4285714285716,3736.25,3075.4285714285716
d_883,5485,4639,8354,2886,3520,5584,3652,3567,3848,3414,2013-06-29,4469.428571428572,3306.3928571428573,6609.035714285715,2406.6785714285716,3225.75,4512.857142857143,3175.5,2840.285714285714,3736.714285714286,3073.1428571428573
d_884,5782,4135,8163,2964,4085,5585,3869,3494,3245,3501,2013-06-30,4462.107142857143,3305.6071428571427,6608.178571428572,2399.3571428571427,3246.535714285714,4511.178571428572,3180.3571428571427,2837.0,3662.285714285714,3047.5
d_885,5052,3091,7599,2558,3255,4559,3683,2489,3674,2756,2013-07-01,4478.178571428572,3309.1428571428573,6633.392857142857,2407.25,3250.4285714285716,4514.714285714285,3184.25,2830.3928571428573,3622.6428571428573,3010.8214285714284
d_886,4745,3195,7238,2527,2817,3894,2837,2506,3940,3543,2013-07-02,4509.892857142857,3316.714285714286,6669.321428571428,2422.3571428571427,3250.8214285714284,4518.071428571428,3180.5714285714284,2832.25,3633.3214285714284,3030.5
d_887,5295,3617,8136,2846,3139,4922,3583,3353,4850,4258,2013-07-03,4549.928571428572,3340.214285714286,6729.857142857143,2450.25,3230.6071428571427,4553.892857142857,3203.0,2862.964285714286,3662.5714285714284,3069.3928571428573
d_888,4607,3066,7170,2444,3325,4845,3078,2295,3062,2891,2013-07-04,4605.607142857143,3347.9285714285716,6775.75,2454.9285714285716,3242.8928571428573,4564.857142857143,3205.75,2848.6785714285716,3638.714285714286,3061.035714285714
d_889,5104,3626,7053,2341,3309,4930,3445,3216,4195,3588,2013-07-05,4617.071428571428,3355.0,6792.142857142857,2456.3214285714284,3247.6071428571427,4572.535714285715,3207.785714285714,2860.464285714286,3664.75,3086.9285714285716
d_890,4853,3636,7123,2231,3656,5352,3758,3014,4438,3771,2013-07-06,4586.321428571428,3334.1071428571427,6760.714285714285,2444.9285714285716,3243.464285714286,4581.428571428572,3221.035714285714,2836.3928571428573,3652.3571428571427,3099.3214285714284
d_891,6065,3760,8035,2835,4011,5215,4131,2975,3881,3716,2013-07-07,4585.392857142857,3314.535714285714,6735.678571428572,2448.3928571428573,3252.214285714286,4568.464285714285,3226.6785714285716,2811.535714285714,3608.785714285714,3081.964285714286
d_892,4430,2662,6899,2484,2903,4184,3039,2471,4625,3763,2013-07-08,4576.75,3309.3571428571427,6712.892857142857,2443.75,3242.3928571428573,4565.678571428572,3227.6785714285716,2814.1785714285716,3651.8928571428573,3113.75
d_893,4176,2776,6717,2435,2957,4368,3080,2737,4824,3183,2013-07-09,4588.071428571428,3311.785714285714,6734.464285714285,2445.3571428571427,3236.1071428571427,4564.071428571428,3238.8928571428573,2825.5714285714284,3689.0714285714284,3118.785714285714
d_894,4183,2847,6803,2206,2707,3769,2608,2616,3938,2902,2013-07-10,4603.0,3319.464285714286,6768.464285714285,2449.464285714286,3223.75,4552.642857142857,3228.1071428571427,2832.214285714286,3678.1785714285716,3119.6428571428573
d_895,3976,2825,5824,2298,3085,4465,3268,2781,4522,3317,2013-07-11,4605.357142857143,3317.8928571428573,6769.964285714285,2447.6428571428573,3219.4285714285716,4559.285714285715,3236.285714285714,2841.0,3714.3571428571427,3141.3214285714284
d_896,4910,3292,6412,2293,3685,5046,3514,3211,4941,3975,2013-07-12,4609.928571428572,3308.6785714285716,6764.857142857143,2444.0,3237.8928571428573,4560.571428571428,3253.6428571428573,2840.6785714285716,3729.3571428571427,3156.9285714285716
d_897,5275,4045,7117,2610,4256,5832,4139,3691,4278,3942,2013-07-13,4600.964285714285,3303.964285714286,6760.321428571428,2448.0,3242.285714285714,4560.857142857143,3274.5,2832.8928571428573,3695.4285714285716,3147.1785714285716
d_898,6037,4153,7497,2607,4084,5604,3748,3617,4826,4499,2013-07-14,4648.071428571428,3322.3571428571427,6785.678571428572,2454.285714285714,3242.6428571428573,4579.857142857143,3282.25,2861.214285714286,3748.0714285714284,3191.3214285714284
d_899,4116,2658,6096,2663,3210,4495,3378,2926,4599,3483,2013-07-15,4658.785714285715,3321.4285714285716,6774.714285714285,2465.464285714286,3249.535714285714,4591.0,3294.3214285714284,2879.8214285714284,3791.1785714285716,3214.714285714286
d_900,3851,2741,5689,2221,2585,3913,2870,2771,4263,3033,2013-07-16,4661.607142857143,3331.035714285714,6770.678571428572,2467.035714285714,3243.0,4596.357142857143,3300.8928571428573,2898.0,3835.5,3235.4285714285716
d_901,3764,2959,5708,2077,2538,3749,2741,2678,3430,2823,2013-07-17,4676.392857142857,3336.464285714286,6773.142857142857,2462.035714285714,3236.1071428571427,4592.107142857143,3304.75,2904.3571428571427,3855.3214285714284,3248.75
d_902,3892,3011,5808,2260,2582,4104,3054,2910,3311,2989,2013-07-18,4680.75,3335.714285714286,6783.571428571428,2466.535714285714,3227.964285714286,4605.714285714285,3318.5714285714284,2921.1428571428573,3860.8571428571427,3265.3928571428573
d_903,4674,3332,5898,2479,2556,4455,2897,3074,3519,3310,2013-07-19,4673.75,3343.6785714285716,6768.928571428572,2469.6428571428573,3214.964285714286,4608.428571428572,3309.214285714286,2920.4285714285716,3866.4285714285716,3272.5714285714284
d_904,5538,4275,7319,2600,3119,5166,3236,3539,3523,3212,2013-07-20,4685.357142857143,3348.9285714285716,6773.464285714285,2473.25,3190.6785714285716,4606.428571428572,3289.6428571428573,2921.285714285714,3859.8214285714284,3272.4285714285716
d_905,5913,4230,7857,2560,3406,5490,3643,3140,2917,2883,2013-07-21,4699.928571428572,3343.3928571428573,6780.821428571428,2477.8571428571427,3166.5,4615.678571428572,3278.6071428571427,2911.6428571428573,3843.0,3259.714285714286
d_906,3938,2566,5996,2281,2618,4097,2919,2458,2770,2560,2013-07-22,4698.25,3334.964285714286,6777.821428571428,2464.714285714286,3151.035714285714,4615.535714285715,3267.5714285714284,2909.214285714286,3833.785714285714,3255.8571428571427
d_907,3885,2590,5958,2157,2652,3827,2941,2448,2609,2237,2013-07-23,4706.964285714285,3325.785714285714,6782.75,2459.1785714285716,3148.3214285714284,4622.821428571428,3269.25,2914.464285714286,3821.035714285714,3247.5
d_908,3693,2861,5497,2296,2638,4357,2667,2393,2824,2242,2013-07-24,4706.035714285715,3332.285714285714,6788.678571428572,2463.785714285714,3152.8928571428573,4645.392857142857,3264.9285714285716,2916.4285714285716,3822.1071428571427,3245.25
d_909,3748,2926,5974,2359,2371,4043,2783,2533,2645,2434,2013-07-25,4710.071428571428,3326.6071428571427,6802.428571428572,2467.0,3140.6785714285716,4651.857142857143,3272.9285714285716,2918.8214285714284,3810.714285714286,3249.5
d_910,4248,3571,6244,2289,2814,4636,3319,3188,3417,3117,2013-07-26,4686.964285714285,3324.464285714286,6792.285714285715,2457.3928571428573,3138.6785714285716,4660.214285714285,3281.4285714285716,2931.8214285714284,3818.3571428571427,3262.214285714286
d_911,4708,4311,7509,2758,3311,5170,3879,3505,3418,3103,2013-07-27,4659.214285714285,3312.75,6762.107142857143,2452.8214285714284,3131.214285714286,4645.428571428572,3289.535714285714,2929.6071428571427,3803.0,3251.1071428571427
d_912,5291,3936,7187,2639,3702,5484,3484,3148,2691,2918,2013-07-28,4641.678571428572,3305.6428571428573,6727.25,2441.214285714286,3117.535714285714,4641.821428571428,3275.785714285714,2917.25,3783.214285714286,3230.285714285714
d_913,4008,2594,5994,2526,2800,4198,2877,2091,2378,2297,2013-07-29,4604.392857142857,3287.8928571428573,6669.928571428572,2440.0714285714284,3101.285714285714,4628.928571428572,3247.0,2903.035714285714,3736.9285714285716,3213.8928571428573
d_914,3702,2801,5437,2153,2530,3650,2764,2339,2573,2213,2013-07-30,4567.142857142857,3273.8214285714284,6605.607142857143,2426.714285714286,3091.035714285714,4620.214285714285,3244.3928571428573,2897.0714285714284,3688.1071428571427,3166.3928571428573
d_915,3611,2807,6026,1997,2473,3785,2586,2589,3060,2321,2013-07-31,4507.0,3244.8928571428573,6530.25,2396.3928571428573,3067.25,4579.607142857143,3208.785714285714,2869.785714285714,3624.1785714285716,3097.214285714286
d_916,4382,3240,6908,2132,3476,4625,3640,2397,3354,3155,2013-08-01,4498.964285714285,3251.1071428571427,6520.892857142857,2385.25,3072.6428571428573,4571.75,3228.8571428571427,2873.4285714285716,3634.6071428571427,3106.6428571428573
d_917,5314,3343,6880,2337,3246,4770,3705,3026,4589,4453,2013-08-02,4506.464285714285,3241.0,6514.714285714285,2385.1071428571427,3070.3928571428573,4566.035714285715,3238.1428571428573,2866.6428571428573,3648.6785714285716,3137.535714285714
d_918,5888,4194,7667,2713,3905,5875,3819,3571,5135,4338,2013-08-03,4543.428571428572,3260.9285714285716,6534.142857142857,2402.3214285714284,3079.285714285714,4584.714285714285,3240.3214285714284,2886.535714285714,3673.5714285714284,3157.785714285714
d_919,5541,4062,8137,2699,3927,5927,3690,2915,3903,3638,2013-08-04,4524.714285714285,3271.714285714286,6537.785714285715,2397.464285714286,3076.285714285714,4610.142857142857,3224.5714285714284,2884.3928571428573,3674.3571428571427,3155.0
d_920,4726,2826,7259,2309,3381,4701,3546,2362,4532,3507,2013-08-05,4535.285714285715,3277.5714285714284,6550.642857142857,2391.214285714286,3093.3571428571427,4628.607142857143,3242.6785714285716,2880.5,3671.035714285714,3145.8571428571427
d_921,4153,2722,6178,2242,3149,4365,3445,2624,4430,3386,2013-08-06,4534.464285714285,3275.6428571428573,6531.392857142857,2384.3214285714284,3100.214285714286,4628.5,3255.714285714286,2876.464285714286,3656.964285714286,3153.1071428571427
d_922,4360,2624,6541,2191,3308,4360,3230,2486,3207,2772,2013-08-07,4540.785714285715,3267.6785714285716,6522.035714285715,2383.785714285714,3121.6785714285716,4649.607142857143,3277.9285714285716,2871.8214285714284,3630.8571428571427,3148.464285714286
d_923,4249,2717,6419,2163,2829,3809,3027,2496,4265,2912,2013-08-08,4550.535714285715,3263.8214285714284,6543.285714285715,2378.964285714286,3112.535714285714,4626.178571428572,3269.3214285714284,2861.6428571428573,3621.6785714285716,3134.0
d_924,4789,3177,6881,2438,3416,5514,3634,2898,4371,3581,2013-08-09,4546.214285714285,3259.714285714286,6560.035714285715,2384.1428571428573,3102.9285714285716,4642.892857142857,3273.6071428571427,2850.464285714286,3601.3214285714284,3119.9285714285716
d_925,6308,4358,7841,2544,3735,5370,3847,3466,3990,3453,2013-08-10,4583.107142857143,3270.8928571428573,6585.892857142857,2381.785714285714,3084.3214285714284,4626.392857142857,3263.1785714285716,2842.4285714285716,3591.035714285714,3102.464285714286
d_926,6276,4111,7667,2722,4218,5938,4605,3305,4795,3883,2013-08-11,4591.642857142857,3269.3928571428573,6591.964285714285,2385.8928571428573,3089.1071428571427,4638.321428571428,3293.785714285714,2831.285714285714,3589.9285714285716,3080.464285714286
d_927,4561,2733,6829,2494,3231,4516,3485,2875,4426,3603,2013-08-12,4607.535714285715,3272.0714285714284,6618.142857142857,2379.8571428571427,3089.8571428571427,4639.071428571428,3297.6071428571427,2829.464285714286,3583.75,3084.75
d_928,3775,2571,6336,2256,3208,4287,3949,2521,3441,2800,2013-08-13,4604.821428571428,3266.0,6641.25,2381.1071428571427,3112.1071428571427,4652.428571428572,3336.1428571428573,2820.535714285714,3554.3928571428573,3076.4285714285716
d_929,3762,3066,5641,2410,2671,3565,2640,2680,4211,3086,2013-08-14,4604.75,3269.8214285714284,6638.857142857143,2393.0,3116.8571428571427,4645.857142857143,3332.535714285714,2820.6071428571427,3582.285714285714,3085.8214285714284
d_930,4118,2844,5982,2269,3086,4331,3557,2788,5096,3572,2013-08-15,4612.821428571428,3263.8571428571427,6645.071428571428,2393.3214285714284,3134.8571428571427,4653.964285714285,3350.5,2816.25,3646.035714285714,3106.6428571428573
d_931,4821,3266,6529,2169,2142,4640,3106,3175,4637,3540,2013-08-16,4618.071428571428,3261.5,6667.607142857143,2382.25,3120.0714285714284,4660.571428571428,3357.964285714286,2819.8571428571427,3685.964285714286,3114.8571428571427
d_932,5603,4636,7359,2820,3762,5250,3844,3495,4080,3582,2013-08-17,4620.392857142857,3274.3928571428573,6669.035714285715,2390.1071428571427,3143.035714285714,4663.571428571428,3379.6785714285716,2818.285714285714,3705.8571428571427,3128.0714285714284
d_933,5691,4301,8088,2803,3821,5513,3933,3185,3853,3706,2013-08-18,4612.464285714285,3276.9285714285716,6677.285714285715,2398.785714285714,3157.8571428571427,4664.392857142857,3390.035714285714,2819.8928571428573,3739.285714285714,3157.464285714286
d_934,4215,3042,6958,2347,2638,4238,3254,2742,3076,2727,2013-08-19,4622.357142857143,3293.9285714285716,6711.642857142857,2401.1428571428573,3158.5714285714284,4669.428571428572,3402.0,2830.035714285714,3750.214285714286,3163.4285714285716
d_935,3539,2895,6227,2218,2697,3604,2609,2423,2881,2532,2013-08-20,4610.0,3304.8214285714284,6721.25,2403.3214285714284,3160.1785714285716,4661.464285714285,3390.1428571428573,2829.1428571428573,3759.9285714285716,3173.964285714286
d_936,4259,2843,5719,2050,2970,3628,2842,2649,3039,2634,2013-08-21,4630.214285714285,3304.1785714285716,6729.178571428572,2394.535714285714,3172.035714285714,4635.428571428572,3396.3928571428573,2838.285714285714,3767.6071428571427,3187.964285714286
d_937,3840,2981,5499,2257,2865,3633,2850,2624,2824,2420,2013-08-22,4633.5,3306.1428571428573,6712.214285714285,2390.8928571428573,3189.6785714285716,4620.785714285715,3398.785714285714,2841.535714285714,3774.0,3187.464285714286
d_938,4316,3324,6546,2479,3263,4393,3639,3058,3270,2825,2013-08-23,4635.928571428572,3297.3214285714284,6723.0,2397.6785714285716,3205.714285714286,4612.107142857143,3410.214285714286,2836.8928571428573,3768.75,3177.035714285714
d_939,5596,4835,7445,2699,4112,5570,4165,3386,3568,3460,2013-08-24,4667.642857142857,3316.035714285714,6720.714285714285,2395.5714285714284,3234.3214285714284,4626.392857142857,3420.4285714285716,2832.6428571428573,3774.1071428571427,3189.785714285714
d_940,6948,4595,8632,3100,4458,5614,4285,3555,3686,3704,2013-08-25,4726.821428571428,3339.5714285714284,6772.321428571428,2412.035714285714,3261.3214285714284,4631.035714285715,3449.035714285714,2847.1785714285716,3809.6428571428573,3217.8571428571427
d_941,3883,2811,6409,2332,2721,4101,3017,2647,3210,3069,2013-08-26,4722.357142857143,3347.3214285714284,6787.142857142857,2405.1071428571427,3258.5,4627.571428571428,3454.035714285714,2867.035714285714,3839.3571428571427,3245.4285714285716
d_942,3530,2687,6113,2242,2624,3778,2930,2637,3492,2930,2013-08-27,4716.214285714285,3343.25,6811.285714285715,2408.285714285714,3261.8571428571427,4632.142857142857,3459.964285714286,2877.6785714285716,3872.1785714285716,3271.035714285714
d_943,3490,2794,5916,2181,2798,3903,2793,2650,3164,2767,2013-08-28,4711.892857142857,3342.785714285714,6807.357142857143,2414.8571428571427,3273.464285714286,4636.357142857143,3467.3571428571427,2879.8571428571427,3875.8928571428573,3286.964285714286
d_944,3600,2827,5869,2225,2643,3463,2570,2547,3167,2799,2013-08-29,4683.964285714285,3328.035714285714,6770.25,2418.1785714285716,3243.714285714286,4594.857142857143,3429.1428571428573,2885.214285714286,3869.214285714286,3274.25
d_945,5198,3696,6866,2671,3417,4244,3432,3466,4603,4028,2013-08-30,4679.821428571428,3340.6428571428573,6769.75,2430.1071428571427,3249.8214285714284,4576.071428571428,3419.3928571428573,2900.9285714285716,3869.714285714286,3259.0714285714284
d_946,6544,4588,7869,2994,3858,5713,4272,3773,4278,4083,2013-08-31,4703.25,3354.714285714286,6776.964285714285,2440.1428571428573,3248.1428571428573,4570.285714285715,3435.5714285714284,2908.1428571428573,3839.1071428571427,3249.964285714286
d_947,6053,4204,7718,2527,4292,5527,4282,3096,3861,3181,2013-09-01,4721.535714285715,3359.785714285714,6762.0,2434.0,3261.1785714285716,4556.0,3456.714285714286,2914.6071428571427,3837.6071428571427,3233.6428571428573
d_948,5838,4083,8518,2945,3684,5478,3990,3569,4751,4216,2013-09-02,4761.25,3404.6785714285716,6806.964285714285,2456.714285714286,3272.0,4583.75,3472.5714285714284,2957.714285714286,3845.4285714285716,3258.964285714286
d_949,4324,2600,6780,2389,2823,4323,3572,2843,4410,3735,2013-09-03,4767.357142857143,3400.3214285714284,6828.464285714285,2461.964285714286,3260.3571428571427,4582.25,3477.1071428571427,2965.535714285714,3844.714285714286,3271.4285714285716
d_950,3805,2940,5879,2292,2659,3882,2749,2293,3732,3097,2013-09-04,4747.535714285715,3411.6071428571427,6804.821428571428,2465.5714285714284,3237.1785714285716,4565.178571428572,3459.9285714285716,2958.6428571428573,3863.464285714286,3283.035714285714
d_951,3826,2925,6318,2084,3051,4187,3251,2333,4230,3220,2013-09-05,4732.428571428572,3419.035714285714,6801.214285714285,2462.75,3245.1071428571427,4578.678571428572,3467.9285714285716,2952.8214285714284,3862.214285714286,3294.035714285714
d_952,4618,3571,6592,2269,3173,4367,3185,2819,4541,3549,2013-09-06,4726.321428571428,3433.1071428571427,6790.892857142857,2456.714285714286,3236.4285714285716,4537.714285714285,3451.8928571428573,2950.0,3868.285714285714,3292.8928571428573
d_953,5756,4691,8176,2812,4295,5815,4316,3401,4370,3968,2013-09-07,4706.607142857143,3445.0,6802.857142857143,2466.285714285714,3256.4285714285716,4553.607142857143,3468.6428571428573,2947.6785714285716,3881.8571428571427,3311.285714285714
d_954,6703,4338,9338,3224,4240,6210,4430,3592,5213,4452,2013-09-08,4721.857142857143,3453.1071428571427,6862.535714285715,2484.214285714286,3257.214285714286,4563.321428571428,3462.3928571428573,2957.9285714285716,3896.785714285714,3331.6071428571427
d_955,4653,3043,7422,2498,3216,4419,3440,2547,4734,3793,2013-09-09,4725.142857142857,3464.1785714285716,6883.714285714285,2484.3571428571427,3256.6785714285716,4559.857142857143,3460.785714285714,2946.214285714286,3907.785714285714,3338.3928571428573
d_956,4169,2804,6992,2444,2824,3346,2823,2376,4087,2798,2013-09-10,4739.214285714285,3472.5,6907.142857142857,2491.0714285714284,3242.964285714286,4526.25,3420.5714285714284,2941.035714285714,3930.8571428571427,3338.3214285714284
d_957,3695,2788,6707,2192,2922,4099,3152,2900,4421,3319,2013-09-11,4736.821428571428,3462.5714285714284,6945.214285714285,2483.285714285714,3251.9285714285716,4545.321428571428,3438.8571428571427,2948.8928571428573,3938.3571428571427,3346.6428571428573
d_958,3770,3037,6222,2034,3283,4232,2969,2650,4739,3831,2013-09-12,4724.392857142857,3469.464285714286,6953.785714285715,2474.8928571428573,3258.964285714286,4541.785714285715,3417.8571428571427,2943.964285714286,3925.6071428571427,3355.8928571428573
d_959,4568,3283,6712,2588,3356,5138,3955,3024,4645,3702,2013-09-13,4715.357142857143,3470.0714285714284,6960.321428571428,2489.8571428571427,3302.3214285714284,4559.571428571428,3448.1785714285716,2938.5714285714284,3925.8928571428573,3361.6785714285716
d_960,5627,4525,7763,2569,4460,5862,4135,4157,5470,4598,2013-09-14,4716.214285714285,3466.1071428571427,6974.75,2480.8928571428573,3327.25,4581.428571428572,3458.5714285714284,2962.214285714286,3975.535714285714,3397.964285714286
d_961,5812,4455,8509,3104,4585,6147,4419,3831,5705,4403,2013-09-15,4720.535714285715,3471.6071428571427,6989.785714285715,2491.6428571428573,3354.535714285714,4604.071428571428,3475.9285714285716,2985.285714285714,4041.6785714285716,3422.8571428571427
d_962,4164,2668,7340,2417,3125,3918,3548,2474,3882,3239,2013-09-16,4718.714285714285,3458.25,7003.428571428572,2494.1428571428573,3371.9285714285716,4592.642857142857,3486.4285714285716,2975.714285714286,4070.464285714286,3441.1428571428573
d_963,3865,2700,6014,2253,2577,3701,3049,2118,3504,2790,2013-09-17,4730.357142857143,3451.285714285714,6995.821428571428,2495.3928571428573,3367.6428571428573,4596.107142857143,3502.1428571428573,2964.8214285714284,4092.714285714286,3450.3571428571427
d_964,3547,2588,5851,2126,2591,3717,2908,2208,3316,2429,2013-09-18,4704.928571428572,3442.1785714285716,7000.535714285715,2498.1071428571427,3354.1071428571427,4599.285714285715,3504.5,2949.0714285714284,4102.607142857143,3443.035714285714
d_965,3621,2596,5794,2137,2645,3461,2783,2102,3160,2524,2013-09-19,4697.107142857143,3428.4285714285716,7011.071428571428,2493.8214285714284,3346.25,4593.142857142857,3502.1071428571427,2930.4285714285716,4114.607142857143,3446.75
d_966,4631,3374,6385,2541,2718,3728,2765,2918,3808,3413,2013-09-20,4708.357142857143,3430.214285714286,7005.321428571428,2496.035714285714,3326.785714285714,4569.392857142857,3470.8928571428573,2925.4285714285716,4133.821428571428,3467.75
d_967,5875,4505,7447,3127,3902,5275,4245,3712,4507,3406,2013-09-21,4718.321428571428,3418.4285714285716,7005.392857142857,2511.3214285714284,3319.285714285714,4558.857142857143,3473.75,2937.0714285714284,4167.357142857143,3465.8214285714284
d_968,6214,4560,8219,2826,4092,5343,4087,3561,3844,3464,2013-09-22,4692.107142857143,3417.1785714285716,6990.642857142857,2501.535714285714,3306.214285714286,4549.178571428572,3466.6785714285716,2937.285714285714,4173.0,3457.25
d_969,3949,2771,6299,2129,2848,3759,2816,2476,3273,2464,2013-09-23,4694.464285714285,3415.75,6986.714285714285,2494.285714285714,3310.75,4536.964285714285,3459.5,2931.1785714285716,4175.25,3435.6428571428573
d_970,3765,2620,5890,2419,2560,3506,2764,2251,2936,2353,2013-09-24,4702.857142857143,3413.3571428571427,6978.75,2500.6071428571427,3308.464285714286,4527.25,3453.5714285714284,2917.3928571428573,4155.392857142857,3415.035714285714
d_971,3235,2334,5665,2121,2612,3391,2729,2467,3065,2340,2013-09-25,4693.75,3396.9285714285716,6969.785714285715,2498.464285714286,3301.8214285714284,4508.964285714285,3451.285714285714,2910.8571428571427,4151.857142857143,3399.785714285714
d_972,3473,2910,5601,2078,2760,3388,2504,2362,3056,2516,2013-09-26,4689.214285714285,3399.8928571428573,6960.214285714285,2493.214285714286,3306.0,4506.285714285715,3448.9285714285716,2904.25,4147.892857142857,3389.6785714285716
d_973,4099,3165,6104,2250,2748,4374,2925,2872,3898,3067,2013-09-27,4649.964285714285,3380.9285714285716,6933.0,2478.1785714285716,3282.1071428571427,4510.928571428572,3430.8214285714284,2883.035714285714,4122.714285714285,3355.3571428571427
d_974,5665,4562,6919,2675,3527,5504,3878,3582,4621,3508,2013-09-28,4618.571428571428,3380.0,6899.071428571428,2466.785714285714,3270.285714285714,4503.464285714285,3416.75,2876.214285714286,4134.964285714285,3334.8214285714284
d_975,6194,4176,7293,3125,3908,5180,3652,3421,4016,3431,2013-09-29,4623.607142857143,3379.0,6883.892857142857,2488.1428571428573,3256.5714285714284,4491.071428571428,3394.25,2887.8214285714284,4140.5,3343.75
d_976,4217,2650,5955,2563,2532,3536,3006,2361,3316,2757,2013-09-30,4565.714285714285,3327.8214285714284,6792.357142857143,2474.5,3215.4285714285716,4421.714285714285,3359.1071428571427,2844.6785714285716,4089.25,3291.6428571428573
d_977,4454,2779,6153,2331,3126,4406,3674,2727,3954,3126,2013-10-01,4570.357142857143,3334.214285714286,6769.964285714285,2472.4285714285716,3226.25,4424.678571428572,3362.75,2840.535714285714,4072.964285714286,3269.8928571428573
d_978,3516,2861,5966,2117,2542,3538,2983,2362,4480,3535,2013-10-02,4560.035714285715,3331.3928571428573,6773.071428571428,2466.1785714285716,3222.0714285714284,4412.392857142857,3371.1071428571427,2843.0,4099.678571428572,3285.535714285714
d_979,4062,2944,5942,2086,3088,3928,3619,2660,5244,3642,2013-10-03,4568.464285714285,3332.0714285714284,6759.642857142857,2466.25,3223.3928571428573,4403.142857142857,3384.25,2854.6785714285716,4135.892857142857,3300.6071428571427
d_980,4735,3308,6741,2246,2854,3823,3384,2672,4205,3366,2013-10-04,4572.642857142857,3322.6785714285716,6764.964285714285,2465.4285714285716,3212.0,4383.714285714285,3391.3571428571427,2849.4285714285716,4123.892857142857,3294.0714285714284
d_981,5737,4671,8179,2769,4057,5468,4115,3788,5723,4270,2013-10-05,4571.964285714285,3321.964285714286,6765.071428571428,2463.8928571428573,3203.5,4371.321428571428,3384.1785714285716,2863.25,4172.214285714285,3304.8571428571427
d_982,5877,4398,8847,2923,4298,5647,4723,3315,5434,4426,2013-10-06,4542.464285714285,3324.1071428571427,6747.535714285715,2453.1428571428573,3205.5714285714284,4351.214285714285,3394.6428571428573,2853.3571428571427,4180.107142857143,3303.9285714285716
d_983,4582,2891,6858,2428,3084,4345,3571,2406,3589,3249,2013-10-07,4539.928571428572,3318.6785714285716,6727.392857142857,2450.6428571428573,3200.8571428571427,4348.571428571428,3399.3214285714284,2848.3214285714284,4139.214285714285,3284.5
d_984,4110,2661,6630,2236,2714,3642,2883,2263,4203,3202,2013-10-08,4537.821428571428,3313.5714285714284,6714.464285714285,2443.214285714286,3196.9285714285716,4359.142857142857,3401.464285714286,2844.285714285714,4143.357142857143,3298.9285714285716
d_985,3994,2544,6346,2124,2854,3581,3002,2507,4483,3311,2013-10-09,4548.5,3304.8571428571427,6701.571428571428,2440.785714285714,3194.5,4340.642857142857,3396.1071428571427,2830.25,4145.571428571428,3298.6428571428573
d_986,4142,2856,6543,2492,2834,3576,2515,2491,3819,2751,2013-10-10,4561.785714285715,3298.3928571428573,6713.035714285715,2457.1428571428573,3178.464285714286,4317.214285714285,3379.8928571428573,2824.5714285714284,4112.714285714285,3260.0714285714284
d_987,4396,3159,6281,2276,3108,4270,3248,2902,4836,3617,2013-10-11,4555.642857142857,3293.964285714286,6697.642857142857,2446.0,3169.6071428571427,4286.214285714285,3354.6428571428573,2820.214285714286,4119.535714285715,3257.035714285714
d_988,5330,4239,7392,2559,4101,4726,3731,3871,6033,4599,2013-10-12,4545.035714285715,3283.75,6684.392857142857,2445.6428571428573,3156.785714285714,4245.642857142857,3340.214285714286,2810.0,4139.642857142857,3257.0714285714284
d_989,5767,4128,7866,2704,4294,5809,3961,3337,4718,3759,2013-10-13,4543.428571428572,3272.0714285714284,6661.428571428572,2431.3571428571427,3146.3928571428573,4233.571428571428,3323.8571428571427,2792.3571428571427,4104.392857142857,3234.0714285714284
d_990,4173,2748,6208,2463,3156,4222,3453,2449,4658,3306,2013-10-14,4543.75,3274.9285714285716,6621.0,2433.0,3147.5,4244.428571428572,3320.464285714286,2791.464285714286,4132.107142857143,3236.464285714286
d_991,3276,2500,5911,2044,2799,3656,3226,2352,4423,3026,2013-10-15,4522.714285714285,3267.785714285714,6617.321428571428,2425.535714285714,3155.4285714285716,4242.821428571428,3326.785714285714,2799.8214285714284,4164.928571428572,3244.8928571428573
d_992,3383,2725,5722,2157,2545,4209,2565,2517,4069,2785,2013-10-16,4516.857142857143,3272.6785714285716,6612.714285714285,2426.6428571428573,3153.785714285714,4260.392857142857,3314.535714285714,2810.8571428571427,4191.821428571428,3257.6071428571427
d_993,3406,2838,5514,2208,2627,3531,2253,2372,3316,2473,2013-10-17,4509.178571428572,3281.3214285714284,6602.714285714285,2429.1785714285716,3153.1428571428573,4262.892857142857,3295.6071428571427,2820.5,4197.392857142857,3255.785714285714
d_994,4281,3278,5788,2268,2726,3589,2826,2836,3690,3055,2013-10-18,4496.678571428572,3277.8928571428573,6581.392857142857,2419.4285714285716,3153.4285714285716,4257.928571428572,3297.785714285714,2817.5714285714284,4193.178571428572,3243.0
d_995,5147,4180,7226,2495,3462,4991,3602,3489,4028,3423,2013-10-19,4470.678571428572,3266.285714285714,6573.5,2396.8571428571427,3137.714285714286,4247.785714285715,3274.8214285714284,2809.6071428571427,4176.071428571428,3243.6071428571427
d_996,5914,4291,7833,2650,3756,4880,3534,3185,3805,3504,2013-10-20,4459.964285714285,3256.6785714285716,6559.714285714285,2390.5714285714284,3125.714285714286,4231.25,3255.0714285714284,2796.1785714285716,4174.678571428572,3245.035714285714
d_997,3742,2500,6006,2514,2821,3638,2883,2399,3011,2345,2013-10-21,4452.571428571428,3247.0,6549.25,2404.3214285714284,3124.75,4226.928571428572,3257.464285714286,2793.4285714285716,4165.321428571428,3240.785714285714
d_998,3349,2474,5307,2428,2311,3172,2645,2194,2859,2218,2013-10-22,4437.714285714285,3241.785714285714,6528.428571428572,2404.6428571428573,3115.8571428571427,4215.0,3253.214285714286,2791.3928571428573,4162.571428571428,3235.964285714286
d_999,3363,2446,5270,1953,2408,3428,2709,2383,3216,2349,2013-10-23,4442.285714285715,3245.785714285714,6514.321428571428,2398.6428571428573,3108.5714285714284,4216.321428571428,3252.5,2788.3928571428573,4167.964285714285,3236.285714285714
d_1000,3072,2513,5348,2133,2439,3252,2620,2574,3066,2243,2013-10-24,4427.964285714285,3231.6071428571427,6505.285714285715,2400.6071428571427,3097.1071428571427,4211.464285714285,3256.6428571428573,2795.964285714286,4168.321428571428,3226.535714285714
d_1001,3955,3078,5745,2179,2510,3954,2680,3155,3821,2800,2013-10-25,4422.821428571428,3228.5,6492.464285714285,2398.0714285714284,3088.6071428571427,4196.464285714285,3247.8928571428573,2806.0714285714284,4165.571428571428,3217.0
d_1002,5353,4273,7021,2396,3417,4652,3457,4095,4063,3727,2013-10-26,4411.678571428572,3218.1785714285716,6496.107142857143,2388.1071428571427,3084.6785714285716,4166.035714285715,3232.8571428571427,2824.3928571428573,4145.642857142857,3224.8214285714284
d_1003,5471,3873,7485,2630,3687,4871,3655,2643,3352,2998,2013-10-27,4385.857142857143,3207.3571428571427,6502.964285714285,2370.4285714285716,3076.785714285714,4155.0,3232.964285714286,2796.6071428571427,4121.928571428572,3209.3571428571427
d_1004,3943,2578,6133,2495,2657,3712,3002,2096,2845,2597,2013-10-28,4376.071428571428,3204.785714285714,6509.321428571428,2368.0,3081.25,4161.285714285715,3232.8214285714284,2787.1428571428573,4105.107142857143,3203.6428571428573
d_1005,3409,2710,5494,2167,2395,3180,2434,2318,2934,2488,2013-10-29,4338.75,3202.3214285714284,6485.785714285715,2362.1428571428573,3055.1428571428573,4117.5,3188.535714285714,2772.535714285714,4068.6785714285716,3180.8571428571427
d_1006,3748,3223,6158,2329,2596,3558,2475,2098,2861,2090,2013-10-30,4347.035714285715,3215.25,6492.642857142857,2369.714285714286,3057.0714285714284,4118.214285714285,3170.3928571428573,2763.1071428571427,4010.8571428571427,3129.25
d_1007,2982,2253,4552,1935,2273,2953,2399,2244,3123,2320,2013-10-31,4308.464285714285,3190.5714285714284,6443.0,2364.3214285714284,3027.964285714286,4083.3928571428573,3126.8214285714284,2748.25,3935.1071428571427,3082.035714285714
d_1008,4474,3106,6514,2445,3129,4703,3669,3229,4673,3785,2013-11-01,4299.142857142857,3183.3571428571427,6434.892857142857,2371.4285714285716,3037.785714285714,4114.821428571428,3137.0,2768.1428571428573,3951.8214285714284,3097.0
d_1009,5425,4252,8155,2694,3619,4917,3792,3890,5794,4555,2013-11-02,4288.0,3168.3928571428573,6434.035714285715,2368.75,3022.1428571428573,4095.1428571428573,3125.464285714286,2771.785714285714,3954.3571428571427,3107.1785714285716
d_1010,6180,4014,8482,2819,3983,5420,3763,3795,5624,4293,2013-11-03,4298.821428571428,3154.6785714285716,6421.0,2365.035714285714,3010.8928571428573,4087.035714285714,3091.1785714285716,2788.9285714285716,3961.1428571428573,3102.4285714285716
d_1011,4061,2328,6696,2291,2430,3632,2983,2295,3456,2800,2013-11-04,4280.214285714285,3134.5714285714284,6415.214285714285,2360.1428571428573,2987.535714285714,4061.5714285714284,3070.1785714285716,2784.964285714286,3956.3928571428573,3086.3928571428573
d_1012,3835,2577,6145,2126,3034,3803,3013,2157,4307,3090,2013-11-05,4270.392857142857,3131.5714285714284,6397.892857142857,2356.214285714286,2998.964285714286,4067.3214285714284,3074.8214285714284,2781.1785714285716,3960.1071428571427,3082.3928571428573
d_1013,3556,2497,6032,2067,2612,3395,3136,2309,4600,2826,2013-11-06,4254.75,3129.8928571428573,6386.678571428572,2354.1785714285716,2990.3214285714284,4060.6785714285716,3079.6071428571427,2774.1071428571427,3964.285714285714,3065.0714285714284
d_1014,3500,2431,5958,2001,2768,3887,2827,2336,3589,2656,2013-11-07,4231.821428571428,3114.714285714286,6365.785714285715,2336.6428571428573,2987.964285714286,4071.785714285714,3090.75,2768.5714285714284,3956.0714285714284,3061.6785714285716
d_1015,4126,2705,6247,2262,2620,3495,3028,3023,4621,3333,2013-11-08,4222.178571428572,3098.5,6364.571428571428,2336.1428571428573,2970.535714285714,4044.1071428571427,3082.8928571428573,2772.8928571428573,3948.3928571428573,3051.535714285714
d_1016,5288,3861,7700,2794,3527,4755,3537,4026,5564,4665,2013-11-09,4220.678571428572,3085.0,6375.571428571428,2344.535714285714,2950.035714285714,4045.1428571428573,3075.964285714286,2778.4285714285716,3931.6428571428573,3053.8928571428573
d_1017,5812,3726,7860,2707,3795,4885,3503,3531,4014,4072,2013-11-10,4222.285714285715,3070.6428571428573,6375.357142857143,2344.6428571428573,2932.214285714286,4012.1428571428573,3059.6071428571427,2785.3571428571427,3906.5,3065.0714285714284
d_1018,4370,2936,6936,2248,3080,3837,3443,2216,4129,3201,2013-11-11,4229.321428571428,3077.3571428571427,6401.357142857143,2336.964285714286,2929.5,3998.3928571428573,3059.25,2777.035714285714,3887.6071428571427,3061.3214285714284
d_1019,3231,2224,5195,2120,2892,3691,2934,2356,4540,3092,2013-11-12,4227.714285714285,3067.5,6375.785714285715,2339.6785714285716,2932.8214285714284,3999.6428571428573,3048.8214285714284,2777.1785714285716,3891.785714285714,3063.6785714285716
d_1020,3088,2213,5386,1926,2696,3188,2642,2152,3520,2444,2013-11-13,4217.178571428572,3049.214285714286,6363.785714285715,2331.4285714285716,2938.214285714286,3963.1785714285716,3051.5714285714284,2764.1428571428573,3872.1785714285716,3051.5
d_1021,3237,2487,4917,1910,2364,3199,2370,2405,3857,2722,2013-11-14,4211.142857142857,3036.6785714285716,6342.464285714285,2320.785714285714,2928.8214285714284,3951.3214285714284,3055.75,2765.3214285714284,3891.5,3060.3928571428573
d_1022,3947,2926,5925,2072,2662,4019,3308,2768,4594,3554,2013-11-15,4199.214285714285,3024.1071428571427,6347.357142857143,2313.785714285714,2926.535714285714,3966.6785714285716,3072.964285714286,2762.8928571428573,3923.785714285714,3078.214285714286
d_1023,5502,4313,7024,2501,3505,4946,4105,3906,4905,3880,2013-11-16,4211.892857142857,3028.8571428571427,6340.142857142857,2314.0,2928.0714285714284,3965.0714285714284,3090.9285714285716,2777.785714285714,3955.1071428571427,3094.535714285714
d_1024,5430,3949,7761,2591,3986,4998,3694,3110,3760,3310,2013-11-17,4194.607142857143,3016.6428571428573,6337.571428571428,2311.8928571428573,2936.285714285714,3969.285714285714,3096.6428571428573,2775.1071428571427,3953.5,3087.6071428571427
d_1025,3741,2749,5595,2343,2717,3312,2909,2419,3486,2839,2013-11-18,4194.571428571428,3025.535714285714,6322.892857142857,2305.785714285714,2932.5714285714284,3957.6428571428573,3097.5714285714284,2775.8214285714284,3970.464285714286,3105.25
d_1026,3225,2256,4861,1957,2247,3403,2545,2492,3255,2281,2013-11-19,4190.142857142857,3017.75,6306.964285714285,2288.964285714286,2930.285714285714,3965.8928571428573,3094.0,2786.464285714286,3984.6071428571427,3107.5
d_1027,3100,2129,4771,1884,2274,3199,2569,2463,3149,2377,2013-11-20,4180.75,3006.4285714285716,6289.142857142857,2286.5,2925.5,3957.714285714286,3089.0,2789.3214285714284,3982.214285714286,3108.5
d_1028,3180,2307,4982,1906,2353,3292,2410,2753,3148,2368,2013-11-21,4184.607142857143,2999.0714285714284,6276.071428571428,2278.3928571428573,2922.4285714285716,3959.1428571428573,3081.5,2795.714285714286,3985.1428571428573,3112.964285714286
d_1029,3921,2946,5387,2026,2399,3645,2697,2999,3868,2975,2013-11-22,4183.392857142857,2994.3571428571427,6263.285714285715,2272.9285714285716,2918.464285714286,3948.1071428571427,3082.1071428571427,2790.1428571428573,3986.8214285714284,3119.214285714286
d_1030,5334,4052,6517,2569,2897,4284,3170,3706,4065,3453,2013-11-23,4182.714285714285,2986.464285714286,6245.285714285715,2279.1071428571427,2899.8928571428573,3934.964285714286,3071.8571428571427,2776.25,3986.8928571428573,3109.4285714285716
d_1031,5288,3721,6704,2485,3110,4462,3238,3210,3247,2981,2013-11-24,4176.178571428572,2981.035714285714,6217.392857142857,2273.9285714285716,2879.285714285714,3920.3571428571427,3056.964285714286,2796.5,3983.1428571428573,3108.8214285714284
d_1032,4034,2355,5224,2241,2184,2807,2364,2144,2760,2532,2013-11-25,4179.428571428572,2973.0714285714284,6184.928571428572,2264.8571428571427,2862.3928571428573,3888.035714285714,3034.1785714285716,2798.214285714286,3980.1071428571427,3106.5
d_1033,4117,2393,5517,2102,2488,3497,2899,2525,3042,2713,2013-11-26,4204.714285714285,2961.75,6185.75,2262.535714285714,2865.714285714286,3899.3571428571427,3050.785714285714,2805.6071428571427,3983.964285714286,3114.535714285714
d_1034,4487,2773,5365,2454,3055,4099,3768,3349,3582,3207,2013-11-27,4231.107142857143,2945.6785714285716,6157.428571428572,2267.0,2882.1071428571427,3918.6785714285716,3096.964285714286,2850.285714285714,4009.714285714286,3154.4285714285716
d_1035,2359,1172,3369,1402,2196,2436,1857,1375,1770,1903,2013-11-28,4208.857142857143,2907.0714285714284,6115.178571428572,2247.964285714286,2879.3571428571427,3900.214285714286,3077.6071428571427,2819.25,3961.3928571428573,3139.535714285714
d_1036,2635,2834,3894,1400,2211,2630,2285,2456,3116,2612,2013-11-29,4143.178571428572,2897.3571428571427,6021.607142857143,2210.6428571428573,2846.5714285714284,3826.1785714285716,3028.1785714285716,2791.6428571428573,3905.785714285714,3097.6428571428573
d_1037,3452,3034,5268,1818,2400,3543,2445,3364,3118,3104,2013-11-30,4072.714285714286,2853.8571428571427,5918.5,2179.3571428571427,2803.035714285714,3777.1071428571427,2980.0714285714284,2772.8571428571427,3810.214285714286,3045.8214285714284
d_1038,4886,3295,6371,2431,3513,4050,3063,3368,3832,3378,2013-12-01,4026.5,2828.1785714285716,5843.107142857143,2165.5,2786.25,3728.1785714285716,2955.0714285714284,2757.6071428571427,3746.214285714286,3013.1428571428573
d_1039,4715,2860,6392,2499,2685,3586,3338,2851,4501,3660,2013-12-02,4049.8571428571427,2847.1785714285716,5832.25,2172.9285714285716,2795.3571428571427,3726.535714285714,2967.75,2777.464285714286,3783.535714285714,3043.8571428571427
d_1040,4214,2641,6795,2299,3057,4104,3347,2672,5103,3792,2013-12-03,4063.3928571428573,2849.464285714286,5855.464285714285,2179.1071428571427,2796.1785714285716,3737.285714285714,2979.6785714285716,2795.8571428571427,3811.964285714286,3068.9285714285716
d_1041,3841,2422,5434,2168,2355,3374,2841,2629,3745,2710,2013-12-04,4073.5714285714284,2846.785714285714,5834.107142857143,2182.714285714286,2787.0,3736.535714285714,2969.1428571428573,2807.285714285714,3781.4285714285716,3064.785714285714
d_1042,3831,2819,5615,2103,3020,3684,2908,3365,4529,3277,2013-12-05,4085.3928571428573,2860.6428571428573,5821.857142857143,2186.3571428571427,2796.0,3729.285714285714,2972.035714285714,2844.035714285714,3815.0,3086.964285714286
d_1043,4410,2958,6137,2111,2828,3987,3003,3380,4576,3509,2013-12-06,4095.535714285714,2869.6785714285716,5817.928571428572,2180.964285714286,2803.4285714285716,3746.8571428571427,2971.1428571428573,2856.785714285714,3813.3928571428573,3093.25
d_1044,5882,4043,7502,2447,3644,4974,3748,3928,4453,3829,2013-12-07,4116.75,2876.1785714285716,5810.857142857143,2168.5714285714284,2807.6071428571427,3754.6785714285716,2978.6785714285716,2853.285714285714,3773.714285714286,3063.3928571428573
d_1045,5462,3629,7029,2652,3646,4612,3298,2804,3895,3397,2013-12-08,4104.25,2872.714285714286,5781.178571428572,2166.6071428571427,2802.285714285714,3744.9285714285716,2971.3571428571427,2827.3214285714284,3769.464285714286,3039.285714285714
d_1046,4082,2502,6002,2243,2549,3428,2878,2367,4482,3120,2013-12-09,4093.964285714286,2857.214285714286,5747.821428571428,2166.4285714285716,2783.3214285714284,3730.3214285714284,2951.1785714285716,2832.714285714286,3782.0714285714284,3036.3928571428573
d_1047,4296,2530,5689,2205,2520,3379,2471,2313,3375,2644,2013-12-10,4132.0,2868.1428571428573,5765.464285714285,2169.464285714286,2770.035714285714,3719.1785714285716,2934.6428571428573,2831.1785714285716,3740.464285714286,3020.3928571428573
d_1048,3366,2479,5251,1786,2613,3489,2540,2465,4050,2872,2013-12-11,4141.928571428572,2877.6428571428573,5760.642857142857,2164.464285714286,2767.0714285714284,3729.9285714285716,2931.0,2842.3571428571427,3759.3928571428573,3035.6785714285716
d_1049,3451,2340,4896,1666,2626,3448,2695,2743,4677,3127,2013-12-12,4149.571428571428,2872.3928571428573,5759.892857142857,2155.75,2776.4285714285716,3738.8214285714284,2942.6071428571427,2854.4285714285716,3788.6785714285716,3050.1428571428573
d_1050,3989,2829,5955,1905,2922,3687,2780,3577,4834,3685,2013-12-13,4151.071428571428,2868.9285714285716,5760.964285714285,2149.785714285714,2785.714285714286,3726.964285714286,2923.75,2883.3214285714284,3797.25,3054.8214285714284
d_1051,5299,3951,6504,2406,3368,4390,3445,3604,4718,3843,2013-12-14,4143.821428571428,2856.0,5742.392857142857,2146.3928571428573,2780.8214285714284,3707.1071428571427,2900.1785714285716,2872.535714285714,3790.5714285714284,3053.5
d_1052,5172,3782,6734,2255,4071,4861,3490,3377,5478,3877,2013-12-15,4134.607142857143,2850.035714285714,5705.714285714285,2134.3928571428573,2783.8571428571427,3702.214285714286,2892.8928571428573,2882.0714285714284,3851.9285714285716,3073.75
d_1053,4064,2582,5808,2076,2775,3573,2985,2196,3736,2679,2013-12-16,4146.142857142857,2844.0714285714284,5713.321428571428,2124.8571428571427,2785.9285714285716,3711.535714285714,2895.6071428571427,2874.1071428571427,3860.8571428571427,3068.035714285714
d_1054,3479,2375,5279,2020,2522,3463,2653,2469,3561,2517,2013-12-17,4155.214285714285,2848.3214285714284,5728.25,2127.1071428571427,2795.75,3713.6785714285716,2899.464285714286,2873.285714285714,3871.785714285714,3076.464285714286
d_1055,3453,2678,5255,2001,2829,3693,3027,2746,3376,2634,2013-12-18,4167.821428571428,2867.9285714285716,5745.535714285715,2131.285714285714,2815.5714285714284,3731.3214285714284,2915.8214285714284,2883.3928571428573,3879.8928571428573,3085.6428571428573
d_1056,3722,2513,5056,1999,3296,3737,3146,2778,3465,2699,2013-12-19,4187.178571428572,2875.285714285714,5748.178571428572,2134.6071428571427,2849.25,3747.214285714286,2942.1071428571427,2884.285714285714,3891.214285714286,3097.464285714286
d_1057,3903,2823,4985,2065,2727,3497,2830,3143,3532,2618,2013-12-20,4186.535714285715,2870.8928571428573,5733.821428571428,2136.0,2860.964285714286,3741.9285714285716,2946.8571428571427,2889.4285714285716,3879.214285714286,3084.714285714286
d_1058,5361,3748,6147,2420,2984,3892,3054,4858,4246,3764,2013-12-21,4187.5,2860.035714285714,5720.607142857143,2130.6785714285716,2864.0714285714284,3727.9285714285716,2942.714285714286,2930.5714285714284,3885.6785714285716,3095.8214285714284
d_1059,5356,3436,6615,2341,3359,3847,3218,2277,2221,2245,2013-12-22,4189.928571428572,2849.8571428571427,5717.428571428572,2125.535714285714,2872.964285714286,3705.964285714286,2942.0,2897.25,3849.035714285714,3069.535714285714
d_1060,4799,2791,5727,2469,2801,3633,3055,3622,3193,3199,2013-12-23,4217.25,2865.4285714285716,5735.392857142857,2133.6785714285716,2895.0,3735.464285714286,2966.6785714285716,2950.035714285714,3864.5,3093.3571428571427
d_1061,3458,2355,4594,2200,2729,3294,2865,3085,3592,2905,2013-12-24,4193.714285714285,2864.0714285714284,5702.428571428572,2137.1785714285716,2903.6071428571427,3728.214285714286,2965.464285714286,2970.035714285714,3884.1428571428573,3100.214285714286
d_1062,0,2,3,0,1,11,1,1,0,1,2013-12-25,4033.464285714286,2765.1071428571427,5510.928571428572,2049.535714285714,2794.535714285714,3582.214285714286,2830.9285714285716,2850.464285714286,3756.214285714286,2985.714285714286
d_1063,3570,3018,5972,1984,2732,3879,3128,2690,3012,2742,2013-12-26,4076.714285714286,2831.035714285714,5603.892857142857,2070.3214285714284,2813.6785714285716,3633.75,2876.3214285714284,2897.4285714285716,3800.5714285714284,3015.6785714285716
d_1064,4089,2609,5771,2208,2697,3488,3077,3024,3181,2951,2013-12-27,4128.642857142857,2823.0,5670.928571428572,2099.1785714285716,2831.035714285714,3664.3928571428573,2904.6071428571427,2917.714285714286,3802.8928571428573,3027.785714285714
d_1065,4575,3105,6006,2160,3112,4443,2899,3841,3229,3120,2013-12-28,4168.75,2825.535714285714,5697.285714285715,2111.3928571428573,2856.464285714286,3696.535714285714,2920.8214285714284,2934.75,3806.8571428571427,3028.3571428571427
d_1066,4281,3154,6040,1980,2839,4234,2910,2817,3008,2858,2013-12-29,4147.142857142857,2820.5,5685.464285714285,2095.285714285714,2832.3928571428573,3703.1071428571427,2915.3571428571427,2915.0714285714284,3777.4285714285716,3009.785714285714
d_1067,4294,2806,6002,2057,2543,3696,2736,2618,2920,2621,2013-12-30,4132.107142857143,2818.5714285714284,5671.535714285715,2079.5,2827.3214285714284,3707.035714285714,2893.8571428571427,2906.75,3720.964285714286,2972.6785714285716
d_1068,4175,2541,6045,2212,2637,4022,3130,2947,3792,3310,2013-12-31,4130.714285714285,2815.0,5644.75,2076.3928571428573,2812.3214285714284,3704.1071428571427,2886.1071428571427,2916.5714285714284,3674.1428571428573,2955.464285714286
d_1069,2913,2149,4319,1503,2277,3509,2051,1626,1968,1530,2014-01-01,4097.571428571428,2805.25,5604.928571428572,2052.6428571428573,2809.535714285714,3708.9285714285716,2857.8928571428573,2880.75,3610.6785714285716,2913.3214285714284
d_1070,4410,2433,5703,2157,2528,3371,2748,2380,3820,3103,2014-01-02,4118.25,2791.464285714286,5608.071428571428,2054.5714285714284,2791.964285714286,3697.75,2852.1785714285716,2845.5714285714284,3585.3571428571427,2907.1071428571427
d_1071,4703,2775,6378,2126,2820,3834,3493,3680,4950,4111,2014-01-03,4128.714285714285,2784.9285714285716,5616.678571428572,2055.1071428571427,2791.6785714285716,3692.285714285714,2869.6785714285716,2856.285714285714,3598.714285714286,2928.6071428571427
d_1072,5087,3492,7043,2371,3153,4600,3538,4934,5633,4765,2014-01-04,4100.321428571428,2765.25,5600.285714285715,2052.3928571428573,2774.1428571428573,3678.9285714285716,2862.1785714285716,2892.214285714286,3640.8571428571427,2962.035714285714
d_1073,5472,3495,7736,2555,3680,5229,3683,3167,5743,4542,2014-01-05,4100.678571428572,2760.464285714286,5625.535714285715,2048.9285714285716,2775.3571428571427,3700.964285714286,2875.9285714285716,2905.1785714285716,3706.8571428571427,3002.9285714285716
d_1074,4340,2432,6393,2397,2826,3633,3157,1441,3283,2510,2014-01-06,4109.892857142857,2757.964285714286,5639.5,2054.4285714285716,2785.25,3708.285714285714,2885.8928571428573,2872.1071428571427,3664.035714285714,2981.1428571428573
d_1075,4043,2347,5723,2086,2821,3525,2943,1924,2621,2919,2014-01-07,4100.857142857143,2751.4285714285716,5640.714285714285,2050.1785714285716,2796.0,3713.5,2902.75,2858.214285714286,3637.1071428571427,2990.964285714286
d_1076,3607,2538,5912,1896,2573,3321,2866,2834,3886,3540,2014-01-08,4109.464285714285,2753.535714285714,5664.321428571428,2054.1071428571427,2794.5714285714284,3707.5,2914.3928571428573,2871.3928571428573,3631.25,3014.8214285714284
d_1077,3395,2274,5467,2172,2583,3575,2888,3145,3956,3742,2014-01-09,4107.464285714285,2751.1785714285716,5684.714285714285,2072.1785714285716,2793.035714285714,3712.035714285714,2921.285714285714,2885.75,3605.5,3036.785714285714
d_1078,4134,2864,5932,2164,2519,3281,2604,2686,3357,3225,2014-01-10,4112.642857142857,2752.4285714285716,5683.892857142857,2081.4285714285716,2778.6428571428573,3697.535714285714,2915.0,2853.9285714285716,3552.75,3020.3571428571427
d_1079,5582,4043,7737,2722,3713,5028,3935,4334,5894,4810,2014-01-11,4122.75,2755.714285714286,5727.928571428572,2092.714285714286,2790.964285714286,3720.3214285714284,2932.5,2880.0,3594.75,3054.8928571428573
d_1080,5062,3645,7567,2788,4075,5053,3900,4291,5674,4803,2014-01-12,4118.821428571428,2750.8214285714284,5757.678571428572,2111.75,2791.1071428571427,3727.1785714285716,2947.1428571428573,2912.6428571428573,3601.75,3087.964285714286
d_1081,3720,2564,6099,2443,2952,3923,3351,2411,3315,2936,2014-01-13,4106.535714285715,2750.1785714285716,5768.071428571428,2124.8571428571427,2797.4285714285716,3739.6785714285716,2960.214285714286,2920.3214285714284,3586.714285714286,3097.1428571428573
d_1082,3158,2144,5142,2039,2565,3222,2603,2158,3898,3294,2014-01-14,4095.0714285714284,2741.9285714285716,5763.178571428572,2125.535714285714,2798.964285714286,3731.0714285714284,2958.4285714285716,2909.214285714286,3598.75,3124.8928571428573
d_1083,3241,2424,5284,2169,2596,3224,2829,2377,4286,3149,2014-01-15,4087.5,2732.8571428571427,5764.214285714285,2131.535714285714,2790.6428571428573,3714.3214285714284,2951.3571428571427,2896.035714285714,3631.25,3143.285714285714
d_1084,3193,2567,5527,1988,2582,2979,2729,2478,4283,2864,2014-01-16,4068.6071428571427,2734.785714285714,5781.035714285715,2131.1428571428573,2765.1428571428573,3687.25,2936.464285714286,2885.3214285714284,3660.464285714286,3149.1785714285716
d_1085,4137,3335,6021,2308,2696,3390,2724,3031,4127,3471,2014-01-17,4076.964285714286,2753.0714285714284,5818.035714285715,2139.8214285714284,2764.035714285714,3683.4285714285716,2932.6785714285716,2881.3214285714284,3681.714285714286,3179.6428571428573
d_1086,5481,4605,7364,2606,3345,3817,3177,4110,4635,4093,2014-01-18,4081.25,2783.6785714285716,5861.5,2146.464285714286,2776.9285714285716,3680.75,2937.0714285714284,2854.6071428571427,3695.6071428571427,3191.3928571428573
d_1087,4872,3446,6975,2514,3839,3994,3398,3626,3967,3796,2014-01-19,4063.964285714286,2784.035714285714,5874.357142857143,2152.6428571428573,2794.0714285714284,3686.0,2943.5,2902.785714285714,3757.964285714286,3246.785714285714
d_1088,4019,3057,6166,2210,2835,3421,2933,2477,2950,2638,2014-01-20,4036.1071428571427,2793.535714285714,5890.035714285715,2143.3928571428573,2795.285714285714,3678.4285714285716,2939.1428571428573,2861.8928571428573,3749.285714285714,3226.75
d_1089,3089,2103,5457,2144,2387,2665,2352,2091,3074,2492,2014-01-21,4022.9285714285716,2784.535714285714,5920.857142857143,2141.3928571428573,2783.0714285714284,3655.964285714286,2920.8214285714284,2826.3928571428573,3730.785714285714,3212.0
d_1090,3109,2387,5589,2143,2255,2683,2629,2270,2897,2235,2014-01-22,4133.964285714285,2869.714285714286,6120.357142857143,2217.9285714285716,2863.5714285714284,3751.3928571428573,3014.6785714285716,2907.4285714285716,3834.25,3291.785714285714
d_1091,2872,2246,4839,2090,2029,2807,2376,2218,2665,2102,2014-01-23,4109.035714285715,2842.1428571428573,6079.892857142857,2221.714285714286,2838.464285714286,3713.1071428571427,2987.8214285714284,2890.5714285714284,3821.8571428571427,3268.9285714285716
d_1092,3900,2707,5467,2195,2323,2829,2517,2637,3626,2687,2014-01-24,4102.285714285715,2845.6428571428573,6069.035714285715,2221.25,2825.1071428571427,3689.5714285714284,2967.8214285714284,2876.75,3837.75,3259.5
d_1093,4750,4244,6764,2490,2980,3974,3627,4289,3860,3551,2014-01-25,4108.535714285715,2886.3214285714284,6096.107142857143,2233.035714285714,2820.3928571428573,3672.8214285714284,2993.8214285714284,2892.75,3860.285714285714,3274.8928571428573
d_1094,5357,4047,7522,2445,3451,3821,3539,3371,3527,3117,2014-01-26,4146.964285714285,2918.214285714286,6149.035714285715,2249.6428571428573,2842.25,3658.0714285714284,3016.285714285714,2912.535714285714,3878.8214285714284,3284.1428571428573
d_1095,3514,2438,5397,2163,2774,3749,3325,1783,2825,2092,2014-01-27,4119.107142857143,2905.0714285714284,6127.428571428572,2253.4285714285716,2850.5,3659.964285714286,3037.3214285714284,2882.714285714286,3875.4285714285716,3265.25
d_1096,2873,2294,4855,2145,1830,2075,1729,1735,2658,1806,2014-01-28,4072.6071428571427,2896.25,6084.928571428572,2251.035714285714,2821.6785714285716,3590.4285714285716,2987.285714285714,2839.4285714285716,3834.9285714285716,3211.535714285714
d_1097,2621,2151,4282,1887,2133,2410,2231,2230,2804,2234,2014-01-29,4062.1785714285716,2896.3214285714284,6083.607142857143,2264.75,2816.535714285714,3551.1785714285716,2993.714285714286,2861.0,3864.785714285714,3236.6785714285716
d_1098,2846,2181,4783,1904,2312,2695,2435,2476,3168,2217,2014-01-30,4006.3214285714284,2887.3214285714284,6050.75,2255.714285714286,2808.8214285714284,3527.035714285714,2982.535714285714,2864.4285714285716,3841.5,3205.035714285714
d_1099,4359,2853,5403,2327,2646,3268,3420,3462,4780,3971,2014-01-31,3994.035714285714,2890.1071428571427,6015.928571428572,2262.8928571428573,2802.6071428571427,3506.8214285714284,2979.9285714285716,2856.6428571428573,3835.4285714285716,3200.035714285714
d_1100,6511,4580,6091,3298,3701,4711,4217,3788,4886,3550,2014-02-01,4044.8928571428573,2928.964285714286,5981.928571428572,2296.0,2822.1785714285716,3510.785714285714,3004.1785714285716,2815.714285714286,3808.75,3156.6428571428573
d_1101,5090,3714,7841,2655,3307,4082,3732,3654,5358,4464,2014-02-02,4031.25,2936.785714285714,5985.678571428572,2299.5714285714284,2808.8571428571427,3469.8214285714284,3005.9285714285716,2833.1071428571427,3795.0,3153.8571428571427
d_1102,4161,2498,6985,2303,2651,3281,3356,2480,5612,3967,2014-02-03,4024.8571428571427,2939.1428571428573,6006.821428571428,2296.214285714286,2802.6071428571427,3457.25,3013.035714285714,2870.214285714286,3878.1785714285716,3205.8928571428573
d_1103,3461,2365,5938,2199,2209,2770,2713,2328,3668,2926,2014-02-04,4004.0714285714284,2939.785714285714,6014.5,2300.25,2780.75,3430.285714285714,3004.8214285714284,2884.6428571428573,3915.5714285714284,3206.1428571428573
d_1104,3470,2494,5808,1987,2465,2963,2984,2204,4606,2695,2014-02-05,3999.1785714285716,2938.214285714286,6010.785714285715,2303.5,2776.8928571428573,3417.5,3009.035714285714,2862.1428571428573,3941.285714285714,3175.964285714286
d_1105,3566,2385,5633,2261,2479,3268,2605,2495,4755,2942,2014-02-06,4005.285714285714,2942.1785714285716,6016.714285714285,2306.6785714285716,2773.1785714285716,3406.535714285714,2998.9285714285716,2838.9285714285716,3969.8214285714284,3147.3928571428573
d_1106,4235,2597,5543,2266,2820,3805,3046,2897,4212,2834,2014-02-07,4008.8928571428573,2932.6428571428573,6002.821428571428,2310.3214285714284,2783.9285714285716,3425.25,3014.714285714286,2846.464285714286,4000.3571428571427,3133.4285714285716
d_1107,5752,4681,8404,3014,3385,4298,3682,4216,5627,4049,2014-02-08,4014.964285714286,2955.4285714285716,6026.642857142857,2320.75,2772.214285714286,3399.1785714285716,3005.6785714285716,2842.25,3990.8214285714284,3106.25
d_1108,5747,4290,8406,2683,4080,5078,4230,3948,5125,4453,2014-02-09,4039.4285714285716,2978.464285714286,6056.607142857143,2317.0,2772.3928571428573,3400.0714285714284,3017.464285714286,2830.0,3971.214285714286,3093.75
d_1109,4316,2584,6479,2335,2583,3205,2866,2356,3646,2777,2014-02-10,4060.714285714286,2979.1785714285716,6070.178571428572,2313.1428571428573,2759.214285714286,3374.4285714285716,3000.1428571428573,2828.035714285714,3983.035714285714,3088.0714285714284
d_1110,3510,2449,5601,2134,2886,3218,3246,2633,4615,3241,2014-02-11,4073.285714285714,2990.0714285714284,6086.571428571428,2316.535714285714,2770.6785714285716,3374.285714285714,3023.1071428571427,2845.0,4008.6428571428573,3086.1785714285716
d_1111,3465,2620,5612,2192,3290,3989,3815,2695,5395,3665,2014-02-12,4081.285714285714,2997.0714285714284,6098.285714285715,2317.3571428571427,2795.464285714286,3401.6071428571427,3058.3214285714284,2856.3571428571427,4048.25,3104.6071428571427
d_1112,3891,2991,6284,2128,3686,4431,3627,2617,4626,3202,2014-02-13,4106.214285714285,3012.214285714286,6125.321428571428,2322.3571428571427,2834.8928571428573,3453.464285714286,3090.3928571428573,2861.3214285714284,4060.5,3116.6785714285716
d_1113,3659,2688,5202,1844,3058,3575,3030,3131,4490,3233,2014-02-14,4089.1428571428573,2989.1071428571427,6096.071428571428,2305.785714285714,2847.8214285714284,3460.0714285714284,3101.3214285714284,2864.8928571428573,4073.464285714286,3108.1785714285716
d_1114,4900,4147,6444,2308,3908,4539,4279,4420,5629,4391,2014-02-15,4068.3928571428573,2972.75,6063.214285714285,2295.1428571428573,2867.9285714285716,3485.8571428571427,3140.6785714285716,2875.964285714286,4108.964285714285,3118.8214285714284
d_1115,4930,3884,6889,2259,4200,4615,3979,4052,4782,4242,2014-02-16,4070.464285714286,2988.3928571428573,6060.142857142857,2286.035714285714,2880.8214285714284,3508.035714285714,3161.4285714285716,2891.1785714285716,4138.071428571428,3134.75
d_1116,3943,3174,6475,2198,3200,4661,3606,1677,3489,2134,2014-02-17,4067.75,2992.5714285714284,6071.178571428572,2285.6071428571427,2893.8571428571427,3552.3214285714284,3185.464285714286,2862.6071428571427,4157.321428571428,3116.75
d_1117,2988,2385,5370,1976,2530,3207,2819,2667,3709,3059,2014-02-18,4064.1428571428573,3002.6428571428573,6068.071428571428,2279.6071428571427,2898.964285714286,3571.6785714285716,3202.1428571428573,2883.1785714285716,4180.0,3137.0
d_1118,2967,2395,5303,1830,2450,2880,2895,2760,3935,2996,2014-02-19,4059.0714285714284,3002.9285714285716,6057.857142857143,2268.4285714285716,2905.9285714285716,3578.714285714286,3211.6428571428573,2900.6785714285716,4217.071428571428,3164.1785714285716
d_1119,3003,2645,5430,2071,2405,3035,2784,2205,3693,2432,2014-02-20,4063.75,3017.1785714285716,6078.964285714285,2267.75,2919.3571428571427,3586.8571428571427,3226.214285714286,2900.214285714286,4253.785714285715,3175.964285714286
d_1120,3813,2722,5529,2006,2843,3444,3029,2789,4137,3014,2014-02-21,4060.6428571428573,3017.714285714286,6081.178571428572,2261.0,2937.9285714285716,3608.8214285714284,3244.5,2905.6428571428573,4272.035714285715,3187.6428571428573
d_1121,4790,4067,6551,2278,3344,3888,3636,4719,4305,3910,2014-02-22,4062.0714285714284,3011.3928571428573,6073.571428571428,2253.4285714285716,2950.9285714285716,3605.75,3244.8214285714284,2921.0,4287.928571428572,3200.464285714286
d_1122,5055,4036,7316,2502,4099,5110,4125,4027,4357,3800,2014-02-23,4051.285714285714,3011.0,6066.214285714285,2255.464285714286,2974.0714285714284,3651.785714285714,3265.75,2944.4285714285716,4317.571428571428,3224.8571428571427
d_1123,3574,2475,5332,2413,2731,3408,3089,2522,3547,2706,2014-02-24,4053.4285714285716,3012.3214285714284,6063.892857142857,2264.3928571428573,2972.535714285714,3639.6071428571427,3257.3214285714284,2970.8214285714284,4343.357142857143,3246.785714285714
d_1124,3168,2495,5267,2105,2603,3114,2828,2286,3148,2711,2014-02-25,4063.964285714286,3019.5,6078.607142857143,2262.964285714286,3000.1428571428573,3676.714285714286,3296.5714285714284,2990.5,4360.857142857143,3279.1071428571427
d_1125,3018,2025,4246,2005,2086,2636,2447,2493,3277,2118,2014-02-26,4078.1428571428573,3015.0,6077.321428571428,2267.1785714285716,2998.464285714286,3684.785714285714,3304.285714285714,2999.8928571428573,4377.75,3274.964285714286
d_1126,3164,2531,4760,2123,2480,3045,2899,2431,3256,2201,2014-02-27,4089.5,3027.5,6076.5,2275.0,3004.464285714286,3697.285714285714,3320.8571428571427,2998.285714285714,4380.892857142857,3274.3928571428573
d_1127,3495,2857,4877,1925,2817,3851,3146,3244,4763,3223,2014-02-28,4058.6428571428573,3027.6428571428573,6057.714285714285,2260.6428571428573,3010.5714285714284,3718.1071428571427,3311.0714285714284,2990.5,4380.285714285715,3247.6785714285716
d_1128,5724,4693,7830,2734,3834,4524,3899,3984,4726,3548,2014-03-01,4030.535714285714,3031.6785714285716,6119.821428571428,2240.5,3015.3214285714284,3711.4285714285716,3299.714285714286,2997.5,4374.571428571428,3247.6071428571427
d_1129,5516,4298,8145,2893,3713,4499,3994,4180,5337,4202,2014-03-02,4045.75,3052.535714285714,6130.678571428572,2249.0,3029.8214285714284,3726.3214285714284,3309.0714285714284,3016.285714285714,4373.821428571428,3238.25
d_1130,3843,2804,6265,2291,2945,3683,3633,2745,5410,3582,2014-03-03,4034.3928571428573,3063.464285714286,6104.964285714285,2248.5714285714284,3040.3214285714284,3740.6785714285716,3318.964285714286,3025.75,4366.607142857143,3224.5
d_1131,3313,2594,5664,2079,2281,2752,2620,2365,3795,2603,2014-03-04,4029.1071428571427,3071.6428571428573,6095.178571428572,2244.285714285714,3042.8928571428573,3740.035714285714,3315.6428571428573,3027.0714285714284,4371.142857142857,3212.964285714286
d_1132,2949,2269,5127,2051,2894,3356,3015,2246,4536,2835,2014-03-05,4010.5,3063.6071428571427,6070.857142857143,2246.5714285714284,3058.214285714286,3754.0714285714284,3316.75,3028.5714285714284,4368.642857142857,3217.964285714286
d_1133,3263,2453,5203,1921,2904,3225,3350,2768,4457,3118,2014-03-06,3999.6785714285716,3066.035714285714,6055.5,2234.4285714285716,3073.3928571428573,3752.535714285714,3343.3571428571427,3038.3214285714284,4358.0,3224.25
d_1134,4092,2836,5418,2297,2918,3636,3341,3036,3863,3427,2014-03-07,3994.5714285714284,3074.5714285714284,6051.035714285715,2235.535714285714,3076.8928571428573,3746.5,3353.8928571428573,3043.285714285714,4345.535714285715,3245.4285714285716
d_1135,5070,4022,6704,2175,3462,4359,3844,4200,5552,4097,2014-03-08,3970.214285714286,3051.035714285714,5990.321428571428,2205.5714285714284,3079.6428571428573,3748.6785714285716,3359.6785714285716,3042.714285714286,4342.857142857143,3247.1428571428573
d_1136,5913,4223,8737,2996,4471,5339,4365,4028,5871,4147,2014-03-09,3976.1428571428573,3048.6428571428573,6002.142857142857,2216.75,3093.6071428571427,3758.0,3364.5,3045.5714285714284,4369.5,3236.214285714286
d_1137,4372,2452,7195,2411,3031,3796,4077,2664,4249,3259,2014-03-10,3978.1428571428573,3043.9285714285716,6027.714285714285,2219.464285714286,3109.6071428571427,3779.1071428571427,3407.75,3056.5714285714284,4391.035714285715,3253.4285714285716
d_1138,3340,2503,6025,2050,3036,3526,3489,2710,4628,3260,2014-03-11,3972.0714285714284,3045.8571428571427,6042.857142857143,2216.464285714286,3114.964285714286,3790.1071428571427,3416.4285714285716,3059.3214285714284,4391.5,3254.1071428571427
d_1139,3356,2574,6023,2028,3108,3570,3771,2612,4762,3138,2014-03-12,3968.1785714285716,3044.214285714286,6057.535714285715,2210.6071428571427,3108.464285714286,3775.1428571428573,3414.8571428571427,3056.3571428571427,4368.892857142857,3235.285714285714
d_1140,3299,2515,5887,1979,3029,3608,3654,2683,3733,2697,2014-03-13,3947.035714285714,3027.214285714286,6043.357142857143,2205.285714285714,3085.0,3745.75,3415.8214285714284,3058.714285714286,4337.0,3217.25
d_1141,4059,2992,5841,2287,2944,3526,3641,3228,4765,3663,2014-03-14,3961.3214285714284,3038.0714285714284,6066.178571428572,2221.1071428571427,3080.9285714285716,3744.0,3437.6428571428573,3062.1785714285716,4346.821428571428,3232.6071428571427
d_1142,5427,4011,6969,2632,3764,4252,4055,4329,4993,4276,2014-03-15,3980.1428571428573,3033.214285714286,6084.928571428572,2232.6785714285716,3075.785714285714,3733.75,3429.6428571428573,3058.9285714285716,4324.107142857143,3228.5
d_1143,5350,4077,7882,2709,3963,4878,4444,3823,4149,4101,2014-03-16,3995.1428571428573,3040.1071428571427,6120.392857142857,2248.75,3067.3214285714284,3743.1428571428573,3446.25,3050.75,4301.5,3223.464285714286
d_1144,3554,2669,5867,2183,2877,3543,3292,2276,3220,2603,2014-03-17,3981.25,3022.0714285714284,6098.678571428572,2248.214285714286,3055.785714285714,3703.214285714286,3435.035714285714,3072.1428571428573,4291.892857142857,3240.214285714286
d_1145,3187,2483,5443,2048,2780,3104,2927,2297,3099,2727,2014-03-18,3988.3571428571427,3025.5714285714284,6101.285714285715,2250.785714285714,3064.714285714286,3699.535714285714,3438.8928571428573,3058.9285714285716,4270.107142857143,3228.3571428571427
d_1146,3280,2539,4647,2227,2404,3189,3240,2291,3152,2415,2014-03-19,3999.535714285714,3030.714285714286,6077.857142857143,2264.964285714286,3063.0714285714284,3710.5714285714284,3451.214285714286,3042.1785714285716,4242.142857142857,3207.6071428571427
d_1147,3347,2470,4943,1943,2475,3154,2736,2298,3001,2442,2014-03-20,4011.8214285714284,3024.464285714286,6060.464285714285,2260.3928571428573,3065.5714285714284,3714.8214285714284,3449.5,3045.5,4217.428571428572,3207.964285714286
d_1148,3969,2979,5545,2227,2762,3334,3289,2788,3360,2949,2014-03-21,4017.3928571428573,3033.6428571428573,6061.035714285715,2268.285714285714,3062.6785714285716,3710.8928571428573,3458.785714285714,3045.464285714286,4189.678571428572,3205.6428571428573
d_1149,5073,4258,6725,2560,3603,3813,3599,4091,4257,3462,2014-03-22,4027.5,3040.464285714286,6067.25,2278.3571428571427,3071.9285714285716,3708.214285714286,3457.464285714286,3023.035714285714,4187.964285714285,3189.6428571428573
d_1150,5679,4248,7944,2802,3731,4612,3876,3774,3940,3565,2014-03-23,4049.785714285714,3048.035714285714,6089.678571428572,2289.0714285714284,3058.785714285714,3690.4285714285716,3448.5714285714284,3014.0,4173.071428571428,3181.25
d_1151,3953,2524,5991,2204,2717,3403,3194,2558,2954,2345,2014-03-24,4063.3214285714284,3049.785714285714,6113.214285714285,2281.6071428571427,3058.285714285714,3690.25,3452.3214285714284,3015.285714285714,4151.892857142857,3168.3571428571427
d_1152,3316,2442,5180,2045,2536,3124,2742,2040,2824,2217,2014-03-25,4068.6071428571427,3047.8928571428573,6110.107142857143,2279.464285714286,3055.8928571428573,3690.6071428571427,3449.25,3006.5,4140.321428571428,3150.714285714286
d_1153,3081,2549,5037,2075,2185,1232,2879,2358,3317,2301,2014-03-26,4070.8571428571427,3066.6071428571427,6138.357142857143,2281.964285714286,3059.4285714285716,3640.464285714286,3464.6785714285716,3001.6785714285716,4141.75,3157.25
d_1154,3367,2621,5149,1997,2509,4261,2661,2458,3058,2129,2014-03-27,4078.1071428571427,3069.8214285714284,6152.25,2277.464285714286,3060.464285714286,3683.8928571428573,3456.1785714285716,3002.6428571428573,4134.678571428572,3154.6785714285716
d_1155,3926,2959,5507,2292,2525,3232,2839,2967,3758,2913,2014-03-28,4093.5,3073.464285714286,6174.75,2290.5714285714284,3050.035714285714,3661.785714285714,3445.214285714286,2992.75,4098.785714285715,3143.6071428571427
d_1156,4954,4088,6349,2471,3460,3883,3672,4373,4275,3668,2014-03-29,4066.0,3051.8571428571427,6121.857142857143,2281.1785714285716,3036.6785714285716,3638.8928571428573,3437.1071428571427,3006.6428571428573,4082.6785714285716,3147.8928571428573
d_1157,5767,4280,7685,2767,3919,4544,3646,3747,3667,3134,2014-03-30,4074.964285714286,3051.214285714286,6105.428571428572,2276.6785714285716,3044.035714285714,3640.5,3424.6785714285716,2991.1785714285716,4023.035714285714,3109.75
d_1158,3608,2282,5579,2136,2782,3274,3450,2303,2982,2276,2014-03-31,4066.5714285714284,3032.5714285714284,6080.928571428572,2271.1428571428573,3038.214285714286,3625.8928571428573,3418.1428571428573,2975.3928571428573,3936.3214285714284,3063.1071428571427
d_1159,3773,2413,6126,2193,3162,3269,3777,2752,3620,2623,2014-04-01,4083.0,3026.1071428571427,6097.428571428572,2275.214285714286,3069.6785714285716,3644.3571428571427,3459.464285714286,2989.214285714286,3930.0714285714284,3063.8214285714284
d_1160,4052,2589,5967,2136,2657,2889,2969,2599,4837,3004,2014-04-02,4122.392857142857,3037.535714285714,6127.428571428572,2278.25,3061.214285714286,3627.6785714285716,3457.8214285714284,3001.8214285714284,3940.8214285714284,3069.8571428571427
d_1161,4029,2739,6452,2143,2878,3401,3542,2788,5345,3287,2014-04-03,4149.75,3047.75,6172.035714285715,2286.1785714285716,3060.285714285714,3633.964285714286,3464.6785714285716,3002.535714285714,3972.535714285714,3075.8928571428573
d_1162,4307,3069,6317,2182,3054,3594,3160,3097,4131,2774,2014-04-04,4157.428571428572,3056.0714285714284,6204.142857142857,2282.0714285714284,3065.1428571428573,3632.464285714286,3458.214285714286,3004.714285714286,3982.1071428571427,3052.5714285714284
d_1163,5805,4138,7744,2790,3742,4500,4105,4647,5558,3747,2014-04-05,4183.678571428572,3060.214285714286,6241.285714285715,2304.035714285714,3075.1428571428573,3637.5,3467.535714285714,3020.6785714285716,3982.3214285714284,3040.0714285714284
d_1164,6337,3787,8496,3090,4326,4924,4209,4135,5669,3817,2014-04-06,4198.821428571428,3044.6428571428573,6232.678571428572,2307.3928571428573,3069.964285714286,3622.6785714285716,3461.964285714286,3024.5,3975.1071428571427,3028.285714285714
d_1165,4494,2585,7378,2613,3254,3744,3572,2511,3774,2669,2014-04-07,4203.178571428572,3049.3928571428573,6239.214285714285,2314.6071428571427,3077.9285714285716,3620.8214285714284,3443.9285714285716,3019.035714285714,3958.1428571428573,3007.214285714286
d_1166,4045,2473,7227,2407,2751,3194,2915,2628,4817,2791,2014-04-08,4228.357142857143,3048.3214285714284,6282.142857142857,2327.3571428571427,3067.75,3608.964285714286,3423.4285714285716,3016.1071428571427,3964.8928571428573,2990.464285714286
d_1167,3966,2890,6448,2251,2904,3312,3130,2596,4754,2958,2014-04-09,4250.142857142857,3059.6071428571427,6297.321428571428,2335.3214285714284,3060.464285714286,3599.75,3400.535714285714,3015.535714285714,3964.6071428571427,2984.035714285714
d_1168,4015,2618,6457,2137,2829,3212,3161,2778,3743,2088,2014-04-10,4275.714285714285,3063.285714285714,6317.678571428572,2340.964285714286,3053.3214285714284,3585.6071428571427,3382.9285714285716,3018.9285714285716,3964.964285714286,2962.285714285714
d_1169,4350,2808,6371,2581,3367,3902,3631,3360,4619,3450,2014-04-11,4286.107142857143,3056.714285714286,6336.607142857143,2351.464285714286,3068.4285714285716,3599.035714285714,3382.5714285714284,3023.6428571428573,3959.75,2954.6785714285716
d_1170,5171,3738,7068,2813,4121,4538,4171,4579,5906,4050,2014-04-12,4276.964285714285,3046.964285714286,6340.142857142857,2357.9285714285716,3081.1785714285716,3609.25,3386.714285714286,3032.5714285714284,3992.3571428571427,2946.6071428571427
d_1171,5590,3952,7896,2745,4739,5108,4670,3650,4334,3399,2014-04-13,4285.535714285715,3042.5,6340.642857142857,2359.214285714286,3108.8928571428573,3617.464285714286,3394.785714285714,3026.3928571428573,3998.964285714286,2921.535714285714
d_1172,3901,2554,6117,2440,2935,3352,3377,2990,4880,3205,2014-04-14,4297.928571428572,3038.3928571428573,6349.571428571428,2368.3928571428573,3110.964285714286,3610.6428571428573,3397.8214285714284,3051.8928571428573,4058.25,2943.035714285714
d_1173,3490,2596,6008,2080,3220,3883,4054,3027,4827,3211,2014-04-15,4308.75,3042.4285714285716,6369.75,2369.535714285714,3126.6785714285716,3638.464285714286,3438.0714285714284,3077.964285714286,4119.964285714285,2960.3214285714284
d_1174,4201,2534,5707,2274,3080,3415,3489,2894,3971,2663,2014-04-16,4341.642857142857,3042.25,6407.607142857143,2371.214285714286,3150.8214285714284,3646.535714285714,3446.964285714286,3099.5,4149.214285714285,2969.1785714285716
d_1175,4048,2618,5916,2070,2774,3352,3248,2992,3397,2778,2014-04-17,4366.678571428572,3047.535714285714,6442.357142857143,2375.75,3161.5,3653.6071428571427,3465.25,3124.285714285714,4163.357142857143,2981.1785714285716
d_1176,5074,3217,6169,2354,3350,4401,3917,3717,3811,2895,2014-04-18,4406.142857142857,3056.035714285714,6464.642857142857,2380.285714285714,3182.5,3691.714285714286,3487.6785714285716,3157.464285714286,4179.464285714285,2979.25
d_1177,6257,4134,8368,3035,3990,4918,4323,4718,4269,3807,2014-04-19,4448.428571428572,3051.6071428571427,6523.321428571428,2397.25,3196.3214285714284,3731.1785714285716,3513.535714285714,3179.8571428571427,4179.892857142857,2991.5714285714284
d_1178,4814,3509,7668,2362,4345,4667,3541,2559,2483,2986,2014-04-20,4417.535714285715,3025.214285714286,6513.464285714285,2381.535714285714,3218.25,3733.1428571428573,3501.5714285714284,3136.464285714286,4127.857142857143,2970.8928571428573
d_1179,3829,2496,5868,2226,2779,3250,3264,2376,3398,2140,2014-04-21,4413.107142857143,3024.214285714286,6509.071428571428,2382.3214285714284,3220.464285714286,3727.6785714285716,3504.0714285714284,3129.964285714286,4143.714285714285,2963.5714285714284
d_1180,3785,2518,5522,2200,2818,3439,2929,2330,2733,2404,2014-04-22,4429.857142857143,3026.9285714285716,6521.285714285715,2387.8571428571427,3230.535714285714,3738.9285714285716,3510.75,3140.3214285714284,4140.464285714285,2970.25
d_1181,3344,2350,5892,2044,2615,3284,3032,2397,3191,2288,2014-04-23,4439.25,3019.8214285714284,6551.821428571428,2386.75,3245.8928571428573,3812.214285714286,3516.214285714286,3141.714285714286,4135.964285714285,2969.785714285714
d_1182,3500,2343,6018,2079,2691,3320,3048,2570,3118,2105,2014-04-24,4444.0,3009.8928571428573,6582.857142857143,2389.6785714285716,3252.3928571428573,3778.6071428571427,3530.035714285714,3145.714285714286,4138.107142857143,2968.9285714285716
d_1183,4186,2668,5396,2141,2781,3580,3498,3071,3620,2486,2014-04-25,4453.285714285715,2999.5,6578.892857142857,2384.285714285714,3261.535714285714,3791.035714285714,3553.5714285714284,3149.4285714285716,4133.178571428572,2953.6785714285716
d_1184,5444,4192,7095,2306,3668,4336,3748,4181,4329,3078,2014-04-26,4470.785714285715,3003.214285714286,6605.535714285715,2378.3928571428573,3268.964285714286,3807.214285714286,3556.285714285714,3142.5714285714284,4135.107142857143,2932.6071428571427
d_1185,5570,4070,8148,2666,4014,4310,4047,4076,3525,3014,2014-04-27,4463.75,2995.714285714286,6622.071428571428,2374.785714285714,3272.3571428571427,3798.8571428571427,3570.6071428571427,3154.3214285714284,4130.035714285715,2928.3214285714284
d_1186,3917,2474,6004,2106,2880,3422,3501,2429,2718,2057,2014-04-28,4474.785714285715,3002.5714285714284,6637.25,2373.714285714286,3275.8571428571427,3804.1428571428573,3572.4285714285716,3158.8214285714284,4120.607142857143,2920.5
d_1187,3260,2308,5718,2104,2391,3086,2996,2555,3266,2181,2014-04-29,4456.464285714285,2998.8214285714284,6622.678571428572,2370.535714285714,3248.3214285714284,3797.6071428571427,3544.535714285714,3151.785714285714,4107.964285714285,2904.714285714286
d_1188,3505,2200,5440,1985,2390,2857,2933,2682,3053,1838,2014-04-30,4436.928571428572,2984.9285714285716,6603.857142857143,2365.1428571428573,3238.785714285714,3796.464285714286,3543.25,3154.75,4044.25,2863.0714285714284
d_1189,4061,2697,6727,2044,2996,3344,3273,2569,3747,2401,2014-05-01,4438.071428571428,2983.4285714285716,6613.678571428572,2361.6071428571427,3243.0,3794.4285714285716,3533.6428571428573,3146.9285714285716,3987.1785714285716,2831.4285714285716
d_1190,4724,3390,7079,2333,2861,3566,3358,3370,4827,3443,2014-05-02,4452.964285714285,2994.8928571428573,6640.892857142857,2367.0,3236.1071428571427,3793.4285714285716,3540.714285714286,3156.6785714285716,4012.035714285714,2855.3214285714284
d_1191,5872,3863,7983,2602,4046,4274,4430,3988,5618,3866,2014-05-03,4455.357142857143,2985.0714285714284,6649.428571428572,2360.285714285714,3246.964285714286,3785.3571428571427,3552.3214285714284,3133.1428571428573,4014.1785714285716,2859.5714285714284
d_1192,6325,3753,7997,2674,3858,4579,4284,4100,4219,3350,2014-05-04,4454.928571428572,2983.8571428571427,6631.607142857143,2345.4285714285716,3230.25,3773.035714285714,3555.0,3131.8928571428573,3962.3928571428573,2842.8928571428573
d_1193,4383,2567,6907,2287,3026,3606,3561,2536,4327,2620,2014-05-05,4450.964285714285,2983.214285714286,6614.785714285715,2333.785714285714,3222.1071428571427,3768.1071428571427,3554.6071428571427,3132.785714285714,3982.1428571428573,2841.1428571428573
d_1194,3818,2524,6479,1956,2887,3514,3392,2569,4076,2396,2014-05-06,4442.857142857143,2985.035714285714,6588.071428571428,2317.6785714285716,3226.964285714286,3779.535714285714,3571.6428571428573,3130.6785714285716,3955.6785714285716,2827.035714285714
d_1195,3818,2258,6017,2011,3557,3359,3030,2379,3417,2300,2014-05-07,4437.571428571428,2962.464285714286,6572.678571428572,2309.1071428571427,3250.285714285714,3781.214285714286,3568.0714285714284,3122.9285714285716,3907.9285714285716,2803.535714285714
d_1196,3676,2230,6212,2086,2317,3138,2815,2694,4084,2567,2014-05-08,4425.464285714285,2948.6071428571427,6563.928571428572,2307.285714285714,3232.0,3778.5714285714284,3555.714285714286,3119.9285714285716,3920.1071428571427,2820.6428571428573
d_1197,4386,2670,6366,2406,2665,3527,3436,3359,4216,3332,2014-05-09,4426.75,2943.6785714285716,6563.75,2301.035714285714,3206.9285714285716,3765.1785714285716,3548.75,3119.8928571428573,3905.714285714286,2816.4285714285716
d_1198,5100,3869,7141,2634,3596,4395,3938,4358,4565,3247,2014-05-10,4424.214285714285,2948.3571428571427,6566.357142857143,2294.6428571428573,3188.1785714285716,3760.0714285714284,3540.4285714285716,3112.0,3857.8214285714284,2787.75
d_1199,4184,3023,7390,2323,3746,4281,3736,3024,3416,3057,2014-05-11,4374.0,2915.1785714285716,6548.285714285715,2279.5714285714284,3152.714285714286,3730.535714285714,3507.0714285714284,3089.6428571428573,3825.035714285714,2775.535714285714
d_1200,4256,2523,6932,2572,3229,3539,3694,3105,4869,3203,2014-05-12,4386.678571428572,2914.0714285714284,6577.392857142857,2284.285714285714,3163.214285714286,3737.214285714286,3518.3928571428573,3093.75,3824.6428571428573,2775.464285714286
d_1201,3996,2338,6263,2362,2980,3340,3041,2868,3810,2846,2014-05-13,4404.75,2904.8571428571427,6586.5,2294.3571428571427,3154.6428571428573,3717.8214285714284,3482.214285714286,3088.0714285714284,3788.3214285714284,2762.4285714285716
d_1202,3554,2163,6310,2052,2496,3022,2753,3101,4305,3061,2014-05-14,4381.642857142857,2891.6071428571427,6608.035714285715,2286.4285714285716,3133.785714285714,3703.785714285714,3455.9285714285716,3095.464285714286,3800.25,2776.6428571428573
d_1203,3451,2439,5833,2328,2818,3189,3480,2665,4597,2722,2014-05-15,4360.321428571428,2885.214285714286,6605.071428571428,2295.6428571428573,3135.3571428571427,3697.964285714286,3464.214285714286,3083.785714285714,3843.1071428571427,2774.6428571428573
d_1204,4454,2795,5827,2140,3191,3159,3239,3245,3655,2884,2014-05-16,4338.178571428572,2870.1428571428573,6592.857142857143,2288.0,3129.6785714285716,3653.6071428571427,3440.0,3066.9285714285716,3837.535714285714,2774.25
d_1205,5041,3586,6892,2251,3345,3715,3685,4146,4377,2981,2014-05-17,4294.75,2850.5714285714284,6540.142857142857,2260.0,3106.6428571428573,3610.6428571428573,3417.214285714286,3046.5,3841.3928571428573,2744.75
d_1206,5703,3790,7512,2793,3811,4631,3946,3924,3814,3096,2014-05-18,4326.5,2860.6071428571427,6534.571428571428,2275.3928571428573,3087.5714285714284,3609.3571428571427,3431.6785714285716,3095.25,3888.9285714285716,2748.6785714285716
d_1207,4054,2433,6044,2525,2767,3252,3238,2570,3258,2173,2014-05-19,4334.535714285715,2858.3571428571427,6540.857142857143,2286.0714285714284,3087.1428571428573,3609.4285714285716,3430.75,3102.1785714285716,3883.9285714285716,2749.8571428571427
d_1208,3189,2428,5658,2119,2644,3159,2921,2736,2951,2121,2014-05-20,4313.25,2855.1428571428573,6545.714285714285,2283.1785714285716,3080.9285714285716,3599.4285714285716,3430.464285714286,3116.6785714285716,3891.714285714286,2739.75
d_1209,3179,2299,5600,1852,2444,3109,2934,2575,3124,1967,2014-05-21,4307.357142857143,2853.3214285714284,6535.285714285715,2276.3214285714284,3074.8214285714284,3593.1785714285716,3426.964285714286,3123.035714285714,3889.3214285714284,2728.285714285714
d_1210,3434,2630,5295,2058,2537,3226,2930,2994,3146,2136,2014-05-22,4305.0,2863.5714285714284,6509.464285714285,2275.5714285714284,3069.3214285714284,3589.8214285714284,3422.75,3138.1785714285716,3890.3214285714284,2729.3928571428573
d_1211,3918,2930,5622,2354,2621,3502,3128,3207,3508,2635,2014-05-23,4295.428571428572,2872.9285714285716,6517.535714285715,2283.1785714285716,3063.6071428571427,3587.035714285714,3409.535714285714,3143.035714285714,3886.3214285714284,2734.714285714286
d_1212,4658,3669,6304,2320,3460,4259,3455,3623,3693,2945,2014-05-24,4267.357142857143,2854.25,6489.285714285715,2283.6785714285716,3056.1785714285716,3584.285714285714,3399.0714285714284,3123.1071428571427,3863.6071428571427,2729.964285714286
d_1213,4520,3136,6533,2171,3596,3888,3426,3130,2894,2671,2014-05-25,4229.857142857143,2820.8928571428573,6431.607142857143,2266.0,3041.25,3569.214285714286,3376.8928571428573,3089.3214285714284,3841.0714285714284,2717.714285714286
d_1214,4405,2920,6575,2391,2678,3569,2920,2890,2669,2442,2014-05-26,4247.285714285715,2836.8214285714284,6452.0,2276.1785714285716,3034.035714285714,3574.464285714286,3356.1428571428573,3105.785714285714,3839.3214285714284,2731.464285714286
d_1215,3620,2135,5837,2413,2342,2827,2483,2420,2685,2150,2014-05-27,4260.142857142857,2830.6428571428573,6456.25,2287.214285714286,3032.285714285714,3565.214285714286,3337.8214285714284,3100.964285714286,3818.5714285714284,2730.3571428571427
d_1216,3304,2197,4872,2176,2293,3030,2794,2563,2933,1947,2014-05-28,4252.964285714285,2830.535714285714,6435.964285714285,2294.035714285714,3028.8214285714284,3571.3928571428573,3332.8571428571427,3096.714285714286,3814.285714285714,2734.25
d_1217,3196,2009,4989,2082,2470,3023,2571,2528,2736,2085,2014-05-29,4222.071428571428,2805.964285714286,6373.892857142857,2295.3928571428573,3010.035714285714,3559.9285714285716,3307.785714285714,3095.25,3778.1785714285716,2722.964285714286
d_1218,4018,2625,5503,2163,3168,3498,3150,3202,3893,2520,2014-05-30,4196.857142857143,2778.6428571428573,6317.607142857143,2289.3214285714284,3021.0,3557.5,3300.3571428571427,3089.25,3744.8214285714284,2690.0
d_1219,5160,3424,7060,2560,3348,4154,3718,4302,4087,2879,2014-05-31,4171.428571428572,2762.964285714286,6284.642857142857,2287.8214285714284,2996.0714285714284,3553.214285714286,3274.9285714285716,3100.464285714286,3690.1428571428573,2654.75
d_1220,6040,3505,8172,2755,4059,4675,4481,4106,3824,2985,2014-06-01,4161.25,2754.1071428571427,6290.892857142857,2290.714285714286,3003.25,3556.6428571428573,3281.964285714286,3100.6785714285716,3676.035714285714,2641.714285714286
d_1221,4388,2552,6985,2692,2978,3586,3458,2882,4562,3229,2014-06-02,4161.428571428572,2753.5714285714284,6293.678571428572,2305.1785714285716,3001.535714285714,3555.9285714285716,3278.285714285714,3113.035714285714,3684.4285714285716,2663.464285714286
d_1222,3881,2635,7037,2224,3025,3670,3624,3335,5570,3356,2014-06-03,4163.678571428572,2757.535714285714,6313.607142857143,2314.75,3006.464285714286,3561.5,3286.5714285714284,3140.3928571428573,3737.785714285714,2697.75
d_1223,3735,2437,6436,2215,2720,3367,2951,2819,3877,2342,2014-06-04,4160.714285714285,2763.9285714285716,6328.571428571428,2322.035714285714,2976.5714285714284,3561.785714285714,3283.75,3156.1071428571427,3754.214285714286,2699.25
d_1224,3796,2397,6453,2426,3277,3975,3347,2804,4350,2830,2014-06-05,4165.0,2769.8928571428573,6337.178571428572,2334.1785714285716,3010.8571428571427,3591.6785714285716,3302.75,3160.035714285714,3763.714285714286,2708.6428571428573
d_1225,4227,2842,6271,2485,3570,3175,3559,3386,4685,3257,2014-06-06,4159.321428571428,2776.035714285714,6333.785714285715,2337.0,3043.1785714285716,3579.1071428571427,3307.1428571428573,3161.0,3780.464285714286,2705.964285714286
d_1226,5416,3415,7576,2739,3670,5556,4336,4089,4324,3226,2014-06-07,4170.607142857143,2759.8214285714284,6349.321428571428,2340.75,3045.8214285714284,3620.5714285714284,3321.3571428571427,3151.3928571428573,3771.8571428571427,2705.214285714286
d_1227,5977,3196,7805,2968,3891,4622,4335,4093,5018,3374,2014-06-08,4234.642857142857,2766.0,6364.142857142857,2363.785714285714,3051.0,3632.75,3342.75,3189.5714285714284,3829.0714285714284,2716.535714285714
d_1228,4631,2391,7664,2620,2970,3636,3476,3012,4857,2999,2014-06-09,4248.035714285715,2761.285714285714,6390.285714285715,2365.5,3041.75,3636.214285714286,3334.964285714286,3186.25,3828.6428571428573,2709.25
d_1229,3894,2355,6497,2442,2596,3255,3370,2766,3976,2507,2014-06-10,4244.392857142857,2761.8928571428573,6398.642857142857,2368.3571428571427,3028.035714285714,3633.1785714285716,3346.714285714286,3182.6071428571427,3834.5714285714284,2697.1428571428573
d_1230,3849,2390,6243,2314,2959,3742,3472,2830,4357,2488,2014-06-11,4254.928571428572,2770.0,6396.25,2377.714285714286,3044.5714285714284,3658.8928571428573,3372.3928571428573,3172.9285714285716,3836.4285714285716,2676.6785714285716
d_1231,3745,2379,6023,2314,3011,3722,3224,2884,4706,3069,2014-06-12,4265.428571428572,2767.8571428571427,6403.035714285715,2377.214285714286,3051.464285714286,3677.9285714285716,3363.25,3180.75,3840.3214285714284,2689.0714285714284
d_1232,4621,2695,6468,2524,3309,4379,3921,3550,3991,2898,2014-06-13,4271.392857142857,2764.285714285714,6425.928571428572,2390.9285714285716,3055.6785714285716,3721.5,3387.6071428571427,3191.6428571428573,3852.3214285714284,2689.5714285714284
d_1233,5589,3522,7569,2884,3949,4790,4250,4254,4694,3483,2014-06-14,4290.964285714285,2762.0,6450.107142857143,2413.535714285714,3077.25,3759.8928571428573,3407.785714285714,3195.5,3863.6428571428573,2707.5
d_1234,4930,2976,7188,2403,3756,4856,4296,3699,4720,3670,2014-06-15,4263.357142857143,2732.9285714285716,6438.535714285715,2399.6071428571427,3075.285714285714,3767.9285714285716,3420.285714285714,3187.464285714286,3896.0,2728.0
d_1235,4177,2406,6372,2357,3244,3760,3570,2755,3880,2682,2014-06-16,4267.75,2731.964285714286,6450.25,2393.6071428571427,3092.3214285714284,3786.0714285714284,3432.1428571428573,3194.0714285714284,3918.214285714286,2746.1785714285716
d_1236,3617,2612,6079,2370,2894,3198,3353,3210,3577,2632,2014-06-17,4283.035714285715,2738.535714285714,6465.285714285715,2402.5714285714284,3101.25,3787.464285714286,3447.5714285714284,3211.0,3940.5714285714284,2764.4285714285716
d_1237,3998,2404,6193,2240,2847,3286,2823,2818,3502,2158,2014-06-18,4312.285714285715,2742.285714285714,6486.464285714285,2416.4285714285716,3115.6428571428573,3793.785714285714,3443.6071428571427,3219.6785714285716,3954.0714285714284,2771.25
d_1238,3700,2553,6194,2303,2944,3694,3066,3060,3237,2369,2014-06-19,4321.785714285715,2739.535714285714,6518.571428571428,2425.1785714285716,3130.1785714285716,3810.5,3448.464285714286,3222.035714285714,3957.3214285714284,2779.5714285714284
d_1239,4820,3035,6572,2553,3183,4107,3356,3587,4012,2771,2014-06-20,4354.0,2743.285714285714,6552.5,2432.285714285714,3150.25,3832.1071428571427,3456.6071428571427,3235.6071428571427,3975.3214285714284,2784.4285714285716
d_1240,5171,3998,7497,2550,3506,4570,4165,3973,4039,2951,2014-06-21,4372.321428571428,2755.035714285714,6595.107142857143,2440.5,3151.8928571428573,3843.214285714286,3481.964285714286,3248.1071428571427,3987.6785714285716,2784.6428571428573
d_1241,5450,3683,8003,2746,3739,4585,4062,3730,3341,3121,2014-06-22,4405.535714285715,2774.5714285714284,6647.607142857143,2461.035714285714,3157.0,3868.1071428571427,3504.6785714285716,3269.535714285714,4003.6428571428573,2800.714285714286
d_1242,4096,2432,6549,2217,2539,3501,3231,2864,3390,2339,2014-06-23,4394.5,2757.1428571428573,6646.678571428572,2454.8214285714284,3152.035714285714,3865.6785714285716,3515.785714285714,3268.6071428571427,4029.3928571428573,2797.035714285714
d_1243,3643,2407,5999,2274,2731,2869,2816,2593,3054,2255,2014-06-24,4395.321428571428,2766.8571428571427,6652.464285714285,2449.8571428571427,3165.9285714285716,3867.1785714285716,3527.6785714285716,3274.785714285714,4042.5714285714284,2800.785714285714
d_1244,3573,2262,5277,2107,2337,2981,2779,2635,3019,1851,2014-06-25,4404.928571428572,2769.1785714285716,6666.928571428572,2447.3928571428573,3167.5,3865.4285714285716,3527.1428571428573,3277.3571428571427,4045.6428571428573,2797.3571428571427
d_1245,3478,2442,5588,2022,2304,3298,2703,2676,2981,1864,2014-06-26,4415.0,2784.6428571428573,6688.321428571428,2445.25,3161.5714285714284,3875.25,3531.8571428571427,3282.6428571428573,4054.3928571428573,2789.464285714286
d_1246,4135,2923,5848,2472,2778,3651,3157,3410,3273,2431,2014-06-27,4419.178571428572,2795.285714285714,6700.642857142857,2456.285714285714,3147.6428571428573,3880.714285714286,3532.1071428571427,3290.0714285714284,4032.25,2786.285714285714
d_1247,5115,3637,7392,2527,3096,4075,3788,3983,3433,2884,2014-06-28,4417.571428571428,2802.8928571428573,6712.5,2455.1071428571427,3138.6428571428573,3877.8928571428573,3534.6071428571427,3278.6785714285716,4008.8928571428573,2786.464285714286
d_1248,5251,3555,7426,2697,3394,4035,3829,3868,3280,2876,2014-06-29,4389.392857142857,2804.6785714285716,6685.857142857143,2453.035714285714,3114.8928571428573,3855.035714285714,3511.3214285714284,3270.1785714285716,3989.464285714286,2782.5714285714284
d_1249,4295,2456,6475,2460,2755,3510,3275,2665,3294,2264,2014-06-30,4386.071428571428,2801.25,6667.642857142857,2444.75,3106.9285714285716,3852.3214285714284,3504.785714285714,3262.4285714285716,3944.1785714285716,2748.1071428571427
d_1250,4468,2536,7374,2392,3354,4010,3754,3016,3940,2895,2014-07-01,4407.035714285715,2797.714285714286,6679.678571428572,2450.75,3118.6785714285716,3864.464285714286,3509.4285714285716,3251.035714285714,3885.964285714286,2731.6428571428573
d_1251,4261,2653,7091,2284,2608,3470,3573,3533,5179,3217,2014-07-02,4425.821428571428,2805.4285714285716,6703.071428571428,2453.214285714286,3114.6785714285716,3868.1428571428573,3531.6428571428573,3276.535714285714,3932.464285714286,2762.8928571428573
d_1252,5582,3316,8369,2861,3758,4961,4490,4328,5443,3920,2014-07-03,4489.607142857143,2838.25,6771.5,2468.75,3131.8571428571427,3903.3571428571427,3572.464285714286,3330.964285714286,3971.5,2801.8214285714284
d_1253,4455,3019,7214,2309,3301,4550,4061,3319,3454,2911,2014-07-04,4497.75,2844.5714285714284,6805.178571428572,2462.464285714286,3122.25,3952.464285714286,3590.3928571428573,3328.5714285714284,3927.535714285714,2789.464285714286
d_1254,5042,3253,7115,2346,3423,4091,3944,3630,4732,3206,2014-07-05,4484.392857142857,2838.785714285714,6788.714285714285,2448.4285714285716,3113.4285714285716,3900.1428571428573,3576.3928571428573,3312.1785714285716,3942.1071428571427,2788.75
d_1255,5869,3228,8307,2858,4382,4388,4100,3760,5145,3453,2014-07-06,4480.535714285715,2839.9285714285716,6806.642857142857,2444.5,3130.964285714286,3891.785714285714,3568.0,3300.285714285714,3946.6428571428573,2791.5714285714284
d_1256,4697,2482,7464,2476,3177,4418,3787,2904,4074,2156,2014-07-07,4482.892857142857,2843.1785714285716,6799.5,2439.3571428571427,3138.3571428571427,3919.714285714286,3579.1071428571427,3296.4285714285716,3918.6785714285716,2761.464285714286
d_1257,4460,2474,6799,2473,2742,3194,3362,3273,4783,2888,2014-07-08,4503.107142857143,2847.4285714285716,6810.285714285715,2440.464285714286,3143.5714285714284,3917.535714285714,3578.8214285714284,3314.535714285714,3947.5,2775.0714285714284
d_1258,3947,2419,6524,2367,3167,4110,3550,3443,4809,2878,2014-07-09,4506.607142857143,2848.464285714286,6820.321428571428,2442.3571428571427,3151.0,3930.6785714285716,3581.6071428571427,3336.4285714285716,3963.6428571428573,2789.0
d_1259,4243,2717,7121,2410,2827,3507,3319,2864,3677,2494,2014-07-10,4524.392857142857,2860.535714285714,6859.535714285715,2445.785714285714,3144.4285714285716,3923.0,3585.0,3335.714285714286,3926.8928571428573,2768.464285714286
d_1260,4695,2881,6677,2503,3446,4108,4015,3588,5018,3322,2014-07-11,4527.035714285715,2867.1785714285716,6867.0,2445.035714285714,3149.3214285714284,3913.3214285714284,3588.3571428571427,3337.0714285714284,3963.5714285714284,2783.6071428571427
d_1261,5465,3714,7791,2643,4438,5078,4568,4424,5807,3768,2014-07-12,4522.607142857143,2874.035714285714,6874.928571428572,2436.4285714285716,3166.785714285714,3923.6071428571427,3599.714285714286,3343.1428571428573,4003.3214285714284,2793.785714285714
d_1262,5615,3442,7669,2518,4129,4702,4267,4031,3926,3376,2014-07-13,4547.071428571428,2890.6785714285716,6892.107142857143,2440.535714285714,3180.1071428571427,3918.1071428571427,3598.6785714285716,3355.0,3974.964285714286,2783.285714285714
d_1263,4164,2369,6438,2359,2928,3831,3359,3016,4807,3010,2014-07-14,4546.607142857143,2889.3571428571427,6894.464285714285,2440.6071428571427,3168.8214285714284,3920.6428571428573,3591.1428571428573,3364.3214285714284,4008.0714285714284,2795.0
d_1264,3948,2698,6128,2220,3067,3637,3450,3025,4700,2942,2014-07-15,4558.428571428572,2892.4285714285716,6896.214285714285,2435.25,3175.0,3936.3214285714284,3594.6071428571427,3357.714285714286,4048.1785714285716,2806.0714285714284
d_1265,3919,2399,6156,2059,2634,3558,3384,2825,3561,2516,2014-07-16,4555.607142857143,2892.25,6894.892857142857,2428.785714285714,3167.3928571428573,3946.035714285714,3614.6428571428573,3357.964285714286,4050.285714285714,2818.8571428571427
d_1266,3779,2531,5676,2171,2631,3600,2953,2921,3784,2384,2014-07-17,4558.428571428572,2891.464285714286,6876.392857142857,2424.0714285714284,3156.214285714286,3942.6785714285716,3610.6071428571427,3353.0,4069.8214285714284,2819.3928571428573
d_1267,4633,2845,6599,2225,2834,3785,3306,3398,4142,2682,2014-07-18,4551.75,2884.6785714285716,6877.357142857143,2412.3571428571427,3143.75,3931.1785714285716,3608.8214285714284,3346.25,4074.464285714286,2816.214285714286
d_1268,5224,3640,7311,2652,3804,4549,3849,4197,4163,3091,2014-07-19,4553.642857142857,2871.8928571428573,6870.714285714285,2416.0,3154.3928571428573,3930.4285714285716,3597.535714285714,3354.25,4078.8928571428573,2821.214285714286
d_1269,5962,3737,7420,2606,3973,4396,3940,3891,3854,2910,2014-07-20,4571.928571428572,2873.8214285714284,6849.892857142857,2411.0,3162.75,3923.6785714285716,3593.1785714285716,3360.0,4097.214285714285,2813.6785714285716
d_1270,4008,2651,6270,2279,2861,3633,3281,2873,3361,2234,2014-07-21,4568.785714285715,2881.6428571428573,6839.928571428572,2413.214285714286,3174.25,3928.3928571428573,3594.964285714286,3360.3214285714284,4096.178571428572,2809.9285714285716
d_1271,3596,2144,6167,2038,2716,3203,3282,2795,3096,2475,2014-07-22,4567.107142857143,2872.25,6845.928571428572,2404.785714285714,3173.714285714286,3940.3214285714284,3611.6071428571427,3367.535714285714,4097.678571428572,2817.785714285714
d_1272,3899,2380,5800,2161,2666,3333,2883,2897,2990,1930,2014-07-23,4578.75,2876.464285714286,6864.607142857143,2406.714285714286,3185.464285714286,3952.8928571428573,3615.3214285714284,3376.8928571428573,4096.642857142857,2820.6071428571427
d_1273,3890,2443,5718,2163,2548,2947,2978,2868,3079,1891,2014-07-24,4593.464285714285,2876.5,6869.25,2411.75,3194.1785714285716,3940.3571428571427,3625.1428571428573,3383.75,4100.142857142857,2821.5714285714284
d_1274,4215,2626,6259,2169,2756,3679,3372,3075,3355,2342,2014-07-25,4596.321428571428,2865.8928571428573,6883.928571428572,2400.9285714285716,3193.3928571428573,3941.3571428571427,3632.8214285714284,3371.785714285714,4103.071428571428,2818.3928571428573
d_1275,4609,3453,7210,2504,3119,3988,3556,4062,3599,2908,2014-07-26,4578.25,2859.3214285714284,6877.428571428572,2400.1071428571427,3194.214285714286,3938.25,3624.535714285714,3374.6071428571427,4109.0,2819.25
d_1276,5421,3566,8336,2714,3772,4441,4135,3780,3260,2789,2014-07-27,4584.321428571428,2859.714285714286,6909.928571428572,2400.714285714286,3207.714285714286,3952.75,3635.464285714286,3371.464285714286,4108.285714285715,2816.1428571428573
d_1277,4579,2233,6192,2311,2744,3405,3409,2542,3101,2116,2014-07-28,4594.464285714285,2851.75,6899.821428571428,2395.3928571428573,3207.3214285714284,3949.0,3640.25,3367.0714285714284,4101.392857142857,2810.8571428571427
d_1278,3810,2304,5796,2104,2729,3177,2826,2789,2957,2213,2014-07-29,4570.964285714285,2843.464285714286,6843.464285714285,2385.1071428571427,3185.0,3919.25,3607.1071428571427,3358.964285714286,4066.285714285714,2786.5
d_1279,3870,2167,5651,2228,2596,3190,3071,2648,2900,2013,2014-07-30,4557.0,2826.1071428571427,6792.035714285715,2383.1071428571427,3184.5714285714284,3909.25,3589.1785714285716,3327.3571428571427,3984.8928571428573,2743.5
d_1280,3985,2461,5932,2123,2774,3223,2930,2760,3528,2124,2014-07-31,4499.964285714285,2795.5714285714284,6705.0,2356.75,3149.4285714285716,3847.1785714285716,3533.464285714286,3271.3571428571427,3916.5,2679.3571428571427
d_1281,5229,2797,7628,2393,3818,4406,4769,3771,4923,3395,2014-08-01,4527.607142857143,2787.6428571428573,6719.785714285715,2359.75,3167.8928571428573,3842.035714285714,3558.75,3287.5,3968.964285714286,2696.6428571428573
d_1282,5837,3464,8064,2613,3864,4398,4348,4413,5852,4158,2014-08-02,4556.0,2795.1785714285716,6753.678571428572,2369.285714285714,3183.6428571428573,3853.0,3573.1785714285716,3315.464285714286,4008.964285714286,2730.6428571428573
d_1283,6361,3238,8817,2936,4026,4876,4072,4105,5116,4025,2014-08-03,4573.571428571428,2795.535714285714,6771.892857142857,2372.0714285714284,3170.9285714285716,3870.4285714285716,3572.1785714285716,3327.785714285714,4007.9285714285716,2751.0714285714284
d_1284,5038,2257,6733,2488,3142,3495,3502,2821,3765,2558,2014-08-04,4585.75,2787.5,6745.785714285715,2372.5,3169.6785714285716,3837.464285714286,3562.0,3324.8214285714284,3996.8928571428573,2765.4285714285716
d_1285,4289,2292,6702,2441,3084,3847,3277,2804,4814,2688,2014-08-05,4579.642857142857,2781.0,6742.321428571428,2371.3571428571427,3181.8928571428573,3860.785714285714,3558.964285714286,3308.0714285714284,3998.0,2758.285714285714
d_1286,4109,2458,6390,2120,2761,3616,2976,2804,4492,2821,2014-08-06,4585.428571428572,2782.3928571428573,6737.535714285715,2362.535714285714,3167.3928571428573,3843.1428571428573,3538.464285714286,3285.25,3986.6785714285716,2756.25
d_1287,4182,2629,6461,2302,3067,3544,3564,2849,3576,2403,2014-08-07,4583.25,2779.25,6713.964285714285,2358.6785714285716,3175.964285714286,3844.464285714286,3547.214285714286,3284.714285714286,3983.0714285714284,2753.0
d_1288,4642,2781,7102,2297,3493,4369,3346,3097,4861,2992,2014-08-08,4581.357142857143,2775.6785714285716,6729.142857142857,2351.3214285714284,3177.6428571428573,3853.785714285714,3523.3214285714284,3267.1785714285716,3977.464285714286,2741.214285714286
d_1289,5767,3589,8285,2594,3585,4587,3998,3961,5364,3528,2014-08-09,4592.142857142857,2771.214285714286,6746.785714285715,2349.5714285714284,3147.1785714285716,3836.25,3502.964285714286,3250.6428571428573,3961.6428571428573,2732.6428571428573
d_1290,6275,3318,8299,2867,3660,4357,3590,3594,4199,3090,2014-08-10,4615.714285714285,2766.785714285714,6769.285714285715,2362.035714285714,3130.4285714285716,3823.9285714285716,3478.785714285714,3235.035714285714,3971.3928571428573,2722.4285714285716
d_1291,4146,2309,6630,2334,3017,3677,3687,2947,4524,2851,2014-08-11,4615.071428571428,2764.6428571428573,6776.142857142857,2361.1428571428573,3133.6071428571427,3818.4285714285716,3490.5,3232.5714285714284,3961.285714285714,2716.75
d_1292,3995,2255,6642,2149,3131,3434,3470,3283,4953,3360,2014-08-12,4616.75,2748.8214285714284,6794.5,2358.6071428571427,3135.8928571428573,3811.1785714285716,3491.214285714286,3241.785714285714,3970.3214285714284,2731.6785714285716
d_1293,3966,2181,6062,2367,3363,3725,3292,3104,3962,2397,2014-08-13,4618.428571428572,2741.035714285714,6791.142857142857,2369.6071428571427,3161.9285714285716,3817.1428571428573,3487.9285714285716,3251.75,3984.6428571428573,2727.4285714285716
d_1294,3855,2535,5788,2266,2894,3487,3238,2900,4855,2718,2014-08-14,4621.142857142857,2741.1785714285716,6795.142857142857,2373.0,3171.3214285714284,3813.1071428571427,3498.1071428571427,3251.0,4022.8928571428573,2739.3571428571427
d_1295,4442,2661,6034,2195,3336,3860,3828,3486,4945,3471,2014-08-15,4614.321428571428,2734.6071428571427,6774.964285714285,2371.9285714285716,3189.25,3815.785714285714,3516.75,3254.1428571428573,4051.5714285714284,2767.535714285714
d_1296,5705,4040,7220,2456,3745,4633,4164,4313,4776,3503,2014-08-16,4631.5,2748.8928571428573,6771.714285714285,2364.9285714285716,3187.1428571428573,3818.785714285714,3528.0,3258.285714285714,4073.464285714286,2782.25
d_1297,6331,3567,8778,2963,4069,4593,4559,4170,4341,3302,2014-08-17,4644.678571428572,2742.8214285714284,6820.214285714285,2377.6785714285716,3190.5714285714284,3825.8214285714284,3550.1071428571427,3268.25,4090.8571428571427,2796.25
d_1298,4684,2455,7045,2397,2837,3377,3637,2832,3595,2520,2014-08-18,4668.821428571428,2735.8214285714284,6847.892857142857,2381.8928571428573,3189.714285714286,3816.6785714285716,3562.8214285714284,3266.785714285714,4099.214285714285,2806.464285714286
d_1299,3799,2227,6141,2177,2788,3170,3242,2717,3139,2559,2014-08-19,4676.071428571428,2738.785714285714,6846.964285714285,2386.8571428571427,3192.285714285714,3815.5,3561.3928571428573,3264.0,4100.75,2809.464285714286
d_1300,3645,2246,5966,2116,2787,3135,3009,2884,3599,2460,2014-08-20,4667.0,2734.0,6852.892857142857,2385.25,3196.6071428571427,3808.4285714285716,3565.8928571428573,3263.535714285714,4122.5,2828.3928571428573
d_1301,3619,2509,5816,2118,2823,3520,3348,2977,3399,2270,2014-08-21,4657.321428571428,2736.3571428571427,6856.392857142857,2383.6428571428573,3206.4285714285716,3828.8928571428573,3579.1071428571427,3267.4285714285716,4133.928571428572,2841.9285714285716
d_1302,4187,2972,6870,2291,3027,3819,4051,3404,3844,2651,2014-08-22,4656.321428571428,2748.714285714286,6878.214285714285,2388.0,3216.1071428571427,3833.8928571428573,3603.3571428571427,3279.1785714285716,4151.392857142857,2852.964285714286
d_1303,5569,3768,8240,2549,3871,4933,4453,4303,3989,2998,2014-08-23,4690.607142857143,2759.964285714286,6915.0,2389.6071428571427,3242.964285714286,3867.6428571428573,3635.3928571428573,3287.785714285714,4165.321428571428,2856.1785714285716
d_1304,6630,3312,8996,2938,4250,5179,4962,4256,3847,3073,2014-08-24,4733.785714285715,2750.8928571428573,6938.571428571428,2397.6071428571427,3260.035714285714,3894.0,3664.9285714285716,3304.785714285714,4186.285714285715,2866.3214285714284
d_1305,4000,2424,6382,2216,2991,3757,3979,2843,3515,2560,2014-08-25,4713.107142857143,2757.714285714286,6945.357142857143,2394.214285714286,3268.8571428571427,3906.5714285714284,3685.285714285714,3315.535714285714,4201.071428571428,2882.1785714285716
d_1306,3744,2184,5740,2213,2870,3283,3214,2577,3210,2367,2014-08-26,4710.75,2753.4285714285716,6943.357142857143,2398.1071428571427,3273.8928571428573,3910.3571428571427,3699.1428571428573,3307.964285714286,4210.107142857143,2887.6785714285716
d_1307,3118,2347,5663,2054,2587,2800,2894,2747,3234,2062,2014-08-27,4683.892857142857,2759.8571428571427,6943.785714285715,2391.8928571428573,3273.5714285714284,3896.4285714285716,3692.8214285714284,3311.5,4222.035714285715,2889.4285714285716
d_1308,3497,2267,5570,1994,2460,3079,2988,2714,3369,2038,2014-08-28,4666.464285714285,2752.9285714285716,6930.857142857143,2387.285714285714,3262.3571428571427,3891.285714285714,3694.8928571428573,3309.8571428571427,4216.357142857143,2886.3571428571427
d_1309,4432,2679,6480,2280,2622,3407,3415,3984,5094,3300,2014-08-29,4638.0,2748.714285714286,6889.857142857143,2383.25,3219.6428571428573,3855.6071428571427,3646.535714285714,3317.464285714286,4222.464285714285,2882.964285714286
d_1310,5590,3393,7106,2628,3610,4255,4210,4535,4592,3318,2014-08-30,4629.178571428572,2746.1785714285716,6855.642857142857,2383.785714285714,3210.5714285714284,3850.5,3641.6071428571427,3321.8214285714284,4177.464285714285,2852.964285714286
d_1311,5279,3197,6707,2473,3251,3866,3508,3686,4204,3039,2014-08-31,4590.535714285715,2744.714285714286,6780.285714285715,2367.25,3182.8928571428573,3814.4285714285716,3621.464285714286,3306.8571428571427,4144.892857142857,2817.75
d_1312,5344,3136,7851,2848,3842,4993,3851,4245,3927,3219,2014-09-01,4601.464285714285,2776.1071428571427,6820.214285714285,2380.1071428571427,3207.8928571428573,3867.9285714285716,3633.9285714285716,3357.714285714286,4150.678571428572,2841.3571428571427
d_1313,3999,2177,6403,2468,2664,3146,2979,2859,4668,2936,2014-09-02,4591.107142857143,2772.0,6809.535714285715,2381.0714285714284,3192.8928571428573,3842.8928571428573,3623.285714285714,3359.6785714285716,4145.464285714285,2850.214285714286
d_1314,4227,2213,6427,2485,3042,3811,3309,3000,5488,3395,2014-09-03,4595.321428571428,2763.25,6810.857142857143,2394.1071428571427,3202.9285714285716,3849.8571428571427,3635.1785714285716,3366.6785714285716,4181.035714285715,2870.714285714286
d_1315,3695,2372,5999,2091,2443,3110,2772,2706,3686,2609,2014-09-04,4577.928571428572,2754.0714285714284,6794.357142857143,2386.5714285714284,3180.6428571428573,3834.3571428571427,3606.8928571428573,3361.5714285714284,4184.964285714285,2878.0714285714284
d_1316,4404,2474,6105,2279,2952,3477,3127,3282,4527,3339,2014-09-05,4569.428571428572,2743.1071428571427,6758.75,2385.9285714285716,3161.3214285714284,3802.5,3599.0714285714284,3368.1785714285716,4173.035714285715,2890.464285714286
d_1317,5828,3510,7503,2567,3830,4796,4077,4106,5664,4136,2014-09-06,4571.607142857143,2740.285714285714,6730.821428571428,2384.964285714286,3170.0714285714284,3809.964285714286,3601.8928571428573,3373.3571428571427,4183.75,2912.1785714285716
d_1318,6242,3450,8696,2950,3059,5226,4321,3920,4466,3623,2014-09-07,4570.428571428572,2745.0,6745.0,2387.9285714285716,3148.6071428571427,3841.0,3628.0,3385.0,4193.285714285715,2931.214285714286
d_1319,3973,2188,7070,2196,2928,3597,3707,2404,4361,3156,2014-09-08,4564.25,2740.6785714285716,6760.714285714285,2383.0,3145.4285714285716,3838.1428571428573,3628.714285714286,3365.6071428571427,4187.464285714285,2942.1071428571427
d_1320,4010,2178,5875,2362,2821,3297,3323,2635,4532,3134,2014-09-09,4564.785714285715,2737.9285714285716,6733.321428571428,2390.6071428571427,3134.3571428571427,3833.25,3623.464285714286,3342.464285714286,4172.428571428572,2934.035714285714
d_1321,3815,2294,6181,2189,2657,3088,2998,2725,3692,2153,2014-09-10,4559.392857142857,2741.964285714286,6737.571428571428,2384.25,3109.1428571428573,3810.5,3612.964285714286,3328.9285714285716,4162.785714285715,2925.3214285714284
d_1322,3870,2270,6268,1947,3020,3509,3472,2968,4417,2739,2014-09-11,4559.928571428572,2732.5,6754.714285714285,2372.8571428571427,3113.6428571428573,3811.285714285714,3621.3214285714284,3331.3571428571427,4147.142857142857,2926.0714285714284
d_1323,4246,2760,7194,2453,3060,3745,3348,3489,4736,3328,2014-09-12,4552.928571428572,2736.035714285714,6796.142857142857,2382.0714285714284,3103.785714285714,3807.1785714285716,3604.1785714285716,3331.464285714286,4139.678571428572,2920.964285714286
d_1324,5464,3840,8137,2743,4226,5001,4757,4559,5114,3738,2014-09-13,4544.321428571428,2728.8928571428573,6828.892857142857,2392.3214285714284,3120.964285714286,3820.3214285714284,3625.3571428571427,3340.25,4151.75,2929.3571428571427
d_1325,5690,3553,8159,2838,3691,4741,4325,3894,5083,3773,2014-09-14,4521.428571428572,2728.3928571428573,6806.785714285715,2387.8571428571427,3107.464285714286,3825.6071428571427,3617.0,3330.3928571428573,4178.25,2946.1785714285716
d_1326,4059,2573,6695,2384,3136,3690,3505,2765,4697,3055,2014-09-15,4499.107142857143,2732.6071428571427,6794.285714285715,2387.3928571428573,3118.1428571428573,3836.785714285714,3612.285714285714,3328.0,4217.607142857143,2965.285714285714
d_1327,3362,2232,6190,2292,2761,2776,3076,2559,3412,2377,2014-09-16,4483.5,2732.785714285714,6796.035714285715,2391.5,3117.1785714285716,3822.714285714286,3606.3571428571427,3322.3571428571427,4227.357142857143,2958.785714285714
d_1328,3545,2476,5879,2066,2475,2859,2832,2489,3143,2067,2014-09-17,4479.928571428572,2741.0,6792.928571428572,2389.714285714286,3106.035714285714,3812.8571428571427,3600.035714285714,3308.25,4211.071428571428,2944.75
d_1329,3227,2298,5808,2097,2242,2610,2455,2770,3252,2102,2014-09-18,4465.928571428572,2733.464285714286,6792.642857142857,2388.964285714286,3085.285714285714,3780.3571428571427,3568.1428571428573,3300.8571428571427,4205.821428571428,2938.75
d_1330,4241,2882,6142,2340,2849,3553,3623,3117,3485,2600,2014-09-19,4467.857142857143,2730.25,6766.642857142857,2390.714285714286,3078.9285714285716,3770.8571428571427,3552.8571428571427,3290.6071428571427,4193.0,2936.9285714285716
d_1331,5512,3883,7780,2563,3500,4335,4042,4165,4184,3068,2014-09-20,4465.821428571428,2734.3571428571427,6750.214285714285,2391.214285714286,3065.6785714285716,3749.5,3538.1785714285716,3285.6785714285716,4199.964285714285,2939.4285714285716
d_1332,5888,3625,8436,2786,3840,4548,4591,4012,3706,2970,2014-09-21,4439.321428571428,2745.535714285714,6730.214285714285,2385.785714285714,3051.035714285714,3726.964285714286,3524.9285714285716,3276.964285714286,4194.928571428572,2935.75
d_1333,3849,2103,6455,2344,2667,3258,3081,2527,2993,2233,2014-09-22,4433.928571428572,2734.0714285714284,6732.821428571428,2390.3571428571427,3039.464285714286,3709.1428571428573,3492.8571428571427,3265.6785714285716,4176.285714285715,2924.0714285714284
d_1334,3482,2271,6075,2140,2454,2913,2894,2514,2772,1895,2014-09-23,4424.571428571428,2737.1785714285716,6744.785714285715,2387.75,3024.6071428571427,3695.9285714285716,3481.4285714285716,3263.4285714285716,4160.642857142857,2907.214285714286
d_1335,3418,2132,5740,2066,2380,2759,2912,2482,3062,2050,2014-09-24,4435.285714285715,2729.5,6747.535714285715,2388.1785714285716,3017.214285714286,3694.464285714286,3482.0714285714284,3253.964285714286,4154.5,2906.785714285714
d_1336,3469,2114,5744,2145,2398,3015,2695,2702,3218,2011,2014-09-25,4434.285714285715,2724.035714285714,6753.75,2393.5714285714284,3015.0,3692.1785714285716,3471.6071428571427,3253.535714285714,4149.107142857143,2905.8214285714284
d_1337,4012,2591,6258,2079,2531,3343,3025,3202,3477,2609,2014-09-26,4419.285714285715,2720.8928571428573,6745.821428571428,2386.3928571428573,3011.75,3689.8928571428573,3457.6785714285716,3225.6071428571427,4091.3571428571427,2881.1428571428573
d_1338,5365,3458,7236,2388,3144,4145,3724,4288,3942,3149,2014-09-27,4411.25,2723.214285714286,6750.464285714285,2377.8214285714284,2995.1071428571427,3685.964285714286,3440.3214285714284,3216.785714285714,4068.1428571428573,2875.1071428571427
d_1339,5818,3190,7966,2717,3651,4391,4145,4086,3892,3068,2014-09-28,4430.5,2722.964285714286,6795.428571428572,2386.535714285714,3009.3928571428573,3704.714285714286,3463.0714285714284,3231.0714285714284,4057.0,2876.1428571428573
d_1340,4073,2312,6141,2432,2535,3049,3165,2653,2924,2189,2014-09-29,4385.107142857143,2693.535714285714,6734.357142857143,2371.6785714285716,2962.714285714286,3635.285714285714,3438.5714285714284,3174.214285714286,4021.1785714285716,2839.3571428571427
d_1341,3797,2174,5644,2226,2296,2849,2765,2747,3218,2274,2014-09-30,4377.892857142857,2693.4285714285716,6707.25,2363.035714285714,2949.5714285714284,3624.6785714285716,3430.9285714285716,3170.214285714286,3969.3928571428573,2815.714285714286
d_1342,3745,2389,6330,2430,3013,3371,3650,3072,3888,2714,2014-10-01,4360.678571428572,2699.714285714286,6703.785714285715,2361.0714285714284,2948.535714285714,3608.964285714286,3443.1071428571427,3172.785714285714,3912.25,2791.3928571428573
d_1343,4263,2287,5975,2340,2629,3227,3279,2761,4751,2737,2014-10-02,4380.964285714285,2696.6785714285716,6702.928571428572,2369.964285714286,2955.1785714285716,3613.1428571428573,3461.214285714286,3174.75,3950.285714285714,2795.964285714286
d_1344,4920,2737,6957,2491,3510,4267,3867,3794,5663,3630,2014-10-03,4399.392857142857,2706.0714285714284,6733.357142857143,2377.535714285714,2975.1071428571427,3641.3571428571427,3487.6428571428573,3193.035714285714,3990.8571428571427,2806.3571428571427
d_1345,6177,3587,8565,2896,3705,4377,4314,4649,5013,3916,2014-10-04,4411.857142857143,2708.8214285714284,6771.285714285715,2389.285714285714,2970.6428571428573,3626.3928571428573,3496.1071428571427,3212.4285714285716,3967.6071428571427,2798.5
d_1346,6297,3532,8880,2952,4038,4791,4377,4039,5455,4000,2014-10-05,4413.821428571428,2711.75,6777.857142857143,2389.3571428571427,3005.6071428571427,3610.8571428571427,3498.1071428571427,3216.6785714285716,4002.9285714285716,2811.964285714286
d_1347,4756,2566,7052,2770,2923,3423,3524,2705,4972,3028,2014-10-06,4441.785714285715,2725.25,6777.214285714285,2409.8571428571427,3005.4285714285716,3604.6428571428573,3491.5714285714284,3227.4285714285716,4024.75,2807.3928571428573
d_1348,4091,2020,6142,2239,2916,3608,3490,2779,3527,2339,2014-10-07,4444.678571428572,2719.6071428571427,6786.75,2405.464285714286,3008.8214285714284,3615.75,3497.535714285714,3232.5714285714284,3988.8571428571427,2779.0
d_1349,4080,1879,6211,2211,2504,3009,3220,2781,4612,2678,2014-10-08,4454.142857142857,2704.785714285714,6787.821428571428,2406.25,3003.3571428571427,3612.9285714285716,3505.464285714286,3234.5714285714284,4021.714285714286,2797.75
d_1350,4177,1789,5873,2253,2685,3255,3421,2922,4716,2647,2014-10-09,4465.107142857143,2687.6071428571427,6773.714285714285,2417.1785714285716,2991.3928571428573,3603.8571428571427,3503.6428571428573,3232.9285714285716,4032.3928571428573,2794.464285714286
d_1351,4529,2173,6277,2398,2668,3233,3432,3350,3987,2954,2014-10-10,4475.214285714285,2666.6428571428573,6740.964285714285,2415.214285714286,2977.3928571428573,3585.5714285714284,3506.6428571428573,3227.964285714286,4005.6428571428573,2781.1071428571427
d_1352,5529,3250,7359,2604,3582,4663,4109,4395,5242,3828,2014-10-11,4477.535714285715,2645.5714285714284,6713.178571428572,2410.25,2954.3928571428573,3573.5,3483.5,3222.1071428571427,4010.214285714286,2784.3214285714284
d_1353,5818,3198,7918,2718,3893,4833,4313,4107,5910,4027,2014-10-12,4482.107142857143,2632.8928571428573,6704.571428571428,2405.964285714286,2961.6071428571427,3576.785714285714,3483.0714285714284,3229.714285714286,4039.75,2793.3928571428573
d_1354,4305,2151,6091,2461,3062,3637,3423,2698,3535,2194,2014-10-13,4490.892857142857,2617.8214285714284,6683.0,2408.714285714286,2958.964285714286,3574.8928571428573,3480.1428571428573,3227.3214285714284,3998.25,2762.6428571428573
d_1355,3377,1944,5461,2352,2404,3110,3225,2854,4735,2989,2014-10-14,4491.428571428572,2607.535714285714,6656.964285714285,2410.8571428571427,2946.214285714286,3586.8214285714284,3485.464285714286,3237.8571428571427,4045.5,2784.5
d_1356,3499,1937,5604,2225,2954,3451,3352,3100,5341,2730,2014-10-15,4489.785714285715,2588.285714285714,6647.142857142857,2416.535714285714,2963.3214285714284,3607.964285714286,3504.035714285714,3259.6785714285716,4124.0,2808.1785714285716
d_1357,3349,1856,4838,2189,2455,2884,2994,3054,4056,2261,2014-10-16,4494.142857142857,2572.5,6612.5,2419.8214285714284,2970.9285714285716,3617.75,3523.285714285714,3269.8214285714284,4152.714285714285,2813.8571428571427
d_1358,4396,2550,5526,2263,2599,3301,3132,3160,3468,3035,2014-10-17,4499.678571428572,2560.6428571428573,6590.5,2417.0714285714284,2962.0,3608.75,3505.75,3271.3571428571427,4152.107142857143,2829.3928571428573
d_1359,6088,3313,7304,2605,3518,4270,4064,4600,4390,3603,2014-10-18,4520.25,2540.285714285714,6573.5,2418.5714285714284,2962.6428571428573,3606.4285714285716,3506.535714285714,3286.8928571428573,4159.464285714285,2848.5
d_1360,6093,3178,8226,2825,3649,4421,4026,3781,4019,3238,2014-10-19,4527.571428571428,2524.3214285714284,6566.0,2419.964285714286,2955.8214285714284,3601.8928571428573,3486.3571428571427,3278.6428571428573,4170.642857142857,2858.0714285714284
d_1361,4291,1990,6263,2387,2663,3440,3206,2502,3101,2390,2014-10-20,4543.357142857143,2520.285714285714,6559.142857142857,2421.5,2955.6785714285716,3608.3928571428573,3490.8214285714284,3277.75,4174.5,2863.6785714285716
d_1362,3466,1983,5608,2362,2388,2838,2740,2615,3140,2227,2014-10-21,4542.785714285715,2510.0,6542.464285714285,2429.4285714285716,2953.3214285714284,3605.714285714286,3485.3214285714284,3281.3571428571427,4187.642857142857,2875.535714285714
d_1363,3396,1974,4950,1895,2235,2918,2862,2465,3043,2188,2014-10-22,4542.0,2504.3571428571427,6514.25,2423.3214285714284,2948.1428571428573,3611.3928571428573,3483.535714285714,3280.75,4186.964285714285,2880.464285714286
d_1364,3434,1997,5213,2156,2478,2796,2571,2661,3117,2083,2014-10-23,4540.75,2500.1785714285716,6495.285714285715,2423.714285714286,2951.0,3603.5714285714284,3479.1071428571427,3279.285714285714,4183.357142857143,2883.035714285714
d_1365,4141,2164,5542,2115,2463,3342,3037,3468,3875,2643,2014-10-24,4545.357142857143,2484.9285714285716,6469.714285714285,2425.0,2948.5714285714284,3603.535714285714,3479.535714285714,3288.785714285714,4197.571428571428,2884.25
d_1366,5734,3316,6579,2786,3281,3714,3466,4452,4034,3391,2014-10-25,4558.535714285715,2479.8571428571427,6446.25,2439.214285714286,2953.464285714286,3588.1428571428573,3470.3214285714284,3294.6428571428573,4200.857142857143,2892.8928571428573
d_1367,5308,3140,7369,2500,3505,4519,3817,3748,3347,2944,2014-10-26,4540.321428571428,2478.0714285714284,6424.928571428572,2431.464285714286,2948.25,3592.714285714286,3458.6071428571427,3282.5714285714284,4181.392857142857,2888.464285714286
d_1368,4189,2091,5931,2275,2590,3146,3163,2389,2968,2461,2014-10-27,4544.464285714285,2470.1785714285716,6417.428571428572,2425.8571428571427,2950.214285714286,3596.1785714285716,3458.535714285714,3273.1428571428573,4182.964285714285,2898.1785714285716
d_1369,3454,2087,4874,2176,2285,2882,2938,2694,2944,2006,2014-10-28,4532.214285714285,2467.0714285714284,6389.928571428572,2424.0714285714284,2949.8214285714284,3597.3571428571427,3464.714285714286,3271.25,4173.178571428572,2888.6071428571427
d_1370,3321,2138,5028,2058,2273,2917,2531,2341,2980,1976,2014-10-29,4517.071428571428,2458.1071428571427,6343.428571428572,2410.785714285714,2923.3928571428573,3581.1428571428573,3424.75,3245.1428571428573,4140.75,2862.25
d_1371,3672,2601,5216,2329,2535,3178,2946,2656,3003,2099,2014-10-30,4495.964285714285,2469.3214285714284,6316.321428571428,2410.3928571428573,2920.035714285714,3579.3928571428573,3412.8571428571427,3241.3928571428573,4078.3214285714284,2839.464285714286
d_1372,3817,1976,5057,2174,2956,3375,3080,3133,4518,2764,2014-10-31,4456.571428571428,2442.1428571428573,6248.464285714285,2399.0714285714284,2900.25,3547.535714285714,3384.75,3217.785714285714,4037.4285714285716,2808.535714285714
d_1373,6542,3442,7700,2569,3665,3999,4021,4497,4370,3444,2014-11-01,4469.607142857143,2436.964285714286,6217.571428571428,2387.3928571428573,2898.8214285714284,3534.035714285714,3374.285714285714,3212.3571428571427,4014.464285714286,2791.6785714285716
d_1374,6477,3327,8470,2818,3501,4130,3859,4189,5158,4143,2014-11-02,4476.035714285715,2429.6428571428573,6202.928571428572,2382.6071428571427,2879.6428571428573,3510.4285714285716,3355.785714285714,3217.714285714286,4003.8571428571427,2796.785714285714
d_1375,4939,2077,6920,2526,2949,3522,3794,2806,5369,3662,2014-11-03,4482.571428571428,2412.1785714285716,6198.214285714285,2373.8928571428573,2880.5714285714284,3513.964285714286,3365.4285714285716,3221.3214285714284,4018.035714285714,2819.4285714285716
d_1376,3996,1850,6018,2137,2459,3025,3040,2771,3867,2789,2014-11-04,4479.178571428572,2406.1071428571427,6193.785714285715,2370.25,2864.25,3493.1428571428573,3349.3571428571427,3221.035714285714,4030.1785714285716,2835.5
d_1377,3452,1791,5745,2276,2283,2899,2764,2440,4533,2649,2014-11-05,4456.75,2402.964285714286,6177.142857142857,2372.5714285714284,2856.3571428571427,3489.214285714286,3333.0714285714284,3208.8571428571427,4027.3571428571427,2834.464285714286
d_1378,3943,2021,5691,2223,2688,3270,3127,2750,4676,2834,2014-11-06,4448.392857142857,2411.25,6170.642857142857,2371.5,2856.464285714286,3489.75,3322.5714285714284,3202.714285714286,4025.9285714285716,2841.1428571428573
d_1379,4361,2447,6085,2126,3198,3523,3248,3223,3887,2665,2014-11-07,4442.392857142857,2421.035714285714,6163.785714285715,2361.785714285714,2875.3928571428573,3500.1071428571427,3316.0,3198.1785714285716,4022.3571428571427,2830.8214285714284
d_1380,5541,3448,7719,2576,3395,3907,3751,4610,5411,3912,2014-11-08,4442.821428571428,2428.1071428571427,6176.642857142857,2360.785714285714,2868.714285714286,3473.1071428571427,3303.214285714286,3205.8571428571427,4028.3928571428573,2833.8214285714284
d_1381,6090,3360,8098,2856,4305,4736,4152,4266,5534,4018,2014-11-09,4452.535714285715,2433.8928571428573,6183.071428571428,2365.714285714286,2883.4285714285716,3469.6428571428573,3297.464285714286,3211.535714285714,4014.964285714286,2833.5
d_1382,4523,2258,6962,2373,2839,3373,3397,2698,3522,2504,2014-11-10,4460.321428571428,2437.714285714286,6214.178571428572,2362.5714285714284,2875.464285714286,3460.214285714286,3296.535714285714,3211.535714285714,4014.5,2844.5714285714284
d_1383,3884,2277,6170,2170,2674,3068,3055,2549,3919,2822,2014-11-11,4478.428571428572,2449.6071428571427,6239.5,2356.0714285714284,2885.1071428571427,3458.714285714286,3290.464285714286,3200.6428571428573,3985.3571428571427,2838.6071428571427
d_1384,3363,1773,4735,2095,2575,2924,2782,2660,4823,2760,2014-11-12,4473.571428571428,2443.75,6208.464285714285,2351.4285714285716,2871.5714285714284,3439.8928571428573,3270.1071428571427,3184.9285714285716,3966.8571428571427,2839.6785714285716
d_1385,3319,1793,4850,2030,2622,3316,2538,2557,3465,2221,2014-11-13,4472.5,2441.5,6208.892857142857,2345.75,2877.535714285714,3455.3214285714284,3253.8214285714284,3167.1785714285716,3945.75,2838.25
d_1386,4048,2471,5475,2000,2863,3304,3028,3342,4991,3217,2014-11-14,4460.071428571428,2438.6785714285716,6207.071428571428,2336.3571428571427,2886.964285714286,3455.4285714285716,3250.1071428571427,3173.6785714285716,4000.1428571428573,2844.75
d_1387,5278,3320,6710,2571,3858,4111,3960,4800,6006,3769,2014-11-15,4431.142857142857,2438.9285714285716,6185.857142857143,2335.1428571428573,2899.1071428571427,3449.75,3246.3928571428573,3180.8214285714284,4057.8571428571427,2850.6785714285716
d_1388,5857,3296,7458,2590,3658,4420,4109,4032,4682,3414,2014-11-16,4422.714285714285,2443.1428571428573,6158.428571428572,2326.75,2899.4285714285716,3449.714285714286,3249.3571428571427,3189.785714285714,4081.535714285714,2856.964285714286
d_1389,3928,2024,5752,2335,2517,3346,3213,2986,3252,2458,2014-11-17,4409.75,2444.3571428571427,6140.178571428572,2324.8928571428573,2894.214285714286,3446.3571428571427,3249.6071428571427,3207.0714285714284,4086.9285714285716,2859.3928571428573
d_1390,3347,1927,5293,2052,2389,2817,2757,2522,2838,2072,2014-11-18,4405.5,2442.3571428571427,6128.928571428572,2313.8214285714284,2894.25,3445.6071428571427,3250.214285714286,3203.75,4076.1428571428573,2853.8571428571427
d_1391,3198,1850,4934,2006,2470,2822,2733,2880,3069,2085,2014-11-19,4398.428571428572,2437.9285714285716,6128.357142857143,2317.785714285714,2902.6428571428573,3442.1785714285716,3245.6071428571427,3218.5714285714284,4077.0714285714284,2850.1785714285716
d_1392,3330,1919,4761,1983,2584,2905,2794,2775,3083,2113,2014-11-20,4394.714285714285,2435.1428571428573,6112.214285714285,2311.6071428571427,2906.4285714285716,3446.0714285714284,3253.5714285714284,3222.6428571428573,4075.8571428571427,2851.25
d_1393,4143,2550,5701,2027,2441,3113,2844,3517,3862,2665,2014-11-21,4394.785714285715,2448.9285714285716,6117.892857142857,2308.464285714286,2905.6428571428573,3437.8928571428573,3246.6785714285716,3224.3928571428573,4075.3928571428573,2852.035714285714
d_1394,5654,3457,7315,2719,3454,4221,3807,4402,4023,3350,2014-11-22,4391.928571428572,2453.964285714286,6144.178571428572,2306.0714285714284,2911.8214285714284,3456.0,3258.8571428571427,3222.6071428571427,4075.0,2850.5714285714284
d_1395,5299,3506,7555,2357,3629,3875,4102,3770,3597,2940,2014-11-23,4391.607142857143,2467.035714285714,6150.821428571428,2300.964285714286,2916.25,3433.0,3269.035714285714,3223.3928571428573,4083.9285714285716,2850.4285714285716
d_1396,4511,1996,5891,2230,2649,3320,3493,2362,3234,1912,2014-11-24,4403.107142857143,2463.6428571428573,6149.392857142857,2299.3571428571427,2918.3571428571427,3439.214285714286,3280.8214285714284,3222.4285714285716,4093.4285714285716,2830.8214285714284
d_1397,4275,2119,5896,2461,2658,3132,3104,2676,3127,2440,2014-11-25,4432.428571428572,2464.785714285714,6185.892857142857,2309.535714285714,2931.6785714285716,3448.1428571428573,3286.75,3221.785714285714,4099.964285714285,2846.3214285714284
d_1398,4434,2548,6252,2578,3369,3759,3599,3491,3892,2981,2014-11-26,4472.178571428572,2479.4285714285716,6229.607142857143,2328.1071428571427,2970.8214285714284,3478.214285714286,3324.8928571428573,3262.8571428571427,4132.535714285715,2882.214285714286
d_1399,2489,1337,3673,1431,2648,2841,2183,1494,1616,2132,2014-11-27,4429.928571428572,2434.285714285714,6174.5,2296.035714285714,2974.8571428571427,3466.1785714285716,3297.6428571428573,3221.3571428571427,4083.0,2883.3928571428573
d_1400,3293,2457,4314,1460,2403,2607,2577,2526,2333,2384,2014-11-28,4411.214285714285,2451.464285714286,6147.964285714285,2270.535714285714,2955.1071428571427,3438.75,3279.6785714285716,3199.6785714285716,4004.964285714286,2869.8214285714284
d_1401,4504,2863,5850,2017,2901,3134,3141,3970,3221,2855,2014-11-29,4338.428571428572,2430.785714285714,6081.892857142857,2250.8214285714284,2927.8214285714284,3407.8571428571427,3248.25,3180.8571428571427,3963.9285714285716,2848.785714285714
d_1402,4812,2959,6393,2158,3065,3677,3464,3687,3001,2589,2014-11-30,4278.964285714285,2417.6428571428573,6007.714285714285,2227.25,2912.25,3391.6785714285716,3234.1428571428573,3162.9285714285716,3886.8928571428573,2793.285714285714
d_1403,4353,2307,6427,2428,2692,3455,3410,2990,4014,2229,2014-12-01,4258.035714285715,2425.8571428571427,5990.107142857143,2223.75,2903.0714285714284,3389.285714285714,3220.4285714285716,3169.5,3838.5,2742.1071428571427
d_1404,3359,1975,5326,2005,2470,2816,2941,2880,4103,2694,2014-12-02,4235.285714285715,2430.3214285714284,5965.392857142857,2219.035714285714,2903.464285714286,3381.8214285714284,3216.8928571428573,3173.3928571428573,3846.9285714285716,2738.714285714286
d_1405,3444,1693,5292,2161,2776,3266,2994,3125,5139,2715,2014-12-03,4235.0,2426.8214285714284,5949.214285714285,2214.9285714285716,2921.0714285714284,3394.9285714285716,3225.1071428571427,3197.8571428571427,3868.5714285714284,2741.0714285714284
d_1406,4077,2682,5859,2160,2426,2893,2264,3012,3799,2344,2014-12-04,4239.785714285715,2450.4285714285716,5955.214285714285,2212.6785714285716,2911.714285714286,3381.464285714286,3194.285714285714,3207.214285714286,3837.25,2723.5714285714284
d_1407,4209,2988,5849,2051,2967,3186,3524,4260,4956,2973,2014-12-05,4234.357142857143,2469.75,5946.785714285715,2210.0,2903.464285714286,3369.4285714285716,3204.1428571428573,3244.25,3875.4285714285716,2734.5714285714284
d_1408,5556,3685,7337,2507,3597,3964,4018,4272,5483,3396,2014-12-06,4234.892857142857,2478.214285714286,5933.142857142857,2207.535714285714,2910.6785714285716,3371.464285714286,3213.6785714285716,3232.1785714285716,3878.0,2716.1428571428573
d_1409,5404,3358,7286,2725,4108,4178,4123,3928,4155,3262,2014-12-07,4210.392857142857,2478.1428571428573,5904.142857142857,2202.8571428571427,2903.6428571428573,3351.535714285714,3212.6428571428573,3220.1071428571427,3828.75,2689.1428571428573
d_1410,4293,2099,5832,2263,2728,3173,3112,2620,4188,2806,2014-12-08,4202.178571428572,2472.464285714286,5863.785714285715,2198.9285714285716,2899.6785714285716,3344.3928571428573,3202.464285714286,3217.3214285714284,3852.535714285714,2699.9285714285716
d_1411,3938,2473,5643,2265,2710,3031,3131,2720,4171,2585,2014-12-09,4204.107142857143,2479.464285714286,5844.964285714285,2202.3214285714284,2900.964285714286,3343.0714285714284,3205.1785714285716,3223.4285714285716,3861.535714285714,2691.464285714286
d_1412,4569,2529,6038,2390,2500,2636,2763,2748,3586,2139,2014-12-10,4247.178571428572,2506.464285714286,5891.5,2212.8571428571427,2898.285714285714,3332.785714285714,3204.5,3226.5714285714284,3817.3571428571427,2669.285714285714
d_1413,2298,1331,3402,1554,2521,2881,2759,2745,4095,2529,2014-12-11,4210.714285714285,2489.964285714286,5839.785714285715,2195.8571428571427,2894.6785714285716,3317.25,3212.3928571428573,3233.285714285714,3839.8571428571427,2680.285714285714
d_1414,3634,2587,5265,1962,2917,3368,3029,3213,4699,2828,2014-12-12,4195.928571428572,2494.1071428571427,5832.285714285715,2194.5,2896.6071428571427,3319.535714285714,3212.4285714285716,3228.6785714285716,3829.4285714285716,2666.3928571428573
d_1415,5039,3573,6194,2373,3418,4147,3638,4333,4235,3086,2014-12-13,4187.392857142857,2503.1428571428573,5813.857142857143,2187.4285714285716,2880.8928571428573,3320.8214285714284,3200.9285714285716,3212.0,3766.1785714285716,2642.0
d_1416,5650,3382,6481,2321,3668,4324,4022,4000,4800,3358,2014-12-14,4180.0,2506.214285714286,5778.964285714285,2177.8214285714284,2881.25,3317.3928571428573,3197.8214285714284,3210.8571428571427,3770.3928571428573,2640.0
d_1417,3632,2097,4970,2287,3111,3752,3899,2993,4530,2856,2014-12-15,4169.428571428572,2508.8214285714284,5751.035714285715,2176.1071428571427,2902.464285714286,3331.8928571428573,3222.3214285714284,3211.1071428571427,3816.035714285714,2654.214285714286
d_1418,3880,1939,4630,1823,2878,3167,3076,2794,3328,2421,2014-12-16,4188.464285714285,2509.25,5727.357142857143,2167.9285714285716,2919.9285714285716,3344.3928571428573,3233.714285714286,3220.8214285714284,3833.535714285714,2666.6785714285716
d_1419,3611,2032,4743,2330,2884,3374,3126,2793,3237,2022,2014-12-17,4203.214285714285,2515.75,5720.535714285715,2179.5,2934.714285714286,3364.1071428571427,3247.75,3217.714285714286,3839.535714285714,2664.4285714285716
d_1420,3836,2406,5232,2027,3179,3409,3441,3088,3330,2419,2014-12-18,4221.285714285715,2533.1428571428573,5737.357142857143,2181.0714285714284,2955.964285714286,3382.1071428571427,3270.8571428571427,3228.8928571428573,3848.3571428571427,2675.3571428571427
d_1421,3832,2338,4359,1903,2424,2830,2972,3362,3322,2492,2014-12-19,4210.178571428572,2525.5714285714284,5689.428571428572,2176.6428571428573,2955.3571428571427,3372.0,3275.4285714285716,3223.3571428571427,3829.0714285714284,2669.1785714285716
d_1422,5302,3392,5788,2275,3390,3860,3489,4549,3582,2794,2014-12-20,4197.607142857143,2523.25,5634.892857142857,2160.785714285714,2953.0714285714284,3359.1071428571427,3264.0714285714284,3228.6071428571427,3813.3214285714284,2649.3214285714284
d_1423,5464,3679,6331,2341,3452,3836,3461,3845,3240,2839,2014-12-21,4203.5,2529.4285714285716,5591.178571428572,2160.214285714286,2946.75,3357.714285714286,3241.1785714285716,3231.285714285714,3800.5714285714284,2645.714285714286
d_1424,4805,2508,6013,2249,2761,3387,3362,3337,2933,2381,2014-12-22,4214.0,2547.714285714286,5595.535714285715,2160.8928571428573,2950.75,3360.1071428571427,3236.5,3266.1071428571427,3789.8214285714284,2662.464285714286
d_1425,4531,2659,5397,2585,2950,3455,3319,3923,3188,2855,2014-12-23,4223.142857142857,2567.0,5577.714285714285,2165.3214285714284,2961.1785714285716,3371.6428571428573,3244.1785714285716,3310.6428571428573,3792.0,2677.285714285714
d_1426,3487,1927,4021,2050,2813,3393,2878,2927,3513,2608,2014-12-24,4189.321428571428,2544.8214285714284,5498.035714285715,2146.464285714286,2941.3214285714284,3358.5714285714284,3218.4285714285716,3290.5,3778.464285714286,2663.964285714286
d_1427,0,6,0,0,0,7,6,0,0,1,2014-12-25,4100.428571428572,2497.285714285714,5366.857142857143,2095.3571428571427,2846.75,3257.3571428571427,3140.6785714285716,3237.1428571428573,3720.75,2587.8571428571427
d_1428,3593,2512,5402,1822,3120,3759,3628,3093,3142,2838,2014-12-26,4111.142857142857,2499.25,5405.714285714285,2108.285714285714,2872.3571428571427,3298.5,3178.214285714286,3257.3928571428573,3749.6428571428573,2604.0714285714284
d_1429,4226,2644,5685,1995,2866,3206,2965,3631,2844,2532,2014-12-27,4101.214285714285,2491.4285714285716,5399.821428571428,2107.5,2871.1071428571427,3301.0714285714284,3171.9285714285716,3245.285714285714,3736.1785714285716,2592.535714285714
d_1430,4407,2650,6050,2015,2661,2986,2828,2993,2755,2549,2014-12-28,4086.75,2480.3928571428573,5387.571428571428,2102.3928571428573,2856.6785714285716,3276.3928571428573,3149.214285714286,3220.5,3727.3928571428573,2591.1071428571427
d_1431,3825,2264,5170,2147,2743,3292,3008,2818,2560,2163,2014-12-29,4067.8928571428573,2478.8571428571427,5342.678571428572,2092.3571428571427,2858.5,3270.5714285714284,3134.8571428571427,3214.3571428571427,3675.464285714286,2588.75
d_1432,3611,2181,4676,1917,2768,3333,2880,2824,2978,2249,2014-12-30,4076.8928571428573,2486.214285714286,5319.464285714285,2089.214285714286,2869.1428571428573,3289.035714285714,3132.6785714285716,3212.3571428571427,3635.285714285714,2572.8571428571427
d_1433,4126,2054,4686,2382,2886,3346,3097,3418,4381,3074,2014-12-31,4101.25,2499.1071428571427,5297.821428571428,2097.1071428571427,2873.0714285714284,3291.8928571428573,3136.3571428571427,3222.8214285714284,3608.214285714286,2585.6785714285716
d_1434,3150,2016,4412,1591,2393,2633,2667,2629,3043,1918,2015-01-01,4068.1428571428573,2475.3214285714284,5246.142857142857,2076.785714285714,2871.8928571428573,3282.6071428571427,3150.75,3209.1428571428573,3581.214285714286,2570.464285714286
d_1435,4663,2839,6532,2145,2794,3617,3504,4114,5304,4121,2015-01-02,4084.3571428571427,2470.0,5270.535714285715,2080.1428571428573,2865.714285714286,3298.0,3150.035714285714,3203.9285714285716,3593.6428571428573,2611.464285714286
d_1436,5352,2999,6792,2267,3353,3958,3380,4053,5120,3811,2015-01-03,4077.0714285714284,2445.5,5251.071428571428,2071.5714285714284,2857.0,3297.785714285714,3127.25,3196.1071428571427,3580.6785714285716,2626.285714285714
d_1437,5666,3322,6762,2715,3367,3884,3581,3657,3520,3173,2015-01-04,4086.4285714285716,2444.214285714286,5232.357142857143,2071.214285714286,2830.535714285714,3287.285714285714,3107.8928571428573,3186.4285714285716,3558.0,2623.1071428571427
d_1438,4485,2284,5851,2213,2946,3450,3454,2762,4313,2933,2015-01-05,4093.285714285714,2450.8214285714284,5233.035714285715,2069.4285714285716,2838.3214285714284,3297.1785714285716,3120.1071428571427,3191.5,3562.464285714286,2627.6428571428573
d_1439,3616,2000,5058,2122,2772,3345,3391,2928,4313,3137,2015-01-06,4081.785714285714,2433.9285714285716,5212.142857142857,2064.3214285714284,2840.535714285714,3308.3928571428573,3129.3928571428573,3198.9285714285716,3567.535714285714,2647.3571428571427
d_1440,3394,2015,4991,1901,2837,3467,3109,2233,3229,1989,2015-01-07,4039.8214285714284,2415.5714285714284,5174.75,2046.857142857143,2852.5714285714284,3338.0714285714284,3141.75,3180.535714285714,3554.785714285714,2642.0
d_1441,3517,2032,5380,2159,2491,2659,2293,1924,4134,2440,2015-01-08,4083.3571428571427,2440.6071428571427,5245.392857142857,2068.464285714286,2851.5,3330.1428571428573,3125.1071428571427,3151.214285714286,3556.1785714285716,2638.8214285714284
d_1442,4035,2497,5282,2051,2844,3234,2923,3406,4958,3155,2015-01-09,4097.678571428572,2437.3928571428573,5246.0,2071.6428571428573,2848.8928571428573,3325.3571428571427,3121.3214285714284,3158.1071428571427,3565.4285714285716,2650.5
d_1443,5705,3451,7354,2734,3433,4027,3722,5365,4313,3842,2015-01-10,4121.464285714285,2433.035714285714,5287.428571428572,2084.535714285714,2849.4285714285716,3321.0714285714284,3124.3214285714284,3194.964285714286,3568.214285714286,2677.5
d_1444,5804,3581,7879,2657,4002,4332,3815,3976,5093,3927,2015-01-11,4126.964285714285,2440.1428571428573,5337.357142857143,2096.535714285714,2861.3571428571427,3321.3571428571427,3116.9285714285716,3194.1071428571427,3578.6785714285716,2697.8214285714284
d_1445,4083,2107,5604,2270,2926,3527,3435,3077,5342,3203,2015-01-12,4143.071428571428,2440.5,5360.0,2095.9285714285716,2854.75,3313.3214285714284,3100.3571428571427,3197.1071428571427,3607.6785714285716,2710.214285714286
d_1446,3284,2160,5103,2169,2758,3098,2845,2663,3596,2648,2015-01-13,4121.785714285715,2448.3928571428573,5376.892857142857,2108.285714285714,2850.464285714286,3310.8571428571427,3092.1071428571427,3192.4285714285716,3617.25,2718.3214285714284
d_1447,3225,1961,4682,2162,2683,2779,2778,3046,4968,2775,2015-01-14,4108.0,2445.8571428571427,5374.714285714285,2102.285714285714,2843.285714285714,3289.6071428571427,3079.6785714285716,3201.464285714286,3679.0714285714284,2745.214285714286
d_1448,3459,2228,4689,2066,3028,3363,3096,3251,4912,2971,2015-01-15,4094.535714285714,2439.5,5355.321428571428,2103.6785714285716,2837.8928571428573,3287.964285714286,3067.3571428571427,3207.285714285714,3735.5714285714284,2764.9285714285716
d_1449,4023,2430,5360,2184,2921,3348,3249,3742,4215,3417,2015-01-16,4101.357142857143,2442.785714285714,5391.071428571428,2113.714285714286,2855.6428571428573,3306.464285714286,3077.25,3220.8571428571427,3767.464285714286,2797.964285714286
d_1450,5166,3650,7329,2529,3894,4304,4066,5600,4753,3878,2015-01-17,4096.5,2452.0,5446.107142857143,2122.785714285714,2873.6428571428573,3322.3214285714284,3097.8571428571427,3258.3928571428573,3809.285714285714,2836.6785714285716
d_1451,5195,3625,6938,2437,3784,4422,3922,3599,3674,3128,2015-01-18,4086.8928571428573,2450.0714285714284,5467.785714285715,2126.214285714286,2885.5,3343.25,3114.3214285714284,3249.6071428571427,3824.785714285714,2847.0
d_1452,4456,2191,6538,2350,3245,3563,3306,3195,2987,2581,2015-01-19,4074.4285714285716,2438.75,5486.535714285715,2129.8214285714284,2902.785714285714,3349.535714285714,3112.3214285714284,3244.535714285714,3826.714285714286,2854.1428571428573
d_1453,3300,1675,5548,2066,2507,2780,2980,2492,2746,2269,2015-01-20,4030.464285714286,2403.6071428571427,5491.928571428572,2111.285714285714,2886.964285714286,3325.4285714285716,3100.214285714286,3193.4285714285716,3810.9285714285716,2833.214285714286
d_1454,3281,1810,5236,1974,2670,2689,2934,2664,2773,2078,2015-01-21,4023.1071428571427,2399.4285714285716,5535.321428571428,2108.5714285714284,2881.8571428571427,3300.285714285714,3102.214285714286,3184.035714285714,3784.5,2814.285714285714
d_1455,2901,1825,5073,1849,2308,2207,2113,2624,2827,2068,2015-01-22,4126.714285714285,2464.3928571428573,5716.5,2174.6071428571427,2964.285714285714,3378.8571428571427,3177.464285714286,3277.75,3885.464285714286,2888.1071428571427
d_1456,4042,2196,5452,2035,2826,3460,2989,3287,3365,2569,2015-01-23,4142.75,2453.1071428571427,5718.285714285715,2182.214285714286,2953.785714285714,3368.1785714285716,3154.6428571428573,3284.6785714285716,3893.4285714285716,2878.5
d_1457,5537,3193,7132,2457,3586,4208,3628,5097,3903,3440,2015-01-24,4189.571428571428,2472.714285714286,5769.964285714285,2198.714285714286,2979.5,3403.964285714286,3178.3214285714284,3337.035714285714,3931.25,2910.9285714285716
d_1458,5577,3179,7915,2907,3812,4524,3719,3959,3791,3240,2015-01-25,4231.357142857143,2491.6071428571427,5836.571428571428,2230.5714285714284,3020.6071428571427,3458.8928571428573,3210.1428571428573,3371.535714285714,3968.25,2935.6071428571427
d_1459,3381,1995,5457,2297,2664,3109,3282,2644,3259,2270,2015-01-26,4215.5,2482.0,5846.821428571428,2235.9285714285716,3017.785714285714,3452.3571428571427,3219.9285714285716,3365.3214285714284,3993.214285714286,2939.4285714285716
d_1460,2992,1897,4956,2014,2503,2819,2787,2656,3218,2031,2015-01-27,4193.392857142857,2471.8571428571427,5856.821428571428,2239.3928571428573,3008.3214285714284,3434.0,3216.6071428571427,3359.3214285714284,4001.785714285714,2931.6428571428573
d_1461,3077,1889,4897,1962,2414,2952,2723,2882,3072,2236,2015-01-28,4155.928571428572,2465.964285714286,5864.357142857143,2224.3928571428573,2991.464285714286,3419.9285714285716,3203.25,3340.1785714285716,3955.035714285714,2901.714285714286
d_1462,3219,1955,4784,2064,2548,3022,2693,2688,3103,2149,2015-01-29,4158.392857142857,2463.785714285714,5877.642857142857,2241.285714285714,2997.0,3433.8214285714284,3204.1785714285716,3342.285714285714,3957.1785714285716,2909.964285714286
d_1463,4159,2129,5619,2633,2913,3751,3650,4034,4931,3621,2015-01-30,4140.392857142857,2438.4285714285716,5845.035714285715,2258.714285714286,3001.25,3438.6071428571427,3209.3928571428573,3339.4285714285716,3943.8571428571427,2892.1071428571427
d_1464,6071,3657,7419,2678,4070,4726,4202,6902,6163,4940,2015-01-31,4166.071428571428,2461.9285714285716,5867.428571428572,2273.3928571428573,3026.8571428571427,3466.035714285714,3238.75,3441.1785714285716,3981.1071428571427,2932.4285714285716
d_1465,5462,3186,8081,2790,4301,5111,4574,1847,3034,1999,2015-02-01,4158.785714285715,2457.0714285714284,5914.535714285715,2276.0714285714284,3060.214285714286,3509.8571428571427,3274.214285714286,3376.535714285714,3963.75,2890.5
d_1466,3886,1922,6242,2553,2816,3404,3395,3046,4428,3314,2015-02-02,4137.392857142857,2444.1428571428573,5928.5,2288.214285714286,3055.5714285714284,3508.214285714286,3272.1071428571427,3386.6785714285716,3967.8571428571427,2904.1071428571427
d_1467,4051,2090,5987,2334,3145,3453,3465,3371,5640,3869,2015-02-03,4152.928571428572,2447.3571428571427,5961.678571428572,2295.785714285714,3068.8928571428573,3512.0714285714284,3274.75,3402.5,4015.25,2930.25
d_1468,3673,1893,5929,2182,2966,3662,3256,3220,4262,2949,2015-02-04,4162.892857142857,2443.0,5995.178571428572,2305.8214285714284,3073.5,3519.035714285714,3280.0,3437.75,4052.1428571428573,2964.535714285714
d_1469,3889,2128,5980,2263,2607,3282,3284,3405,4792,3017,2015-02-05,4176.178571428572,2446.4285714285716,6016.607142857143,2309.535714285714,3077.6428571428573,3541.285714285714,3315.3928571428573,3490.6428571428573,4075.6428571428573,2985.1428571428573
d_1470,4018,1840,5154,1973,3259,3905,3606,4027,5229,3798,2015-02-06,4175.571428571428,2422.964285714286,6012.035714285715,2306.75,3092.464285714286,3565.25,3339.785714285714,3512.8214285714284,4085.3214285714284,3008.1071428571427
d_1471,6314,3616,8852,2962,4018,4923,4554,5791,5313,4493,2015-02-07,4197.321428571428,2428.8571428571427,6065.535714285715,2314.8928571428573,3113.3571428571427,3597.25,3369.5,3528.035714285714,4121.035714285715,3031.3571428571427
d_1472,5859,3441,8254,2789,4291,5291,4350,4940,6035,4469,2015-02-08,4199.285714285715,2423.8571428571427,6078.928571428572,2319.6071428571427,3123.6785714285716,3631.5,3388.6071428571427,3562.464285714286,4154.678571428572,3050.714285714286
d_1473,4977,2213,6834,2552,3362,4175,3923,3085,4484,3565,2015-02-09,4231.214285714285,2427.6428571428573,6122.857142857143,2329.6785714285716,3139.25,3654.6428571428573,3406.035714285714,3562.75,4124.035714285715,3063.6428571428573
d_1474,4134,2253,6517,2515,3044,3480,3389,3039,3863,3230,2015-02-10,4261.571428571428,2430.964285714286,6173.357142857143,2342.035714285714,3149.464285714286,3668.285714285714,3425.464285714286,3576.1785714285716,4133.571428571428,3084.4285714285716
d_1475,4040,2028,5752,2038,3219,3662,3784,3327,4770,3081,2015-02-11,4290.678571428572,2433.3571428571427,6211.571428571428,2337.6071428571427,3168.6071428571427,3699.8214285714284,3461.3928571428573,3586.214285714286,4126.5,3095.3571428571427
d_1476,3829,2161,6493,2328,3560,3909,3950,3370,5256,3714,2015-02-12,4303.892857142857,2430.964285714286,6276.0,2346.964285714286,3187.6071428571427,3719.3214285714284,3491.8928571428573,3590.464285714286,4138.785714285715,3121.8928571428573
d_1477,4183,2222,5450,2099,3362,3966,3843,3938,4393,3480,2015-02-13,4309.607142857143,2423.535714285714,6279.214285714285,2343.9285714285716,3203.3571428571427,3741.3928571428573,3513.1071428571427,3597.464285714286,4145.142857142857,3124.1428571428573
d_1478,4789,2613,6239,2383,3566,4196,3973,4812,4850,4193,2015-02-14,4296.142857142857,2386.5,6240.285714285715,2338.714285714286,3191.6428571428573,3737.535714285714,3509.785714285714,3569.3214285714284,4148.607142857143,3135.3928571428573
d_1479,4824,2726,6836,2248,4024,4865,4675,4758,4933,4118,2015-02-15,4282.892857142857,2354.3928571428573,6236.642857142857,2331.964285714286,3200.214285714286,3753.3571428571427,3536.6785714285716,3610.714285714286,4193.571428571428,3170.75
d_1480,4281,2553,6997,2404,2812,3721,3726,3257,4092,3304,2015-02-16,4276.642857142857,2367.3214285714284,6253.035714285715,2333.8928571428573,3184.75,3759.0,3551.6785714285716,3612.9285714285716,4233.035714285715,3196.5714285714284
d_1481,3412,1806,5468,2070,2675,3075,2969,2716,3862,2644,2015-02-17,4280.642857142857,2372.0,6250.178571428572,2334.035714285714,3190.75,3769.535714285714,3551.285714285714,3620.9285714285716,4272.892857142857,3209.964285714286
d_1482,3038,1837,5097,2032,2542,2943,2941,2530,3370,2175,2015-02-18,4271.964285714285,2372.964285714286,6245.214285714285,2336.1071428571427,3186.1785714285716,3778.6071428571427,3551.535714285714,3616.1428571428573,4294.214285714285,3213.4285714285716
d_1483,3180,1794,4561,1961,2759,3109,3052,2693,3335,2364,2015-02-19,4281.928571428572,2371.8571428571427,6226.928571428572,2340.1071428571427,3202.285714285714,3810.8214285714284,3585.0714285714284,3618.6071428571427,4312.357142857143,3224.0
d_1484,4138,2023,5430,2003,2861,3479,3429,3534,3483,2739,2015-02-20,4285.357142857143,2365.6785714285716,6226.142857142857,2338.964285714286,3203.535714285714,3811.5,3600.785714285714,3627.4285714285716,4316.571428571428,3230.0714285714284
d_1485,4767,2801,5965,2430,3728,4592,4317,5271,4400,3838,2015-02-21,4257.857142857143,2351.6785714285716,6184.464285714285,2338.0,3208.6071428571427,3825.214285714286,3625.3928571428573,3633.6428571428573,4334.321428571428,3244.285714285714
d_1486,5426,3124,6958,2841,3984,4715,4342,4458,4362,3549,2015-02-22,4252.464285714285,2349.714285714286,6150.285714285715,2335.6428571428573,3214.75,3832.035714285714,3647.6428571428573,3651.464285714286,4354.714285714285,3255.3214285714284
d_1487,3548,1970,5978,2192,2687,3031,3425,2805,3305,2581,2015-02-23,4258.428571428572,2348.8214285714284,6168.892857142857,2331.8928571428573,3215.5714285714284,3829.25,3652.75,3657.214285714286,4356.357142857143,3266.4285714285716
d_1488,2972,1755,5248,2266,2693,2946,3162,2863,3274,2601,2015-02-24,4257.714285714285,2343.75,6179.321428571428,2340.8928571428573,3222.3571428571427,3833.785714285714,3666.1428571428573,3664.6071428571427,4358.357142857143,3286.785714285714
d_1489,3106,2116,5095,2041,2461,2981,3207,2707,3231,2282,2015-02-25,4258.75,2351.8571428571427,6186.392857142857,2343.714285714286,3224.035714285714,3834.8214285714284,3683.4285714285716,3658.3571428571427,4364.035714285715,3288.4285714285716
d_1490,3012,1963,5154,2039,2739,3015,3069,2756,3160,2316,2015-02-26,4251.357142857143,2352.1428571428573,6199.607142857143,2342.8214285714284,3230.8571428571427,3834.5714285714284,3696.8571428571427,3660.785714285714,4366.071428571428,3294.3928571428573
d_1491,4114,2179,5325,2176,2648,3212,3102,3492,4027,3291,2015-02-27,4249.75,2353.9285714285716,6189.107142857143,2326.5,3221.3928571428573,3815.3214285714284,3677.285714285714,3641.4285714285716,4333.785714285715,3282.6071428571427
d_1492,5603,3326,6817,2462,3628,4140,4027,5483,4648,4020,2015-02-28,4233.035714285715,2342.1071428571427,6167.607142857143,2318.785714285714,3205.6071428571427,3794.3928571428573,3671.035714285714,3590.75,4279.678571428572,3249.75
d_1493,5774,3264,7725,2733,3901,4949,4566,4730,3874,3670,2015-03-01,4244.178571428572,2344.8928571428573,6154.892857142857,2316.75,3191.3214285714284,3788.6071428571427,3670.75,3693.714285714286,4309.678571428572,3309.4285714285716
d_1494,4013,1972,5997,2388,2843,3530,3788,3277,4041,3549,2015-03-02,4248.714285714285,2346.6785714285716,6146.142857142857,2310.8571428571427,3192.285714285714,3793.1071428571427,3684.785714285714,3701.964285714286,4295.857142857143,3317.8214285714284
d_1495,3827,2111,6112,2130,2848,3656,3901,2351,4612,2839,2015-03-03,4240.714285714285,2347.4285714285716,6150.607142857143,2303.5714285714284,3181.6785714285716,3800.3571428571427,3700.3571428571427,3665.535714285714,4259.142857142857,3281.035714285714
d_1496,3584,1727,5724,1967,2873,2980,3380,3153,3754,2632,2015-03-04,4237.535714285715,2341.5,6143.285714285715,2295.8928571428573,3178.3571428571427,3776.0,3704.785714285714,3663.1428571428573,4241.0,3269.714285714286
d_1497,3660,2041,5881,2224,2626,2945,3381,3009,4169,2883,2015-03-05,4229.357142857143,2338.3928571428573,6139.75,2294.5,3179.035714285714,3763.964285714286,3708.25,3649.0,4218.75,3264.9285714285716
d_1498,4331,2361,5792,2135,2891,3335,3516,3714,4322,3540,2015-03-06,4240.535714285715,2357.0,6162.535714285715,2300.285714285714,3165.8928571428573,3743.6071428571427,3705.035714285714,3637.8214285714284,4186.357142857143,3255.714285714286
d_1499,5234,3189,7617,2400,4018,4246,4266,5115,4380,3764,2015-03-07,4201.964285714285,2341.75,6118.428571428572,2280.214285714286,3165.8928571428573,3719.4285714285716,3694.75,3613.6785714285716,4153.035714285715,3229.6785714285716
d_1500,5971,3328,8904,2937,3807,4229,4044,4739,5492,3928,2015-03-08,4205.964285714285,2337.714285714286,6141.642857142857,2285.5,3148.6071428571427,3681.5,3683.8214285714284,3606.5,4133.642857142857,3210.3571428571427
d_1501,4046,1993,6906,2326,2892,3380,3649,3252,4390,3186,2015-03-09,4172.714285714285,2329.8571428571427,6144.214285714285,2277.4285714285716,3131.8214285714284,3653.1071428571427,3674.035714285714,3612.464285714286,4130.285714285715,3196.8214285714284
d_1502,3710,2054,5949,2143,3128,3618,3995,2568,3625,2807,2015-03-10,4157.571428571428,2322.75,6123.928571428572,2264.1428571428573,3134.8214285714284,3658.035714285714,3695.6785714285716,3595.6428571428573,4121.785714285715,3181.714285714286
d_1503,3474,1872,5692,2242,2935,3319,3314,2863,4132,3048,2015-03-11,4137.357142857143,2317.1785714285716,6121.785714285715,2271.4285714285716,3124.6785714285716,3645.785714285714,3678.8928571428573,3579.0714285714284,4099.0,3180.535714285714
d_1504,3519,2130,5368,2271,2905,3508,3781,2960,4653,3296,2015-03-12,4126.285714285715,2316.0714285714284,6081.607142857143,2269.3928571428573,3101.285714285714,3631.464285714286,3672.8571428571427,3564.4285714285716,4077.464285714286,3165.6071428571427
d_1505,4184,2450,5912,2309,3525,4002,3727,3390,4113,3011,2015-03-13,4126.321428571428,2324.214285714286,6098.107142857143,2276.8928571428573,3107.1071428571427,3632.75,3668.714285714286,3544.8571428571427,4067.464285714286,3148.8571428571427
d_1506,5015,3415,7455,2619,3800,4370,4039,4656,5131,3971,2015-03-14,4134.392857142857,2352.8571428571427,6141.535714285715,2285.3214285714284,3115.464285714286,3638.964285714286,3671.0714285714284,3539.285714285714,4077.5,3140.9285714285716
d_1507,5805,3588,8510,2909,4493,4824,4393,4945,5036,4324,2015-03-15,4169.428571428572,2383.6428571428573,6201.321428571428,2308.9285714285716,3132.214285714286,3637.5,3661.0,3545.964285714286,4081.1785714285716,3148.285714285714
d_1508,4064,2123,6217,2295,3075,3987,3818,2974,3793,3149,2015-03-16,4161.678571428572,2368.285714285714,6173.464285714285,2305.035714285714,3141.6071428571427,3647.0,3664.285714285714,3535.8571428571427,4070.5,3142.75
d_1509,3431,1950,5819,1953,3060,3462,3226,2473,3406,2632,2015-03-17,4162.357142857143,2373.4285714285716,6186.0,2300.8571428571427,3155.3571428571427,3660.8214285714284,3673.464285714286,3527.1785714285716,4054.214285714286,3142.3214285714284
d_1510,3442,1892,5161,1961,2833,3046,3280,2746,3039,2547,2015-03-18,4176.785714285715,2375.3928571428573,6188.285714285715,2298.3214285714284,3165.75,3664.5,3685.5714285714284,3534.8928571428573,4042.3928571428573,3155.6071428571427
d_1511,3194,1865,5166,2032,2871,3202,3152,2521,3005,2361,2015-03-19,4177.285714285715,2377.9285714285716,6209.892857142857,2300.8571428571427,3169.75,3667.8214285714284,3689.1428571428573,3528.75,4030.6071428571427,3155.5
d_1512,4120,2222,5564,2083,2976,3542,3409,3113,3137,2833,2015-03-20,4176.642857142857,2385.035714285714,6214.678571428572,2303.714285714286,3173.8571428571427,3670.0714285714284,3688.4285714285716,3513.714285714286,4018.25,3158.8571428571427
d_1513,5528,3327,7105,2759,3522,3782,3693,4568,4166,3532,2015-03-21,4203.821428571428,2403.8214285714284,6255.392857142857,2315.464285714286,3166.5,3641.1428571428573,3666.1428571428573,3488.6071428571427,4009.8928571428573,3147.9285714285716
d_1514,5570,3570,8034,2800,4147,4586,4096,4267,3726,3218,2015-03-22,4208.964285714285,2419.75,6293.821428571428,2314.0,3172.3214285714284,3636.535714285714,3657.3571428571427,3481.785714285714,3987.1785714285716,3136.1071428571427
d_1515,3818,1922,6196,2403,2931,3456,3304,2729,3270,2309,2015-03-23,4218.607142857143,2418.035714285714,6301.607142857143,2321.535714285714,3181.035714285714,3651.714285714286,3653.035714285714,3479.0714285714284,3985.9285714285716,3126.3928571428573
d_1516,3401,1888,5272,1943,2652,131,3288,2818,3145,2303,2015-03-24,4233.928571428572,2422.785714285714,6302.464285714285,2310.0,3179.5714285714284,3551.1785714285716,3657.535714285714,3477.464285714286,3981.3214285714284,3115.75
d_1517,3193,2007,5445,2098,2382,5928,3152,2599,3020,2171,2015-03-25,4237.035714285715,2418.8928571428573,6314.964285714285,2312.035714285714,3176.75,3656.4285714285716,3655.5714285714284,3473.6071428571427,3973.785714285714,3111.785714285714
d_1518,3387,2130,5300,2239,2491,2993,3004,2750,3176,2432,2015-03-26,4250.428571428572,2424.8571428571427,6320.178571428572,2319.1785714285716,3167.8928571428573,3655.6428571428573,3653.25,3473.3928571428573,3974.3571428571427,3115.9285714285716
d_1519,4041,2389,5316,2231,2573,3316,3180,3253,3500,2736,2015-03-27,4247.821428571428,2432.3571428571427,6319.857142857143,2321.1428571428573,3165.214285714286,3659.3571428571427,3656.035714285714,3464.8571428571427,3955.535714285714,3096.1071428571427
d_1520,4867,3347,6795,2746,3375,4333,3947,4617,3890,3614,2015-03-28,4221.535714285715,2433.1071428571427,6319.071428571428,2331.285714285714,3156.1785714285716,3666.25,3653.1785714285716,3433.9285714285716,3928.464285714286,3081.6071428571427
d_1521,5453,3143,7706,2926,3756,4670,4065,4218,3584,3062,2015-03-29,4210.071428571428,2428.785714285714,6318.392857142857,2338.1785714285716,3151.0,3656.285714285714,3635.285714285714,3415.6428571428573,3918.1071428571427,3059.8928571428573
d_1522,4256,2132,5744,2369,2792,3152,3646,2641,2946,2221,2015-03-30,4218.75,2434.5,6309.357142857143,2337.5,3149.1785714285716,3642.785714285714,3630.214285714286,3392.9285714285716,3879.0,3012.464285714286
d_1523,3877,2035,5605,2253,2702,3212,3322,2803,2804,2343,2015-03-31,4220.535714285715,2431.785714285714,6291.25,2341.8928571428573,3143.964285714286,3626.9285714285716,3609.535714285714,3409.0714285714284,3814.4285714285716,2994.75
d_1524,4446,2266,6013,2236,3162,3704,3840,2907,3813,2673,2015-04-01,4251.321428571428,2451.035714285714,6301.571428571428,2351.5,3154.285714285714,3652.785714285714,3625.964285714286,3400.285714285714,3816.535714285714,2996.214285714286
d_1525,4395,2306,5755,2134,2683,3361,3146,3100,3989,2948,2015-04-02,4277.571428571428,2460.5,6297.071428571428,2348.285714285714,3156.3214285714284,3667.6428571428573,3617.5714285714284,3403.535714285714,3810.1071428571427,2998.535714285714
d_1526,5632,2647,6748,2509,3792,4462,4591,4441,5362,3924,2015-04-03,4324.035714285715,2470.714285714286,6331.214285714285,2361.6428571428573,3188.5,3707.8928571428573,3655.964285714286,3429.5,3847.25,3012.25
d_1527,6636,3411,8258,3196,3933,4791,4496,5330,4492,3876,2015-04-04,4374.107142857143,2478.6428571428573,6354.107142857143,2390.0714285714284,3185.464285714286,3727.3571428571427,3664.1785714285716,3437.1785714285716,3851.25,3016.25
d_1528,4874,3108,7999,2445,4561,4475,3753,3167,3691,3563,2015-04-05,4334.928571428572,2470.785714285714,6321.785714285715,2372.5,3212.3928571428573,3736.1428571428573,3653.785714285714,3381.035714285714,3786.9285714285716,3003.214285714286
d_1529,4101,2190,6400,2308,3103,3823,3830,2750,4304,3406,2015-04-06,4336.892857142857,2477.8214285714284,6303.714285714285,2371.8571428571427,3219.9285714285716,3751.964285714286,3660.25,3363.1071428571427,3783.8571428571427,3011.0714285714284
d_1530,3810,2005,6252,2156,2979,3508,3928,2561,3641,3071,2015-04-07,4340.464285714285,2476.0714285714284,6314.535714285715,2372.3214285714284,3214.6071428571427,3748.035714285714,3657.8571428571427,3362.8571428571427,3784.4285714285716,3020.5
d_1531,3809,2058,6144,2126,2665,3431,3482,2915,4511,3008,2015-04-08,4352.428571428572,2482.714285714286,6330.678571428572,2368.1785714285716,3204.964285714286,3752.035714285714,3663.8571428571427,3364.714285714286,3797.964285714286,3019.0714285714284
d_1532,3726,1893,5774,2149,3053,3703,3805,2760,4682,2892,2015-04-09,4359.821428571428,2474.25,6345.178571428572,2363.8214285714284,3210.25,3759.0,3664.714285714286,3357.5714285714284,3799.0,3004.6428571428573
d_1533,4584,2479,6121,2389,3030,3495,3590,3595,4108,3462,2015-04-10,4374.107142857143,2475.285714285714,6352.642857142857,2366.6785714285716,3192.5714285714284,3740.8928571428573,3659.8214285714284,3364.8928571428573,3798.8214285714284,3020.75
d_1534,5495,3189,7093,2599,3965,4677,4333,4737,4999,4185,2015-04-11,4391.25,2467.214285714286,6339.714285714285,2365.964285714286,3198.464285714286,3751.8571428571427,3670.3214285714284,3367.785714285714,3794.1071428571427,3028.3928571428573
d_1535,6093,2940,7907,2696,4119,4753,4952,4431,5022,4267,2015-04-12,4401.535714285715,2444.0714285714284,6318.178571428572,2358.3571428571427,3185.1071428571427,3749.3214285714284,3690.285714285714,3349.4285714285716,3793.6071428571427,3026.3571428571427
d_1536,4171,1750,5027,2400,3228,3976,4261,3103,3508,3070,2015-04-13,4405.357142857143,2430.75,6275.678571428572,2362.1071428571427,3190.5714285714284,3748.9285714285716,3706.1071428571427,3354.035714285714,3783.4285714285716,3023.535714285714
d_1537,3702,1818,5753,2158,2817,3129,3175,2778,4376,3891,2015-04-14,4415.035714285715,2426.035714285714,6273.321428571428,2369.4285714285716,3181.8928571428573,3737.035714285714,3704.285714285714,3364.9285714285716,3818.0714285714284,3068.5
d_1538,3668,1966,5298,2148,3022,3580,3784,3154,4733,3337,2015-04-15,4423.107142857143,2428.6785714285716,6278.214285714285,2376.1071428571427,3188.6428571428573,3756.1071428571427,3722.285714285714,3379.5,3878.5714285714284,3096.714285714286
d_1539,3732,2094,5535,2149,2566,3008,3228,2737,3554,2828,2015-04-16,4442.321428571428,2436.8571428571427,6291.392857142857,2380.285714285714,3177.75,3749.1785714285716,3725.0,3387.214285714286,3898.1785714285716,3113.3928571428573
d_1540,4236,2089,5583,2361,2499,3131,3579,3025,3553,3003,2015-04-17,4446.464285714285,2432.1071428571427,6292.071428571428,2390.214285714286,3160.714285714286,3734.5,3731.0714285714284,3384.0714285714284,3913.035714285714,3119.464285714286
d_1541,5651,2916,6174,2497,3799,4761,4486,4594,4106,3532,2015-04-18,4450.857142857143,2417.4285714285716,6258.821428571428,2380.8571428571427,3170.6071428571427,3769.464285714286,3759.3928571428573,3385.0,3910.8928571428573,3119.464285714286
d_1542,5849,3160,7788,2720,3872,4579,4124,4447,4065,3755,2015-04-19,4460.821428571428,2402.785714285714,6250.035714285715,2378.0,3160.785714285714,3769.214285714286,3760.3928571428573,3391.4285714285716,3923.0,3138.6428571428573
d_1543,4131,1999,5802,2270,3000,3457,3767,2734,3376,2582,2015-04-20,4472.0,2405.535714285714,6235.964285714285,2373.25,3163.25,3769.25,3776.9285714285716,3391.6071428571427,3926.785714285714,3148.3928571428573
d_1544,3543,2097,5325,2202,2505,3122,3252,2605,3002,2574,2015-04-21,4477.071428571428,2413.0,6237.857142857143,2382.5,3158.0,3876.0714285714284,3775.6428571428573,3384.0,3921.6785714285716,3158.0714285714284
d_1545,3444,2035,5383,2237,2600,3144,3182,2762,3125,2470,2015-04-22,4486.035714285715,2414.0,6235.642857142857,2387.464285714286,3165.785714285714,3776.6428571428573,3776.714285714286,3389.8214285714284,3925.4285714285716,3168.75
d_1546,3797,1978,5551,2343,2652,3233,2916,2552,3309,2327,2015-04-23,4500.678571428572,2408.5714285714284,6244.607142857143,2391.1785714285716,3171.535714285714,3785.214285714286,3773.5714285714284,3382.75,3930.1785714285716,3165.0
d_1547,4312,2634,5548,2339,2752,3554,3455,3374,3428,3027,2015-04-24,4510.357142857143,2417.3214285714284,6252.892857142857,2395.035714285714,3177.9285714285716,3793.714285714286,3783.3928571428573,3387.0714285714284,3927.6071428571427,3175.3928571428573
d_1548,6019,3230,7251,2571,3474,4421,4154,4927,4107,3444,2015-04-25,4551.5,2413.1428571428573,6269.178571428572,2388.785714285714,3181.464285714286,3796.8571428571427,3790.785714285714,3398.1428571428573,3935.3571428571427,3169.3214285714284
d_1549,5815,2947,7890,2774,3804,4417,4166,4168,3958,3467,2015-04-26,4564.428571428572,2406.1428571428573,6275.75,2383.3571428571427,3183.1785714285716,3787.8214285714284,3794.3928571428573,3396.3571428571427,3948.714285714286,3183.785714285714
d_1550,3995,2257,5909,2612,2779,3413,3681,2799,3479,2520,2015-04-27,4555.107142857143,2410.6071428571427,6281.642857142857,2392.035714285714,3182.714285714286,3797.1428571428573,3795.6428571428573,3402.0,3967.75,3194.464285714286
d_1551,3526,1930,5420,2168,2564,3012,3229,2529,3046,2326,2015-04-28,4542.571428571428,2406.8571428571427,6275.035714285715,2389.0,3177.785714285714,3790.0,3792.3214285714284,3392.214285714286,3976.3928571428573,3193.8571428571427
d_1552,3560,2037,4849,2063,2551,2853,3175,2674,2880,2025,2015-04-29,4510.928571428572,2398.6785714285716,6233.464285714285,2382.8214285714284,3155.964285714286,3759.6071428571427,3768.5714285714284,3383.8928571428573,3943.0714285714284,3170.714285714286
d_1553,3466,2045,5114,2360,2404,3197,3366,3002,3309,2290,2015-04-30,4477.75,2389.3571428571427,6210.571428571428,2390.8928571428573,3146.0,3753.75,3776.4285714285716,3380.3928571428573,3918.785714285714,3147.214285714286
d_1554,5121,2773,6637,2637,3295,4032,4911,3933,4328,3309,2015-05-01,4459.5,2393.8571428571427,6206.607142857143,2395.464285714286,3128.25,3738.3928571428573,3787.8571428571427,3362.25,3881.8571428571427,3125.25
d_1555,5801,3068,7586,3042,4086,4599,4567,4624,5341,4338,2015-05-02,4429.678571428572,2381.6071428571427,6182.607142857143,2389.964285714286,3133.714285714286,3731.535714285714,3790.3928571428573,3337.035714285714,3912.1785714285716,3141.75
d_1556,6524,3347,7757,2766,4233,4692,4934,4412,5661,4776,2015-05-03,4488.607142857143,2390.1428571428573,6173.964285714285,2401.4285714285716,3122.0,3739.285714285714,3832.5714285714284,3381.5,3982.535714285714,3185.0714285714284
d_1557,4794,2094,7345,2798,2925,3529,3922,3278,4277,3207,2015-05-04,4513.357142857143,2386.714285714286,6207.714285714285,2418.9285714285716,3115.6428571428573,3728.785714285714,3835.8571428571427,3400.3571428571427,3981.5714285714284,3177.964285714286
d_1558,4168,2077,5835,2529,2869,3291,3604,2997,4483,3236,2015-05-05,4526.142857142857,2389.285714285714,6192.821428571428,2432.25,3111.714285714286,3721.035714285714,3824.285714285714,3415.9285714285716,4011.6428571428573,3183.8571428571427
d_1559,4025,2134,5784,2449,2962,3283,3821,3025,4624,3189,2015-05-06,4533.857142857143,2392.0,6179.964285714285,2443.785714285714,3122.3214285714284,3715.75,3836.3928571428573,3419.8571428571427,4015.6785714285716,3190.3214285714284
d_1560,4182,2001,5428,2079,2952,3631,4079,2766,3558,2645,2015-05-07,4550.142857142857,2395.8571428571427,6167.607142857143,2441.285714285714,3118.714285714286,3713.1785714285716,3846.1785714285716,3420.0714285714284,3975.535714285714,3181.5
d_1561,4697,2398,6096,2383,2897,3636,3419,3736,4571,3591,2015-05-08,4554.178571428572,2392.964285714286,6166.714285714285,2441.0714285714284,3113.964285714286,3718.214285714286,3840.0714285714284,3425.1071428571427,3992.0714285714284,3186.1071428571427
d_1562,5840,3112,7509,2665,3966,4448,4822,5183,5538,4186,2015-05-09,4566.5,2390.214285714286,6181.571428571428,2443.4285714285716,3114.0,3710.035714285714,3857.535714285714,3441.035714285714,4011.3214285714284,3186.1428571428573
d_1563,5014,2410,6636,2463,3556,3684,4127,3435,3461,3244,2015-05-10,4527.964285714285,2371.285714285714,6136.178571428572,2435.1071428571427,3093.8928571428573,3671.8571428571427,3828.0714285714284,3405.464285714286,3955.5714285714284,3149.6071428571427
d_1564,4602,2259,6352,2314,3234,3900,4147,3131,3996,3257,2015-05-11,4543.357142857143,2389.464285714286,6183.5,2432.035714285714,3094.1071428571427,3669.1428571428573,3824.0,3406.464285714286,3973.0,3156.285714285714
d_1565,3810,1843,5903,2303,2822,3351,3939,2829,4998,3235,2015-05-12,4547.214285714285,2390.3571428571427,6188.857142857143,2437.214285714286,3094.285714285714,3677.0714285714284,3851.285714285714,3408.285714285714,3995.214285714286,3132.8571428571427
d_1566,3958,2071,5728,2182,3237,3520,3810,2867,3500,2812,2015-05-13,4557.571428571428,2394.1071428571427,6204.214285714285,2438.4285714285716,3101.964285714286,3674.9285714285716,3852.214285714286,3398.035714285714,3951.1785714285716,3114.1071428571427
d_1567,3487,1714,5032,2093,2600,3336,3643,3231,4139,2779,2015-05-14,4548.821428571428,2380.535714285714,6186.25,2436.4285714285716,3103.1785714285716,3686.6428571428573,3867.035714285714,3415.6785714285716,3972.0714285714284,3112.3571428571427
d_1568,4375,2743,5701,2436,3339,3881,3739,3497,4630,3423,2015-05-15,4553.785714285715,2403.8928571428573,6190.464285714285,2439.1071428571427,3133.1785714285716,3713.4285714285716,3872.75,3432.535714285714,4010.535714285714,3127.3571428571427
d_1569,5589,3308,6948,2671,4150,4590,4733,4260,4582,3505,2015-05-16,4551.571428571428,2417.8928571428573,6218.107142857143,2445.3214285714284,3145.714285714286,3707.3214285714284,3881.5714285714284,3420.6071428571427,4027.535714285714,3126.3928571428573
d_1570,5568,3044,7739,2543,4088,4517,4402,4588,4294,3710,2015-05-17,4541.535714285715,2413.75,6216.357142857143,2439.0,3153.4285714285716,3705.1071428571427,3891.5,3425.6428571428573,4035.714285714286,3124.785714285714
d_1571,4185,1988,5919,2451,3122,3417,3845,3025,3577,2767,2015-05-18,4543.464285714285,2413.3571428571427,6220.535714285715,2445.464285714286,3157.785714285714,3703.6785714285716,3894.285714285714,3436.035714285714,4042.8928571428573,3131.3928571428573
d_1572,3576,2000,5168,2271,2762,2934,3412,2712,3313,2523,2015-05-19,4544.642857142857,2409.8928571428573,6214.928571428572,2447.9285714285716,3166.964285714286,3696.964285714286,3900.0,3439.8571428571427,4054.0,3129.5714285714284
d_1573,3580,1999,5191,2171,3030,3078,3320,2938,3521,2330,2015-05-20,4549.5,2408.6071428571427,6208.071428571428,2445.5714285714284,3182.3214285714284,3694.6071428571427,3904.9285714285716,3446.1428571428573,4068.1428571428573,3124.5714285714284
d_1574,3635,2336,5145,2225,2665,3124,3046,3038,2985,2402,2015-05-21,4543.714285714285,2421.3928571428573,6193.571428571428,2441.3571428571427,3182.785714285714,3690.714285714286,3909.5714285714284,3463.5,4056.5714285714284,3127.25
d_1575,4578,2637,6192,2497,2980,3599,3727,3551,3508,2998,2015-05-22,4553.214285714285,2421.5,6216.571428571428,2447.0,3190.9285714285716,3692.3214285714284,3919.285714285714,3469.8214285714284,4059.4285714285716,3126.214285714286
d_1576,5415,3061,6294,2427,3680,4340,4136,3824,3617,3181,2015-05-23,4531.642857142857,2415.464285714286,6182.392857142857,2441.8571428571427,3198.285714285714,3689.4285714285716,3918.6428571428573,3430.4285714285716,4041.9285714285716,3116.8214285714284
d_1577,5412,2702,6396,2240,3513,3914,3635,3612,3234,2768,2015-05-24,4517.25,2406.714285714286,6129.035714285715,2422.785714285714,3187.8928571428573,3671.464285714286,3899.6785714285716,3410.5714285714284,4016.0714285714284,3091.8571428571427
d_1578,4859,2930,7264,2589,3063,3846,3643,3582,3079,2962,2015-05-25,4548.107142857143,2430.75,6177.428571428572,2421.964285714286,3198.035714285714,3686.9285714285716,3898.3214285714284,3438.535714285714,4001.785714285714,3107.6428571428573
d_1579,3609,2202,5606,2546,2789,2996,3102,2853,2815,2361,2015-05-26,4551.071428571428,2440.464285714286,6184.071428571428,2435.464285714286,3206.0714285714284,3686.3571428571427,3893.785714285714,3450.1071428571427,3993.535714285714,3108.8928571428573
d_1580,3722,2167,5014,2071,2654,3221,3313,2803,2902,2230,2015-05-27,4556.857142857143,2445.1071428571427,6189.964285714285,2435.75,3209.75,3699.5,3898.714285714286,3454.714285714286,3994.3214285714284,3116.214285714286
d_1581,3381,2376,5159,2060,2754,3094,3305,2810,3009,2268,2015-05-28,4553.821428571428,2456.9285714285716,6191.571428571428,2425.035714285714,3222.25,3695.8214285714284,3896.535714285714,3447.8571428571427,3983.6071428571427,3115.4285714285716
d_1582,3803,2696,5309,2184,2716,3283,3534,3397,3428,2575,2015-05-29,4506.75,2454.1785714285716,6144.142857142857,2408.8571428571427,3201.5714285714284,3669.0714285714284,3847.3571428571427,3428.714285714286,3951.464285714286,3089.214285714286
d_1583,5342,4078,6616,2387,2923,3686,3691,4602,4184,3429,2015-05-30,4490.357142857143,2490.25,6109.5,2385.464285714286,3160.035714285714,3636.464285714286,3816.0714285714284,3427.9285714285716,3910.1428571428573,3056.75
d_1584,5980,3728,7261,2765,3762,4495,4297,4042,3799,3334,2015-05-31,4470.928571428572,2503.8571428571427,6091.785714285715,2385.4285714285716,3143.214285714286,3629.4285714285716,3793.3214285714284,3414.714285714286,3843.6428571428573,3005.25
d_1585,4702,2866,6560,2566,3280,3951,4350,3258,4158,2963,2015-06-01,4467.642857142857,2531.4285714285716,6063.75,2377.1428571428573,3155.8928571428573,3644.5,3808.6071428571427,3414.0,3839.3928571428573,2996.535714285714
d_1586,4282,2434,7865,2228,2924,3358,3503,2899,4823,3108,2015-06-02,4471.714285714285,2544.1785714285716,6136.25,2366.3928571428573,3157.8571428571427,3646.8928571428573,3805.0,3410.5,3851.535714285714,2991.964285714286
d_1587,4007,2573,6044,2379,2999,3615,4064,3582,5516,3211,2015-06-03,4471.071428571428,2559.8571428571427,6145.535714285715,2363.8928571428573,3159.1785714285716,3658.75,3813.6785714285716,3430.3928571428573,3883.3928571428573,2992.75
d_1588,3818,2755,5871,2502,2810,3416,3669,3327,3931,2823,2015-06-04,4458.071428571428,2586.785714285714,6161.357142857143,2379.0,3154.1071428571427,3651.0714285714284,3799.035714285714,3450.4285714285716,3896.714285714286,2999.1071428571427
d_1589,4646,3296,6148,2349,3282,3963,4261,3624,4553,3767,2015-06-05,4456.25,2618.8571428571427,6163.214285714285,2377.785714285714,3167.8571428571427,3662.75,3829.1071428571427,3446.4285714285716,3896.0714285714284,3005.3928571428573
d_1590,5710,4556,7967,2569,4081,4532,4444,4492,5264,3892,2015-06-06,4451.607142857143,2670.4285714285716,6179.571428571428,2374.3571428571427,3171.964285714286,3665.75,3815.6071428571427,3421.75,3886.285714285714,2994.8928571428573
d_1591,5826,4475,8318,2700,4459,4857,5011,4811,4316,3653,2015-06-07,4480.607142857143,2744.1785714285716,6239.642857142857,2382.8214285714284,3204.214285714286,3707.6428571428573,3847.1785714285716,3470.8928571428573,3916.8214285714284,3009.5
d_1592,4475,3194,7608,2488,3179,3810,3918,3200,4795,3255,2015-06-08,4476.071428571428,2777.5714285714284,6284.5,2389.035714285714,3202.25,3704.4285714285716,3839.0,3473.3571428571427,3945.3571428571427,3009.4285714285716
d_1593,4145,3018,6886,2326,3268,3582,3670,3417,4738,3134,2015-06-09,4488.035714285715,2819.535714285714,6319.607142857143,2389.8571428571427,3218.1785714285716,3712.6785714285716,3829.3928571428573,3494.3571428571427,3936.0714285714284,3005.8214285714284
d_1594,4210,2841,6453,2094,3001,3581,3288,3221,3770,2717,2015-06-10,4497.035714285715,2847.035714285714,6345.5,2386.714285714286,3209.75,3714.8571428571427,3810.75,3507.0,3945.714285714286,3002.4285714285716
d_1595,3844,2735,5849,2189,3159,3693,3741,3141,4373,2861,2015-06-11,4509.785714285715,2883.5,6374.678571428572,2390.1428571428573,3229.714285714286,3727.6071428571427,3814.25,3503.785714285714,3954.0714285714284,3005.3571428571427
d_1596,4605,3145,6098,2306,3256,4005,3915,3951,5320,3681,2015-06-12,4518.0,2897.8571428571427,6388.857142857143,2385.5,3226.75,3732.035714285714,3820.535714285714,3520.0,3978.714285714286,3014.5714285714284
d_1597,5495,4480,7177,2697,3923,4453,4450,4273,4537,3368,2015-06-13,4514.642857142857,2939.714285714286,6397.035714285715,2386.4285714285716,3218.6428571428573,3727.1428571428573,3810.4285714285716,3520.464285714286,3977.1071428571427,3009.6785714285716
d_1598,5844,4538,8728,2486,4198,4668,4554,4421,5080,4464,2015-06-14,4524.5,2993.0714285714284,6432.357142857143,2384.3928571428573,3222.5714285714284,3732.535714285714,3815.8571428571427,3514.5,4005.1785714285716,3036.6071428571427
d_1599,4454,3098,6819,2469,5190,6793,6750,3318,5120,3569,2015-06-15,4534.107142857143,3032.714285714286,6464.5,2385.035714285714,3296.4285714285716,3853.1071428571427,3919.6071428571427,3524.964285714286,4060.285714285714,3065.25
d_1600,3792,2753,5408,2341,2830,2186,2541,2965,3687,3195,2015-06-16,4541.821428571428,3059.6071428571427,6473.071428571428,2387.535714285714,3298.8571428571427,3826.3928571428573,3888.5,3534.0,4073.6428571428573,3089.25
d_1601,3902,2947,5731,2157,2412,2364,2915,3076,3326,2648,2015-06-17,4553.321428571428,3093.464285714286,6492.357142857143,2387.035714285714,3276.785714285714,3800.8928571428573,3874.035714285714,3538.9285714285716,4066.6785714285716,3100.6071428571427
d_1602,4018,3109,5732,2409,2735,3198,3297,3319,3806,2802,2015-06-18,4567.0,3121.0714285714284,6513.321428571428,2393.6071428571427,3279.285714285714,3803.535714285714,3883.0,3548.964285714286,4096.0,3114.8928571428573
d_1603,4780,3460,5739,2407,2934,3522,3669,3937,3923,3458,2015-06-19,4574.214285714285,3150.464285714286,6497.142857142857,2390.3928571428573,3277.6428571428573,3800.785714285714,3880.9285714285716,3562.75,4110.821428571428,3131.3214285714284
d_1604,5506,4407,7221,2913,3729,4346,4144,4349,4073,3567,2015-06-20,4577.464285714285,3198.535714285714,6530.25,2407.75,3279.3928571428573,3801.0,3881.214285714286,3581.5,4127.107142857143,3145.1071428571427
d_1605,4881,4333,6739,2582,4430,3936,3907,3784,3546,3275,2015-06-21,4558.5,3256.785714285714,6542.5,2419.964285714286,3312.1428571428573,3801.785714285714,3890.9285714285716,3587.6428571428573,4138.25,3163.214285714286
d_1606,4263,3008,6344,2301,3039,3418,3367,2673,3570,2863,2015-06-22,4537.214285714285,3259.5714285714284,6509.642857142857,2409.6785714285716,3311.285714285714,3786.5,3881.0714285714284,3555.1785714285716,4155.785714285715,3159.6785714285716
d_1607,4259,2858,5592,2286,2926,3090,3064,3061,3092,2843,2015-06-23,4560.428571428572,3283.0,6509.142857142857,2400.3928571428573,3316.1785714285716,3789.8571428571427,3879.714285714286,3562.6071428571427,4165.678571428572,3176.8928571428573
d_1608,3851,2942,5239,2014,2901,3265,3126,2908,2845,2531,2015-06-24,4565.035714285715,3310.6785714285716,6517.178571428572,2398.3571428571427,3325.0,3791.4285714285716,3873.035714285714,3566.3571428571427,4163.642857142857,3187.6428571428573
d_1609,3862,2926,5836,2143,2830,3211,3103,2969,3016,2480,2015-06-25,4582.214285714285,3330.3214285714284,6541.357142857143,2401.3214285714284,3327.714285714286,3795.6071428571427,3865.8214285714284,3572.035714285714,4163.892857142857,3195.214285714286
d_1610,4353,3599,6069,2596,2965,3470,3458,3519,3331,2585,2015-06-26,4601.857142857143,3362.5714285714284,6568.5,2416.035714285714,3336.6071428571427,3802.285714285714,3863.1071428571427,3576.3928571428573,4160.428571428572,3195.5714285714284
d_1611,5328,4882,7103,2598,3394,4269,4061,3938,3525,3115,2015-06-27,4601.357142857143,3391.285714285714,6585.892857142857,2423.5714285714284,3353.4285714285716,3823.1071428571427,3876.3214285714284,3552.6785714285716,4136.892857142857,3184.3571428571427
d_1612,5776,4816,7496,2698,3499,4061,4281,3845,3174,3300,2015-06-28,4594.071428571428,3430.1428571428573,6594.285714285715,2421.1785714285716,3344.035714285714,3807.6071428571427,3875.75,3545.6428571428573,4114.571428571428,3183.1428571428573
d_1613,3919,3030,6227,2427,2912,3218,3274,3122,3219,2580,2015-06-29,4566.107142857143,3436.0,6582.392857142857,2416.214285714286,3330.8928571428573,3781.4285714285716,3837.3214285714284,3540.785714285714,4081.035714285714,3169.464285714286
d_1614,4018,2924,5978,2288,2673,2763,2771,3000,3163,2601,2015-06-30,4556.678571428572,3453.5,6515.0,2418.3571428571427,3321.9285714285716,3760.1785714285716,3811.1785714285716,3544.3928571428573,4021.75,3151.3571428571427
d_1615,4550,3398,6871,2428,3346,3419,3800,3366,3937,2962,2015-07-01,4576.071428571428,3482.964285714286,6544.535714285715,2420.1071428571427,3334.3214285714284,3753.1785714285716,3801.75,3536.6785714285716,3965.3571428571427,3142.464285714286
d_1616,4889,3583,6737,2564,3379,3851,4041,3827,5034,3939,2015-07-02,4614.321428571428,3512.535714285714,6575.464285714285,2422.3214285714284,3354.6428571428573,3768.714285714286,3815.035714285714,3554.535714285714,4004.75,3182.3214285714284
d_1617,6369,5185,8878,2976,4374,4911,4800,5243,6127,5291,2015-07-03,4675.857142857143,3580.0,6672.964285714285,2444.714285714286,3393.6428571428573,3802.5714285714284,3834.285714285714,3612.3571428571427,4060.964285714286,3236.75
d_1618,4434,3647,6237,2217,3368,3912,3874,3236,3455,3109,2015-07-04,4630.285714285715,3547.535714285714,6611.178571428572,2432.1428571428573,3368.1785714285716,3780.4285714285716,3813.9285714285716,3567.5,3996.3571428571427,3208.785714285714
d_1619,5142,4350,7380,2515,3664,4072,4305,3927,4600,3577,2015-07-05,4605.857142857143,3543.0714285714284,6577.678571428572,2425.535714285714,3339.785714285714,3752.3928571428573,3788.714285714286,3535.9285714285716,4006.5,3206.0714285714284
d_1620,4915,3870,6350,2598,3535,4049,4031,3301,5171,3718,2015-07-06,4621.571428571428,3567.214285714286,6532.75,2429.464285714286,3352.5,3760.9285714285716,3792.75,3539.535714285714,4019.9285714285716,3222.6071428571427
d_1621,4410,2949,6386,2462,3206,4020,3841,3130,3917,3034,2015-07-07,4631.035714285715,3564.75,6514.892857142857,2434.3214285714284,3350.285714285714,3776.5714285714284,3798.8571428571427,3529.285714285714,3990.6071428571427,3219.035714285714
d_1622,4030,2932,6098,2304,2990,3406,3206,3165,4823,3095,2015-07-08,4624.607142857143,3568.0,6502.214285714285,2441.8214285714284,3349.8928571428573,3770.3214285714284,3795.9285714285716,3527.285714285714,4028.214285714286,3232.535714285714
d_1623,4220,3134,6200,2486,3094,3558,3848,3422,4853,3395,2015-07-09,4638.035714285715,3582.25,6514.75,2452.4285714285716,3347.5714285714284,3765.5,3799.75,3537.3214285714284,4045.3571428571427,3251.6071428571427
d_1624,5132,3663,6680,2498,3086,3873,3602,3811,4173,3377,2015-07-10,4656.857142857143,3600.75,6535.535714285715,2459.285714285714,3341.5,3760.785714285714,3788.5714285714284,3532.3214285714284,4004.3928571428573,3240.75
d_1625,5631,5294,7239,2736,3841,4506,4396,4513,5028,4221,2015-07-11,4661.714285714285,3629.8214285714284,6537.75,2460.6785714285716,3338.5714285714284,3762.6785714285716,3786.6428571428573,3540.8928571428573,4021.9285714285716,3271.214285714286
d_1626,5919,4974,7846,2710,4430,5004,4838,4469,5130,4274,2015-07-12,4664.392857142857,3645.3928571428573,6506.25,2468.6785714285716,3346.8571428571427,3774.6785714285716,3796.785714285714,3542.6071428571427,4023.714285714286,3264.4285714285716
d_1627,4424,3134,6598,2641,3449,4422,4125,3010,3829,3426,2015-07-13,4663.321428571428,3646.6785714285716,6498.357142857143,2474.8214285714284,3284.6785714285716,3690.0,3703.035714285714,3531.6071428571427,3977.6071428571427,3259.3214285714284
d_1628,3805,3173,6063,2290,3123,3497,3503,3203,4536,3638,2015-07-14,4663.785714285715,3661.6785714285716,6521.75,2473.0,3295.1428571428573,3736.8214285714284,3737.3928571428573,3540.1071428571427,4007.9285714285716,3275.1428571428573
d_1629,3971,3216,6228,2328,3428,3737,3477,3301,4998,3411,2015-07-15,4666.25,3671.285714285714,6539.5,2479.1071428571427,3331.4285714285716,3785.8571428571427,3757.464285714286,3548.1428571428573,4067.6428571428573,3302.3928571428573
d_1630,4097,3494,6153,2587,3193,3699,3525,3408,4215,3107,2015-07-16,4669.071428571428,3685.035714285714,6554.535714285715,2485.464285714286,3347.785714285714,3803.75,3765.6071428571427,3551.3214285714284,4082.25,3313.285714285714
d_1631,4598,4059,6354,2595,3539,4263,3933,4488,4219,3799,2015-07-17,4662.571428571428,3706.4285714285716,6576.5,2492.1785714285716,3369.3928571428573,3830.214285714286,3775.035714285714,3571.0,4092.8214285714284,3325.464285714286
d_1632,5133,5344,7397,2533,4027,4908,4268,4120,4220,3710,2015-07-18,4649.25,3739.8928571428573,6582.785714285715,2478.6071428571427,3380.035714285714,3850.285714285714,3779.464285714286,3562.8214285714284,4098.071428571428,3330.5714285714284
d_1633,5655,4960,8226,2765,4416,4673,4671,4290,4247,3881,2015-07-19,4676.892857142857,3762.285714285714,6635.892857142857,2485.1428571428573,3379.535714285714,3876.6071428571427,3806.75,3580.8928571428573,4123.107142857143,3352.214285714286
d_1634,4389,3393,6582,2425,3686,3746,3843,3014,3569,2900,2015-07-20,4681.392857142857,3776.035714285714,6644.392857142857,2489.5714285714284,3402.6428571428573,3888.3214285714284,3823.75,3593.0714285714284,4123.071428571428,3353.535714285714
d_1635,3796,3251,6045,2481,2963,3070,3510,2928,3308,2786,2015-07-21,4664.857142857143,3790.0714285714284,6660.571428571428,2496.535714285714,3403.964285714286,3887.6071428571427,3839.6785714285716,3588.3214285714284,4130.785714285715,3351.5
d_1636,4106,2949,5509,2118,3003,3148,3264,3177,3408,2694,2015-07-22,4673.964285714285,3790.3214285714284,6670.214285714285,2500.25,3407.6071428571427,3883.4285714285716,3844.6071428571427,3597.9285714285716,4150.892857142857,3357.3214285714284
d_1637,3843,3236,5867,2178,3129,3491,3469,2854,3346,2782,2015-07-23,4673.285714285715,3801.3928571428573,6671.321428571428,2501.5,3418.285714285714,3893.4285714285716,3857.6785714285716,3593.8214285714284,4162.678571428572,3368.1071428571427
d_1638,4391,3946,6087,2572,3235,3932,3885,3621,3543,3229,2015-07-24,4674.642857142857,3813.785714285714,6671.964285714285,2500.6428571428573,3427.9285714285716,3909.9285714285716,3872.9285714285716,3597.464285714286,4170.25,3391.1071428571427
d_1639,4611,4839,7144,2455,3724,4353,4305,4036,3669,3488,2015-07-25,4649.035714285715,3812.25,6673.428571428572,2495.535714285714,3439.714285714286,3912.9285714285716,3881.6428571428573,3600.964285714286,4175.392857142857,3404.4285714285716
d_1640,5254,4982,7209,2764,4265,4488,4341,3920,3838,3131,2015-07-26,4630.392857142857,3818.1785714285716,6663.178571428572,2497.8928571428573,3467.0714285714284,3928.1785714285716,3883.785714285714,3603.6428571428573,4199.107142857143,3398.3928571428573
d_1641,4739,3258,6316,2443,3045,3738,3299,3057,3333,2898,2015-07-27,4659.678571428572,3826.3214285714284,6666.357142857143,2498.464285714286,3471.8214285714284,3946.75,3884.6785714285716,3601.3214285714284,4203.178571428572,3409.75
d_1642,3951,3047,5830,2134,2887,3435,3327,2865,2955,2524,2015-07-28,4657.285714285715,3830.714285714286,6661.071428571428,2492.964285714286,3479.464285714286,3970.75,3904.535714285714,3596.5,4195.75,3407.0
d_1643,3632,3115,5435,2200,2731,3241,2928,2875,3033,2403,2015-07-29,4624.5,3820.6071428571427,6609.785714285715,2484.8214285714284,3457.5,3964.3928571428573,3873.3928571428573,3578.964285714286,4163.464285714285,3387.035714285714
d_1644,4072,3092,5649,2453,2897,3296,2982,3208,3285,2653,2015-07-30,4595.321428571428,3803.0714285714284,6570.928571428572,2480.8571428571427,3440.285714285714,3944.5714285714284,3835.5714285714284,3556.8571428571427,4101.0,3341.1071428571427
d_1645,4865,3942,6163,2356,3280,4161,4058,4212,4588,3853,2015-07-31,4541.607142857143,3758.6785714285716,6473.964285714285,2458.714285714286,3401.214285714286,3917.785714285714,3809.0714285714284,3520.035714285714,4046.035714285714,3289.75
d_1646,5877,5376,7814,2915,4414,4838,4733,4725,4731,3727,2015-08-01,4593.142857142857,3820.4285714285716,6530.285714285715,2483.6428571428573,3438.5714285714284,3950.8571428571427,3839.75,3573.214285714286,4091.6071428571427,3311.8214285714284
d_1647,6768,5216,8646,2843,4143,4807,4755,4809,5226,4328,2015-08-02,4651.214285714285,3851.3571428571427,6575.5,2495.3571428571427,3455.6785714285716,3977.1071428571427,3855.8214285714284,3604.714285714286,4113.964285714285,3338.6428571428573
d_1648,5326,3376,7210,2638,3842,4421,4836,3787,5885,3936,2015-08-03,4665.892857142857,3833.714285714286,6606.214285714285,2496.785714285714,3466.6428571428573,3990.3928571428573,3884.5714285714284,3622.0714285714284,4139.464285714285,3346.4285714285716
d_1649,4418,3469,6602,2406,3257,3489,3614,3048,4077,3278,2015-08-04,4666.178571428572,3852.285714285714,6613.928571428572,2494.785714285714,3468.464285714286,3971.4285714285716,3876.464285714286,3619.1428571428573,4145.178571428572,3355.1428571428573
d_1650,4202,3263,6426,2463,3509,3819,3687,3183,4602,3125,2015-08-05,4672.321428571428,3864.1071428571427,6625.642857142857,2500.464285714286,3487.0,3986.1785714285716,3893.6428571428573,3619.785714285714,4137.285714285715,3356.214285714286
d_1651,4332,3294,6140,2207,3327,3857,3693,2862,4719,3367,2015-08-06,4676.321428571428,3869.8214285714284,6623.5,2490.5,3495.3214285714284,3996.8571428571427,3888.1071428571427,3599.785714285714,4132.5,3355.214285714286
d_1652,4782,4263,6567,2268,3385,4227,3944,3380,3958,3363,2015-08-07,4663.821428571428,3891.25,6619.464285714285,2482.285714285714,3506.0,4009.5,3900.3214285714284,3584.3928571428573,4124.821428571428,3354.714285714286
d_1653,6020,5154,8126,2756,4153,4693,4408,3839,4917,4038,2015-08-08,4677.714285714285,3886.25,6651.142857142857,2483.0,3517.1428571428573,4016.1785714285716,3900.75,3560.3214285714284,4120.857142857143,3348.1785714285716
d_1654,6252,5385,8833,2972,4387,5233,4832,4070,5726,4271,2015-08-09,4689.607142857143,3900.9285714285716,6686.392857142857,2492.3571428571427,3515.6071428571427,4024.3571428571427,3900.535714285714,3546.0714285714284,4142.142857142857,3348.0714285714284
d_1655,4720,3512,7290,2436,3143,3486,3943,2960,3736,3098,2015-08-10,4700.178571428572,3914.4285714285716,6711.107142857143,2485.035714285714,3504.6785714285716,3990.9285714285716,3894.035714285714,3544.285714285714,4138.821428571428,3336.3571428571427
d_1656,4147,3277,6422,2251,2941,3462,3422,3145,4152,3230,2015-08-11,4712.392857142857,3918.1428571428573,6723.928571428572,2483.6428571428573,3498.1785714285716,3989.6785714285716,3891.1428571428573,3542.214285714286,4125.107142857143,3321.785714285714
d_1657,4074,3574,5992,2469,3559,3552,3758,2850,4592,2931,2015-08-12,4716.071428571428,3930.9285714285716,6715.5,2488.6785714285716,3502.8571428571427,3983.0714285714284,3901.1785714285716,3526.1071428571427,4110.607142857143,3304.6428571428573
d_1658,3671,3396,6209,2251,3274,3905,3590,3097,3852,2810,2015-08-13,4700.857142857143,3927.4285714285716,6717.5,2476.6785714285716,3505.75,3990.4285714285716,3903.5,3515.0,4097.642857142857,3294.035714285714
d_1659,4419,4103,6242,2259,3304,4180,3744,3506,5132,3873,2015-08-14,4694.464285714285,3929.0,6713.5,2464.6785714285716,3497.3571428571427,3987.464285714286,3896.75,3479.9285714285716,4130.25,3296.6785714285716
d_1660,5408,5413,7788,2817,3963,4761,4535,4055,5477,4219,2015-08-15,4704.285714285715,3931.464285714286,6727.464285714285,2474.8214285714284,3495.0714285714284,3982.214285714286,3906.285714285714,3477.6071428571427,4175.142857142857,3314.8571428571427
d_1661,6154,6074,8979,2991,4224,4770,4411,4399,4447,4091,2015-08-16,4722.107142857143,3971.25,6754.357142857143,2482.8928571428573,3488.214285714286,3985.6785714285716,3897.0,3481.5,4182.285714285715,3322.3571428571427
d_1662,4760,3548,7250,2632,3267,3676,3541,3246,4047,3145,2015-08-17,4735.357142857143,3976.785714285714,6778.214285714285,2490.285714285714,3473.25,3983.1785714285716,3886.214285714286,3489.785714285714,4199.357142857143,3331.1071428571427
d_1663,3796,3444,6455,2261,2846,3235,3422,3101,3731,2954,2015-08-18,4735.357142857143,3983.6785714285716,6792.857142857143,2482.4285714285716,3469.0714285714284,3989.0714285714284,3883.0714285714284,3495.964285714286,4214.464285714285,3337.1071428571427
d_1664,3868,3342,6381,2338,2401,3045,2981,3043,3595,2713,2015-08-19,4726.857142857143,3997.714285714286,6824.0,2490.285714285714,3447.5714285714284,3985.3928571428573,3872.964285714286,3491.1785714285716,4221.142857142857,3337.785714285714
d_1665,3876,3340,5693,2453,2445,3098,2879,2791,3434,2507,2015-08-20,4728.035714285715,4001.4285714285716,6817.785714285715,2500.1071428571427,3423.1428571428573,3971.3571428571427,3851.8928571428573,3488.9285714285716,4224.285714285715,3327.964285714286
d_1666,4198,4081,5837,2222,3063,3666,3751,3350,3611,3184,2015-08-21,4721.142857142857,4006.25,6808.857142857143,2487.6071428571427,3417.0,3961.8571428571427,3847.1071428571427,3479.25,4226.714285714285,3326.3571428571427
d_1667,5122,5410,7798,2732,3892,4360,4325,4248,3854,3339,2015-08-22,4739.392857142857,4026.6428571428573,6832.214285714285,2497.5,3423.0,3962.1071428571427,3847.8214285714284,3486.8214285714284,4233.321428571428,3321.035714285714
d_1668,6222,5509,7836,2880,4146,4863,4811,3991,4068,3270,2015-08-23,4773.964285714285,4045.464285714286,6854.607142857143,2501.6428571428573,3418.75,3975.5,3864.6071428571427,3489.3571428571427,4241.535714285715,3326.0
d_1669,3888,3164,6204,2387,3001,3891,3688,2929,3366,2575,2015-08-24,4743.571428571428,4042.1071428571427,6850.607142857143,2499.6428571428573,3417.1785714285716,3980.964285714286,3878.5,3484.785714285714,4242.714285714285,3314.464285714286
d_1670,3364,3087,5484,2252,2366,2774,3511,2689,3195,2573,2015-08-25,4722.607142857143,4043.535714285714,6838.25,2503.8571428571427,3398.5714285714284,3957.3571428571427,3885.0714285714284,3478.5,4251.285714285715,3316.214285714286
d_1671,3558,3037,5327,2148,2489,3108,3235,3027,3559,2479,2015-08-26,4719.964285714285,4040.75,6834.392857142857,2502.0,3389.9285714285716,3952.6071428571427,3896.035714285714,3483.9285714285716,4270.071428571428,3318.9285714285716
d_1672,3544,3310,5405,2128,2581,2888,3071,2862,3637,2650,2015-08-27,4701.107142857143,4048.535714285714,6825.678571428572,2490.3928571428573,3378.6428571428573,3938.035714285714,3899.214285714286,3471.5714285714284,4282.642857142857,3318.8214285714284
d_1673,4001,4100,5921,2321,2622,3225,3304,3685,4037,3035,2015-08-28,4670.25,4054.1785714285716,6817.035714285715,2489.1428571428573,3355.1428571428573,3904.6071428571427,3872.285714285714,3452.75,4262.964285714285,3289.6071428571427
d_1674,5368,5641,7568,2696,3354,4093,3930,4553,4606,3427,2015-08-29,4652.071428571428,4063.6428571428573,6808.25,2481.3214285714284,3317.285714285714,3878.0,3843.6071428571427,3446.6071428571427,4258.5,3278.8928571428573
d_1675,5869,6009,8234,3207,3910,4637,4448,4499,4097,3607,2015-08-30,4619.964285714285,4091.964285714286,6793.535714285715,2494.3214285714284,3308.964285714286,3871.9285714285716,3832.6428571428573,3435.535714285714,4218.178571428572,3253.1428571428573
d_1676,4164,3379,6050,2630,2588,3329,3227,3289,4069,3160,2015-08-31,4578.464285714285,4092.0714285714284,6752.107142857143,2494.035714285714,3264.1785714285716,3832.9285714285716,3775.1785714285716,3417.75,4153.321428571428,3225.4285714285716
d_1677,3983,3415,6423,2484,3038,3452,3696,3258,4852,3354,2015-09-01,4562.928571428572,4090.1428571428573,6745.714285714285,2496.8214285714284,3256.3571428571427,3831.6071428571427,3778.1071428571427,3425.25,4181.0,3228.1428571428573
d_1678,3785,3518,6059,2463,2712,3361,3130,3189,4936,3437,2015-09-02,4548.035714285715,4099.25,6732.607142857143,2496.8214285714284,3227.8928571428573,3815.25,3758.214285714286,3425.464285714286,4192.928571428572,3239.285714285714
d_1679,4327,3450,6116,2329,2913,3382,4114,3329,5965,3694,2015-09-03,4547.857142857143,4104.821428571428,6731.75,2501.1785714285716,3213.1071428571427,3798.285714285714,3773.25,3442.1428571428573,4237.428571428572,3250.964285714286
d_1680,4728,4250,6452,2629,2863,3515,3481,3537,4405,3410,2015-09-04,4545.928571428572,4104.357142857143,6727.642857142857,2514.0714285714284,3194.464285714286,3772.8571428571427,3756.714285714286,3447.75,4253.392857142857,3252.6428571428573
d_1681,5757,5370,7378,2489,3828,4341,4420,4235,5550,4119,2015-09-05,4536.535714285715,4112.071428571428,6700.928571428572,2504.535714285714,3182.8571428571427,3760.285714285714,3757.1428571428573,3461.8928571428573,4276.0,3255.535714285714
d_1682,5476,5186,7026,2210,3802,4165,4167,3736,5189,4291,2015-09-06,4508.821428571428,4104.964285714285,6636.392857142857,2477.3214285714284,3161.964285714286,3722.1428571428573,3733.3928571428573,3449.964285714286,4256.821428571428,3256.25
d_1683,5636,5045,7827,2683,3619,4851,4304,3556,4338,3903,2015-09-07,4541.535714285715,4159.714285714285,6655.571428571428,2486.1428571428573,3178.964285714286,3770.8928571428573,3746.285714285714,3471.25,4278.321428571428,3285.0
d_1684,4106,3204,6686,2512,2582,3277,3419,2658,4630,3095,2015-09-08,4540.071428571428,4157.107142857143,6665.0,2495.464285714286,3166.1428571428573,3764.285714285714,3746.1785714285716,3453.8571428571427,4295.392857142857,3280.1785714285716
d_1685,3813,3409,6748,2378,2969,3215,3419,3179,5553,3419,2015-09-09,4530.75,4151.214285714285,6692.0,2492.214285714286,3145.0714285714284,3752.25,3734.0714285714284,3465.6071428571427,4329.714285714285,3297.6071428571427
d_1686,3845,3443,6538,2559,2621,3066,3208,2989,4362,3062,2015-09-10,4536.964285714285,4152.892857142857,6703.75,2503.214285714286,3121.75,3722.285714285714,3720.4285714285716,3461.75,4347.928571428572,3306.6071428571427
d_1687,4380,3945,6416,2462,2975,3509,3593,3832,5482,3692,2015-09-11,4535.571428571428,4147.25,6709.964285714285,2510.464285714286,3110.0,3698.3214285714284,3715.035714285714,3473.3928571428573,4360.428571428572,3300.1428571428573
d_1688,5467,5722,7593,2799,3692,5001,4449,4765,6070,4545,2015-09-12,4537.678571428572,4158.285714285715,6703.0,2509.8214285714284,3100.3214285714284,3706.8928571428573,3711.964285714286,3498.75,4381.607142857143,3311.785714285714
d_1689,6052,5722,8814,2964,4255,5124,4926,4173,4968,4342,2015-09-13,4534.035714285715,4145.714285714285,6697.107142857143,2508.8571428571427,3101.4285714285716,3719.535714285714,3730.3571428571427,3490.6785714285716,4400.214285714285,3320.75
d_1690,4133,3301,6056,2428,3139,3590,3726,3157,4930,3611,2015-09-14,4511.642857142857,4136.892857142857,6654.464285714285,2501.5714285714284,3096.8571428571427,3716.464285714286,3736.964285714286,3487.5,4431.75,3337.3928571428573
d_1691,3928,3333,5983,2561,2925,3408,3610,2985,4907,3785,2015-09-15,4516.357142857143,4132.928571428572,6637.607142857143,2512.285714285714,3099.6785714285716,3722.6428571428573,3743.6785714285716,3483.3571428571427,4473.75,3367.0714285714284
d_1692,3405,3214,5358,2232,2719,3246,3362,2822,4255,3032,2015-09-16,4499.821428571428,4128.357142857143,6601.071428571428,2508.5,3111.035714285714,3729.8214285714284,3757.285714285714,3475.464285714286,4497.321428571428,3378.464285714286
d_1693,3773,3195,5478,2291,2797,3432,3230,3094,3906,2802,2015-09-17,4496.142857142857,4123.178571428572,6593.392857142857,2502.714285714286,3123.6071428571427,3741.75,3769.8214285714284,3486.285714285714,4514.178571428572,3389.0
d_1694,4675,3868,6336,2313,3117,3842,3536,3426,4299,3277,2015-09-18,4513.178571428572,4115.571428571428,6611.214285714285,2505.964285714286,3125.535714285714,3748.035714285714,3762.1428571428573,3489.0,4538.75,3392.3214285714284
d_1695,5627,5767,8179,2749,3939,4675,4242,4444,4483,4174,2015-09-19,4531.214285714285,4128.321428571428,6624.821428571428,2506.5714285714284,3127.214285714286,3759.285714285714,3759.1785714285716,3496.0,4561.214285714285,3422.1428571428573
d_1696,6123,5768,8300,2969,4245,5160,4774,4175,4319,4146,2015-09-20,4527.678571428572,4137.571428571428,6641.392857142857,2509.75,3130.75,3769.8928571428573,3757.8571428571427,3502.5714285714284,4570.178571428572,3453.4285714285716
d_1697,4425,3714,6339,2758,2947,3363,3322,2697,3679,2901,2015-09-21,4546.857142857143,4157.214285714285,6646.214285714285,2523.0,3128.8214285714284,3751.035714285714,3744.785714285714,3494.285714285714,4581.357142857143,3465.0714285714284
d_1698,3912,3306,6133,2402,2784,3219,3235,2761,3136,2630,2015-09-22,4566.428571428572,4165.035714285715,6669.392857142857,2528.3571428571427,3143.75,3766.9285714285716,3734.9285714285716,3496.8571428571427,4579.25,3467.1071428571427
d_1699,3656,3096,6027,2319,2804,3616,3209,2674,3525,2571,2015-09-23,4569.928571428572,4167.142857142857,6694.392857142857,2534.464285714286,3155.0,3785.0714285714284,3734.0,3484.25,4578.035714285715,3470.3928571428573
d_1700,3430,3405,5404,2371,2587,3279,3321,2877,3560,2733,2015-09-24,4565.857142857143,4170.535714285715,6694.357142857143,2543.1428571428573,3155.214285714286,3799.035714285714,3742.9285714285716,3484.785714285714,4575.285714285715,3473.3571428571427
d_1701,4515,4127,6264,2526,2918,3830,3265,3447,4352,3436,2015-09-25,4584.214285714285,4171.5,6706.607142857143,2550.464285714286,3165.785714285714,3820.6428571428573,3741.535714285714,3476.285714285714,4586.535714285715,3487.6785714285716
d_1702,5421,5795,7427,2995,3540,4585,4161,4394,4492,3826,2015-09-26,4586.107142857143,4177.0,6701.571428571428,2561.1428571428573,3172.4285714285716,3838.214285714286,3749.785714285714,3470.6071428571427,4582.464285714285,3501.9285714285716
d_1703,5838,5769,7837,3018,3842,4502,4266,4312,4229,4000,2015-09-27,4585.0,4168.428571428572,6687.392857142857,2554.3928571428573,3170.0,3833.3928571428573,3743.285714285714,3463.9285714285716,4587.178571428572,3515.964285714286
d_1704,4053,3497,6071,2638,2456,3611,3265,2711,3098,2862,2015-09-28,4581.035714285715,4172.642857142857,6688.142857142857,2554.6785714285716,3165.285714285714,3843.464285714286,3744.6428571428573,3443.285714285714,4552.5,3505.3214285714284
d_1705,3293,3155,5261,1968,2563,3077,2747,2788,3282,2481,2015-09-29,4556.392857142857,4163.357142857143,6646.642857142857,2536.25,3148.3214285714284,3830.0714285714284,3710.75,3426.5,4496.428571428572,3474.1428571428573
d_1706,3377,2920,5338,2317,2444,2951,2957,2860,3565,2541,2015-09-30,4541.821428571428,4142.0,6620.892857142857,2531.035714285714,3138.75,3815.4285714285716,3704.5714285714284,3414.75,4447.464285714285,3442.1428571428573
d_1707,3941,3622,5867,2296,2942,3948,4051,3285,4661,3064,2015-10-01,4528.035714285715,4148.142857142857,6612.0,2529.8571428571427,3139.785714285714,3835.6428571428573,3702.3214285714284,3413.1785714285716,4400.892857142857,3419.6428571428573
d_1708,5145,4600,6515,2522,3323,3902,4105,3998,5988,4278,2015-10-02,4542.928571428572,4160.642857142857,6614.25,2526.035714285714,3156.214285714286,3849.464285714286,3724.6071428571427,3429.6428571428573,4457.428571428572,3450.6428571428573
d_1709,6433,6080,8592,3181,3868,5058,4696,5027,6413,5339,2015-10-03,4567.071428571428,4186.0,6657.607142857143,2550.75,3157.6428571428573,3875.0714285714284,3734.464285714286,3457.9285714285716,4488.25,3494.214285714286
d_1710,6668,6199,8674,3188,4053,4998,4881,4320,5283,4631,2015-10-04,4609.642857142857,4222.178571428572,6716.464285714285,2585.6785714285716,3166.6071428571427,3904.8214285714284,3759.964285714286,3478.785714285714,4491.607142857143,3506.3571428571427
d_1711,4847,3747,7246,2671,3178,3942,4364,3225,5370,3884,2015-10-05,4581.464285714285,4175.821428571428,6695.714285714285,2585.25,3150.8571428571427,3872.3571428571427,3762.1071428571427,3466.964285714286,4528.464285714285,3505.6785714285716
d_1712,4138,3375,6284,2366,3138,3668,3957,3061,5184,3684,2015-10-06,4582.607142857143,4181.928571428572,6681.357142857143,2580.035714285714,3170.714285714286,3886.3214285714284,3781.3214285714284,3481.3571428571427,4548.25,3526.714285714286
d_1713,3956,3175,6160,2506,2851,3411,3886,2768,4047,3127,2015-10-07,4587.714285714285,4173.571428571428,6660.357142857143,2584.6071428571427,3166.5,3893.3214285714284,3798.0,3466.6785714285716,4494.464285714285,3516.285714285714
d_1714,3992,3456,5916,2498,2512,3559,3888,3297,5314,3387,2015-10-08,4592.964285714285,4174.035714285715,6638.142857142857,2582.4285714285716,3162.6071428571427,3910.9285714285716,3822.285714285714,3477.6785714285716,4528.464285714285,3527.8928571428573
d_1715,4748,4388,6812,2538,3230,4251,3841,4186,5290,4311,2015-10-09,4606.107142857143,4189.857142857143,6652.285714285715,2585.1428571428573,3171.714285714286,3937.4285714285716,3831.1428571428573,3490.3214285714284,4521.607142857143,3550.0
d_1716,5923,5657,7767,2737,3736,4305,4487,4799,4979,4397,2015-10-10,4622.392857142857,4187.535714285715,6658.5,2582.9285714285716,3173.285714285714,3912.5714285714284,3832.5,3491.535714285714,4482.642857142857,3544.714285714286
d_1717,6025,6071,6283,2950,4227,4977,4794,4262,5475,4640,2015-10-11,4621.428571428572,4200.0,6568.107142857143,2582.4285714285716,3172.285714285714,3907.3214285714284,3827.785714285714,3494.714285714286,4500.75,3555.3571428571427
d_1718,4880,3742,7279,2572,3527,3801,4094,3303,5376,3666,2015-10-12,4648.107142857143,4215.75,6611.785714285715,2587.5714285714284,3186.1428571428573,3914.8571428571427,3840.9285714285716,3499.9285714285716,4516.678571428572,3557.3214285714284
d_1719,3977,3285,5827,2247,3032,3534,3610,2992,4012,3165,2015-10-13,4649.857142857143,4214.035714285715,6606.214285714285,2576.3571428571427,3189.964285714286,3919.3571428571427,3840.9285714285716,3500.1785714285716,4484.714285714285,3535.1785714285716
d_1720,3665,3064,5745,2312,2576,3189,2392,3217,4511,3577,2015-10-14,4659.142857142857,4208.678571428572,6620.035714285715,2579.214285714286,3184.8571428571427,3917.3214285714284,3806.285714285714,3514.285714285714,4493.857142857143,3554.6428571428573
d_1721,3611,3243,5404,2288,2775,3472,4006,3062,4911,3581,2015-10-15,4653.357142857143,4210.392857142857,6617.392857142857,2579.1071428571427,3184.0714285714284,3918.75,3834.0,3513.1428571428573,4529.75,3582.464285714286
d_1722,4122,4189,5769,2169,2899,3862,3525,3601,4621,3665,2015-10-16,4633.607142857143,4221.857142857143,6597.142857142857,2573.964285714286,3176.285714285714,3919.464285714286,3833.6071428571427,3519.3928571428573,4541.25,3596.3214285714284
d_1723,5582,5870,7446,2866,3624,4556,4490,4445,4556,4378,2015-10-17,4632.0,4225.535714285715,6570.964285714285,2578.1428571428573,3165.035714285714,3915.214285714286,3842.464285714286,3519.4285714285716,4543.857142857143,3603.6071428571427
d_1724,6214,5895,8037,2941,3940,4695,4338,4228,4409,4267,2015-10-18,4635.25,4230.071428571428,6561.571428571428,2577.1428571428573,3154.1428571428573,3898.6071428571427,3826.8928571428573,3521.3214285714284,4547.071428571428,3607.9285714285716
d_1725,4094,3292,6022,2597,2887,3674,3555,3019,3309,2853,2015-10-19,4623.428571428572,4215.0,6550.25,2571.3928571428573,3152.0,3909.714285714286,3835.214285714286,3532.8214285714284,4533.857142857143,3606.214285714286
d_1726,3717,3246,5514,2511,2437,3363,3283,2841,3218,2974,2015-10-20,4616.464285714285,4212.857142857143,6528.142857142857,2575.285714285714,3139.6071428571427,3914.8571428571427,3836.9285714285716,3535.6785714285716,4536.785714285715,3618.5
d_1727,3717,3248,5240,2137,2570,3215,3161,3092,3241,2790,2015-10-21,4618.642857142857,4218.285714285715,6500.035714285715,2568.785714285714,3131.25,3900.535714285714,3835.214285714286,3550.6071428571427,4526.642857142857,3626.3214285714284
d_1728,3211,3292,5480,2128,2727,3236,3363,2891,3746,2696,2015-10-22,4610.821428571428,4214.25,6502.75,2560.1071428571427,3136.25,3899.0,3836.714285714286,3551.1071428571427,4533.285714285715,3625.0
d_1729,4076,4181,5520,2340,3029,4264,3860,3950,3558,3243,2015-10-23,4595.142857142857,4216.178571428572,6476.178571428572,2553.464285714286,3140.214285714286,3914.5,3857.964285714286,3569.0714285714284,4504.928571428572,3618.1071428571427
d_1730,5164,5559,6559,2767,3275,4384,3933,4890,4515,3960,2015-10-24,4585.964285714285,4207.75,6445.178571428572,2545.3214285714284,3130.75,3907.3214285714284,3849.8214285714284,3586.785714285714,4505.75,3622.8928571428573
d_1731,6013,5766,7897,2956,3395,3836,3685,4328,4345,3958,2015-10-25,4592.214285714285,4207.642857142857,6447.321428571428,2543.1071428571427,3114.785714285714,3883.535714285714,3829.0714285714284,3587.3571428571427,4509.892857142857,3621.3928571428573
d_1732,3953,3413,5914,2308,2778,3797,3533,2918,3568,2910,2015-10-26,4588.642857142857,4204.642857142857,6441.714285714285,2531.3214285714284,3126.285714285714,3890.1785714285716,3838.6428571428573,3594.75,4526.678571428572,3623.1071428571427
d_1733,3658,3315,5475,2410,2498,3132,3074,2793,3261,2703,2015-10-27,4601.678571428572,4210.357142857143,6449.357142857143,2547.1071428571427,3123.964285714286,3892.1428571428573,3850.3214285714284,3594.9285714285716,4525.928571428572,3631.035714285714
d_1734,3400,3198,5379,2276,2527,3213,3011,2640,3179,2444,2015-10-28,4602.5,4220.285714285715,6450.821428571428,2545.6428571428573,3126.9285714285716,3901.5,3852.25,3587.0714285714284,4512.142857142857,3627.5714285714284
d_1735,3380,3406,5449,2363,2622,3249,3318,2980,3695,2770,2015-10-29,4582.464285714285,4212.571428571428,6435.892857142857,2548.035714285714,3115.5,3876.535714285714,3826.0714285714284,3576.1785714285716,4477.642857142857,3617.0714285714284
d_1736,4523,4372,5654,2563,2872,3930,3518,4199,4862,4021,2015-10-30,4560.25,4204.428571428572,6405.142857142857,2549.5,3099.3928571428573,3877.535714285714,3805.1071428571427,3583.3571428571427,4437.428571428572,3607.8928571428573
d_1737,5214,5604,6500,3058,3182,3187,3526,4159,4431,3882,2015-10-31,4516.714285714285,4187.428571428572,6330.428571428572,2545.1071428571427,3074.8928571428573,3810.714285714286,3763.3214285714284,3552.3571428571427,4366.642857142857,3555.8571428571427
d_1738,5260,5925,8010,2750,3754,4548,4512,4305,3953,3977,2015-11-01,4466.428571428572,4177.642857142857,6306.714285714285,2529.464285714286,3064.214285714286,3794.6428571428573,3750.1428571428573,3551.8214285714284,4319.142857142857,3532.5
d_1739,4173,3093,5774,2491,2741,3497,3508,3155,4486,3539,2015-11-02,4442.357142857143,4154.285714285715,6254.142857142857,2523.035714285714,3048.6071428571427,3778.75,3719.5714285714284,3549.3214285714284,4287.571428571428,3520.1785714285716
d_1740,4103,3340,6020,2589,2763,3332,3864,3197,4916,3873,2015-11-03,4441.107142857143,4153.035714285715,6244.714285714285,2531.0,3035.214285714286,3766.75,3716.25,3554.1785714285716,4278.0,3526.9285714285716
d_1741,3622,3178,5365,2101,2519,3098,3301,2578,3605,2735,2015-11-04,4429.178571428572,4153.142857142857,6216.321428571428,2516.535714285714,3023.3571428571427,3755.5714285714284,3695.3571428571427,3547.3928571428573,4262.214285714285,3512.9285714285716
d_1742,3541,3290,5312,2278,2615,3471,3139,3027,4551,3451,2015-11-05,4413.071428571428,4147.214285714285,6194.75,2508.6785714285716,3027.035714285714,3752.4285714285716,3668.6071428571427,3537.75,4234.964285714285,3515.214285714286
d_1743,4284,3901,5702,2356,2981,3832,3696,3728,5062,4079,2015-11-06,4396.5,4129.821428571428,6155.107142857143,2502.1785714285716,3018.1428571428573,3737.464285714286,3663.4285714285716,3521.3928571428573,4226.821428571428,3506.9285714285716
d_1744,5414,5575,6934,2753,3510,4906,4348,4687,4749,4465,2015-11-07,4378.321428571428,4126.892857142857,6125.357142857143,2502.75,3010.0714285714284,3758.9285714285716,3658.464285714286,3517.3928571428573,4218.607142857143,3509.3571428571427
d_1745,5599,5388,8217,2738,3689,4598,4151,4134,5382,4515,2015-11-08,4363.107142857143,4102.5,6194.428571428572,2495.1785714285716,2990.8571428571427,3745.3928571428573,3635.5,3512.8214285714284,4215.285714285715,3504.8928571428573
d_1746,3828,3136,5788,2268,2963,3587,3770,3028,4703,3844,2015-11-09,4325.535714285715,4080.8571428571427,6141.178571428572,2484.3214285714284,2970.714285714286,3737.75,3623.9285714285716,3503.0,4191.25,3511.25
d_1747,3928,3315,5498,2251,2410,3476,3206,2735,3585,2970,2015-11-10,4323.785714285715,4081.9285714285716,6129.428571428572,2484.464285714286,2948.5,3735.6785714285716,3609.5,3493.8214285714284,4176.0,3504.285714285714
d_1748,3702,3424,5187,2097,2744,3122,3012,2976,4071,3003,2015-11-11,4325.107142857143,4094.785714285714,6109.5,2476.785714285714,2954.5,3733.285714285714,3631.6428571428573,3485.214285714286,4160.285714285715,3483.785714285714
d_1749,2984,3058,4877,2218,2518,3070,3446,2752,5038,3281,2015-11-12,4302.714285714285,4088.1785714285716,6090.678571428572,2474.285714285714,2945.3214285714284,3718.9285714285716,3611.6428571428573,3474.1428571428573,4164.821428571428,3473.0714285714284
d_1750,3652,3851,5008,2081,2941,3468,3579,3806,4355,3454,2015-11-13,4285.928571428572,4076.1071428571427,6063.5,2471.1428571428573,2946.8214285714284,3704.8571428571427,3613.5714285714284,3481.464285714286,4155.321428571428,3465.535714285714
d_1751,4954,5562,6785,2505,3371,4286,4136,5297,5318,5128,2015-11-14,4263.5,4065.1071428571427,6039.892857142857,2458.25,2937.785714285714,3695.214285714286,3600.9285714285716,3511.8928571428573,4182.535714285715,3492.3214285714284
d_1752,5817,5522,7294,3004,3973,4820,4764,4225,5782,4554,2015-11-15,4249.321428571428,4051.785714285714,6013.357142857143,2460.5,2938.964285714286,3699.6785714285716,3616.1428571428573,3511.785714285714,4231.571428571428,3502.5714285714284
d_1753,3592,3383,5594,2558,2940,3899,3527,2791,4044,3407,2015-11-16,4231.392857142857,4055.035714285714,5998.071428571428,2459.1071428571427,2940.8571428571427,3707.714285714286,3615.1428571428573,3503.6428571428573,4257.821428571428,3522.3571428571427
d_1754,3503,2966,4979,2326,2295,2598,2743,2271,3055,2438,2015-11-17,4223.75,4045.035714285714,5978.964285714285,2452.5,2935.785714285714,3680.3928571428573,3595.8571428571427,3483.285714285714,4252.0,3503.214285714286
d_1755,3463,2964,4867,2022,2698,3349,3386,2975,3447,2989,2015-11-18,4214.678571428572,4034.8928571428573,5965.642857142857,2448.3928571428573,2940.3571428571427,3685.1785714285716,3603.8928571428573,3479.1071428571427,4259.357142857143,3510.3214285714284
d_1756,3359,3176,4516,2210,2694,3390,3129,3188,3660,3043,2015-11-19,4219.964285714285,4030.75,5931.214285714285,2451.3214285714284,2939.1785714285716,3690.6785714285716,3595.535714285714,3489.714285714286,4256.285714285715,3522.714285714286
d_1757,4037,3658,5144,2342,2784,3394,3383,4876,4874,3865,2015-11-20,4218.571428571428,4012.0714285714284,5917.785714285715,2451.3928571428573,2930.4285714285716,3659.6071428571427,3578.5,3522.785714285714,4303.285714285715,3544.9285714285716
d_1758,5115,5758,6309,2750,3578,4276,3938,3532,3881,3656,2015-11-21,4216.821428571428,4019.1785714285716,5908.857142857143,2450.785714285714,2941.25,3655.75,3578.6785714285716,3474.285714285714,4280.642857142857,3534.0714285714284
d_1759,5614,5212,7376,2636,3731,4317,4024,4436,3765,3814,2015-11-22,4202.571428571428,3999.3928571428573,5890.25,2439.3571428571427,2953.25,3672.9285714285716,3590.785714285714,3478.1428571428573,4259.928571428572,3528.9285714285716
d_1760,4607,3481,5596,2372,2924,3516,3301,3073,3305,2965,2015-11-23,4225.928571428572,4001.8214285714284,5878.892857142857,2441.6428571428573,2958.464285714286,3662.8928571428573,3582.5,3483.6785714285716,4250.535714285715,3530.8928571428573
d_1761,3942,3349,5216,2430,2850,3484,3262,3185,3460,3044,2015-11-24,4236.071428571428,4003.035714285714,5869.642857142857,2442.3571428571427,2971.035714285714,3675.464285714286,3589.214285714286,3497.6785714285716,4257.642857142857,3543.0714285714284
d_1762,4438,4165,5851,2641,3339,4368,3925,3743,3872,3782,2015-11-25,4273.142857142857,4037.5714285714284,5886.5,2455.3928571428573,3000.035714285714,3716.714285714286,3621.8571428571427,3537.0714285714284,4282.392857142857,3590.8571428571427
d_1763,2160,2265,3674,1471,2688,2848,2319,1607,1801,2798,2015-11-26,4229.571428571428,3996.8214285714284,5823.107142857143,2423.535714285714,3002.3928571428573,3702.3928571428573,3586.1785714285716,3488.035714285714,4214.75,3591.8571428571427
d_1764,2696,3404,3972,1465,2402,2970,2556,2713,2629,2774,2015-11-27,4164.321428571428,3962.25,5763.035714285715,2384.3214285714284,2985.6071428571427,3668.1071428571427,3551.8214285714284,3434.964285714286,4135.0,3547.3214285714284
d_1765,3812,4167,5075,2034,2564,3391,3239,3676,2972,3282,2015-11-28,4114.25,3910.9285714285716,5712.142857142857,2347.75,2963.535714285714,3675.3928571428573,3541.5714285714284,3417.714285714286,4082.8928571428573,3525.8928571428573
d_1766,4585,4222,5991,2418,3141,3446,3298,3965,3491,3225,2015-11-29,4090.1428571428573,3850.1071428571427,5640.035714285715,2335.8928571428573,2941.6428571428573,3636.035714285714,3498.214285714286,3405.5714285714284,4066.3928571428573,3499.035714285714
d_1767,3806,3309,5055,2279,2411,3151,3213,2828,3125,2839,2015-11-30,4077.035714285714,3857.8214285714284,5614.357142857143,2328.3214285714284,2929.8571428571427,3623.6785714285716,3487.6785714285716,3393.8928571428573,4017.785714285714,3474.035714285714
d_1768,3879,3417,5284,2243,2766,3332,3641,3253,4045,2958,2015-12-01,4069.035714285714,3860.5714285714284,5588.071428571428,2315.964285714286,2929.964285714286,3623.6785714285716,3479.714285714286,3395.8928571428573,3986.6785714285716,3441.3571428571427
d_1769,3673,3179,5136,2186,2510,2782,3209,2913,4864,3280,2015-12-02,4070.8571428571427,3860.6071428571427,5579.892857142857,2319.0,2929.6428571428573,3612.3928571428573,3476.4285714285716,3407.8571428571427,4031.6428571428573,3460.8214285714284
d_1770,3691,3490,5543,2296,2820,3194,3680,3711,5578,4026,2015-12-03,4076.214285714286,3867.75,5588.142857142857,2319.6428571428573,2936.964285714286,3602.5,3495.75,3432.285714285714,4068.3214285714284,3481.3571428571427
d_1771,4084,4315,5749,2518,2844,3127,3170,4334,4306,3740,2015-12-04,4069.0714285714284,3882.535714285714,5589.821428571428,2325.4285714285716,2932.0714285714284,3577.3214285714284,3476.964285714286,3453.9285714285716,4041.3214285714284,3469.25
d_1772,5286,5623,6837,2456,3443,4141,3865,5293,5302,4779,2015-12-05,4064.5,3884.25,5586.357142857143,2314.8214285714284,2929.6785714285716,3550.0,3459.714285714286,3475.5714285714284,4061.0714285714284,3480.464285714286
d_1773,5352,5781,7334,2634,3660,4597,4122,4882,5675,4378,2015-12-06,4055.6785714285716,3898.285714285714,5554.821428571428,2311.1071428571427,2928.6428571428573,3549.964285714286,3458.6785714285716,3502.285714285714,4071.535714285714,3475.5714285714284
d_1774,4020,3287,5461,2492,2723,3778,3634,3053,3956,3004,2015-12-07,4062.535714285714,3903.6785714285716,5543.142857142857,2319.1071428571427,2920.0714285714284,3556.785714285714,3453.8214285714284,3503.1785714285716,4044.8571428571427,3445.5714285714284
d_1775,3560,3089,5117,2090,2205,3192,3074,2818,4535,3233,2015-12-08,4049.3928571428573,3895.6071428571427,5529.535714285715,2313.3571428571427,2912.75,3546.6428571428573,3449.1071428571427,3506.1428571428573,4078.785714285714,3454.964285714286
d_1776,3417,3172,4877,2301,2470,3214,3096,3420,4471,3252,2015-12-09,4039.214285714286,3886.6071428571427,5518.464285714285,2320.6428571428573,2902.964285714286,3549.9285714285716,3452.1071428571427,3522.0,4093.0714285714284,3463.8571428571427
d_1777,3347,3019,5367,2069,2540,3186,3112,3036,3726,2757,2015-12-10,4052.1785714285716,3885.214285714286,5535.964285714285,2315.3214285714284,2903.75,3554.0714285714284,3440.1785714285716,3532.1428571428573,4046.214285714286,3445.1428571428573
d_1778,3733,3389,5291,2199,2875,3630,3242,3607,4901,3476,2015-12-11,4055.0714285714284,3868.714285714286,5546.071428571428,2319.535714285714,2901.3928571428573,3559.8571428571427,3428.1428571428573,3525.035714285714,4065.714285714286,3445.9285714285716
d_1779,5130,5255,6523,2456,3693,4509,3931,4612,5465,4401,2015-12-12,4061.3571428571427,3857.75,5536.714285714285,2317.785714285714,2912.8928571428573,3567.8214285714284,3420.8214285714284,3500.5714285714284,4070.964285714286,3419.964285714286
d_1780,5080,5263,6890,2480,4004,4466,4193,4177,4565,4015,2015-12-13,4035.035714285714,3848.5,5522.285714285715,2299.0714285714284,2914.0,3555.1785714285716,3400.4285714285716,3498.8571428571427,4027.5,3400.714285714286
d_1781,3989,3504,5568,2418,3028,4129,3666,3238,4633,3349,2015-12-14,4049.214285714286,3852.8214285714284,5521.357142857143,2294.0714285714284,2917.1428571428573,3563.3928571428573,3405.3928571428573,3514.8214285714284,4048.535714285714,3398.6428571428573
d_1782,3567,3401,5039,2181,2992,3925,3606,3396,4865,3158,2015-12-15,4051.5,3868.3571428571427,5523.5,2288.8928571428573,2942.035714285714,3610.785714285714,3436.214285714286,3555.0,4113.178571428572,3424.3571428571427
d_1783,3545,3358,5240,2163,2943,3579,3527,3179,3583,3006,2015-12-16,4054.4285714285716,3882.4285714285716,5536.821428571428,2293.9285714285716,2950.785714285714,3619.0,3441.25,3562.285714285714,4118.035714285715,3424.964285714286
d_1784,3791,3363,5516,2083,3000,3629,3768,3157,3925,3222,2015-12-17,4069.8571428571427,3889.1071428571427,5572.535714285715,2289.3928571428573,2961.714285714286,3627.535714285714,3464.0714285714284,3561.1785714285716,4127.5,3431.3571428571427
d_1785,3843,3573,5074,2104,2639,3506,3230,3765,3718,3304,2015-12-18,4062.9285714285716,3886.0714285714284,5570.035714285715,2280.8928571428573,2956.535714285714,3631.535714285714,3458.6071428571427,3521.5,4086.214285714286,3411.3214285714284
d_1786,5317,5764,6408,2451,3303,4167,3516,4654,4217,3691,2015-12-19,4070.1428571428573,3886.285714285714,5573.571428571428,2270.214285714286,2946.714285714286,3627.6428571428573,3443.535714285714,3561.5714285714284,4098.214285714285,3412.5714285714284
d_1787,5069,5017,6470,2440,3511,4469,3686,4522,3943,3884,2015-12-20,4050.6785714285716,3879.3214285714284,5541.214285714285,2263.214285714286,2938.8571428571427,3633.0714285714284,3431.464285714286,3564.6428571428573,4104.571428571428,3415.0714285714284
d_1788,4451,3623,5158,2185,2861,3664,3229,3735,3475,3141,2015-12-21,4045.1071428571427,3884.3928571428573,5525.571428571428,2256.535714285714,2936.6071428571427,3638.3571428571427,3428.8928571428573,3588.285714285714,4110.642857142857,3421.3571428571427
d_1789,4224,4074,5431,2297,2870,3547,3553,3620,3768,3228,2015-12-22,4055.1785714285716,3910.285714285714,5533.25,2251.785714285714,2937.3214285714284,3640.6071428571427,3439.285714285714,3603.8214285714284,4121.642857142857,3427.9285714285716
d_1790,4300,4454,5353,2415,2850,3959,3816,4267,3727,3611,2015-12-23,4050.25,3920.6071428571427,5515.464285714285,2243.714285714286,2919.8571428571427,3626.0,3435.3928571428573,3622.535714285714,4116.464285714285,3421.8214285714284
d_1791,3803,3753,4167,2118,2991,4148,3616,3772,4046,3813,2015-12-24,4108.928571428572,3973.75,5533.071428571428,2266.8214285714284,2930.6785714285716,3672.4285714285716,3481.714285714286,3699.8571428571427,4196.642857142857,3458.0714285714284
d_1792,0,2,4,0,1,0,3,2,1,1,2015-12-25,4012.6428571428573,3852.25,5391.357142857143,2214.5,2844.9285714285716,3566.3571428571427,3390.535714285714,3603.035714285714,4102.785714285715,3359.035714285714
d_1793,4137,4333,5918,1977,3725,4262,3919,3609,3036,3461,2015-12-26,4024.25,3858.1785714285716,5421.464285714285,2212.464285714286,2886.3928571428573,3597.464285714286,3414.8214285714284,3600.6428571428573,4105.071428571428,3365.4285714285716
d_1794,4010,4350,5585,2080,2859,3735,2933,3649,2972,3205,2015-12-27,4003.714285714286,3862.75,5406.964285714285,2200.3928571428573,2876.3214285714284,3607.785714285714,3401.785714285714,3589.3571428571427,4086.535714285714,3364.714285714286
d_1795,3867,3717,5316,2143,2737,3447,2981,1521,2342,1893,2015-12-28,4005.8928571428573,3877.3214285714284,5416.285714285715,2195.535714285714,2887.964285714286,3618.3571428571427,3393.5,3542.6785714285716,4058.5714285714284,3330.9285714285716
d_1796,3884,3646,5086,2053,2618,3164,3102,2683,3016,2641,2015-12-29,4006.0714285714284,3885.5,5409.214285714285,2188.75,2882.6785714285716,3612.3571428571427,3374.25,3522.3214285714284,4021.8214285714284,3319.6071428571427
d_1797,3613,3856,5209,2101,2612,3233,2895,3627,3800,3181,2015-12-30,4003.9285714285716,3909.6785714285716,5411.821428571428,2185.714285714286,2886.3214285714284,3628.464285714286,3363.035714285714,3547.8214285714284,3983.8214285714284,3316.0714285714284
d_1798,3994,4331,5472,2451,3186,4160,3816,4938,5898,4813,2015-12-31,4014.75,3939.714285714286,5409.285714285715,2191.25,2899.3928571428573,3662.964285714286,3367.8928571428573,3591.6428571428573,3995.25,3344.1785714285716
d_1799,3418,3679,4556,1711,2654,3213,2978,3567,3811,3064,2016-01-01,3990.964285714286,3917.0,5366.678571428572,2162.4285714285716,2892.6071428571427,3666.035714285714,3361.035714285714,3564.25,3977.5714285714284,3320.035714285714
d_1800,5085,4794,6654,2521,3043,3874,3491,5007,5439,4829,2016-01-02,3983.785714285714,3887.3928571428573,5360.142857142857,2164.75,2878.3214285714284,3656.5,3347.6785714285716,3554.035714285714,3982.464285714286,3321.8214285714284
d_1801,4986,5101,6781,2756,3127,4128,3826,4061,5281,4293,2016-01-03,3970.714285714286,3863.1071428571427,5340.392857142857,2169.1071428571427,2859.285714285714,3639.75,3337.1071428571427,3524.714285714286,3968.3928571428573,3318.785714285714
d_1802,4237,3591,5944,2683,2745,3551,3560,3044,4043,3295,2016-01-04,3978.464285714286,3873.964285714286,5357.642857142857,2175.9285714285716,2860.0714285714284,3631.6428571428573,3334.464285714286,3524.3928571428573,3971.5,3329.1785714285716
d_1803,3481,3079,5532,2329,2682,3378,3272,3315,4531,3707,2016-01-05,3975.6428571428573,3873.6071428571427,5372.464285714285,2184.464285714286,2877.1071428571427,3638.285714285714,3341.535714285714,3542.1428571428573,3971.3571428571427,3346.1071428571427
d_1804,3225,3261,5062,2024,2416,2879,2633,3032,4796,3357,2016-01-06,3968.785714285714,3876.785714285714,5379.071428571428,2174.5714285714284,2875.1785714285716,3626.3214285714284,3325.0,3528.285714285714,3982.964285714286,3349.8571428571427
d_1805,3867,3483,5644,2424,2688,3798,4021,2861,4110,3048,2016-01-07,3987.3571428571427,3893.3571428571427,5388.964285714285,2187.25,2880.464285714286,3648.1785714285716,3357.464285714286,3522.035714285714,3996.6785714285716,3360.25
d_1806,4404,3920,5785,2133,3012,3577,3454,3791,4892,3968,2016-01-08,4011.3214285714284,3912.3214285714284,5406.607142857143,2184.8928571428573,2885.3571428571427,3646.285714285714,3365.035714285714,3528.6071428571427,3996.3571428571427,3377.8214285714284
d_1807,6077,6081,7940,2824,4129,4727,4302,5284,6437,5079,2016-01-09,4045.1428571428573,3941.8214285714284,5457.214285714285,2198.035714285714,2900.9285714285716,3654.0714285714284,3378.285714285714,3552.6071428571427,4031.0714285714284,3402.035714285714
d_1808,5660,5682,8035,2839,3752,4775,4106,4086,4354,4080,2016-01-10,4065.8571428571427,3956.785714285714,5498.107142857143,2210.8571428571427,2891.9285714285716,3665.1071428571427,3375.1785714285716,3549.3571428571427,4023.535714285714,3404.3571428571427
d_1809,4001,3299,6440,2466,3027,3906,3593,2850,5047,3357,2016-01-11,4066.285714285714,3949.464285714286,5529.25,2212.5714285714284,2891.8928571428573,3657.1428571428573,3372.5714285714284,3535.5,4038.3214285714284,3404.6428571428573
d_1810,3377,3314,5123,2244,3195,3371,3624,2606,4646,3622,2016-01-12,4059.5,3946.3571428571427,5532.25,2214.8214285714284,2899.1428571428573,3637.3571428571427,3373.214285714286,3507.285714285714,4030.5,3421.214285714286
d_1811,3252,2904,4803,2042,2670,3384,3485,2694,4221,2776,2016-01-13,4049.035714285714,3930.1428571428573,5516.642857142857,2210.5,2889.3928571428573,3630.3928571428573,3371.714285714286,3489.964285714286,4053.285714285714,3413.0
d_1812,3405,3202,4748,2016,2760,3245,3304,3621,5519,4036,2016-01-14,4035.25,3924.3928571428573,5489.214285714285,2208.1071428571427,2880.8214285714284,3616.6785714285716,3355.1428571428573,3506.535714285714,4110.214285714285,3442.0714285714284
d_1813,4026,4073,5333,2368,3378,3825,3655,4551,5829,4752,2016-01-15,4041.785714285714,3942.25,5498.464285714285,2217.535714285714,2907.214285714286,3628.0714285714284,3370.3214285714284,3534.6071428571427,4185.607142857143,3493.785714285714
d_1814,5745,5707,7240,2688,3590,4603,4571,5689,5845,5468,2016-01-16,4057.0714285714284,3940.214285714286,5528.178571428572,2226.0,2917.464285714286,3643.6428571428573,3408.0,3571.5714285714284,4243.75,3557.25
d_1815,5422,5443,7352,2635,3824,5034,4248,3709,4171,3695,2016-01-17,4069.6785714285716,3955.4285714285716,5559.678571428572,2232.964285714286,2928.6428571428573,3663.8214285714284,3428.0714285714284,3542.535714285714,4251.892857142857,3550.5
d_1816,4484,4600,6242,2678,3156,3754,3775,2719,3899,3033,2016-01-18,4070.8571428571427,3990.3214285714284,5598.392857142857,2250.5714285714284,2939.1785714285716,3667.035714285714,3447.5714285714284,3506.25,4267.035714285715,3546.6428571428573
d_1817,3026,3052,5165,2140,2589,3279,3142,2906,3612,3077,2016-01-19,4028.0714285714284,3953.8214285714284,5588.892857142857,2244.964285714286,2929.1428571428573,3657.464285714286,3432.8928571428573,3480.75,4261.464285714285,3541.25
d_1818,3544,3175,5319,2203,2628,2995,3146,3147,3704,2823,2016-01-20,4001.0714285714284,3908.1428571428573,5587.678571428572,2237.3928571428573,2921.214285714286,3623.035714285714,3408.964285714286,3440.75,4260.642857142857,3513.1071428571427
d_1819,3502,3070,5118,2247,2404,3134,3119,2815,3688,2682,2016-01-21,3990.3214285714284,3883.75,5621.642857142857,2242.0,2900.25,3586.8214285714284,3391.214285714286,3406.5714285714284,4247.857142857143,3472.714285714286
d_1820,3612,3787,5224,2479,2888,3602,3642,3549,4146,3378,2016-01-22,4119.321428571428,4018.9285714285716,5808.071428571428,2330.535714285714,3003.3571428571427,3715.464285714286,3521.1785714285716,3533.25,4395.892857142857,3593.3214285714284
d_1821,5923,5957,7880,3083,3403,4447,3986,4776,5039,4433,2016-01-23,4183.107142857143,4076.9285714285716,5878.142857142857,2370.035714285714,2991.8571428571427,3722.0714285714284,3523.5714285714284,3574.9285714285716,4467.428571428572,3628.035714285714
d_1822,5247,5647,8164,2787,3639,4794,4286,4600,4670,3998,2016-01-24,4227.285714285715,4123.25,5970.25,2395.285714285714,3019.714285714286,3759.8928571428573,3571.8928571428573,3608.8928571428573,4528.071428571428,3656.3571428571427
d_1823,3741,3240,6371,2487,2666,3441,3538,2798,3301,2806,2016-01-25,4222.785714285715,4106.214285714285,6007.928571428572,2407.5714285714284,3017.1785714285716,3759.6785714285716,3591.785714285714,3654.5,4562.321428571428,3688.964285714286
d_1824,3246,3294,5244,2088,2426,2798,2934,2466,3386,2564,2016-01-26,4200.0,4093.6428571428573,6013.571428571428,2408.8214285714284,3010.3214285714284,3746.6071428571427,3585.785714285714,3646.75,4575.535714285715,3686.214285714286
d_1825,3031,3189,5309,2239,2357,3216,2939,2937,3500,2632,2016-01-27,4179.214285714285,4069.8214285714284,6017.142857142857,2413.75,3001.214285714286,3746.0,3587.3571428571427,3622.1071428571427,4564.821428571428,3666.6071428571427
d_1826,3173,3211,5261,2153,2497,3264,3135,3036,3961,2775,2016-01-28,4149.892857142857,4029.8214285714284,6009.607142857143,2403.1071428571427,2976.6071428571427,3714.0,3563.035714285714,3554.1785714285716,4495.642857142857,3593.8214285714284
d_1827,3871,3964,5637,2432,2693,3562,3486,3845,4569,3580,2016-01-29,4166.071428571428,4040.0,6048.214285714285,2428.8571428571427,2978.0,3726.464285714286,3581.1785714285716,3564.1071428571427,4522.714285714285,3612.25
d_1828,5498,5873,7217,2806,3347,4384,4202,5538,5586,4653,2016-01-30,4180.821428571428,4078.535714285714,6068.321428571428,2439.035714285714,2988.8571428571427,3744.6785714285716,3606.5714285714284,3583.0714285714284,4527.964285714285,3605.964285714286
d_1829,6032,6037,8094,3343,3727,4712,4575,5034,4915,4362,2016-01-31,4218.178571428572,4111.964285714285,6115.214285714285,2460.0,3010.285714285714,3765.535714285714,3633.3214285714284,3617.8214285714284,4514.892857142857,3608.4285714285716
d_1830,4075,3454,6446,2643,3213,4225,4262,3740,5718,3938,2016-02-01,4212.392857142857,4107.071428571428,6133.142857142857,2458.5714285714284,3027.0,3789.6071428571427,3658.3928571428573,3642.6785714285716,4574.714285714285,3631.3928571428573
d_1831,3765,3360,5722,2299,2681,3121,3141,2460,5169,3210,2016-02-02,4222.535714285715,4117.107142857143,6139.928571428572,2457.5,3026.964285714286,3780.4285714285716,3653.714285714286,3612.1428571428573,4597.5,3613.6428571428573
d_1832,3983,3314,5740,2335,3081,3722,4091,3135,5786,4153,2016-02-03,4249.607142857143,4119.0,6164.142857142857,2468.6071428571427,3050.714285714286,3810.535714285714,3705.785714285714,3615.8214285714284,4632.857142857143,3642.0714285714284
d_1833,3928,3333,5951,2244,2645,3245,3421,2831,4607,3219,2016-02-04,4251.785714285715,4113.642857142857,6175.107142857143,2462.1785714285716,3049.1785714285716,3790.785714285714,3684.3571428571427,3614.75,4650.607142857143,3648.1785714285716
d_1834,4327,4276,5986,2316,2949,3737,3664,3676,5506,3756,2016-02-05,4249.035714285715,4126.357142857143,6182.285714285715,2468.714285714286,3046.9285714285716,3796.5,3691.8571428571427,3610.6428571428573,4672.535714285715,3640.6071428571427
d_1835,6412,6150,7347,3301,3939,5240,4432,5516,7046,5657,2016-02-06,4261.0,4128.821428571428,6161.107142857143,2485.75,3040.1428571428573,3814.8214285714284,3696.5,3618.9285714285716,4694.285714285715,3661.25
d_1836,4986,4251,6696,2727,4034,5210,4905,4461,5046,4577,2016-02-07,4236.928571428572,4077.714285714286,6113.285714285715,2481.75,3050.214285714286,3830.3571428571427,3725.035714285714,3632.3214285714284,4719.0,3679.0
d_1837,3933,3537,5930,2166,2845,3714,3707,2597,4907,3468,2016-02-08,4234.5,4086.214285714286,6095.071428571428,2471.035714285714,3043.714285714286,3823.5,3729.1071428571427,3623.285714285714,4714.0,3682.964285714286
d_1838,3936,3549,5882,2207,2978,3737,3825,3313,5358,3728,2016-02-09,4254.464285714285,4094.6071428571427,6122.178571428572,2469.714285714286,3035.964285714286,3836.5714285714284,3736.285714285714,3648.535714285714,4739.428571428572,3686.75
d_1839,3995,3586,6421,2323,2745,4259,3831,3180,5180,3833,2016-02-10,4281.0,4118.964285714285,6179.964285714285,2479.75,3038.6428571428573,3867.8214285714284,3748.6428571428573,3665.8928571428573,4773.678571428572,3724.5
d_1840,4007,4026,6547,2383,3431,4799,4438,3899,6333,4721,2016-02-11,4302.5,4148.392857142857,6244.214285714285,2492.8571428571427,3062.6071428571427,3923.3214285714284,3789.1428571428573,3675.8214285714284,4802.75,3748.964285714286
d_1841,4111,4140,5928,2677,3343,4295,4198,4308,6463,4759,2016-02-12,4305.535714285715,4150.785714285715,6265.464285714285,2503.8928571428573,3061.3571428571427,3940.1071428571427,3808.535714285714,3667.1428571428573,4825.392857142857,3749.214285714286
d_1842,5483,5645,7921,2799,4107,5327,4929,5490,6348,5666,2016-02-13,4296.178571428572,4148.571428571428,6289.785714285715,2507.8571428571427,3079.8214285714284,3965.964285714286,3821.3214285714284,3660.035714285714,4843.357142857143,3756.285714285714
d_1843,4834,5016,6852,2536,3909,4935,4548,4467,6208,5032,2016-02-14,4275.178571428572,4133.321428571428,6271.928571428572,2504.3214285714284,3082.8571428571427,3962.4285714285716,3832.035714285714,3687.1071428571427,4916.107142857143,3804.035714285714
d_1844,4588,4562,7464,2617,3649,4301,4165,3524,6783,4499,2016-02-15,4278.892857142857,4131.964285714285,6315.571428571428,2502.1428571428573,3100.464285714286,3981.964285714286,3845.964285714286,3715.8571428571427,5019.107142857143,3856.3928571428573
d_1845,3650,3440,5987,2172,3132,3715,3494,3173,5366,3573,2016-02-16,4301.178571428572,4145.821428571428,6344.928571428572,2503.285714285714,3119.8571428571427,3997.535714285714,3858.535714285714,3725.3928571428573,5081.75,3874.1071428571427
d_1846,3777,3254,5465,2059,2865,3646,3393,3405,5319,3362,2016-02-17,4309.5,4148.642857142857,6350.142857142857,2498.1428571428573,3128.3214285714284,4020.785714285714,3867.3571428571427,3734.6071428571427,5139.428571428572,3893.3571428571427
d_1847,3868,3595,5424,2419,2879,3749,3474,3207,4861,2960,2016-02-18,4322.571428571428,4167.392857142857,6361.071428571428,2504.285714285714,3145.285714285714,4042.75,3880.035714285714,3748.6071428571427,5181.321428571428,3903.285714285714
d_1848,4413,4105,6158,2438,3096,4103,3627,3846,4835,3771,2016-02-19,4351.178571428572,4178.75,6394.428571428572,2502.8214285714284,3152.714285714286,4060.6428571428573,3879.5,3759.214285714286,5205.928571428572,3917.3214285714284
d_1849,5283,5731,7668,2666,3762,5016,4504,5538,5661,5028,2016-02-20,4328.321428571428,4170.678571428572,6386.857142857143,2487.9285714285716,3165.535714285714,4080.964285714286,3898.0,3786.4285714285716,5228.142857142857,3938.5714285714284
d_1850,5607,6114,7984,2833,4299,5479,4885,4779,5409,4692,2016-02-21,4341.178571428572,4187.357142857143,6380.428571428572,2489.5714285714284,3189.1071428571427,4105.428571428572,3919.3928571428573,3792.8214285714284,5254.535714285715,3963.3571428571427
d_1851,3905,3573,6293,2498,2880,3888,3647,3095,4340,3209,2016-02-22,4347.035714285715,4199.25,6377.642857142857,2489.964285714286,3196.75,4121.392857142857,3923.285714285714,3803.4285714285716,5291.642857142857,3977.75
d_1852,3613,3188,5616,2199,2606,3590,3263,2858,4121,2927,2016-02-23,4360.142857142857,4195.464285714285,6390.928571428572,2493.9285714285716,3203.1785714285716,4149.678571428572,3935.035714285714,3817.4285714285716,5317.892857142857,3990.714285714286
d_1853,3369,3076,5477,2021,2808,3616,3418,2982,4473,2828,2016-02-24,4372.214285714285,4191.428571428572,6396.928571428572,2486.1428571428573,3219.285714285714,4163.964285714285,3952.1428571428573,3819.035714285714,5352.642857142857,3997.714285714286
d_1854,3396,3419,5535,2167,2692,3692,3108,3095,4416,3095,2016-02-25,4380.178571428572,4198.857142857143,6406.714285714285,2486.6428571428573,3226.25,4179.25,3951.1785714285716,3821.1428571428573,5368.892857142857,4009.1428571428573
d_1855,4087,4042,5833,2384,2832,3932,3133,3565,4381,3460,2016-02-26,4387.892857142857,4201.642857142857,6413.714285714285,2484.9285714285716,3231.214285714286,4192.464285714285,3938.5714285714284,3811.1428571428573,5362.178571428572,4004.8571428571427
d_1856,5329,6070,7375,2772,3361,4414,3800,4992,5152,4622,2016-02-27,4381.857142857143,4208.678571428572,6419.357142857143,2483.714285714286,3231.714285714286,4193.535714285715,3924.214285714286,3791.6428571428573,5346.678571428572,4003.75
d_1857,6198,5895,7883,3181,3929,4997,4450,5039,4931,4412,2016-02-28,4387.785714285715,4203.607142857143,6411.821428571428,2477.9285714285716,3238.9285714285716,4203.714285714285,3919.75,3791.8214285714284,5347.25,4005.535714285714
d_1858,3797,3509,6291,2635,2814,3706,3443,3451,4361,3252,2016-02-29,4377.857142857143,4205.571428571428,6406.285714285715,2477.6428571428573,3224.6785714285716,4185.178571428572,3890.5,3781.5,5298.785714285715,3981.035714285714
d_1859,3830,3651,6462,2354,2962,3947,3933,2188,4322,2887,2016-03-01,4380.178571428572,4215.964285714285,6432.714285714285,2479.6071428571427,3234.714285714286,4214.678571428572,3918.785714285714,3771.785714285714,5268.535714285715,3969.5
d_1860,3754,3373,5700,2588,2804,3567,3531,3507,5670,3964,2016-03-02,4372.0,4218.071428571428,6431.285714285715,2488.6428571428573,3224.8214285714284,4209.142857142857,3898.785714285714,3785.0714285714284,5264.392857142857,3962.75
d_1861,3769,3533,5992,2327,3142,4137,4117,3496,6556,4390,2016-03-03,4366.321428571428,4225.214285714285,6432.75,2491.6071428571427,3242.5714285714284,4241.0,3923.6428571428573,3808.8214285714284,5334.0,4004.5714285714284
d_1862,4163,3881,5550,2501,3002,3531,3625,3813,5285,3974,2016-03-04,4360.464285714285,4211.107142857143,6417.178571428572,2498.214285714286,3244.464285714286,4233.642857142857,3922.25,3813.714285714286,5326.107142857143,4012.3571428571427
d_1863,5630,5876,7567,2949,3644,4675,4176,5396,7037,5372,2016-03-05,4332.535714285715,4201.321428571428,6425.035714285715,2485.6428571428573,3233.9285714285716,4213.464285714285,3913.1071428571427,3809.4285714285716,5325.785714285715,4002.1785714285716
d_1864,6829,6384,8773,3238,4328,5374,4453,5451,6957,5431,2016-03-06,4398.357142857143,4277.5,6499.214285714285,2503.8928571428573,3244.4285714285716,4219.321428571428,3896.964285714286,3844.785714285714,5394.035714285715,4032.6785714285716
d_1865,4393,3484,6558,2713,3112,4237,4254,2992,4796,4023,2016-03-07,4414.785714285715,4275.607142857143,6521.642857142857,2523.4285714285716,3253.964285714286,4238.0,3916.5,3858.8928571428573,5390.071428571428,4052.5
d_1866,3930,3543,6257,2353,2810,3487,3489,2886,5178,3794,2016-03-08,4414.571428571428,4275.392857142857,6535.035714285715,2528.6428571428573,3247.964285714286,4229.071428571428,3904.5,3843.6428571428573,5383.642857142857,4054.8571428571427
d_1867,3672,3752,5912,2208,2591,3278,3222,3373,5382,3642,2016-03-09,4403.035714285715,4281.321428571428,6516.857142857143,2524.535714285714,3242.464285714286,4194.035714285715,3882.75,3850.535714285714,5390.857142857143,4048.035714285714
d_1868,3877,3663,5820,2475,3078,3876,3694,3254,5180,3350,2016-03-10,4398.392857142857,4268.357142857143,6490.892857142857,2527.8214285714284,3229.8571428571427,4161.071428571428,3856.1785714285716,3827.5,5349.678571428572,3999.0714285714284
d_1869,4049,4118,5789,2319,3083,4171,3812,3790,5767,3989,2016-03-11,4396.178571428572,4267.571428571428,6485.928571428572,2515.035714285714,3220.5714285714284,4156.642857142857,3842.3928571428573,3809.0,5324.821428571428,3971.5714285714284
d_1870,5933,6196,7602,2784,4028,4656,4429,5196,6780,5107,2016-03-12,4412.25,4287.25,6474.535714285715,2514.5,3217.75,4132.678571428572,3824.535714285714,3798.5,5340.25,3951.6071428571427
d_1871,5446,5937,7874,2680,4075,5217,4174,4764,6278,4976,2016-03-13,4434.107142857143,4320.142857142857,6511.035714285715,2519.6428571428573,3223.6785714285716,4142.75,3811.1785714285716,3809.1071428571427,5342.75,3949.6071428571427
d_1872,4190,3560,6458,2650,3503,4286,4093,3301,5925,4069,2016-03-14,4419.892857142857,4284.357142857143,6475.107142857143,2520.8214285714284,3218.464285714286,4142.214285714285,3808.6071428571427,3801.1428571428573,5312.107142857143,3934.25
d_1873,3457,3430,5661,2503,3601,4113,3945,3209,6041,4157,2016-03-15,4413.0,4284.0,6463.464285714285,2532.6428571428573,3235.214285714286,4156.428571428572,3824.714285714286,3802.4285714285716,5336.214285714285,3955.1071428571427
d_1874,3587,3481,5512,2227,3175,3495,3808,3176,5050,3095,2016-03-16,4406.214285714285,4292.107142857143,6465.142857142857,2538.6428571428573,3246.285714285714,4151.035714285715,3839.535714285714,3794.25,5326.607142857143,3945.5714285714284
d_1875,3329,3411,5277,2179,2990,3764,3416,3028,4203,3412,2016-03-17,4386.964285714285,4285.535714285715,6459.892857142857,2530.0714285714284,3250.25,4151.571428571428,3837.464285714286,3787.8571428571427,5303.107142857143,3961.714285714286
d_1876,4285,4127,5644,2608,2999,4224,3533,3509,4979,3744,2016-03-18,4382.392857142857,4286.321428571428,6441.535714285715,2536.1428571428573,3246.785714285714,4155.892857142857,3834.1071428571427,3775.8214285714284,5308.25,3960.75
d_1877,5659,2779,7508,2954,3633,4528,4049,5102,5227,4742,2016-03-19,4395.821428571428,4180.892857142857,6435.821428571428,2546.4285714285716,3242.1785714285716,4138.464285714285,3817.8571428571427,3760.25,5292.75,3950.535714285714
d_1878,6197,2300,7775,3149,4133,4928,4367,5003,5657,4316,2016-03-20,4416.892857142857,4044.6785714285716,6428.357142857143,2557.714285714286,3236.25,4118.785714285715,3799.3571428571427,3768.25,5301.607142857143,3937.1071428571427
d_1879,4242,3496,6239,2564,2757,3666,3550,3249,4502,3095,2016-03-21,4428.928571428572,4041.9285714285716,6426.428571428572,2560.0714285714284,3231.8571428571427,4110.857142857143,3795.8928571428573,3773.75,5307.392857142857,3933.035714285714
d_1880,3776,3645,5703,2457,2817,3664,3345,3033,4068,2967,2016-03-22,4434.75,4058.25,6429.535714285715,2569.285714285714,3239.3928571428573,4113.5,3798.8214285714284,3780.0,5305.5,3934.464285714286
d_1881,3770,3322,5651,2398,2854,3900,3587,2751,3926,2627,2016-03-23,4449.071428571428,4067.035714285714,6435.75,2582.75,3241.035714285714,4123.642857142857,3804.8571428571427,3771.75,5285.964285714285,3927.285714285714
d_1882,3970,3329,5409,2520,2637,3360,3308,2718,3834,2918,2016-03-24,4469.571428571428,4063.8214285714284,6431.25,2595.3571428571427,3239.0714285714284,4111.785714285715,3812.0,3758.285714285714,5265.178571428572,3920.964285714286
d_1883,4904,4796,6373,2621,3478,4600,4157,5094,5218,4370,2016-03-25,4498.75,4090.75,6450.535714285715,2603.8214285714284,3262.1428571428573,4135.642857142857,3848.5714285714284,3812.8928571428573,5295.071428571428,3953.464285714286
d_1884,6139,6429,7978,3241,4023,5046,4526,6150,5462,4869,2016-03-26,4527.678571428572,4103.571428571428,6472.071428571428,2620.5714285714284,3285.785714285714,4158.214285714285,3874.5,3854.25,5306.142857142857,3962.285714285714
d_1885,4669,6296,7650,2681,4589,4759,3988,3550,4127,4051,2016-03-27,4473.071428571428,4117.892857142857,6463.75,2602.714285714286,3309.3571428571427,4149.714285714285,3858.0,3801.0714285714284,5277.428571428572,3949.3928571428573
d_1886,3905,3645,5487,2445,3026,3740,3537,3039,4254,2963,2016-03-28,4476.928571428572,4122.75,6435.035714285715,2595.9285714285716,3316.9285714285716,4150.928571428572,3861.3571428571427,3786.3571428571427,5273.607142857143,3939.0714285714284
d_1887,3788,3795,5493,2243,2499,2899,2924,2780,4041,3395,2016-03-29,4475.428571428572,4127.892857142857,6400.428571428572,2591.964285714286,3300.3928571428573,4113.5,3825.3214285714284,3807.5,5263.571428571428,3957.214285714286
d_1888,3339,3489,5202,2322,2801,3137,2890,2692,3626,2861,2016-03-30,4460.607142857143,4132.035714285715,6382.642857142857,2582.464285714286,3300.285714285714,4098.142857142857,3802.4285714285716,3778.3928571428573,5190.571428571428,3917.8214285714284
d_1889,4076,3581,5474,2470,2631,3355,3320,2858,3908,3008,2016-03-31,4471.571428571428,4133.75,6364.142857142857,2587.5714285714284,3282.035714285714,4070.214285714286,3773.964285714286,3755.6071428571427,5096.0,3868.464285714286
d_1890,4983,4787,6571,2581,3389,4113,4350,4362,6146,4254,2016-04-01,4500.857142857143,4166.107142857143,6400.607142857143,2590.4285714285716,3295.8571428571427,4091.0,3799.8571428571427,3775.214285714286,5126.75,3878.464285714286
d_1891,5877,6048,7206,3040,4018,4785,4292,5119,7069,5218,2016-04-02,4509.678571428572,4172.25,6387.714285714285,2593.6785714285716,3309.214285714286,4094.9285714285716,3804.0,3765.3214285714284,5127.892857142857,3872.964285714286
d_1892,6496,6542,8399,3140,4275,5170,4606,5370,6953,5474,2016-04-03,4497.785714285715,4177.892857142857,6374.357142857143,2590.1785714285716,3307.3214285714284,4087.6428571428573,3809.464285714286,3762.4285714285716,5127.75,3874.5
d_1893,4812,3971,6622,2788,3032,3791,3674,3168,5010,3550,2016-04-04,4512.75,4195.285714285715,6376.642857142857,2592.8571428571427,3304.464285714286,4071.714285714286,3788.75,3768.714285714286,5135.392857142857,3857.6071428571427
d_1894,4063,3480,6221,2632,3215,3721,3530,3231,5680,3910,2016-04-05,4517.5,4193.035714285715,6375.357142857143,2602.8214285714284,3318.9285714285716,4080.0714285714284,3790.214285714286,3781.035714285714,5153.321428571428,3861.75
d_1895,3964,3731,5685,2427,3201,3366,3771,2996,6143,3850,2016-04-06,4527.928571428572,4192.285714285715,6367.25,2610.6428571428573,3340.714285714286,4083.214285714286,3809.8214285714284,3767.5714285714284,5180.5,3869.1785714285716
d_1896,3655,3760,5635,2409,3100,3795,3705,3288,5342,3427,2016-04-07,4520.0,4195.75,6360.642857142857,2608.285714285714,3341.5,4080.3214285714284,3810.214285714286,3768.785714285714,5186.285714285715,3871.9285714285716
d_1897,4719,4447,6191,2357,3301,3748,3717,3866,6695,4179,2016-04-08,4543.928571428572,4207.5,6375.0,2609.6428571428573,3349.285714285714,4065.214285714286,3806.8214285714284,3771.5,5219.428571428572,3878.714285714286
d_1898,6112,6353,7782,3064,4068,4820,4472,6182,7852,5635,2016-04-09,4550.321428571428,4213.107142857143,6381.428571428572,2619.6428571428573,3350.714285714286,4071.0714285714284,3808.3571428571427,3806.714285714286,5257.714285714285,3897.5714285714284
d_1899,5969,6297,8602,3195,4148,5035,4635,4995,6012,4968,2016-04-10,4569.0,4225.964285714285,6407.428571428572,2638.035714285714,3353.3214285714284,4064.5714285714284,3824.8214285714284,3814.964285714286,5248.214285714285,3897.285714285714
d_1900,4484,3891,6580,2535,3168,4033,3973,3493,6227,4043,2016-04-11,4579.5,4237.785714285715,6411.785714285715,2633.9285714285716,3341.3571428571427,4055.535714285714,3820.535714285714,3821.8214285714284,5259.0,3896.3571428571427
d_1901,3579,3798,5641,2174,3029,3484,3905,3388,5934,4137,2016-04-12,4583.857142857143,4250.928571428572,6411.071428571428,2622.1785714285716,3320.9285714285716,4033.0714285714284,3819.1071428571427,3828.214285714286,5255.178571428572,3895.6428571428573
d_1902,3478,3545,5377,2214,2852,3348,3494,3169,4584,3132,2016-04-13,4579.964285714285,4253.214285714285,6406.25,2621.714285714286,3309.3928571428573,4027.8214285714284,3807.8928571428573,3827.964285714286,5238.535714285715,3896.964285714286
d_1903,3637,3441,5493,2498,2924,3851,3517,3241,5263,3664,2016-04-14,4590.964285714285,4254.285714285715,6413.964285714285,2633.1071428571427,3307.035714285714,4030.9285714285716,3811.5,3835.5714285714284,5276.392857142857,3905.964285714286
d_1904,3982,4440,5337,2496,3084,3897,3819,3862,6259,4613,2016-04-15,4580.142857142857,4265.464285714285,6403.0,2629.1071428571427,3310.0714285714284,4019.25,3821.714285714286,3848.1785714285716,5322.107142857143,3937.0
d_1905,5437,5352,6936,2839,3724,4475,4261,4862,5579,4897,2016-04-16,4572.214285714285,4357.357142857143,6382.571428571428,2625.0,3313.3214285714284,4017.3571428571427,3829.285714285714,3839.6071428571427,5334.678571428572,3942.535714285714
d_1906,5954,5760,8271,3047,4192,4998,4519,4812,5566,4521,2016-04-17,4563.535714285715,4480.928571428572,6400.285714285715,2621.3571428571427,3315.4285714285716,4019.8571428571427,3834.714285714286,3832.785714285714,5331.428571428572,3949.8571428571427
d_1907,4345,3830,6068,2809,3410,3311,3147,3236,4347,3556,2016-04-18,4567.214285714285,4492.857142857143,6394.178571428572,2630.1071428571427,3338.75,4007.1785714285716,3820.3214285714284,3832.3214285714284,5325.892857142857,3966.3214285714284
d_1908,3793,3631,5683,2677,3257,3727,3938,3069,4464,3331,2016-04-19,4567.821428571428,4492.357142857143,6393.464285714285,2637.964285714286,3354.464285714286,4009.4285714285716,3841.5,3833.6071428571427,5340.035714285715,3979.3214285714284
d_1909,3722,3691,5235,2500,2901,3384,3315,3242,4194,3159,2016-04-20,4566.107142857143,4505.535714285715,6378.607142857143,2641.6071428571427,3356.1428571428573,3991.0,3831.785714285714,3851.1428571428573,5349.607142857143,3998.3214285714284
d_1910,3709,3303,5018,2458,2776,3446,3380,3324,4393,3226,2016-04-21,4556.785714285715,4504.607142857143,6364.642857142857,2639.3928571428573,3361.1071428571427,3994.0714285714284,3834.3571428571427,3872.785714285714,5369.571428571428,4009.3214285714284
d_1911,4387,4457,5623,2628,3022,3902,3691,3991,4988,3828,2016-04-22,4538.321428571428,4492.5,6337.857142857143,2639.6428571428573,3344.8214285714284,3969.1428571428573,3817.714285714286,3833.3928571428573,5361.357142857143,3989.964285714286
d_1912,5577,5884,7419,2954,3700,4483,4083,4772,5404,4686,2016-04-23,4518.25,4473.035714285715,6317.892857142857,2629.3928571428573,3333.285714285714,3949.035714285714,3801.8928571428573,3784.1785714285716,5359.285714285715,3983.4285714285716
d_1913,6113,6082,7721,3271,4033,4292,3957,4874,5127,4325,2016-04-24,4569.821428571428,4465.392857142857,6320.428571428572,2650.464285714286,3313.4285714285716,3932.3571428571427,3800.785714285714,3831.464285714286,5395.0,3993.214285714286
d_1914,4472,3926,6359,2767,3076,3883,3703,3166,4178,3263,2016-04-25,4590.071428571428,4475.428571428572,6351.571428571428,2661.964285714286,3315.214285714286,3937.464285714286,3806.714285714286,3836.0,5392.285714285715,4003.9285714285716
d_1915,3703,3525,5289,2495,2853,3502,3578,3194,4148,3200,2016-04-26,4587.035714285715,4465.785714285715,6344.285714285715,2670.964285714286,3327.8571428571427,3959.0,3830.0714285714284,3850.785714285714,5396.107142857143,3996.964285714286
d_1916,3715,3527,5065,2529,2984,3256,3335,3267,3805,2962,2016-04-27,4600.464285714285,4467.142857142857,6339.392857142857,2678.3571428571427,3334.3928571428573,3963.25,3845.964285714286,3871.3214285714284,5402.5,4000.5714285714284
d_1917,3618,3754,5015,2277,2664,3441,3550,3201,4342,2870,2016-04-28,4584.107142857143,4473.321428571428,6323.0,2671.464285714286,3335.5714285714284,3966.3214285714284,3854.1785714285716,3883.5714285714284,5418.0,3995.6428571428573
d_1918,4573,4382,5705,2520,3687,4023,4452,4143,5719,3692,2016-04-29,4569.464285714285,4458.857142857143,6292.071428571428,2669.285714285714,3346.214285714286,3963.1071428571427,3857.8214285714284,3875.75,5402.75,3975.5714285714284
d_1919,5898,6349,7057,3023,4052,4508,4134,5318,5485,4605,2016-04-30,4570.214285714285,4469.607142857143,6286.75,2668.6785714285716,3347.4285714285716,3953.214285714286,3852.1785714285716,3882.8571428571427,5346.178571428572,3953.6785714285716
d_1920,6397,6193,7828,3271,4412,4872,4909,5228,5348,4574,2016-05-01,4566.678571428572,4457.142857142857,6266.357142857143,2673.3571428571427,3352.3214285714284,3942.5714285714284,3863.0,3877.785714285714,5288.857142857143,3921.535714285714
d_1921,4794,4434,6776,3113,2859,3831,4029,3502,5597,4246,2016-05-02,4566.035714285715,4473.678571428572,6271.857142857143,2684.964285714286,3346.1428571428573,3944.0,3875.6785714285716,3889.714285714286,5309.821428571428,3946.3928571428573
d_1922,4594,3977,6325,2934,3217,4088,4644,3456,6567,4512,2016-05-03,4585.0,4491.428571428572,6275.571428571428,2695.75,3346.214285714286,3957.1071428571427,3915.464285714286,3897.75,5341.5,3967.8928571428573
d_1923,4234,4243,6204,2585,2839,3612,3458,3444,5175,3807,2016-05-04,4594.642857142857,4509.714285714285,6294.107142857143,2701.3928571428573,3333.285714285714,3965.8928571428573,3904.285714285714,3913.75,5306.928571428572,3966.3571428571427
d_1924,3918,4020,5793,2466,3170,3708,3955,3730,5945,4058,2016-05-05,4604.035714285715,4519.0,6299.75,2703.4285714285716,3335.785714285714,3962.785714285714,3913.214285714286,3929.535714285714,5328.464285714285,3988.8928571428573
d_1925,4804,4492,5842,2500,3428,4290,4055,4142,6103,4149,2016-05-06,4607.071428571428,4520.607142857143,6287.285714285715,2708.535714285714,3340.3214285714284,3982.1428571428573,3925.285714285714,3939.3928571428573,5307.321428571428,3987.8214285714284
d_1926,6069,6636,7346,3068,4123,4619,4926,5432,6385,5635,2016-05-07,4605.535714285715,4530.714285714285,6271.714285714285,2708.6785714285716,3342.285714285714,3974.964285714286,3941.5,3912.6071428571427,5254.928571428572,3987.8214285714284
d_1927,5212,5330,6743,2675,3196,4035,4154,4059,5802,4403,2016-05-08,4578.5,4496.178571428572,6205.321428571428,2690.1071428571427,3308.285714285714,3939.25,3924.3214285714284,3879.1785714285716,5247.428571428572,3967.6428571428573
d_1928,4859,3999,6958,3100,3437,4172,4426,3895,7080,4474,2016-05-09,4591.892857142857,4500.035714285715,6218.821428571428,2710.285714285714,3317.8928571428573,3944.214285714286,3940.5,3893.535714285714,5277.892857142857,3983.035714285714
d_1929,4104,4092,5960,2815,3020,3696,3864,3227,5079,3522,2016-05-10,4610.642857142857,4510.535714285715,6230.214285714285,2733.1785714285716,3317.5714285714284,3951.785714285714,3939.035714285714,3887.785714285714,5247.357142857143,3961.0714285714284
d_1930,3982,3722,5884,2603,3398,3899,4017,3948,6807,3988,2016-05-11,4628.642857142857,4516.857142857143,6248.321428571428,2747.0714285714284,3337.0714285714284,3971.464285714286,3957.714285714286,3915.6071428571427,5326.75,3991.6428571428573
d_1931,4049,3751,5039,2659,3351,4019,4121,3682,5843,3989,2016-05-12,4643.357142857143,4527.928571428572,6232.107142857143,2752.8214285714284,3352.3214285714284,3977.464285714286,3979.285714285714,3931.3571428571427,5347.464285714285,4003.25
d_1932,4951,4839,6046,2635,3610,4415,4295,3978,5317,3987,2016-05-13,4677.964285714285,4542.178571428572,6257.428571428572,2757.785714285714,3371.1071428571427,3995.964285714286,3996.285714285714,3935.5,5313.821428571428,3980.8928571428573
d_1933,6245,6507,7029,3256,3787,4424,4155,5527,7704,5674,2016-05-14,4706.821428571428,4583.428571428572,6260.75,2772.6785714285716,3373.3571428571427,3994.1428571428573,3992.5,3959.25,5389.714285714285,4008.6428571428573
d_1934,6707,6710,7969,3318,5000,5866,5383,5488,7586,5894,2016-05-15,4733.714285714285,4617.357142857143,6249.964285714285,2782.3571428571427,3402.214285714286,4025.1428571428573,4023.3571428571427,3983.3928571428573,5461.857142857143,4057.6785714285716
d_1935,4568,4238,5891,3024,3708,4179,4341,3505,5011,3897,2016-05-16,4741.678571428572,4631.928571428572,6243.642857142857,2790.035714285714,3412.8571428571427,4056.1428571428573,4066.0,3993.0,5485.571428571428,4069.8571428571427
d_1936,3949,3963,5523,2715,3310,4008,4052,3323,4628,3306,2016-05-17,4747.25,4643.785714285715,6237.928571428572,2791.3928571428573,3414.75,4066.1785714285716,4070.0714285714284,4002.0714285714284,5491.428571428572,4068.964285714286
d_1937,3995,3789,5375,2519,3147,3518,3710,3242,4533,3268,2016-05-18,4757.0,4647.285714285715,6242.928571428572,2792.0714285714284,3423.535714285714,4070.964285714286,4084.1785714285716,4002.0714285714284,5503.535714285715,4072.8571428571427
d_1938,4136,4037,5580,2544,2748,3126,3288,3478,4628,3398,2016-05-19,4772.25,4673.5,6263.0,2795.1428571428573,3422.535714285714,4059.535714285714,4080.8928571428573,4007.5714285714284,5511.928571428572,4079.0
d_1939,4433,4751,5542,2704,3664,4249,4390,3813,4880,4126,2016-05-20,4773.892857142857,4684.0,6260.107142857143,2797.8571428571427,3445.464285714286,4071.9285714285716,4105.857142857143,4001.214285714286,5508.071428571428,4089.6428571428573
d_1940,5764,7120,7073,3146,4167,4802,4712,5002,5213,4519,2016-05-21,4780.571428571428,4728.142857142857,6247.75,2804.714285714286,3462.1428571428573,4083.3214285714284,4128.321428571428,4009.4285714285716,5501.25,4083.6785714285716
d_1941,6289,6614,8144,3597,4624,5217,4974,5054,5068,4757,2016-05-22,4786.857142857143,4747.142857142857,6262.857142857143,2816.3571428571427,3483.25,4116.357142857143,4164.642857142857,4015.8571428571427,5499.142857142857,4099.107142857143
