fold_label,demand_type,level,hierarchy_series,level_weight_share,ablation_wrmsse_contribution,minimum_test_days,maximum_test_days,ablation_level_wrmsse,full_xgb_level_wrmsse,fold,ablation_name,removed_feature_group,delta_level_wrmsse,feature_group_useful_at_level
Step17_Fold1_erratic_without_calendar,erratic,L10_Item,119,0.08333333333333333,0.112978436772189,28,28,1.355741241266268,1.3705263018236566,1,without_calendar,calendar,-0.014785060557388707,False
Step17_Fold1_erratic_without_calendar,erratic,L11_Item_State,171,0.08333333333333333,0.1133610097890663,28,28,1.3603321174687957,1.37365402819599,1,without_calendar,calendar,-0.013321910727194242,False
Step17_Fold1_erratic_without_calendar,erratic,L12_Item_Store,200,0.08333333333333333,0.11279154787901081,28,28,1.3534985745481298,1.373451551530601,1,without_calendar,calendar,-0.019952976982471116,False
Step17_Fold1_erratic_without_calendar,erratic,L1_Total,1,0.08333333333333333,0.07086373651401554,28,28,0.8503648381681864,0.728100707138961,1,without_calendar,calendar,0.1222641310292254,True
Step17_Fold1_erratic_without_calendar,erratic,L2_State,3,0.08333333333333333,0.06986318465766318,28,28,0.8383582158919582,0.7562487332442913,1,without_calendar,calendar,0.08210948264766693,True
Step17_Fold1_erratic_without_calendar,erratic,L3_Store,10,0.08333333333333333,0.07262078021200284,28,28,0.8714493625440342,0.8843145419346046,1,without_calendar,calendar,-0.012865179390570414,False
Step17_Fold1_erratic_without_calendar,erratic,L4_Category,3,0.08333333333333333,0.0760686617635775,28,28,0.9128239411629301,0.9195330418201008,1,without_calendar,calendar,-0.006709100657170675,False
Step17_Fold1_erratic_without_calendar,erratic,L5_Department,5,0.08333333333333334,0.07729238266762377,28,28,0.9275085920114852,0.907259475737398,1,without_calendar,calendar,0.02024911627408721,True
Step17_Fold1_erratic_without_calendar,erratic,L6_State_Category,9,0.08333333333333333,0.07242183424643084,28,28,0.8690620109571701,0.8974653569553072,1,without_calendar,calendar,-0.028403345998137097,False
Step17_Fold1_erratic_without_calendar,erratic,L7_State_Department,15,0.08333333333333333,0.09454354111252024,28,28,1.134522493350243,1.164176721228137,1,without_calendar,calendar,-0.02965422787789418,False
Step17_Fold1_erratic_without_calendar,erratic,L8_Store_Category,25,0.08333333333333333,0.07500593791762324,28,28,0.9000712550114789,0.9676929474931134,1,without_calendar,calendar,-0.06762169248163452,False
Step17_Fold1_erratic_without_calendar,erratic,L9_Store_Department,39,0.08333333333333333,0.10583937915100432,28,28,1.270072549812052,1.3018145792473836,1,without_calendar,calendar,-0.031742029435331665,False
Step17_Fold1_erratic_without_event_snap,erratic,L10_Item,119,0.08333333333333333,0.11355400834284776,28,28,1.3626481001141733,1.3705263018236566,1,without_event_snap,event_snap,-0.00787820170948339,False
Step17_Fold1_erratic_without_event_snap,erratic,L11_Item_State,171,0.08333333333333333,0.11426379884290278,28,28,1.3711655861148333,1.37365402819599,1,without_event_snap,event_snap,-0.0024884420811566166,False
Step17_Fold1_erratic_without_event_snap,erratic,L12_Item_Store,200,0.08333333333333333,0.11423537803123823,28,28,1.3708245363748588,1.373451551530601,1,without_event_snap,event_snap,-0.0026270151557421517,False
Step17_Fold1_erratic_without_event_snap,erratic,L1_Total,1,0.08333333333333333,0.047700453372443496,28,28,0.572405440469322,0.728100707138961,1,without_event_snap,event_snap,-0.15569526666963907,False
Step17_Fold1_erratic_without_event_snap,erratic,L2_State,3,0.08333333333333333,0.05463033520917856,28,28,0.6555640225101428,0.7562487332442913,1,without_event_snap,event_snap,-0.10068471073414853,False
Step17_Fold1_erratic_without_event_snap,erratic,L3_Store,10,0.08333333333333333,0.06957167665487943,28,28,0.8348601198585531,0.8843145419346046,1,without_event_snap,event_snap,-0.04945442207605144,False
Step17_Fold1_erratic_without_event_snap,erratic,L4_Category,3,0.08333333333333333,0.06970596269113441,28,28,0.8364715522936129,0.9195330418201008,1,without_event_snap,event_snap,-0.08306148952648784,False
Step17_Fold1_erratic_without_event_snap,erratic,L5_Department,5,0.08333333333333334,0.06902509966975978,28,28,0.8283011960371173,0.907259475737398,1,without_event_snap,event_snap,-0.07895827970028069,False
Step17_Fold1_erratic_without_event_snap,erratic,L6_State_Category,9,0.08333333333333333,0.07016101645295271,28,28,0.8419321974354326,0.8974653569553072,1,without_event_snap,event_snap,-0.055533159519874586,False
Step17_Fold1_erratic_without_event_snap,erratic,L7_State_Department,15,0.08333333333333333,0.09313240882395227,28,28,1.1175889058874273,1.164176721228137,1,without_event_snap,event_snap,-0.04658781534070977,False
Step17_Fold1_erratic_without_event_snap,erratic,L8_Store_Category,25,0.08333333333333333,0.08007036885143407,28,28,0.9608444262172088,0.9676929474931134,1,without_event_snap,event_snap,-0.006848521275904629,False
Step17_Fold1_erratic_without_event_snap,erratic,L9_Store_Department,39,0.08333333333333333,0.10883908099470421,28,28,1.3060689719364507,1.3018145792473836,1,without_event_snap,event_snap,0.004254392689067021,True
Step17_Fold1_erratic_without_lag,erratic,L10_Item,119,0.08333333333333333,0.11929493794692257,28,28,1.431539255363071,1.3705263018236566,1,without_lag,lag,0.06101295353941438,True
Step17_Fold1_erratic_without_lag,erratic,L11_Item_State,171,0.08333333333333333,0.1192199879407713,28,28,1.4306398552892556,1.37365402819599,1,without_lag,lag,0.05698582709326572,True
Step17_Fold1_erratic_without_lag,erratic,L12_Item_Store,200,0.08333333333333333,0.11913550992830645,28,28,1.4296261191396775,1.373451551530601,1,without_lag,lag,0.056174567609076576,True
Step17_Fold1_erratic_without_lag,erratic,L1_Total,1,0.08333333333333333,0.06583563538033321,28,28,0.7900276245639986,0.728100707138961,1,without_lag,lag,0.06192691742503753,True
Step17_Fold1_erratic_without_lag,erratic,L2_State,3,0.08333333333333333,0.06473650416068343,28,28,0.7768380499282012,0.7562487332442913,1,without_lag,lag,0.020589316683909842,True
Step17_Fold1_erratic_without_lag,erratic,L3_Store,10,0.08333333333333333,0.07774537743379356,28,28,0.9329445292055227,0.8843145419346046,1,without_lag,lag,0.04862998727091816,True
Step17_Fold1_erratic_without_lag,erratic,L4_Category,3,0.08333333333333333,0.082840940373933,28,28,0.994091284487196,0.9195330418201008,1,without_lag,lag,0.07455824266709521,True
Step17_Fold1_erratic_without_lag,erratic,L5_Department,5,0.08333333333333334,0.08133015207554554,28,28,0.9759618249065465,0.907259475737398,1,without_lag,lag,0.06870234916914852,True
Step17_Fold1_erratic_without_lag,erratic,L6_State_Category,9,0.08333333333333333,0.07793993838203106,28,28,0.9352792605843727,0.8974653569553072,1,without_lag,lag,0.03781390362906556,True
Step17_Fold1_erratic_without_lag,erratic,L7_State_Department,15,0.08333333333333333,0.10269691658796988,28,28,1.2323629990556386,1.164176721228137,1,without_lag,lag,0.06818627782750153,True
Step17_Fold1_erratic_without_lag,erratic,L8_Store_Category,25,0.08333333333333333,0.08478562856493352,28,28,1.0174275427792023,0.9676929474931134,1,without_lag,lag,0.04973459528608892,True
Step17_Fold1_erratic_without_lag,erratic,L9_Store_Department,39,0.08333333333333333,0.11365885439105732,28,28,1.363906252692688,1.3018145792473836,1,without_lag,lag,0.06209167344530431,True
Step17_Fold1_erratic_without_price,erratic,L10_Item,119,0.08333333333333333,0.11263986348904177,28,28,1.3516783618685013,1.3705263018236566,1,without_price,price,-0.018847939955155324,False
Step17_Fold1_erratic_without_price,erratic,L11_Item_State,171,0.08333333333333333,0.11256869350719685,28,28,1.3508243220863623,1.37365402819599,1,without_price,price,-0.022829706109627645,False
Step17_Fold1_erratic_without_price,erratic,L12_Item_Store,200,0.08333333333333333,0.1126172182707778,28,28,1.3514066192493337,1.373451551530601,1,without_price,price,-0.02204493228126725,False
Step17_Fold1_erratic_without_price,erratic,L1_Total,1,0.08333333333333333,0.07085427862728608,28,28,0.8502513435274329,0.728100707138961,1,without_price,price,0.1221506363884719,True
Step17_Fold1_erratic_without_price,erratic,L2_State,3,0.08333333333333333,0.06809258598790292,28,28,0.8171110318548351,0.7562487332442913,1,without_price,price,0.06086229861054382,True
Step17_Fold1_erratic_without_price,erratic,L3_Store,10,0.08333333333333333,0.07092136212039565,28,28,0.8510563454447478,0.8843145419346046,1,without_price,price,-0.03325819648985673,False
Step17_Fold1_erratic_without_price,erratic,L4_Category,3,0.08333333333333333,0.08052733383886318,28,28,0.9663280060663582,0.9195330418201008,1,without_price,price,0.0467949642462574,True
Step17_Fold1_erratic_without_price,erratic,L5_Department,5,0.08333333333333334,0.07898798436598571,28,28,0.9478558123918285,0.907259475737398,1,without_price,price,0.04059633665443052,True
Step17_Fold1_erratic_without_price,erratic,L6_State_Category,9,0.08333333333333333,0.075759265112136,28,28,0.9091111813456321,0.8974653569553072,1,without_price,price,0.01164582439032491,True
Step17_Fold1_erratic_without_price,erratic,L7_State_Department,15,0.08333333333333333,0.0967404426490698,28,28,1.1608853117888376,1.164176721228137,1,without_price,price,-0.0032914094392995086,False
Step17_Fold1_erratic_without_price,erratic,L8_Store_Category,25,0.08333333333333333,0.0778620137176636,28,28,0.9343441646119632,0.9676929474931134,1,without_price,price,-0.033348782881150174,False
Step17_Fold1_erratic_without_price,erratic,L9_Store_Department,39,0.08333333333333333,0.10718275175324571,28,28,1.2861930210389485,1.3018145792473836,1,without_price,price,-0.015621558208435138,False
Step17_Fold1_erratic_without_rolling,erratic,L10_Item,119,0.08333333333333333,0.11948612695723684,28,28,1.4338335234868422,1.3705263018236566,1,without_rolling,rolling,0.06330722166318559,True
Step17_Fold1_erratic_without_rolling,erratic,L11_Item_State,171,0.08333333333333333,0.12014783106894052,28,28,1.4417739728272863,1.37365402819599,1,without_rolling,rolling,0.06811994463129634,True
Step17_Fold1_erratic_without_rolling,erratic,L12_Item_Store,200,0.08333333333333333,0.12005515415692891,28,28,1.440661849883147,1.373451551530601,1,without_rolling,rolling,0.067210298352546,True
Step17_Fold1_erratic_without_rolling,erratic,L1_Total,1,0.08333333333333333,0.07569804595018081,28,28,0.9083765514021698,0.728100707138961,1,without_rolling,rolling,0.18027584426320875,True
Step17_Fold1_erratic_without_rolling,erratic,L2_State,3,0.08333333333333333,0.07314860884226061,28,28,0.8777833061071274,0.7562487332442913,1,without_rolling,rolling,0.12153457286283609,True
Step17_Fold1_erratic_without_rolling,erratic,L3_Store,10,0.08333333333333333,0.08153333456797639,28,28,0.9784000148157167,0.8843145419346046,1,without_rolling,rolling,0.09408547288111213,True
Step17_Fold1_erratic_without_rolling,erratic,L4_Category,3,0.08333333333333333,0.08630070529814486,28,28,1.0356084635777385,0.9195330418201008,1,without_rolling,rolling,0.11607542175763774,True
Step17_Fold1_erratic_without_rolling,erratic,L5_Department,5,0.08333333333333334,0.08292678482184167,28,28,0.9951214178621,0.907259475737398,1,without_rolling,rolling,0.087861942124702,True
Step17_Fold1_erratic_without_rolling,erratic,L6_State_Category,9,0.08333333333333333,0.08232626865411184,28,28,0.9879152238493422,0.8974653569553072,1,without_rolling,rolling,0.090449866894035,True
Step17_Fold1_erratic_without_rolling,erratic,L7_State_Department,15,0.08333333333333333,0.10492956061840986,28,28,1.2591547274209183,1.164176721228137,1,without_rolling,rolling,0.09497800619278118,True
Step17_Fold1_erratic_without_rolling,erratic,L8_Store_Category,25,0.08333333333333333,0.08833021698790508,28,28,1.059962603854861,0.9676929474931134,1,without_rolling,rolling,0.09226965636174767,True
Step17_Fold1_erratic_without_rolling,erratic,L9_Store_Department,39,0.08333333333333333,0.11538299391948272,28,28,1.3845959270337926,1.3018145792473836,1,without_rolling,rolling,0.082781347786409,True
Step17_Fold1_intermittent_without_calendar,intermittent,L10_Item,191,0.08333333333333333,0.06693392346691798,28,28,0.8032070816030158,0.8414970801713576,1,without_calendar,calendar,-0.03828999856834181,False
Step17_Fold1_intermittent_without_calendar,intermittent,L11_Item_State,198,0.08333333333333333,0.06672033038698895,28,28,0.8006439646438674,0.8377212357393625,1,without_calendar,calendar,-0.03707727109549508,False
Step17_Fold1_intermittent_without_calendar,intermittent,L12_Item_Store,200,0.08333333333333333,0.06667247805413502,28,28,0.8000697366496203,0.8371324293147362,1,without_calendar,calendar,-0.03706269266511586,False
Step17_Fold1_intermittent_without_calendar,intermittent,L1_Total,1,0.08333333333333333,0.11244076237670794,28,28,1.3492891485204954,2.420839900862526,1,without_calendar,calendar,-1.0715507523420305,False
Step17_Fold1_intermittent_without_calendar,intermittent,L2_State,3,0.08333333333333333,0.09062835469833211,28,28,1.0875402563799854,1.829531560010765,1,without_calendar,calendar,-0.7419913036307795,False
Step17_Fold1_intermittent_without_calendar,intermittent,L3_Store,10,0.08333333333333333,0.07575789687104346,28,28,0.9090947624525216,1.3140881193382647,1,without_calendar,calendar,-0.4049933568857431,False
Step17_Fold1_intermittent_without_calendar,intermittent,L4_Category,3,0.08333333333333333,0.09547152267941313,28,28,1.1456582721529576,1.9274187094569648,1,without_calendar,calendar,-0.7817604373040072,False
Step17_Fold1_intermittent_without_calendar,intermittent,L5_Department,7,0.08333333333333333,0.08269681066080527,28,28,0.9923617279296633,1.5436458618699482,1,without_calendar,calendar,-0.551284133940285,False
Step17_Fold1_intermittent_without_calendar,intermittent,L6_State_Category,9,0.08333333333333333,0.07910987540940698,28,28,0.9493185049128837,1.4177653690128382,1,without_calendar,calendar,-0.4684468640999545,False
Step17_Fold1_intermittent_without_calendar,intermittent,L7_State_Department,21,0.08333333333333333,0.07616997324066942,28,28,0.9140396788880331,1.2110894012531797,1,without_calendar,calendar,-0.2970497223651466,False
Step17_Fold1_intermittent_without_calendar,intermittent,L8_Store_Category,30,0.08333333333333333,0.0698852202852397,28,28,0.8386226434228765,1.0455618458481728,1,without_calendar,calendar,-0.2069392024252963,False
Step17_Fold1_intermittent_without_calendar,intermittent,L9_Store_Department,60,0.08333333333333333,0.07166338689564807,28,28,0.8599606427477768,0.9871049810005758,1,without_calendar,calendar,-0.12714433825279892,False
Step17_Fold1_intermittent_without_event_snap,intermittent,L10_Item,191,0.08333333333333333,0.06831497296181033,28,28,0.8197796755417239,0.8414970801713576,1,without_event_snap,event_snap,-0.021717404629633674,False
Step17_Fold1_intermittent_without_event_snap,intermittent,L11_Item_State,198,0.08333333333333333,0.0680511750399728,28,28,0.8166141004796735,0.8377212357393625,1,without_event_snap,event_snap,-0.02110713525968899,False
Step17_Fold1_intermittent_without_event_snap,intermittent,L12_Item_Store,200,0.08333333333333333,0.06800287904193963,28,28,0.8160345485032756,0.8371324293147362,1,without_event_snap,event_snap,-0.02109788081146058,False
Step17_Fold1_intermittent_without_event_snap,intermittent,L1_Total,1,0.08333333333333333,0.18516732218167525,28,28,2.2220078661801033,2.420839900862526,1,without_event_snap,event_snap,-0.1988320346824226,False
Step17_Fold1_intermittent_without_event_snap,intermittent,L2_State,3,0.08333333333333333,0.14047817642919241,28,28,1.685738117150309,1.829531560010765,1,without_event_snap,event_snap,-0.14379344286045592,False
Step17_Fold1_intermittent_without_event_snap,intermittent,L3_Store,10,0.08333333333333333,0.10277215875900778,28,28,1.2332659051080934,1.3140881193382647,1,without_event_snap,event_snap,-0.08082221423017133,False
Step17_Fold1_intermittent_without_event_snap,intermittent,L4_Category,3,0.08333333333333333,0.14873717589483973,28,28,1.7848461107380769,1.9274187094569648,1,without_event_snap,event_snap,-0.14257259871888794,False
Step17_Fold1_intermittent_without_event_snap,intermittent,L5_Department,7,0.08333333333333333,0.12047338132154115,28,28,1.4456805758584939,1.5436458618699482,1,without_event_snap,event_snap,-0.09796528601145438,False
Step17_Fold1_intermittent_without_event_snap,intermittent,L6_State_Category,9,0.08333333333333333,0.10989138584564798,28,28,1.3186966301477758,1.4177653690128382,1,without_event_snap,event_snap,-0.0990687388650624,False
Step17_Fold1_intermittent_without_event_snap,intermittent,L7_State_Department,21,0.08333333333333333,0.09493103774551866,28,28,1.139172452946224,1.2110894012531797,1,without_event_snap,event_snap,-0.07191694830695572,False
Step17_Fold1_intermittent_without_event_snap,intermittent,L8_Store_Category,30,0.08333333333333333,0.08296821286261902,28,28,0.9956185543514282,1.0455618458481728,1,without_event_snap,event_snap,-0.04994329149674459,False
Step17_Fold1_intermittent_without_event_snap,intermittent,L9_Store_Department,60,0.08333333333333333,0.07857070265446392,28,28,0.942848431853567,0.9871049810005758,1,without_event_snap,event_snap,-0.04425654914700872,False
Step17_Fold1_intermittent_without_lag,intermittent,L10_Item,191,0.08333333333333333,0.0686249119789555,28,28,0.823498943747466,0.8414970801713576,1,without_lag,lag,-0.017998136423891586,False
Step17_Fold1_intermittent_without_lag,intermittent,L11_Item_State,198,0.08333333333333333,0.06832809536061206,28,28,0.8199371443273448,0.8377212357393625,1,without_lag,lag,-0.017784091412017755,False
Step17_Fold1_intermittent_without_lag,intermittent,L12_Item_Store,200,0.08333333333333333,0.06828009566236574,28,28,0.819361147948389,0.8371324293147362,1,without_lag,lag,-0.017771281366347202,False
Step17_Fold1_intermittent_without_lag,intermittent,L1_Total,1,0.08333333333333333,0.1844418644594754,28,28,2.213302373513705,2.420839900862526,1,without_lag,lag,-0.20753752734882092,False
Step17_Fold1_intermittent_without_lag,intermittent,L2_State,3,0.08333333333333333,0.1399907319201347,28,28,1.6798887830416165,1.829531560010765,1,without_lag,lag,-0.1496427769691484,False
Step17_Fold1_intermittent_without_lag,intermittent,L3_Store,10,0.08333333333333333,0.10246251766970757,28,28,1.229550212036491,1.3140881193382647,1,without_lag,lag,-0.0845379073017738,False
Step17_Fold1_intermittent_without_lag,intermittent,L4_Category,3,0.08333333333333333,0.1482660551277828,28,28,1.7791926615333935,1.9274187094569648,1,without_lag,lag,-0.1482260479235713,False
Step17_Fold1_intermittent_without_lag,intermittent,L5_Department,7,0.08333333333333333,0.1198251254015901,28,28,1.4379015048190813,1.5436458618699482,1,without_lag,lag,-0.10574435705086693,False
Step17_Fold1_intermittent_without_lag,intermittent,L6_State_Category,9,0.08333333333333333,0.1095438472599694,28,28,1.3145261671196329,1.4177653690128382,1,without_lag,lag,-0.10323920189320535,False
Step17_Fold1_intermittent_without_lag,intermittent,L7_State_Department,21,0.08333333333333333,0.09444456409673847,28,28,1.1333347691608617,1.2110894012531797,1,without_lag,lag,-0.07775463209231792,False
Step17_Fold1_intermittent_without_lag,intermittent,L8_Store_Category,30,0.08333333333333333,0.08262943062323078,28,28,0.9915531674787693,1.0455618458481728,1,without_lag,lag,-0.054008678369403484,False
Step17_Fold1_intermittent_without_lag,intermittent,L9_Store_Department,60,0.08333333333333333,0.07824919485184884,28,28,0.938990338222186,0.9871049810005758,1,without_lag,lag,-0.04811464277838973,False
Step17_Fold1_intermittent_without_price,intermittent,L10_Item,191,0.08333333333333333,0.07280067223559081,28,28,0.8736080668270897,0.8414970801713576,1,without_price,price,0.03211098665573209,True
Step17_Fold1_intermittent_without_price,intermittent,L11_Item_State,198,0.08333333333333333,0.0724942445734979,28,28,0.8699309348819748,0.8377212357393625,1,without_price,price,0.03220969914261229,True
Step17_Fold1_intermittent_without_price,intermittent,L12_Item_Store,200,0.08333333333333333,0.07244534906336847,28,28,0.8693441887604216,0.8371324293147362,1,without_price,price,0.03221175944568544,True
Step17_Fold1_intermittent_without_price,intermittent,L1_Total,1,0.08333333333333333,0.22373275124539355,28,28,2.6847930149447228,2.420839900862526,1,without_price,price,0.2639531140821969,True
Step17_Fold1_intermittent_without_price,intermittent,L2_State,3,0.08333333333333333,0.1686530836305912,28,28,2.0238370035670945,1.829531560010765,1,without_price,price,0.19430544355632962,True
Step17_Fold1_intermittent_without_price,intermittent,L3_Store,10,0.08333333333333333,0.11927091035895043,28,28,1.4312509243074052,1.3140881193382647,1,without_price,price,0.11716280496914044,True
Step17_Fold1_intermittent_without_price,intermittent,L4_Category,3,0.08333333333333333,0.17738589845604305,28,28,2.1286307814725167,1.9274187094569648,1,without_price,price,0.2012120720155519,True
Step17_Fold1_intermittent_without_price,intermittent,L5_Department,7,0.08333333333333333,0.1418780559520016,28,28,1.702536671424019,1.5436458618699482,1,without_price,price,0.15889080955407087,True
Step17_Fold1_intermittent_without_price,intermittent,L6_State_Category,9,0.08333333333333333,0.12948865542560886,28,28,1.5538638651073065,1.4177653690128382,1,without_price,price,0.13609849609446822,True
Step17_Fold1_intermittent_without_price,intermittent,L7_State_Department,21,0.08333333333333333,0.11000769238495814,28,28,1.3200923086194978,1.2110894012531797,1,without_price,price,0.10900290736631812,True
Step17_Fold1_intermittent_without_price,intermittent,L8_Store_Category,30,0.08333333333333333,0.09317550752110124,28,28,1.118106090253215,1.0455618458481728,1,without_price,price,0.07254424440504215,True
Step17_Fold1_intermittent_without_price,intermittent,L9_Store_Department,60,0.08333333333333333,0.08628327705352073,28,28,1.0353993246422488,0.9871049810005758,1,without_price,price,0.048294343641673065,True
Step17_Fold1_intermittent_without_rolling,intermittent,L10_Item,191,0.08333333333333333,0.06821181954692616,28,28,0.818541834563114,0.8414970801713576,1,without_rolling,rolling,-0.02295524560824358,False
Step17_Fold1_intermittent_without_rolling,intermittent,L11_Item_State,198,0.08333333333333333,0.06790045978923065,28,28,0.8148055174707678,0.8377212357393625,1,without_rolling,rolling,-0.02291571826859473,False
Step17_Fold1_intermittent_without_rolling,intermittent,L12_Item_Store,200,0.08333333333333333,0.06786273716866495,28,28,0.8143528460239794,0.8371324293147362,1,without_rolling,rolling,-0.0227795832907568,False
Step17_Fold1_intermittent_without_rolling,intermittent,L1_Total,1,0.08333333333333333,0.1400120366784744,28,28,1.6801444401416927,2.420839900862526,1,without_rolling,rolling,-0.7406954607208331,False
Step17_Fold1_intermittent_without_rolling,intermittent,L2_State,3,0.08333333333333333,0.10885712515350257,28,28,1.306285501842031,1.829531560010765,1,without_rolling,rolling,-0.5232460581687339,False
Step17_Fold1_intermittent_without_rolling,intermittent,L3_Store,10,0.08333333333333333,0.08537604415449009,28,28,1.024512529853881,1.3140881193382647,1,without_rolling,rolling,-0.28957558948438367,False
Step17_Fold1_intermittent_without_rolling,intermittent,L4_Category,3,0.08333333333333333,0.11593661182632037,28,28,1.3912393419158444,1.9274187094569648,1,without_rolling,rolling,-0.5361793675411204,False
Step17_Fold1_intermittent_without_rolling,intermittent,L5_Department,7,0.08333333333333333,0.09836623849165076,28,28,1.1803948618998092,1.5436458618699482,1,without_rolling,rolling,-0.363250999970139,False
Step17_Fold1_intermittent_without_rolling,intermittent,L6_State_Category,9,0.08333333333333333,0.09117577559100058,28,28,1.0941093070920072,1.4177653690128382,1,without_rolling,rolling,-0.3236560619208311,False
Step17_Fold1_intermittent_without_rolling,intermittent,L7_State_Department,21,0.08333333333333333,0.08407134373965333,28,28,1.00885612487584,1.2110894012531797,1,without_rolling,rolling,-0.20223327637733957,False
Step17_Fold1_intermittent_without_rolling,intermittent,L8_Store_Category,30,0.08333333333333333,0.07516556117735,28,28,0.9019867341282001,1.0455618458481728,1,without_rolling,rolling,-0.14357511171997273,False
Step17_Fold1_intermittent_without_rolling,intermittent,L9_Store_Department,60,0.08333333333333333,0.0732168901871529,28,28,0.8786026822458348,0.9871049810005758,1,without_rolling,rolling,-0.10850229875474093,False
Step17_Fold1_lumpy_without_calendar,lumpy,L10_Item,182,0.08333333333333333,0.09016700685972649,28,28,1.082004082316718,1.159726516285945,1,without_calendar,calendar,-0.07772243396922685,False
Step17_Fold1_lumpy_without_calendar,lumpy,L11_Item_State,197,0.08333333333333333,0.08969131475728397,28,28,1.0762957770874078,1.1554838947831825,1,without_calendar,calendar,-0.07918811769577472,False
Step17_Fold1_lumpy_without_calendar,lumpy,L12_Item_Store,200,0.08333333333333333,0.08948991763989092,28,28,1.0738790116786912,1.1538465081243707,1,without_calendar,calendar,-0.07996749644567958,False
Step17_Fold1_lumpy_without_calendar,lumpy,L1_Total,1,0.08333333333333333,0.14309196943238292,28,28,1.7171036331885952,2.294273620813236,1,without_calendar,calendar,-0.5771699876246408,False
Step17_Fold1_lumpy_without_calendar,lumpy,L2_State,3,0.08333333333333333,0.12361815126289996,28,28,1.4834178151547996,1.8499405326098697,1,without_calendar,calendar,-0.36652271745507004,False
Step17_Fold1_lumpy_without_calendar,lumpy,L3_Store,10,0.08333333333333333,0.09743214420755947,28,28,1.1691857304907136,1.4209304859170822,1,without_calendar,calendar,-0.25174475542636854,False
Step17_Fold1_lumpy_without_calendar,lumpy,L4_Category,3,0.08333333333333333,0.13937345980162874,28,28,1.6724815176195449,2.0081434125184274,1,without_calendar,calendar,-0.33566189489888254,False
Step17_Fold1_lumpy_without_calendar,lumpy,L5_Department,7,0.08333333333333334,0.12474939032413249,28,28,1.4969926838895897,1.800232522634441,1,without_calendar,calendar,-0.30323983874485116,False
Step17_Fold1_lumpy_without_calendar,lumpy,L6_State_Category,9,0.08333333333333333,0.11457869263816284,28,28,1.374944311657954,1.559970835675308,1,without_calendar,calendar,-0.18502652401735387,False
Step17_Fold1_lumpy_without_calendar,lumpy,L7_State_Department,21,0.08333333333333333,0.10199635701766602,28,28,1.2239562842119922,1.4023060936966114,1,without_calendar,calendar,-0.1783498094846192,False
Step17_Fold1_lumpy_without_calendar,lumpy,L8_Store_Category,30,0.08333333333333333,0.09348725345710879,28,28,1.1218470414853055,1.2850049970008568,1,without_calendar,calendar,-0.16315795551555135,False
Step17_Fold1_lumpy_without_calendar,lumpy,L9_Store_Department,59,0.08333333333333334,0.09513721497232362,28,28,1.1416465796678834,1.3047411709364027,1,without_calendar,calendar,-0.16309459126851933,False
Step17_Fold1_lumpy_without_event_snap,lumpy,L10_Item,182,0.08333333333333333,0.09875767475572675,28,28,1.185092097068721,1.159726516285945,1,without_event_snap,event_snap,0.025365580782776176,True
Step17_Fold1_lumpy_without_event_snap,lumpy,L11_Item_State,197,0.08333333333333333,0.09839389636689896,28,28,1.1807267564027877,1.1554838947831825,1,without_event_snap,event_snap,0.025242861619605206,True
Step17_Fold1_lumpy_without_event_snap,lumpy,L12_Item_Store,200,0.08333333333333333,0.09825400276532352,28,28,1.1790480331838824,1.1538465081243707,1,without_event_snap,event_snap,0.025201525059511676,True
Step17_Fold1_lumpy_without_event_snap,lumpy,L1_Total,1,0.08333333333333333,0.18919692369301466,28,28,2.270363084316176,2.294273620813236,1,without_event_snap,event_snap,-0.023910536497059987,False
Step17_Fold1_lumpy_without_event_snap,lumpy,L2_State,3,0.08333333333333333,0.15337734933047742,28,28,1.840528191965729,1.8499405326098697,1,without_event_snap,event_snap,-0.009412340644140649,False
Step17_Fold1_lumpy_without_event_snap,lumpy,L3_Store,10,0.08333333333333333,0.1189261696734261,28,28,1.4271140360811134,1.4209304859170822,1,without_event_snap,event_snap,0.006183550164031271,True
Step17_Fold1_lumpy_without_event_snap,lumpy,L4_Category,3,0.08333333333333333,0.1673438495249753,28,28,2.0081261942997037,2.0081434125184274,1,without_event_snap,event_snap,-1.7218218723691336e-05,False
Step17_Fold1_lumpy_without_event_snap,lumpy,L5_Department,7,0.08333333333333334,0.14949365669748152,28,28,1.7939238803697781,1.800232522634441,1,without_event_snap,event_snap,-0.006308642264662767,False
Step17_Fold1_lumpy_without_event_snap,lumpy,L6_State_Category,9,0.08333333333333333,0.1302036564693154,28,28,1.5624438776317848,1.559970835675308,1,without_event_snap,event_snap,0.002473041956476907,True
Step17_Fold1_lumpy_without_event_snap,lumpy,L7_State_Department,21,0.08333333333333333,0.11707094293133247,28,28,1.4048513151759896,1.4023060936966114,1,without_event_snap,event_snap,0.00254522147937819,True
Step17_Fold1_lumpy_without_event_snap,lumpy,L8_Store_Category,30,0.08333333333333333,0.10692524633257194,28,28,1.2831029559908633,1.2850049970008568,1,without_event_snap,event_snap,-0.0019020410099934715,False
Step17_Fold1_lumpy_without_event_snap,lumpy,L9_Store_Department,59,0.08333333333333334,0.10850540916243546,28,28,1.3020649099492254,1.3047411709364027,1,without_event_snap,event_snap,-0.0026762609871773257,False
Step17_Fold1_lumpy_without_lag,lumpy,L10_Item,182,0.08333333333333333,0.09200085643009531,28,28,1.1040102771611437,1.159726516285945,1,without_lag,lag,-0.05571623912480117,False
Step17_Fold1_lumpy_without_lag,lumpy,L11_Item_State,197,0.08333333333333333,0.09167859842529821,28,28,1.1001431811035787,1.1554838947831825,1,without_lag,lag,-0.055340713679603803,False
Step17_Fold1_lumpy_without_lag,lumpy,L12_Item_Store,200,0.08333333333333333,0.09155489997042973,28,28,1.098658799645157,1.1538465081243707,1,without_lag,lag,-0.05518770847921384,False
Step17_Fold1_lumpy_without_lag,lumpy,L1_Total,1,0.08333333333333333,0.15693017518005625,28,28,1.883162102160675,2.294273620813236,1,without_lag,lag,-0.4111115186525609,False
Step17_Fold1_lumpy_without_lag,lumpy,L2_State,3,0.08333333333333333,0.13138242777558415,28,28,1.57658913330701,1.8499405326098697,1,without_lag,lag,-0.2733513993028598,False
Step17_Fold1_lumpy_without_lag,lumpy,L3_Store,10,0.08333333333333333,0.10307618595281896,28,28,1.2369142314338277,1.4209304859170822,1,without_lag,lag,-0.18401625448325443,False
Step17_Fold1_lumpy_without_lag,lumpy,L4_Category,3,0.08333333333333333,0.1387337436816609,28,28,1.6648049241799308,2.0081434125184274,1,without_lag,lag,-0.3433384883384967,False
Step17_Fold1_lumpy_without_lag,lumpy,L5_Department,7,0.08333333333333334,0.1249511958414251,28,28,1.4994143500971011,1.800232522634441,1,without_lag,lag,-0.3008181725373398,False
Step17_Fold1_lumpy_without_lag,lumpy,L6_State_Category,9,0.08333333333333333,0.11186500523077064,28,28,1.3423800627692477,1.559970835675308,1,without_lag,lag,-0.21759077290606021,False
Step17_Fold1_lumpy_without_lag,lumpy,L7_State_Department,21,0.08333333333333333,0.1003840441846243,28,28,1.2046085302154916,1.4023060936966114,1,without_lag,lag,-0.19769756348111978,False
Step17_Fold1_lumpy_without_lag,lumpy,L8_Store_Category,30,0.08333333333333333,0.09419898845843225,28,28,1.130387861501187,1.2850049970008568,1,without_lag,lag,-0.1546171354996697,False
Step17_Fold1_lumpy_without_lag,lumpy,L9_Store_Department,59,0.08333333333333334,0.09657119974738831,28,28,1.1588543969686596,1.3047411709364027,1,without_lag,lag,-0.1458867739677432,False
Step17_Fold1_lumpy_without_price,lumpy,L10_Item,182,0.08333333333333333,0.10065921480135953,28,28,1.2079105776163144,1.159726516285945,1,without_price,price,0.048184061330369454,True
Step17_Fold1_lumpy_without_price,lumpy,L11_Item_State,197,0.08333333333333333,0.09999846798162165,28,28,1.1999816157794598,1.1554838947831825,1,without_price,price,0.04449772099627736,True
Step17_Fold1_lumpy_without_price,lumpy,L12_Item_Store,200,0.08333333333333333,0.09984690026272589,28,28,1.1981628031527107,1.1538465081243707,1,without_price,price,0.04431629502834,True
Step17_Fold1_lumpy_without_price,lumpy,L1_Total,1,0.08333333333333333,0.19459652250274895,28,28,2.3351582700329874,2.294273620813236,1,without_price,price,0.040884649219751434,True
Step17_Fold1_lumpy_without_price,lumpy,L2_State,3,0.08333333333333333,0.1564342154376454,28,28,1.877210585251745,1.8499405326098697,1,without_price,price,0.02727005264187521,True
Step17_Fold1_lumpy_without_price,lumpy,L3_Store,10,0.08333333333333333,0.11884227294847433,28,28,1.426107275381692,1.4209304859170822,1,without_price,price,0.0051767894646097545,True
Step17_Fold1_lumpy_without_price,lumpy,L4_Category,3,0.08333333333333333,0.16850871434670728,28,28,2.0221045721604876,2.0081434125184274,1,without_price,price,0.013961159642060128,True
Step17_Fold1_lumpy_without_price,lumpy,L5_Department,7,0.08333333333333334,0.15181915217556882,28,28,1.8218298261068258,1.800232522634441,1,without_price,price,0.021597303472384866,True
Step17_Fold1_lumpy_without_price,lumpy,L6_State_Category,9,0.08333333333333333,0.1316342969577112,28,28,1.5796115634925345,1.559970835675308,1,without_price,price,0.01964072781722659,True
Step17_Fold1_lumpy_without_price,lumpy,L7_State_Department,21,0.08333333333333333,0.11911763013343799,28,28,1.429411561601256,1.4023060936966114,1,without_price,price,0.02710546790464452,True
Step17_Fold1_lumpy_without_price,lumpy,L8_Store_Category,30,0.08333333333333333,0.10714616385258102,28,28,1.2857539662309723,1.2850049970008568,1,without_price,price,0.0007489692301154705,True
Step17_Fold1_lumpy_without_price,lumpy,L9_Store_Department,59,0.08333333333333334,0.10953254811206162,28,28,1.3143905773447393,1.3047411709364027,1,without_price,price,0.009649406408336558,True
Step17_Fold1_lumpy_without_rolling,lumpy,L10_Item,182,0.08333333333333333,0.09950870312860692,28,28,1.1941044375432832,1.159726516285945,1,without_rolling,rolling,0.034377921257338295,True
Step17_Fold1_lumpy_without_rolling,lumpy,L11_Item_State,197,0.08333333333333333,0.0993097408887358,28,28,1.1917168906648297,1.1554838947831825,1,without_rolling,rolling,0.03623299588164719,True
Step17_Fold1_lumpy_without_rolling,lumpy,L12_Item_Store,200,0.08333333333333333,0.09928286624656774,28,28,1.1913943949588128,1.1538465081243707,1,without_rolling,rolling,0.0375478868344421,True
Step17_Fold1_lumpy_without_rolling,lumpy,L1_Total,1,0.08333333333333333,0.14460649201693943,28,28,1.735277904203273,2.294273620813236,1,without_rolling,rolling,-0.5589957166099628,False
Step17_Fold1_lumpy_without_rolling,lumpy,L2_State,3,0.08333333333333333,0.12317525753970862,28,28,1.4781030904765036,1.8499405326098697,1,without_rolling,rolling,-0.3718374421333661,False
Step17_Fold1_lumpy_without_rolling,lumpy,L3_Store,10,0.08333333333333333,0.10567352761920246,28,28,1.2680823314304295,1.4209304859170822,1,without_rolling,rolling,-0.15284815448665268,False
Step17_Fold1_lumpy_without_rolling,lumpy,L4_Category,3,0.08333333333333333,0.12664472100506413,28,28,1.5197366520607696,2.0081434125184274,1,without_rolling,rolling,-0.48840676045765785,False
Step17_Fold1_lumpy_without_rolling,lumpy,L5_Department,7,0.08333333333333334,0.12729076950157867,28,28,1.5274892340189439,1.800232522634441,1,without_rolling,rolling,-0.272743288615497,False
Step17_Fold1_lumpy_without_rolling,lumpy,L6_State_Category,9,0.08333333333333333,0.10715867990874595,28,28,1.2859041589049514,1.559970835675308,1,without_rolling,rolling,-0.27406667677035657,False
Step17_Fold1_lumpy_without_rolling,lumpy,L7_State_Department,21,0.08333333333333333,0.10766393116610094,28,28,1.2919671739932115,1.4023060936966114,1,without_rolling,rolling,-0.11033891970339993,False
Step17_Fold1_lumpy_without_rolling,lumpy,L8_Store_Category,30,0.08333333333333333,0.09919974021179878,28,28,1.1903968825415854,1.2850049970008568,1,without_rolling,rolling,-0.09460811445927142,False
Step17_Fold1_lumpy_without_rolling,lumpy,L9_Store_Department,59,0.08333333333333334,0.10728166969586533,28,28,1.2873800363503838,1.3047411709364027,1,without_rolling,rolling,-0.017361134586018956,False
Step17_Fold1_smooth_without_calendar,smooth,L10_Item,142,0.08333333333333333,0.06988527764941994,28,28,0.8386233317930394,0.7365855021021296,1,without_calendar,calendar,0.1020378296909098,True
Step17_Fold1_smooth_without_calendar,smooth,L11_Item_State,180,0.08333333333333333,0.06827940145485911,28,28,0.8193528174583093,0.7382368173835278,1,without_calendar,calendar,0.08111600007478159,True
Step17_Fold1_smooth_without_calendar,smooth,L12_Item_Store,200,0.08333333333333333,0.06806913162474057,28,28,0.8168295794968868,0.7378589754771032,1,without_calendar,calendar,0.07897060401978362,True
Step17_Fold1_smooth_without_calendar,smooth,L1_Total,1,0.08333333333333333,0.0755792467745411,28,28,0.9069509612944933,0.7121775708737215,1,without_calendar,calendar,0.1947733904207718,True
Step17_Fold1_smooth_without_calendar,smooth,L2_State,3,0.08333333333333333,0.07174185463042225,28,28,0.860902255565067,0.7031600406762978,1,without_calendar,calendar,0.15774221488876927,True
Step17_Fold1_smooth_without_calendar,smooth,L3_Store,10,0.08333333333333333,0.07413112688769108,28,28,0.889573522652293,0.745288740533947,1,without_calendar,calendar,0.14428478211834594,True
Step17_Fold1_smooth_without_calendar,smooth,L4_Category,3,0.08333333333333333,0.07590890592932298,28,28,0.9109068711518757,0.744212906835933,1,without_calendar,calendar,0.16669396431594274,True
Step17_Fold1_smooth_without_calendar,smooth,L5_Department,5,0.08333333333333333,0.0757134434998285,28,28,0.908561321997942,0.7469440048454856,1,without_calendar,calendar,0.16161731715245642,True
Step17_Fold1_smooth_without_calendar,smooth,L6_State_Category,9,0.08333333333333333,0.0728264474907899,28,28,0.8739173698894788,0.7661112514078499,1,without_calendar,calendar,0.10780611848162891,True
Step17_Fold1_smooth_without_calendar,smooth,L7_State_Department,14,0.08333333333333333,0.0731681624894693,28,28,0.8780179498736316,0.7830533677284335,1,without_calendar,calendar,0.0949645821451981,True
Step17_Fold1_smooth_without_calendar,smooth,L8_Store_Category,29,0.08333333333333333,0.07433776063181097,28,28,0.8920531275817316,0.787474106035444,1,without_calendar,calendar,0.10457902154628762,True
Step17_Fold1_smooth_without_calendar,smooth,L9_Store_Department,39,0.08333333333333333,0.07437461551344356,28,28,0.8924953861613227,0.8005703800783663,1,without_calendar,calendar,0.0919250060829564,True
Step17_Fold1_smooth_without_event_snap,smooth,L10_Item,142,0.08333333333333333,0.060609030824277696,28,28,0.7273083698913324,0.7365855021021296,1,without_event_snap,event_snap,-0.009277132210797179,False
Step17_Fold1_smooth_without_event_snap,smooth,L11_Item_State,180,0.08333333333333333,0.06138848515278461,28,28,0.7366618218334153,0.7382368173835278,1,without_event_snap,event_snap,-0.0015749955501124235,False
Step17_Fold1_smooth_without_event_snap,smooth,L12_Item_Store,200,0.08333333333333333,0.06153433242658319,28,28,0.7384119891189983,0.7378589754771032,1,without_event_snap,event_snap,0.0005530136418950837,True
Step17_Fold1_smooth_without_event_snap,smooth,L1_Total,1,0.08333333333333333,0.05126670905284203,28,28,0.6152005086341044,0.7121775708737215,1,without_event_snap,event_snap,-0.0969770622396171,False
Step17_Fold1_smooth_without_event_snap,smooth,L2_State,3,0.08333333333333333,0.052868448555857095,28,28,0.6344213826702851,0.7031600406762978,1,without_event_snap,event_snap,-0.06873865800601264,False
Step17_Fold1_smooth_without_event_snap,smooth,L3_Store,10,0.08333333333333333,0.05898037734450495,28,28,0.7077645281340594,0.745288740533947,1,without_event_snap,event_snap,-0.03752421239988757,False
Step17_Fold1_smooth_without_event_snap,smooth,L4_Category,3,0.08333333333333333,0.05563610101705301,28,28,0.6676332122046362,0.744212906835933,1,without_event_snap,event_snap,-0.07657969463129677,False
Step17_Fold1_smooth_without_event_snap,smooth,L5_Department,5,0.08333333333333333,0.05631019134169318,28,28,0.6757222961003182,0.7469440048454856,1,without_event_snap,event_snap,-0.07122170874516742,False
Step17_Fold1_smooth_without_event_snap,smooth,L6_State_Category,9,0.08333333333333333,0.05931497913749857,28,28,0.7117797496499829,0.7661112514078499,1,without_event_snap,event_snap,-0.05433150175786694,False
Step17_Fold1_smooth_without_event_snap,smooth,L7_State_Department,14,0.08333333333333333,0.06089823862836865,28,28,0.7307788635404239,0.7830533677284335,1,without_event_snap,event_snap,-0.05227450418800961,False
Step17_Fold1_smooth_without_event_snap,smooth,L8_Store_Category,29,0.08333333333333333,0.06381849629641613,28,28,0.7658219555569936,0.787474106035444,1,without_event_snap,event_snap,-0.02165215047845037,False
Step17_Fold1_smooth_without_event_snap,smooth,L9_Store_Department,39,0.08333333333333333,0.0649030447735428,28,28,0.7788365372825137,0.8005703800783663,1,without_event_snap,event_snap,-0.021733842795852665,False
Step17_Fold1_smooth_without_lag,smooth,L10_Item,142,0.08333333333333333,0.061186627762666444,28,28,0.7342395331519974,0.7365855021021296,1,without_lag,lag,-0.002345968950132171,False
Step17_Fold1_smooth_without_lag,smooth,L11_Item_State,180,0.08333333333333333,0.061802166712386065,28,28,0.7416260005486328,0.7382368173835278,1,without_lag,lag,0.0033891831651050586,True
Step17_Fold1_smooth_without_lag,smooth,L12_Item_Store,200,0.08333333333333333,0.061821535509178,28,28,0.7418584261101361,0.7378589754771032,1,without_lag,lag,0.003999450633032864,True
Step17_Fold1_smooth_without_lag,smooth,L1_Total,1,0.08333333333333333,0.05272458373418038,28,28,0.6326950048101646,0.7121775708737215,1,without_lag,lag,-0.07948256606355686,False
Step17_Fold1_smooth_without_lag,smooth,L2_State,3,0.08333333333333333,0.05415069410436342,28,28,0.6498083292523611,0.7031600406762978,1,without_lag,lag,-0.05335171142393669,False
Step17_Fold1_smooth_without_lag,smooth,L3_Store,10,0.08333333333333333,0.059674750314112165,28,28,0.716097003769346,0.745288740533947,1,without_lag,lag,-0.029191736764600962,False
Step17_Fold1_smooth_without_lag,smooth,L4_Category,3,0.08333333333333333,0.05580619687088562,28,28,0.6696743624506275,0.744212906835933,1,without_lag,lag,-0.0745385443853055,False
Step17_Fold1_smooth_without_lag,smooth,L5_Department,5,0.08333333333333333,0.056876320619181235,28,28,0.6825158474301749,0.7469440048454856,1,without_lag,lag,-0.06442815741531072,False
Step17_Fold1_smooth_without_lag,smooth,L6_State_Category,9,0.08333333333333333,0.05961623081849408,28,28,0.715394769821929,0.7661112514078499,1,without_lag,lag,-0.0507164815859209,False
Step17_Fold1_smooth_without_lag,smooth,L7_State_Department,14,0.08333333333333333,0.06180795524815867,28,28,0.7416954629779041,0.7830533677284335,1,without_lag,lag,-0.04135790475052936,False
Step17_Fold1_smooth_without_lag,smooth,L8_Store_Category,29,0.08333333333333333,0.06339776386292252,28,28,0.7607731663550703,0.787474106035444,1,without_lag,lag,-0.02670093968037368,False
Step17_Fold1_smooth_without_lag,smooth,L9_Store_Department,39,0.08333333333333333,0.0648134734977372,28,28,0.7777616819728463,0.8005703800783663,1,without_lag,lag,-0.022808698105519998,False
Step17_Fold1_smooth_without_price,smooth,L10_Item,142,0.08333333333333333,0.061191097835668756,28,28,0.7342931740280251,0.7365855021021296,1,without_price,price,-0.0022923280741045104,False
Step17_Fold1_smooth_without_price,smooth,L11_Item_State,180,0.08333333333333333,0.06192956840086367,28,28,0.7431548208103641,0.7382368173835278,1,without_price,price,0.004918003426836348,True
Step17_Fold1_smooth_without_price,smooth,L12_Item_Store,200,0.08333333333333333,0.061973200255638815,28,28,0.7436784030676659,0.7378589754771032,1,without_price,price,0.0058194275905626425,True
Step17_Fold1_smooth_without_price,smooth,L1_Total,1,0.08333333333333333,0.04585634270448031,28,28,0.5502761124537637,0.7121775708737215,1,without_price,price,-0.16190145841995773,False
Step17_Fold1_smooth_without_price,smooth,L2_State,3,0.08333333333333333,0.05057084847961391,28,28,0.606850181755367,0.7031600406762978,1,without_price,price,-0.0963098589209308,False
Step17_Fold1_smooth_without_price,smooth,L3_Store,10,0.08333333333333333,0.058275277047718364,28,28,0.6993033245726205,0.745288740533947,1,without_price,price,-0.04598541596132655,False
Step17_Fold1_smooth_without_price,smooth,L4_Category,3,0.08333333333333333,0.05292656625725809,28,28,0.6351187950870971,0.744212906835933,1,without_price,price,-0.10909411174883588,False
Step17_Fold1_smooth_without_price,smooth,L5_Department,5,0.08333333333333333,0.05454681867028476,28,28,0.6545618240434172,0.7469440048454856,1,without_price,price,-0.09238218080206839,False
Step17_Fold1_smooth_without_price,smooth,L6_State_Category,9,0.08333333333333333,0.0581686881661958,28,28,0.6980242579943496,0.7661112514078499,1,without_price,price,-0.06808699341350022,False
Step17_Fold1_smooth_without_price,smooth,L7_State_Department,14,0.08333333333333333,0.060445814802894765,28,28,0.7253497776347372,0.7830533677284335,1,without_price,price,-0.0577035900936963,False
Step17_Fold1_smooth_without_price,smooth,L8_Store_Category,29,0.08333333333333333,0.06317511131942298,28,28,0.7581013358330758,0.787474106035444,1,without_price,price,-0.02937277020236817,False
Step17_Fold1_smooth_without_price,smooth,L9_Store_Department,39,0.08333333333333333,0.06474194047989389,28,28,0.7769032857587267,0.8005703800783663,1,without_price,price,-0.023667094319639648,False
Step17_Fold1_smooth_without_rolling,smooth,L10_Item,142,0.08333333333333333,0.06346533962634023,28,28,0.7615840755160828,0.7365855021021296,1,without_rolling,rolling,0.024998573413953173,True
Step17_Fold1_smooth_without_rolling,smooth,L11_Item_State,180,0.08333333333333333,0.06345999992531513,28,28,0.7615199991037817,0.7382368173835278,1,without_rolling,rolling,0.023283181720253898,True
Step17_Fold1_smooth_without_rolling,smooth,L12_Item_Store,200,0.08333333333333333,0.06367012267039017,28,28,0.7640414720446821,0.7378589754771032,1,without_rolling,rolling,0.026182496567578872,True
Step17_Fold1_smooth_without_rolling,smooth,L1_Total,1,0.08333333333333333,0.05640742555965489,28,28,0.6768891067158587,0.7121775708737215,1,without_rolling,rolling,-0.0352884641578628,False
Step17_Fold1_smooth_without_rolling,smooth,L2_State,3,0.08333333333333333,0.056737404359106194,28,28,0.6808488523092744,0.7031600406762978,1,without_rolling,rolling,-0.022311188367023393,False
Step17_Fold1_smooth_without_rolling,smooth,L3_Store,10,0.08333333333333333,0.06125945991865118,28,28,0.7351135190238142,0.745288740533947,1,without_rolling,rolling,-0.010175221510132837,False
Step17_Fold1_smooth_without_rolling,smooth,L4_Category,3,0.08333333333333333,0.059015132583993296,28,28,0.7081815910079196,0.744212906835933,1,without_rolling,rolling,-0.036031315828013444,False
Step17_Fold1_smooth_without_rolling,smooth,L5_Department,5,0.08333333333333333,0.05899868520895403,28,28,0.7079842225074484,0.7469440048454856,1,without_rolling,rolling,-0.03895978233803721,False
Step17_Fold1_smooth_without_rolling,smooth,L6_State_Category,9,0.08333333333333333,0.06232857094159951,28,28,0.7479428512991942,0.7661112514078499,1,without_rolling,rolling,-0.018168400108655614,False
Step17_Fold1_smooth_without_rolling,smooth,L7_State_Department,14,0.08333333333333333,0.06371708769417883,28,28,0.764605052330146,0.7830533677284335,1,without_rolling,rolling,-0.018448315398287507,False
Step17_Fold1_smooth_without_rolling,smooth,L8_Store_Category,29,0.08333333333333333,0.06553844055245606,28,28,0.7864612866294727,0.787474106035444,1,without_rolling,rolling,-0.0010128194059713103,False
Step17_Fold1_smooth_without_rolling,smooth,L9_Store_Department,39,0.08333333333333333,0.06711185389157812,28,28,0.8053422466989374,0.8005703800783663,1,without_rolling,rolling,0.0047718666205710525,True
Step17_Fold2_erratic_without_calendar,erratic,L10_Item,119,0.08333333333333333,0.09380173899808164,28,28,1.1256208679769797,0.9451172996013598,2,without_calendar,calendar,0.18050356837561987,True
Step17_Fold2_erratic_without_calendar,erratic,L11_Item_State,171,0.08333333333333333,0.09421522879061195,28,28,1.1305827454873434,0.9687954066767216,2,without_calendar,calendar,0.1617873388106218,True
Step17_Fold2_erratic_without_calendar,erratic,L12_Item_Store,200,0.08333333333333333,0.09405866906664354,28,28,1.1287040287997225,0.9737444908714086,2,without_calendar,calendar,0.15495953792831396,True
Step17_Fold2_erratic_without_calendar,erratic,L1_Total,1,0.08333333333333333,0.09260614055959318,28,28,1.1112736867151183,0.563874659554409,2,without_calendar,calendar,0.5473990271607093,True
Step17_Fold2_erratic_without_calendar,erratic,L2_State,3,0.08333333333333334,0.0850510819156413,28,28,1.0206129829876955,0.667544568888993,2,without_calendar,calendar,0.3530684140987025,True
Step17_Fold2_erratic_without_calendar,erratic,L3_Store,10,0.08333333333333333,0.0999250553041259,28,28,1.199100663649511,0.9717129147767342,2,without_calendar,calendar,0.2273877488727768,True
Step17_Fold2_erratic_without_calendar,erratic,L4_Category,3,0.08333333333333333,0.0955539632038873,28,28,1.1466475584466478,0.6768654556198426,2,without_calendar,calendar,0.4697821028268052,True
Step17_Fold2_erratic_without_calendar,erratic,L5_Department,5,0.08333333333333334,0.09443968712233285,28,28,1.133276245467994,0.7632153693716781,2,without_calendar,calendar,0.370060876096316,True
Step17_Fold2_erratic_without_calendar,erratic,L6_State_Category,9,0.08333333333333333,0.08519597085402836,28,28,1.0223516502483403,0.7168524400234003,2,without_calendar,calendar,0.30549921022494,True
Step17_Fold2_erratic_without_calendar,erratic,L7_State_Department,15,0.08333333333333333,0.09202319038002274,28,28,1.104278284560273,0.817607582861403,2,without_calendar,calendar,0.28667070169887,True
Step17_Fold2_erratic_without_calendar,erratic,L8_Store_Category,25,0.08333333333333333,0.09357036884609199,28,28,1.1228444261531039,0.9396480627660316,2,without_calendar,calendar,0.18319636338707224,True
Step17_Fold2_erratic_without_calendar,erratic,L9_Store_Department,39,0.08333333333333333,0.09727147016125799,28,28,1.167257641935096,0.9453714219988378,2,without_calendar,calendar,0.22188621993625812,True
Step17_Fold2_erratic_without_event_snap,erratic,L10_Item,119,0.08333333333333333,0.08477519423574631,28,28,1.0173023308289557,0.9451172996013598,2,without_event_snap,event_snap,0.0721850312275959,True
Step17_Fold2_erratic_without_event_snap,erratic,L11_Item_State,171,0.08333333333333333,0.08675777776725375,28,28,1.0410933332070451,0.9687954066767216,2,without_event_snap,event_snap,0.07229792653032352,True
Step17_Fold2_erratic_without_event_snap,erratic,L12_Item_Store,200,0.08333333333333333,0.08717050399547903,28,28,1.0460460479457485,0.9737444908714086,2,without_event_snap,event_snap,0.07230155707433994,True
Step17_Fold2_erratic_without_event_snap,erratic,L1_Total,1,0.08333333333333333,0.05026423689504681,28,28,0.6031708427405618,0.563874659554409,2,without_event_snap,event_snap,0.0392961831861528,True
Step17_Fold2_erratic_without_event_snap,erratic,L2_State,3,0.08333333333333334,0.05750480299882835,28,28,0.69005763598594,0.667544568888993,2,without_event_snap,event_snap,0.022513067096947004,True
Step17_Fold2_erratic_without_event_snap,erratic,L3_Store,10,0.08333333333333333,0.08366184807021468,28,28,1.0039421768425763,0.9717129147767342,2,without_event_snap,event_snap,0.03222926206584209,True
Step17_Fold2_erratic_without_event_snap,erratic,L4_Category,3,0.08333333333333333,0.06137959052115483,28,28,0.736555086253858,0.6768654556198426,2,without_event_snap,event_snap,0.059689630634015445,True
Step17_Fold2_erratic_without_event_snap,erratic,L5_Department,5,0.08333333333333334,0.06732671390554999,28,28,0.8079205668665999,0.7632153693716781,2,without_event_snap,event_snap,0.044705197494921745,True
Step17_Fold2_erratic_without_event_snap,erratic,L6_State_Category,9,0.08333333333333333,0.06345536535335983,28,28,0.7614643842403179,0.7168524400234003,2,without_event_snap,event_snap,0.04461194421691761,True
Step17_Fold2_erratic_without_event_snap,erratic,L7_State_Department,15,0.08333333333333333,0.07250688744429083,28,28,0.87008264933149,0.817607582861403,2,without_event_snap,event_snap,0.05247506647008704,True
Step17_Fold2_erratic_without_event_snap,erratic,L8_Store_Category,25,0.08333333333333333,0.08230907786556212,28,28,0.9877089343867455,0.9396480627660316,2,without_event_snap,event_snap,0.04806087162071382,True
Step17_Fold2_erratic_without_event_snap,erratic,L9_Store_Department,39,0.08333333333333333,0.08499578243659271,28,28,1.0199493892391127,0.9453714219988378,2,without_event_snap,event_snap,0.07457796724027488,True
Step17_Fold2_erratic_without_lag,erratic,L10_Item,119,0.08333333333333333,0.07693359867055813,28,28,0.9232031840466975,0.9451172996013598,2,without_lag,lag,-0.021914115554662272,False
Step17_Fold2_erratic_without_lag,erratic,L11_Item_State,171,0.08333333333333333,0.07881951362573317,28,28,0.945834163508798,0.9687954066767216,2,without_lag,lag,-0.022961243167923584,False
Step17_Fold2_erratic_without_lag,erratic,L12_Item_Store,200,0.08333333333333333,0.07919845498347071,28,28,0.9503814598016486,0.9737444908714086,2,without_lag,lag,-0.02336303106976001,False
Step17_Fold2_erratic_without_lag,erratic,L1_Total,1,0.08333333333333333,0.04913452174281369,28,28,0.5896142609137643,0.563874659554409,2,without_lag,lag,0.02573960135935538,True
Step17_Fold2_erratic_without_lag,erratic,L2_State,3,0.08333333333333334,0.05730363846971857,28,28,0.6876436616366227,0.667544568888993,2,without_lag,lag,0.020099092747629665,True
Step17_Fold2_erratic_without_lag,erratic,L3_Store,10,0.08333333333333333,0.07879626026763742,28,28,0.945555123211649,0.9717129147767342,2,without_lag,lag,-0.02615779156508513,False
Step17_Fold2_erratic_without_lag,erratic,L4_Category,3,0.08333333333333333,0.05907348580525557,28,28,0.7088818296630669,0.6768654556198426,2,without_lag,lag,0.03201637404322433,True
Step17_Fold2_erratic_without_lag,erratic,L5_Department,5,0.08333333333333334,0.06454935797165681,28,28,0.7745922956598816,0.7632153693716781,2,without_lag,lag,0.011376926288203526,True
Step17_Fold2_erratic_without_lag,erratic,L6_State_Category,9,0.08333333333333333,0.06217504834115723,28,28,0.7461005800938868,0.7168524400234003,2,without_lag,lag,0.029248140070486484,True
Step17_Fold2_erratic_without_lag,erratic,L7_State_Department,15,0.08333333333333333,0.06613322071442657,28,28,0.7935986485731188,0.817607582861403,2,without_lag,lag,-0.02400893428828421,False
Step17_Fold2_erratic_without_lag,erratic,L8_Store_Category,25,0.08333333333333333,0.07652287978618517,28,28,0.9182745574342221,0.9396480627660316,2,without_lag,lag,-0.021373505331809484,False
Step17_Fold2_erratic_without_lag,erratic,L9_Store_Department,39,0.08333333333333333,0.07815167200655694,28,28,0.9378200640786833,0.9453714219988378,2,without_lag,lag,-0.007551357920154489,False
Step17_Fold2_erratic_without_price,erratic,L10_Item,119,0.08333333333333333,0.08745142279790874,28,28,1.0494170735749049,0.9451172996013598,2,without_price,price,0.10429977397354506,True
Step17_Fold2_erratic_without_price,erratic,L11_Item_State,171,0.08333333333333333,0.08936724396056624,28,28,1.072406927526795,0.9687954066767216,2,without_price,price,0.1036115208500733,True
Step17_Fold2_erratic_without_price,erratic,L12_Item_Store,200,0.08333333333333333,0.0898173053980298,28,28,1.0778076647763577,0.9737444908714086,2,without_price,price,0.10406317390494912,True
Step17_Fold2_erratic_without_price,erratic,L1_Total,1,0.08333333333333333,0.045719851726953704,28,28,0.5486382207234445,0.563874659554409,2,without_price,price,-0.015236438830964483,False
Step17_Fold2_erratic_without_price,erratic,L2_State,3,0.08333333333333334,0.05387969355177723,28,28,0.6465563226213267,0.667544568888993,2,without_price,price,-0.020988246267666377,False
Step17_Fold2_erratic_without_price,erratic,L3_Store,10,0.08333333333333333,0.0715272535498864,28,28,0.8583270425986368,0.9717129147767342,2,without_price,price,-0.11338587217809737,False
Step17_Fold2_erratic_without_price,erratic,L4_Category,3,0.08333333333333333,0.05139552065716216,28,28,0.6167462478859459,0.6768654556198426,2,without_price,price,-0.060119207733896673,False
Step17_Fold2_erratic_without_price,erratic,L5_Department,5,0.08333333333333334,0.061748456996295366,28,28,0.7409814839555443,0.7632153693716781,2,without_price,price,-0.022233885416133803,False
Step17_Fold2_erratic_without_price,erratic,L6_State_Category,9,0.08333333333333333,0.055631396868122074,28,28,0.6675767624174649,0.7168524400234003,2,without_price,price,-0.04927567760593543,False
Step17_Fold2_erratic_without_price,erratic,L7_State_Department,15,0.08333333333333333,0.07145050623601532,28,28,0.8574060748321838,0.817607582861403,2,without_price,price,0.03979849197078078,True
Step17_Fold2_erratic_without_price,erratic,L8_Store_Category,25,0.08333333333333333,0.06742437674195079,28,28,0.8090925209034094,0.9396480627660316,2,without_price,price,-0.1305555418626222,False
Step17_Fold2_erratic_without_price,erratic,L9_Store_Department,39,0.08333333333333333,0.08606768432556161,28,28,1.0328122119067393,0.9453714219988378,2,without_price,price,0.0874407899079015,True
Step17_Fold2_erratic_without_rolling,erratic,L10_Item,119,0.08333333333333333,0.08282637069584804,28,28,0.9939164483501766,0.9451172996013598,2,without_rolling,rolling,0.048799148748816745,True
Step17_Fold2_erratic_without_rolling,erratic,L11_Item_State,171,0.08333333333333333,0.08431625562467507,28,28,1.011795067496101,0.9687954066767216,2,without_rolling,rolling,0.04299966081937934,True
Step17_Fold2_erratic_without_rolling,erratic,L12_Item_Store,200,0.08333333333333333,0.08460781200560406,28,28,1.015293744067249,0.9737444908714086,2,without_rolling,rolling,0.04154925319584035,True
Step17_Fold2_erratic_without_rolling,erratic,L1_Total,1,0.08333333333333333,0.03981487476830617,28,28,0.477778497219674,0.563874659554409,2,without_rolling,rolling,-0.08609616233473494,False
Step17_Fold2_erratic_without_rolling,erratic,L2_State,3,0.08333333333333334,0.05172103762986504,28,28,0.6206524515583804,0.667544568888993,2,without_rolling,rolling,-0.046892117330612604,False
Step17_Fold2_erratic_without_rolling,erratic,L3_Store,10,0.08333333333333333,0.07680191939062284,28,28,0.921623032687474,0.9717129147767342,2,without_rolling,rolling,-0.05008988208926013,False
Step17_Fold2_erratic_without_rolling,erratic,L4_Category,3,0.08333333333333333,0.05113018049971704,28,28,0.6135621659966045,0.6768654556198426,2,without_rolling,rolling,-0.06330328962323806,False
Step17_Fold2_erratic_without_rolling,erratic,L5_Department,5,0.08333333333333334,0.060459371740490174,28,28,0.7255124608858821,0.7632153693716781,2,without_rolling,rolling,-0.03770290848579605,False
Step17_Fold2_erratic_without_rolling,erratic,L6_State_Category,9,0.08333333333333333,0.05726384665401443,28,28,0.6871661598481732,0.7168524400234003,2,without_rolling,rolling,-0.02968628017522712,False
Step17_Fold2_erratic_without_rolling,erratic,L7_State_Department,15,0.08333333333333333,0.0665584512248048,28,28,0.7987014146976577,0.817607582861403,2,without_rolling,rolling,-0.01890616816374535,False
Step17_Fold2_erratic_without_rolling,erratic,L8_Store_Category,25,0.08333333333333333,0.07390314363323057,28,28,0.8868377235987669,0.9396480627660316,2,without_rolling,rolling,-0.05281033916726474,False
Step17_Fold2_erratic_without_rolling,erratic,L9_Store_Department,39,0.08333333333333333,0.07994920489488708,28,28,0.9593904587386449,0.9453714219988378,2,without_rolling,rolling,0.01401903673980709,True
Step17_Fold2_intermittent_without_calendar,intermittent,L10_Item,191,0.08333333333333333,0.07000092090619475,28,28,0.840011050874337,0.8271923431148062,2,without_calendar,calendar,0.012818707759530867,True
Step17_Fold2_intermittent_without_calendar,intermittent,L11_Item_State,198,0.08333333333333333,0.0697606059503374,28,28,0.8371272714040487,0.8239574062002994,2,without_calendar,calendar,0.013169865203749298,True
Step17_Fold2_intermittent_without_calendar,intermittent,L12_Item_Store,200,0.08333333333333333,0.06971265127782224,28,28,0.8365518153338669,0.8233444985239332,2,without_calendar,calendar,0.0132073168099337,True
Step17_Fold2_intermittent_without_calendar,intermittent,L1_Total,1,0.08333333333333333,0.13486698512259054,28,28,1.6184038214710865,1.3967003035691523,2,without_calendar,calendar,0.2217035179019342,True
Step17_Fold2_intermittent_without_calendar,intermittent,L2_State,3,0.08333333333333333,0.1127526571781153,28,28,1.3530318861373838,1.210888453393427,2,without_calendar,calendar,0.1421434327439568,True
Step17_Fold2_intermittent_without_calendar,intermittent,L3_Store,10,0.08333333333333333,0.08847787960533261,28,28,1.0617345552639914,0.9795126831914536,2,without_calendar,calendar,0.08222187207253784,True
Step17_Fold2_intermittent_without_calendar,intermittent,L4_Category,3,0.08333333333333334,0.11441572968750918,28,28,1.37298875625011,1.2256599198140652,2,without_calendar,calendar,0.14732883643604477,True
Step17_Fold2_intermittent_without_calendar,intermittent,L5_Department,7,0.08333333333333333,0.09975495659030809,28,28,1.197059479083697,1.093247612776523,2,without_calendar,calendar,0.1038118663071741,True
Step17_Fold2_intermittent_without_calendar,intermittent,L6_State_Category,9,0.08333333333333333,0.09750600705808843,28,28,1.1700720846970611,1.0765320486988532,2,without_calendar,calendar,0.09354003599820793,True
Step17_Fold2_intermittent_without_calendar,intermittent,L7_State_Department,21,0.08333333333333333,0.08940252969983338,28,28,1.0728303563980006,1.0044536893262377,2,without_calendar,calendar,0.06837666707176293,True
Step17_Fold2_intermittent_without_calendar,intermittent,L8_Store_Category,30,0.08333333333333333,0.07940338328504189,28,28,0.9528405994205027,0.902406498163085,2,without_calendar,calendar,0.05043410125741765,True
Step17_Fold2_intermittent_without_calendar,intermittent,L9_Store_Department,60,0.08333333333333333,0.07787229848171397,28,28,0.9344675817805677,0.8988529107555479,2,without_calendar,calendar,0.035614671025019806,True
Step17_Fold2_intermittent_without_event_snap,intermittent,L10_Item,191,0.08333333333333333,0.06854550897244566,28,28,0.8225461076693479,0.8271923431148062,2,without_event_snap,event_snap,-0.00464623544545828,False
Step17_Fold2_intermittent_without_event_snap,intermittent,L11_Item_State,198,0.08333333333333333,0.06830352232332182,28,28,0.8196422678798618,0.8239574062002994,2,without_event_snap,event_snap,-0.004315138320437617,False
Step17_Fold2_intermittent_without_event_snap,intermittent,L12_Item_Store,200,0.08333333333333333,0.06825261692421286,28,28,0.8190314030905543,0.8233444985239332,2,without_event_snap,event_snap,-0.004313095433378877,False
Step17_Fold2_intermittent_without_event_snap,intermittent,L1_Total,1,0.08333333333333333,0.10929513681720944,28,28,1.3115416418065133,1.3967003035691523,2,without_event_snap,event_snap,-0.08515866176263898,False
Step17_Fold2_intermittent_without_event_snap,intermittent,L2_State,3,0.08333333333333333,0.09552485818954784,28,28,1.1462982982745742,1.210888453393427,2,without_event_snap,event_snap,-0.0645901551188528,False
Step17_Fold2_intermittent_without_event_snap,intermittent,L3_Store,10,0.08333333333333333,0.07874024162278838,28,28,0.9448828994734606,0.9795126831914536,2,without_event_snap,event_snap,-0.03462978371799297,False
Step17_Fold2_intermittent_without_event_snap,intermittent,L4_Category,3,0.08333333333333334,0.09703423086829277,28,28,1.164410770419513,1.2256599198140652,2,without_event_snap,event_snap,-0.06124914939455217,False
Step17_Fold2_intermittent_without_event_snap,intermittent,L5_Department,7,0.08333333333333333,0.08740355343486204,28,28,1.0488426412183447,1.093247612776523,2,without_event_snap,event_snap,-0.04440497155817824,False
Step17_Fold2_intermittent_without_event_snap,intermittent,L6_State_Category,9,0.08333333333333333,0.08687225290556827,28,28,1.0424670348668192,1.0765320486988532,2,without_event_snap,event_snap,-0.034065013832033975,False
Step17_Fold2_intermittent_without_event_snap,intermittent,L7_State_Department,21,0.08333333333333333,0.0817980582856843,28,28,0.9815766994282117,1.0044536893262377,2,without_event_snap,event_snap,-0.022876989898026,False
Step17_Fold2_intermittent_without_event_snap,intermittent,L8_Store_Category,30,0.08333333333333333,0.07382175391262873,28,28,0.8858610469515448,0.902406498163085,2,without_event_snap,event_snap,-0.016545451211540274,False
Step17_Fold2_intermittent_without_event_snap,intermittent,L9_Store_Department,60,0.08333333333333333,0.07397648781926977,28,28,0.8877178538312372,0.8988529107555479,2,without_event_snap,event_snap,-0.011135056924310605,False
Step17_Fold2_intermittent_without_lag,intermittent,L10_Item,191,0.08333333333333333,0.0693883841190691,28,28,0.8326606094288292,0.8271923431148062,2,without_lag,lag,0.005468266314023085,True
Step17_Fold2_intermittent_without_lag,intermittent,L11_Item_State,198,0.08333333333333333,0.06912534333170962,28,28,0.8295041199805155,0.8239574062002994,2,without_lag,lag,0.005546713780216095,True
Step17_Fold2_intermittent_without_lag,intermittent,L12_Item_Store,200,0.08333333333333333,0.06907524063004733,28,28,0.828902887560568,0.8233444985239332,2,without_lag,lag,0.005558389036634748,True
Step17_Fold2_intermittent_without_lag,intermittent,L1_Total,1,0.08333333333333333,0.11304396446274217,28,28,1.356527573552906,1.3967003035691523,2,without_lag,lag,-0.040172730016246216,False
Step17_Fold2_intermittent_without_lag,intermittent,L2_State,3,0.08333333333333333,0.09892840078011297,28,28,1.1871408093613558,1.210888453393427,2,without_lag,lag,-0.02374764403207119,False
Step17_Fold2_intermittent_without_lag,intermittent,L3_Store,10,0.08333333333333333,0.08089934128420863,28,28,0.9707920954105036,0.9795126831914536,2,without_lag,lag,-0.008720587780949973,False
Step17_Fold2_intermittent_without_lag,intermittent,L4_Category,3,0.08333333333333334,0.09977444077872748,28,28,1.1972932893447297,1.2256599198140652,2,without_lag,lag,-0.02836663046933552,False
Step17_Fold2_intermittent_without_lag,intermittent,L5_Department,7,0.08333333333333333,0.08957720799277821,28,28,1.0749264959133387,1.093247612776523,2,without_lag,lag,-0.018321116863184272,False
Step17_Fold2_intermittent_without_lag,intermittent,L6_State_Category,9,0.08333333333333333,0.08905083391076032,28,28,1.068610006929124,1.0765320486988532,2,without_lag,lag,-0.007922041769729216,False
Step17_Fold2_intermittent_without_lag,intermittent,L7_State_Department,21,0.08333333333333333,0.08358770006639762,28,28,1.0030524007967716,1.0044536893262377,2,without_lag,lag,-0.0014012885294660826,False
Step17_Fold2_intermittent_without_lag,intermittent,L8_Store_Category,30,0.08333333333333333,0.07518755544129005,28,28,0.9022506652954806,0.902406498163085,2,without_lag,lag,-0.00015583286760445514,False
Step17_Fold2_intermittent_without_lag,intermittent,L9_Store_Department,60,0.08333333333333333,0.07521323082287663,28,28,0.9025587698745197,0.8988529107555479,2,without_lag,lag,0.0037058591189718104,True
Step17_Fold2_intermittent_without_price,intermittent,L10_Item,191,0.08333333333333333,0.06830566454704533,28,28,0.819667974564544,0.8271923431148062,2,without_price,price,-0.007524368550262173,False
Step17_Fold2_intermittent_without_price,intermittent,L11_Item_State,198,0.08333333333333333,0.06807314382344505,28,28,0.8168777258813407,0.8239574062002994,2,without_price,price,-0.007079680318958781,False
Step17_Fold2_intermittent_without_price,intermittent,L12_Item_Store,200,0.08333333333333333,0.06802170139323256,28,28,0.8162604167187908,0.8233444985239332,2,without_price,price,-0.007084081805142417,False
Step17_Fold2_intermittent_without_price,intermittent,L1_Total,1,0.08333333333333333,0.10221225282099407,28,28,1.2265470338519289,1.3967003035691523,2,without_price,price,-0.17015326971722344,False
Step17_Fold2_intermittent_without_price,intermittent,L2_State,3,0.08333333333333333,0.09193331715067309,28,28,1.1031998058080772,1.210888453393427,2,without_price,price,-0.1076886475853498,False
Step17_Fold2_intermittent_without_price,intermittent,L3_Store,10,0.08333333333333333,0.07728045384591137,28,28,0.9273654461509364,0.9795126831914536,2,without_price,price,-0.05214723704051716,False
Step17_Fold2_intermittent_without_price,intermittent,L4_Category,3,0.08333333333333334,0.09295743100474764,28,28,1.1154891720569715,1.2256599198140652,2,without_price,price,-0.11017074775709368,False
Step17_Fold2_intermittent_without_price,intermittent,L5_Department,7,0.08333333333333333,0.08438765112657581,28,28,1.0126518135189098,1.093247612776523,2,without_price,price,-0.08059579925761318,False
Step17_Fold2_intermittent_without_price,intermittent,L6_State_Category,9,0.08333333333333333,0.08535230992901488,28,28,1.0242277191481786,1.0765320486988532,2,without_price,price,-0.052304329550674655,False
Step17_Fold2_intermittent_without_price,intermittent,L7_State_Department,21,0.08333333333333333,0.08082353673537172,28,28,0.9698824408244607,1.0044536893262377,2,without_price,price,-0.03457124850177695,False
Step17_Fold2_intermittent_without_price,intermittent,L8_Store_Category,30,0.08333333333333333,0.07333930910010542,28,28,0.880071709201265,0.902406498163085,2,without_price,price,-0.022334788961820062,False
Step17_Fold2_intermittent_without_price,intermittent,L9_Store_Department,60,0.08333333333333333,0.07368057398890586,28,28,0.8841668878668704,0.8988529107555479,2,without_price,price,-0.014686022888677486,False
Step17_Fold2_intermittent_without_rolling,intermittent,L10_Item,191,0.08333333333333333,0.07216099748925905,28,28,0.8659319698711087,0.8271923431148062,2,without_rolling,rolling,0.03873962675630249,True
Step17_Fold2_intermittent_without_rolling,intermittent,L11_Item_State,198,0.08333333333333333,0.07190405537030696,28,28,0.8628486644436836,0.8239574062002994,2,without_rolling,rolling,0.03889125824338413,True
Step17_Fold2_intermittent_without_rolling,intermittent,L12_Item_Store,200,0.08333333333333333,0.07185500564022103,28,28,0.8622600676826524,0.8233444985239332,2,without_rolling,rolling,0.03891556915871919,True
Step17_Fold2_intermittent_without_rolling,intermittent,L1_Total,1,0.08333333333333333,0.108832832132675,28,28,1.3059939855921001,1.3967003035691523,2,without_rolling,rolling,-0.0907063179770522,False
Step17_Fold2_intermittent_without_rolling,intermittent,L2_State,3,0.08333333333333333,0.09771783718876177,28,28,1.1726140462651413,1.210888453393427,2,without_rolling,rolling,-0.03827440712828567,False
Step17_Fold2_intermittent_without_rolling,intermittent,L3_Store,10,0.08333333333333333,0.0811994779582782,28,28,0.9743937354993384,0.9795126831914536,2,without_rolling,rolling,-0.005118947692115183,False
Step17_Fold2_intermittent_without_rolling,intermittent,L4_Category,3,0.08333333333333334,0.0974938497330019,28,28,1.1699261967960226,1.2256599198140652,2,without_rolling,rolling,-0.05573372301804258,False
Step17_Fold2_intermittent_without_rolling,intermittent,L5_Department,7,0.08333333333333333,0.09068502870003933,28,28,1.088220344400472,1.093247612776523,2,without_rolling,rolling,-0.005027268376050831,False
Step17_Fold2_intermittent_without_rolling,intermittent,L6_State_Category,9,0.08333333333333333,0.09106571470035822,28,28,1.0927885764042988,1.0765320486988532,2,without_rolling,rolling,0.01625652770544561,True
Step17_Fold2_intermittent_without_rolling,intermittent,L7_State_Department,21,0.08333333333333333,0.08671139344052241,28,28,1.040536721286269,1.0044536893262377,2,without_rolling,rolling,0.036083031960031375,True
Step17_Fold2_intermittent_without_rolling,intermittent,L8_Store_Category,30,0.08333333333333333,0.07770262640598667,28,28,0.9324315168718401,0.902406498163085,2,without_rolling,rolling,0.03002501870875507,True
Step17_Fold2_intermittent_without_rolling,intermittent,L9_Store_Department,60,0.08333333333333333,0.07799935711089404,28,28,0.9359922853307284,0.8988529107555479,2,without_rolling,rolling,0.03713937457518057,True
Step17_Fold2_lumpy_without_calendar,lumpy,L10_Item,182,0.08333333333333333,0.09461138256320968,28,28,1.1353365907585162,1.1186990988394083,2,without_calendar,calendar,0.016637491919107905,True
Step17_Fold2_lumpy_without_calendar,lumpy,L11_Item_State,197,0.08333333333333333,0.09415860358839132,28,28,1.129903243060696,1.1131907521090254,2,without_calendar,calendar,0.01671249095167049,True
Step17_Fold2_lumpy_without_calendar,lumpy,L12_Item_Store,200,0.08333333333333333,0.094428894201129,28,28,1.133146730413548,1.1167441796691282,2,without_calendar,calendar,0.016402550744419875,True
Step17_Fold2_lumpy_without_calendar,lumpy,L1_Total,1,0.08333333333333333,0.11138421825712966,28,28,1.336610619085556,1.1321685857705828,2,without_calendar,calendar,0.20444203331497324,True
Step17_Fold2_lumpy_without_calendar,lumpy,L2_State,3,0.08333333333333334,0.10342545306156282,28,28,1.2411054367387537,1.142715533732969,2,without_calendar,calendar,0.09838990300578465,True
Step17_Fold2_lumpy_without_calendar,lumpy,L3_Store,10,0.08333333333333334,0.10580457457521991,28,28,1.2696548949026387,1.212813292664723,2,without_calendar,calendar,0.05684160223791568,True
Step17_Fold2_lumpy_without_calendar,lumpy,L4_Category,3,0.08333333333333334,0.1178593224196276,28,28,1.414311869035531,1.284399771408914,2,without_calendar,calendar,0.12991209762661704,True
Step17_Fold2_lumpy_without_calendar,lumpy,L5_Department,7,0.08333333333333333,0.12295404628811543,28,28,1.4754485554573853,1.403611919645848,2,without_calendar,calendar,0.07183663581153721,True
Step17_Fold2_lumpy_without_calendar,lumpy,L6_State_Category,9,0.08333333333333334,0.10575965778854615,28,28,1.2691158934625537,1.201557799161571,2,without_calendar,calendar,0.06755809430098281,True
Step17_Fold2_lumpy_without_calendar,lumpy,L7_State_Department,21,0.08333333333333333,0.11319320874478672,28,28,1.3583185049374407,1.3074902011488745,2,without_calendar,calendar,0.050828303788566176,True
Step17_Fold2_lumpy_without_calendar,lumpy,L8_Store_Category,30,0.08333333333333334,0.10898681712054886,28,28,1.3078418054465861,1.269733558568452,2,without_calendar,calendar,0.03810824687813419,True
Step17_Fold2_lumpy_without_calendar,lumpy,L9_Store_Department,59,0.08333333333333333,0.10383308049070074,28,28,1.245996965888409,1.2253307012783996,2,without_calendar,calendar,0.02066626461000931,True
Step17_Fold2_lumpy_without_event_snap,lumpy,L10_Item,182,0.08333333333333333,0.09830105803644405,28,28,1.1796126964373288,1.1186990988394083,2,without_event_snap,event_snap,0.06091359759792048,True
Step17_Fold2_lumpy_without_event_snap,lumpy,L11_Item_State,197,0.08333333333333333,0.09778940232736558,28,28,1.173472827928387,1.1131907521090254,2,without_event_snap,event_snap,0.060282075819361625,True
Step17_Fold2_lumpy_without_event_snap,lumpy,L12_Item_Store,200,0.08333333333333333,0.09803069864150865,28,28,1.1763683836981038,1.1167441796691282,2,without_event_snap,event_snap,0.059624204028975614,True
Step17_Fold2_lumpy_without_event_snap,lumpy,L1_Total,1,0.08333333333333333,0.09575848452857635,28,28,1.1491018143429164,1.1321685857705828,2,without_event_snap,event_snap,0.016933228572333592,True
Step17_Fold2_lumpy_without_event_snap,lumpy,L2_State,3,0.08333333333333334,0.09581833386904476,28,28,1.1498200064285369,1.142715533732969,2,without_event_snap,event_snap,0.007104472695567798,True
Step17_Fold2_lumpy_without_event_snap,lumpy,L3_Store,10,0.08333333333333334,0.10510406437984453,28,28,1.2612487725581343,1.212813292664723,2,without_event_snap,event_snap,0.04843547989341124,True
Step17_Fold2_lumpy_without_event_snap,lumpy,L4_Category,3,0.08333333333333334,0.11389133624105369,28,28,1.366696034892644,1.284399771408914,2,without_event_snap,event_snap,0.08229626348373009,True
Step17_Fold2_lumpy_without_event_snap,lumpy,L5_Department,7,0.08333333333333333,0.12605423671042876,28,28,1.512650840525145,1.403611919645848,2,without_event_snap,event_snap,0.10903892087929701,True
Step17_Fold2_lumpy_without_event_snap,lumpy,L6_State_Category,9,0.08333333333333334,0.10466984950234433,28,28,1.2560381940281318,1.201557799161571,2,without_event_snap,event_snap,0.054480394866560866,True
Step17_Fold2_lumpy_without_event_snap,lumpy,L7_State_Department,21,0.08333333333333333,0.1159266056761417,28,28,1.3911192681137006,1.3074902011488745,2,without_event_snap,event_snap,0.08362906696482608,True
Step17_Fold2_lumpy_without_event_snap,lumpy,L8_Store_Category,30,0.08333333333333334,0.11190669965436209,28,28,1.342880395852345,1.269733558568452,2,without_event_snap,event_snap,0.07314683728389304,True
Step17_Fold2_lumpy_without_event_snap,lumpy,L9_Store_Department,59,0.08333333333333333,0.10939282721954806,28,28,1.3127139266345769,1.2253307012783996,2,without_event_snap,event_snap,0.08738322535617726,True
Step17_Fold2_lumpy_without_lag,lumpy,L10_Item,182,0.08333333333333333,0.0957036266305306,28,28,1.1484435195663674,1.1186990988394083,2,without_lag,lag,0.029744420726959042,True
Step17_Fold2_lumpy_without_lag,lumpy,L11_Item_State,197,0.08333333333333333,0.0951910258815676,28,28,1.1422923105788112,1.1131907521090254,2,without_lag,lag,0.029101558469785793,True
Step17_Fold2_lumpy_without_lag,lumpy,L12_Item_Store,200,0.08333333333333333,0.09545278823642978,28,28,1.1454334588371573,1.1167441796691282,2,without_lag,lag,0.028689279168029103,True
Step17_Fold2_lumpy_without_lag,lumpy,L1_Total,1,0.08333333333333333,0.09320879667075893,28,28,1.1185055600491072,1.1321685857705828,2,without_lag,lag,-0.013663025721475597,False
Step17_Fold2_lumpy_without_lag,lumpy,L2_State,3,0.08333333333333334,0.09513553344440023,28,28,1.1416264013328026,1.142715533732969,2,without_lag,lag,-0.0010891324001665037,False
Step17_Fold2_lumpy_without_lag,lumpy,L3_Store,10,0.08333333333333334,0.10250657366001949,28,28,1.2300788839202337,1.212813292664723,2,without_lag,lag,0.017265591255510637,True
Step17_Fold2_lumpy_without_lag,lumpy,L4_Category,3,0.08333333333333334,0.10757893912990078,28,28,1.2909472695588093,1.284399771408914,2,without_lag,lag,0.006547498149895414,True
Step17_Fold2_lumpy_without_lag,lumpy,L5_Department,7,0.08333333333333333,0.11920622457186549,28,28,1.4304746948623859,1.403611919645848,2,without_lag,lag,0.026862775216537793,True
Step17_Fold2_lumpy_without_lag,lumpy,L6_State_Category,9,0.08333333333333334,0.10062171373069527,28,28,1.2074605647683432,1.201557799161571,2,without_lag,lag,0.005902765606772276,True
Step17_Fold2_lumpy_without_lag,lumpy,L7_State_Department,21,0.08333333333333333,0.11143504128636621,28,28,1.3372204954363947,1.3074902011488745,2,without_lag,lag,0.029730294287520165,True
Step17_Fold2_lumpy_without_lag,lumpy,L8_Store_Category,30,0.08333333333333334,0.10706337416372332,28,28,1.2847604899646796,1.269733558568452,2,without_lag,lag,0.015026931396227683,True
Step17_Fold2_lumpy_without_lag,lumpy,L9_Store_Department,59,0.08333333333333333,0.10390100293756654,28,28,1.2468120352507985,1.2253307012783996,2,without_lag,lag,0.02148133397239893,True
Step17_Fold2_lumpy_without_price,lumpy,L10_Item,182,0.08333333333333333,0.09717061252595902,28,28,1.1660473503115083,1.1186990988394083,2,without_price,price,0.04734825147209998,True
Step17_Fold2_lumpy_without_price,lumpy,L11_Item_State,197,0.08333333333333333,0.09672782792285368,28,28,1.1607339350742443,1.1131907521090254,2,without_price,price,0.047543182965218866,True
Step17_Fold2_lumpy_without_price,lumpy,L12_Item_Store,200,0.08333333333333333,0.09704059339870863,28,28,1.1644871207845036,1.1167441796691282,2,without_price,price,0.04774294111537536,True
Step17_Fold2_lumpy_without_price,lumpy,L1_Total,1,0.08333333333333333,0.08980852144197726,28,28,1.0777022573037272,1.1321685857705828,2,without_price,price,-0.05446632846685562,False
Step17_Fold2_lumpy_without_price,lumpy,L2_State,3,0.08333333333333334,0.0927904586453126,28,28,1.113485503743751,1.142715533732969,2,without_price,price,-0.029230029989218087,False
Step17_Fold2_lumpy_without_price,lumpy,L3_Store,10,0.08333333333333334,0.10204461002530395,28,28,1.2245353203036473,1.212813292664723,2,without_price,price,0.01172202763892427,True
Step17_Fold2_lumpy_without_price,lumpy,L4_Category,3,0.08333333333333334,0.10478256055971467,28,28,1.257390726716576,1.284399771408914,2,without_price,price,-0.02700904469233789,False
Step17_Fold2_lumpy_without_price,lumpy,L5_Department,7,0.08333333333333333,0.12032346367266569,28,28,1.4438815640719884,1.403611919645848,2,without_price,price,0.04026964442614034,True
Step17_Fold2_lumpy_without_price,lumpy,L6_State_Category,9,0.08333333333333334,0.0985129019895655,28,28,1.1821548238747859,1.201557799161571,2,without_price,price,-0.01940297528678503,False
Step17_Fold2_lumpy_without_price,lumpy,L7_State_Department,21,0.08333333333333333,0.11151706143875184,28,28,1.338204737265022,1.3074902011488745,2,without_price,price,0.030714536116147606,True
Step17_Fold2_lumpy_without_price,lumpy,L8_Store_Category,30,0.08333333333333334,0.10768822642194795,28,28,1.2922587170633753,1.269733558568452,2,without_price,price,0.022525158494923314,True
Step17_Fold2_lumpy_without_price,lumpy,L9_Store_Department,59,0.08333333333333333,0.10558397939481572,28,28,1.2670077527377888,1.2253307012783996,2,without_price,price,0.04167705145938916,True
Step17_Fold2_lumpy_without_rolling,lumpy,L10_Item,182,0.08333333333333333,0.09533583713296906,28,28,1.1440300455956287,1.1186990988394083,2,without_rolling,rolling,0.025330946756220385,True
Step17_Fold2_lumpy_without_rolling,lumpy,L11_Item_State,197,0.08333333333333333,0.09508841592538525,28,28,1.141060991104623,1.1131907521090254,2,without_rolling,rolling,0.027870238995597596,True
Step17_Fold2_lumpy_without_rolling,lumpy,L12_Item_Store,200,0.08333333333333333,0.09527919699687351,28,28,1.1433503639624822,1.1167441796691282,2,without_rolling,rolling,0.02660618429335404,True
Step17_Fold2_lumpy_without_rolling,lumpy,L1_Total,1,0.08333333333333333,0.0729624552953824,28,28,0.8755494635445887,1.1321685857705828,2,without_rolling,rolling,-0.25661912222599403,False
Step17_Fold2_lumpy_without_rolling,lumpy,L2_State,3,0.08333333333333334,0.09317680540852352,28,28,1.118121664902282,1.142715533732969,2,without_rolling,rolling,-0.024593868830687038,False
Step17_Fold2_lumpy_without_rolling,lumpy,L3_Store,10,0.08333333333333334,0.10016836607731747,28,28,1.2020203929278095,1.212813292664723,2,without_rolling,rolling,-0.010792899736913553,False
Step17_Fold2_lumpy_without_rolling,lumpy,L4_Category,3,0.08333333333333334,0.08011277125725302,28,28,0.9613532550870362,1.284399771408914,2,without_rolling,rolling,-0.32304651632187775,False
Step17_Fold2_lumpy_without_rolling,lumpy,L5_Department,7,0.08333333333333333,0.1029053015550566,28,28,1.2348636186606794,1.403611919645848,2,without_rolling,rolling,-0.1687483009851687,False
Step17_Fold2_lumpy_without_rolling,lumpy,L6_State_Category,9,0.08333333333333334,0.09303114904055321,28,28,1.1163737884866383,1.201557799161571,2,without_rolling,rolling,-0.08518401067493264,False
Step17_Fold2_lumpy_without_rolling,lumpy,L7_State_Department,21,0.08333333333333333,0.10352556280752971,28,28,1.2423067536903567,1.3074902011488745,2,without_rolling,rolling,-0.06518344745851778,False
Step17_Fold2_lumpy_without_rolling,lumpy,L8_Store_Category,30,0.08333333333333334,0.10236614409724994,28,28,1.228393729166999,1.269733558568452,2,without_rolling,rolling,-0.041339829401452866,False
Step17_Fold2_lumpy_without_rolling,lumpy,L9_Store_Department,59,0.08333333333333333,0.0998878993401826,28,28,1.1986547920821913,1.2253307012783996,2,without_rolling,rolling,-0.026675909196208325,False
Step17_Fold2_smooth_without_calendar,smooth,L10_Item,142,0.08333333333333333,0.0679474272484159,28,28,0.8153691269809908,0.7715068373318515,2,without_calendar,calendar,0.0438622896491393,True
Step17_Fold2_smooth_without_calendar,smooth,L11_Item_State,180,0.08333333333333333,0.06775378007183541,28,28,0.813045360862025,0.7814301901990073,2,without_calendar,calendar,0.03161517066301767,True
Step17_Fold2_smooth_without_calendar,smooth,L12_Item_Store,200,0.08333333333333333,0.06771615163139286,28,28,0.8125938195767143,0.7855439558978377,2,without_calendar,calendar,0.02704986367887663,True
Step17_Fold2_smooth_without_calendar,smooth,L1_Total,1,0.08333333333333333,0.06627999505656432,28,28,0.7953599406787718,0.4621671394718468,2,without_calendar,calendar,0.333192801206925,True
Step17_Fold2_smooth_without_calendar,smooth,L2_State,3,0.08333333333333333,0.06515775590191943,28,28,0.7818930708230332,0.514108178809357,2,without_calendar,calendar,0.26778489201367617,True
Step17_Fold2_smooth_without_calendar,smooth,L3_Store,10,0.08333333333333333,0.06575486283622814,28,28,0.7890583540347377,0.636778599910317,2,without_calendar,calendar,0.15227975412442063,True
Step17_Fold2_smooth_without_calendar,smooth,L4_Category,3,0.08333333333333334,0.06675008341639074,28,28,0.8010010009966888,0.5577927281882177,2,without_calendar,calendar,0.24320827280847113,True
Step17_Fold2_smooth_without_calendar,smooth,L5_Department,5,0.08333333333333334,0.06611310468942165,28,28,0.7933572562730598,0.5886495691646546,2,without_calendar,calendar,0.20470768710840515,True
Step17_Fold2_smooth_without_calendar,smooth,L6_State_Category,9,0.08333333333333333,0.06614448755536649,28,28,0.7937338506643979,0.6012847179861031,2,without_calendar,calendar,0.1924491326782949,True
Step17_Fold2_smooth_without_calendar,smooth,L7_State_Department,14,0.08333333333333333,0.06569832908922091,28,28,0.7883799490706509,0.6344201568420889,2,without_calendar,calendar,0.15395979222856204,True
Step17_Fold2_smooth_without_calendar,smooth,L8_Store_Category,29,0.08333333333333333,0.06508139350141853,28,28,0.7809767220170224,0.6757509969850694,2,without_calendar,calendar,0.10522572503195304,True
Step17_Fold2_smooth_without_calendar,smooth,L9_Store_Department,39,0.08333333333333333,0.06470704190181104,28,28,0.7764845028217324,0.6941421807321775,2,without_calendar,calendar,0.08234232208955494,True
Step17_Fold2_smooth_without_event_snap,smooth,L10_Item,142,0.08333333333333333,0.06517782774351827,28,28,0.7821339329222192,0.7715068373318515,2,without_event_snap,event_snap,0.010627095590367674,True
Step17_Fold2_smooth_without_event_snap,smooth,L11_Item_State,180,0.08333333333333333,0.06566251560475728,28,28,0.7879501872570873,0.7814301901990073,2,without_event_snap,event_snap,0.00651999705808004,True
Step17_Fold2_smooth_without_event_snap,smooth,L12_Item_Store,200,0.08333333333333333,0.06589381802528241,28,28,0.7907258163033889,0.7855439558978377,2,without_event_snap,event_snap,0.005181860405551242,True
Step17_Fold2_smooth_without_event_snap,smooth,L1_Total,1,0.08333333333333333,0.04803190492790846,28,28,0.5763828591349015,0.4621671394718468,2,without_event_snap,event_snap,0.11421571966305472,True
Step17_Fold2_smooth_without_event_snap,smooth,L2_State,3,0.08333333333333333,0.04674288663496912,28,28,0.5609146396196295,0.514108178809357,2,without_event_snap,event_snap,0.04680646081027251,True
Step17_Fold2_smooth_without_event_snap,smooth,L3_Store,10,0.08333333333333333,0.05538476242571266,28,28,0.664617149108552,0.636778599910317,2,without_event_snap,event_snap,0.02783854919823492,True
Step17_Fold2_smooth_without_event_snap,smooth,L4_Category,3,0.08333333333333334,0.052609053028870034,28,28,0.6313086363464403,0.5577927281882177,2,without_event_snap,event_snap,0.07351590815822262,True
Step17_Fold2_smooth_without_event_snap,smooth,L5_Department,5,0.08333333333333334,0.05332103598248815,28,28,0.6398524317898577,0.5886495691646546,2,without_event_snap,event_snap,0.05120286262520313,True
Step17_Fold2_smooth_without_event_snap,smooth,L6_State_Category,9,0.08333333333333333,0.053537806512785,28,28,0.64245367815342,0.6012847179861031,2,without_event_snap,event_snap,0.04116896016731697,True
Step17_Fold2_smooth_without_event_snap,smooth,L7_State_Department,14,0.08333333333333333,0.05461638564862039,28,28,0.6553966277834448,0.6344201568420889,2,without_event_snap,event_snap,0.020976470941355907,True
Step17_Fold2_smooth_without_event_snap,smooth,L8_Store_Category,29,0.08333333333333333,0.05830571256260627,28,28,0.6996685507512753,0.6757509969850694,2,without_event_snap,event_snap,0.023917553766205968,True
Step17_Fold2_smooth_without_event_snap,smooth,L9_Store_Department,39,0.08333333333333333,0.0587938990698232,28,28,0.7055267888378784,0.6941421807321775,2,without_event_snap,event_snap,0.011384608105700966,True
Step17_Fold2_smooth_without_lag,smooth,L10_Item,142,0.08333333333333333,0.06589081925978686,28,28,0.7906898311174424,0.7715068373318515,2,without_lag,lag,0.01918299378559085,True
Step17_Fold2_smooth_without_lag,smooth,L11_Item_State,180,0.08333333333333333,0.06624591325574555,28,28,0.7949509590689466,0.7814301901990073,2,without_lag,lag,0.013520768869939359,True
Step17_Fold2_smooth_without_lag,smooth,L12_Item_Store,200,0.08333333333333333,0.06642930475757312,28,28,0.7971516570908775,0.7855439558978377,2,without_lag,lag,0.011607701193039888,True
Step17_Fold2_smooth_without_lag,smooth,L1_Total,1,0.08333333333333333,0.04468438859471373,28,28,0.5362126631365648,0.4621671394718468,2,without_lag,lag,0.074045523664718,True
Step17_Fold2_smooth_without_lag,smooth,L2_State,3,0.08333333333333333,0.0475411599016446,28,28,0.5704939188197352,0.514108178809357,2,without_lag,lag,0.056385740010378216,True
Step17_Fold2_smooth_without_lag,smooth,L3_Store,10,0.08333333333333333,0.05648758191346886,28,28,0.6778509829616264,0.636778599910317,2,without_lag,lag,0.041072383051309336,True
Step17_Fold2_smooth_without_lag,smooth,L4_Category,3,0.08333333333333334,0.05194751003572198,28,28,0.6233701204286637,0.5577927281882177,2,without_lag,lag,0.06557739224044601,True
Step17_Fold2_smooth_without_lag,smooth,L5_Department,5,0.08333333333333334,0.05322871955378569,28,28,0.6387446346454282,0.5886495691646546,2,without_lag,lag,0.05009506548077358,True
Step17_Fold2_smooth_without_lag,smooth,L6_State_Category,9,0.08333333333333333,0.05510682209636401,28,28,0.6612818651563681,0.6012847179861031,2,without_lag,lag,0.05999714717026505,True
Step17_Fold2_smooth_without_lag,smooth,L7_State_Department,14,0.08333333333333333,0.05702971801346875,28,28,0.684356616161625,0.6344201568420889,2,without_lag,lag,0.049936459319536164,True
Step17_Fold2_smooth_without_lag,smooth,L8_Store_Category,29,0.08333333333333333,0.05935440757193928,28,28,0.7122528908632714,0.6757509969850694,2,without_lag,lag,0.03650189387820202,True
Step17_Fold2_smooth_without_lag,smooth,L9_Store_Department,39,0.08333333333333333,0.06065804238882955,28,28,0.7278965086659546,0.6941421807321775,2,without_lag,lag,0.033754327933777084,True
Step17_Fold2_smooth_without_price,smooth,L10_Item,142,0.08333333333333333,0.06513972155488872,28,28,0.7816766586586646,0.7715068373318515,2,without_price,price,0.0101698213268131,True
Step17_Fold2_smooth_without_price,smooth,L11_Item_State,180,0.08333333333333333,0.06583893738718488,28,28,0.7900672486462186,0.7814301901990073,2,without_price,price,0.008637058447211299,True
Step17_Fold2_smooth_without_price,smooth,L12_Item_Store,200,0.08333333333333333,0.06605427369845894,28,28,0.7926512843815073,0.7855439558978377,2,without_price,price,0.007107328483669684,True
Step17_Fold2_smooth_without_price,smooth,L1_Total,1,0.08333333333333333,0.033977015652497417,28,28,0.407724187829969,0.4621671394718468,2,without_price,price,-0.05444295164187779,False
Step17_Fold2_smooth_without_price,smooth,L2_State,3,0.08333333333333333,0.041438731946964534,28,28,0.49726478336357444,0.514108178809357,2,without_price,price,-0.01684339544578256,False
Step17_Fold2_smooth_without_price,smooth,L3_Store,10,0.08333333333333333,0.05219442433068337,28,28,0.6263330919682005,0.636778599910317,2,without_price,price,-0.010445507942116516,False
Step17_Fold2_smooth_without_price,smooth,L4_Category,3,0.08333333333333334,0.04553981979646379,28,28,0.5464778375575654,0.5577927281882177,2,without_price,price,-0.011314890630652275,False
Step17_Fold2_smooth_without_price,smooth,L5_Department,5,0.08333333333333334,0.04886562550751373,28,28,0.5863875060901647,0.5886495691646546,2,without_price,price,-0.0022620630744899506,False
Step17_Fold2_smooth_without_price,smooth,L6_State_Category,9,0.08333333333333333,0.05077883144506438,28,28,0.6093459773407726,0.6012847179861031,2,without_price,price,0.008061259354669503,True
Step17_Fold2_smooth_without_price,smooth,L7_State_Department,14,0.08333333333333333,0.05389790701076157,28,28,0.6467748841291389,0.6344201568420889,2,without_price,price,0.012354727287050005,True
Step17_Fold2_smooth_without_price,smooth,L8_Store_Category,29,0.08333333333333333,0.05679807036463756,28,28,0.6815768443756508,0.6757509969850694,2,without_price,price,0.005825847390581451,True
Step17_Fold2_smooth_without_price,smooth,L9_Store_Department,39,0.08333333333333333,0.058605951423981346,28,28,0.7032714170877762,0.6941421807321775,2,without_price,price,0.009129236355598702,True
Step17_Fold2_smooth_without_rolling,smooth,L10_Item,142,0.08333333333333333,0.06747250686530575,28,28,0.809670082383669,0.7715068373318515,2,without_rolling,rolling,0.03816324505181745,True
Step17_Fold2_smooth_without_rolling,smooth,L11_Item_State,180,0.08333333333333333,0.06786413947977764,28,28,0.8143696737573317,0.7814301901990073,2,without_rolling,rolling,0.032939483558324434,True
Step17_Fold2_smooth_without_rolling,smooth,L12_Item_Store,200,0.08333333333333333,0.06832170098599434,28,28,0.8198604118319321,0.7855439558978377,2,without_rolling,rolling,0.03431645593409449,True
Step17_Fold2_smooth_without_rolling,smooth,L1_Total,1,0.08333333333333333,0.038672337054155084,28,28,0.464068044649861,0.4621671394718468,2,without_rolling,rolling,0.0019009051780142228,True
Step17_Fold2_smooth_without_rolling,smooth,L2_State,3,0.08333333333333333,0.044712047976350755,28,28,0.5365445757162091,0.514108178809357,2,without_rolling,rolling,0.022436396906852063,True
Step17_Fold2_smooth_without_rolling,smooth,L3_Store,10,0.08333333333333333,0.05436285892453632,28,28,0.6523543070944359,0.636778599910317,2,without_rolling,rolling,0.015575707184118825,True
Step17_Fold2_smooth_without_rolling,smooth,L4_Category,3,0.08333333333333334,0.045336241328393194,28,28,0.5440348959407183,0.5577927281882177,2,without_rolling,rolling,-0.01375783224749938,False
Step17_Fold2_smooth_without_rolling,smooth,L5_Department,5,0.08333333333333334,0.04632296605524246,28,28,0.5558755926629094,0.5886495691646546,2,without_rolling,rolling,-0.03277397650174518,False
Step17_Fold2_smooth_without_rolling,smooth,L6_State_Category,9,0.08333333333333333,0.049867797482009424,28,28,0.5984135697841131,0.6012847179861031,2,without_rolling,rolling,-0.0028711482019899703,False
Step17_Fold2_smooth_without_rolling,smooth,L7_State_Department,14,0.08333333333333333,0.05128379782922489,28,28,0.6154055739506987,0.6344201568420889,2,without_rolling,rolling,-0.01901458289139013,False
Step17_Fold2_smooth_without_rolling,smooth,L8_Store_Category,29,0.08333333333333333,0.05698064593760051,28,28,0.6837677512512061,0.6757509969850694,2,without_rolling,rolling,0.008016754266136794,True
Step17_Fold2_smooth_without_rolling,smooth,L9_Store_Department,39,0.08333333333333333,0.0578222741620213,28,28,0.6938672899442556,0.6941421807321775,2,without_rolling,rolling,-0.0002748907879218665,False
Step17_Fold3_erratic_without_calendar,erratic,L10_Item,119,0.08333333333333333,0.06998626902563758,28,28,0.839835228307651,0.8406600584597828,3,without_calendar,calendar,-0.0008248301521317503,False
Step17_Fold3_erratic_without_calendar,erratic,L11_Item_State,171,0.08333333333333333,0.07246087705314846,28,28,0.8695305246377816,0.8721732302174662,3,without_calendar,calendar,-0.002642705579684601,False
Step17_Fold3_erratic_without_calendar,erratic,L12_Item_Store,200,0.08333333333333333,0.07307162324197304,28,28,0.8768594789036765,0.8794661798960663,3,without_calendar,calendar,-0.002606700992389799,False
Step17_Fold3_erratic_without_calendar,erratic,L1_Total,1,0.08333333333333333,0.05423308222331047,28,28,0.6507969866797256,0.6057195799860315,3,without_calendar,calendar,0.04507740669369409,True
Step17_Fold3_erratic_without_calendar,erratic,L2_State,3,0.08333333333333333,0.05846822139780761,28,28,0.7016186567736913,0.6750957528812602,3,without_calendar,calendar,0.02652290389243106,True
Step17_Fold3_erratic_without_calendar,erratic,L3_Store,10,0.08333333333333333,0.06231627962496621,28,28,0.7477953554995946,0.7364414023666572,3,without_calendar,calendar,0.011353953132937411,True
Step17_Fold3_erratic_without_calendar,erratic,L4_Category,3,0.08333333333333334,0.055849166931038516,28,28,0.6701900031724621,0.569097420046194,3,without_calendar,calendar,0.10109258312626812,True
Step17_Fold3_erratic_without_calendar,erratic,L5_Department,5,0.08333333333333334,0.05594187235497497,28,28,0.6713024682596995,0.6026006799408558,3,without_calendar,calendar,0.06870178831884377,True
Step17_Fold3_erratic_without_calendar,erratic,L6_State_Category,9,0.08333333333333333,0.05567333946011403,28,28,0.6680800735213684,0.6277498628391491,3,without_calendar,calendar,0.040330210682219314,True
Step17_Fold3_erratic_without_calendar,erratic,L7_State_Department,15,0.08333333333333333,0.06115983733665143,28,28,0.7339180480398172,0.7295624128544163,3,without_calendar,calendar,0.004355635185400941,True
Step17_Fold3_erratic_without_calendar,erratic,L8_Store_Category,25,0.08333333333333333,0.06008459124666437,28,28,0.7210150949599725,0.6981399031741506,3,without_calendar,calendar,0.02287519178582187,True
Step17_Fold3_erratic_without_calendar,erratic,L9_Store_Department,39,0.08333333333333333,0.06669719070082013,28,28,0.8003662884098416,0.7975494952399116,3,without_calendar,calendar,0.0028167931699299986,True
Step17_Fold3_erratic_without_event_snap,erratic,L10_Item,119,0.08333333333333333,0.06947653965938894,28,28,0.8337184759126672,0.8406600584597828,3,without_event_snap,event_snap,-0.006941582547115521,False
Step17_Fold3_erratic_without_event_snap,erratic,L11_Item_State,171,0.08333333333333333,0.07201665383680565,28,28,0.8641998460416679,0.8721732302174662,3,without_event_snap,event_snap,-0.007973384175798293,False
Step17_Fold3_erratic_without_event_snap,erratic,L12_Item_Store,200,0.08333333333333333,0.07260568851318715,28,28,0.8712682621582458,0.8794661798960663,3,without_event_snap,event_snap,-0.008197917737820526,False
Step17_Fold3_erratic_without_event_snap,erratic,L1_Total,1,0.08333333333333333,0.04883204442771883,28,28,0.585984533132626,0.6057195799860315,3,without_event_snap,event_snap,-0.019735046853405547,False
Step17_Fold3_erratic_without_event_snap,erratic,L2_State,3,0.08333333333333333,0.05524362469505093,28,28,0.6629234963406112,0.6750957528812602,3,without_event_snap,event_snap,-0.012172256540649018,False
Step17_Fold3_erratic_without_event_snap,erratic,L3_Store,10,0.08333333333333333,0.060104439238838694,28,28,0.7212532708660644,0.7364414023666572,3,without_event_snap,event_snap,-0.015188131500592839,False
Step17_Fold3_erratic_without_event_snap,erratic,L4_Category,3,0.08333333333333334,0.04703925919770062,28,28,0.5644711103724074,0.569097420046194,3,without_event_snap,event_snap,-0.004626309673786633,False
Step17_Fold3_erratic_without_event_snap,erratic,L5_Department,5,0.08333333333333334,0.049585868117954304,28,28,0.5950304174154516,0.6026006799408558,3,without_event_snap,event_snap,-0.007570262525404159,False
Step17_Fold3_erratic_without_event_snap,erratic,L6_State_Category,9,0.08333333333333333,0.05220767196289258,28,28,0.626492063554711,0.6277498628391491,3,without_event_snap,event_snap,-0.0012577992844381436,False
Step17_Fold3_erratic_without_event_snap,erratic,L7_State_Department,15,0.08333333333333333,0.059155271123780835,28,28,0.70986325348537,0.7295624128544163,3,without_event_snap,event_snap,-0.019699159369046204,False
Step17_Fold3_erratic_without_event_snap,erratic,L8_Store_Category,25,0.08333333333333333,0.05864219565199542,28,28,0.703706347823945,0.6981399031741506,3,without_event_snap,event_snap,0.005566444649794389,True
Step17_Fold3_erratic_without_event_snap,erratic,L9_Store_Department,39,0.08333333333333333,0.0654779165117057,28,28,0.7857349981404684,0.7975494952399116,3,without_event_snap,event_snap,-0.011814497099443155,False
Step17_Fold3_erratic_without_lag,erratic,L10_Item,119,0.08333333333333333,0.07164088378466461,28,28,0.8596906054159754,0.8406600584597828,3,without_lag,lag,0.019030546956192662,True
Step17_Fold3_erratic_without_lag,erratic,L11_Item_State,171,0.08333333333333333,0.07428778274494811,28,28,0.8914533929393774,0.8721732302174662,3,without_lag,lag,0.019280162721911243,True
Step17_Fold3_erratic_without_lag,erratic,L12_Item_Store,200,0.08333333333333333,0.07473614153637587,28,28,0.8968336984365104,0.8794661798960663,3,without_lag,lag,0.01736751854044405,True
Step17_Fold3_erratic_without_lag,erratic,L1_Total,1,0.08333333333333333,0.044410756278365895,28,28,0.5329290753403908,0.6057195799860315,3,without_lag,lag,-0.07279050464564074,False
Step17_Fold3_erratic_without_lag,erratic,L2_State,3,0.08333333333333333,0.053661604431712084,28,28,0.643939253180545,0.6750957528812602,3,without_lag,lag,-0.031156499700715212,False
Step17_Fold3_erratic_without_lag,erratic,L3_Store,10,0.08333333333333333,0.06027432346571703,28,28,0.7232918815886045,0.7364414023666572,3,without_lag,lag,-0.013149520778052759,False
Step17_Fold3_erratic_without_lag,erratic,L4_Category,3,0.08333333333333334,0.04405339869420602,28,28,0.5286407843304721,0.569097420046194,3,without_lag,lag,-0.04045663571572189,False
Step17_Fold3_erratic_without_lag,erratic,L5_Department,5,0.08333333333333334,0.04845760595948727,28,28,0.5814912715138472,0.6026006799408558,3,without_lag,lag,-0.02110940842700859,False
Step17_Fold3_erratic_without_lag,erratic,L6_State_Category,9,0.08333333333333333,0.05141377624551449,28,28,0.6169653149461739,0.6277498628391491,3,without_lag,lag,-0.010784547892975227,False
Step17_Fold3_erratic_without_lag,erratic,L7_State_Department,15,0.08333333333333333,0.06106457775028116,28,28,0.7327749330033739,0.7295624128544163,3,without_lag,lag,0.003212520148957676,True
Step17_Fold3_erratic_without_lag,erratic,L8_Store_Category,25,0.08333333333333333,0.05847610018093111,28,28,0.7017132021711734,0.6981399031741506,3,without_lag,lag,0.0035732989970227447,True
Step17_Fold3_erratic_without_lag,erratic,L9_Store_Department,39,0.08333333333333333,0.06702605351502972,28,28,0.8043126421803566,0.7975494952399116,3,without_lag,lag,0.006763146940444997,True
Step17_Fold3_erratic_without_price,erratic,L10_Item,119,0.08333333333333333,0.07238102051822674,28,28,0.868572246218721,0.8406600584597828,3,without_price,price,0.027912187758938223,True
Step17_Fold3_erratic_without_price,erratic,L11_Item_State,171,0.08333333333333333,0.07501932644892467,28,28,0.9002319173870961,0.8721732302174662,3,without_price,price,0.028058687169629892,True
Step17_Fold3_erratic_without_price,erratic,L12_Item_Store,200,0.08333333333333333,0.07569786399156979,28,28,0.9083743678988375,0.8794661798960663,3,without_price,price,0.028908188002771174,True
Step17_Fold3_erratic_without_price,erratic,L1_Total,1,0.08333333333333333,0.051997775536983655,28,28,0.6239733064438039,0.6057195799860315,3,without_price,price,0.018253726457772346,True
Step17_Fold3_erratic_without_price,erratic,L2_State,3,0.08333333333333333,0.05698116324556627,28,28,0.6837739589467953,0.6750957528812602,3,without_price,price,0.008678206065535043,True
Step17_Fold3_erratic_without_price,erratic,L3_Store,10,0.08333333333333333,0.06188816375724449,28,28,0.7426579650869339,0.7364414023666572,3,without_price,price,0.006216562720276708,True
Step17_Fold3_erratic_without_price,erratic,L4_Category,3,0.08333333333333334,0.05313536774055003,28,28,0.6376244128866002,0.569097420046194,3,without_price,price,0.0685269928404062,True
Step17_Fold3_erratic_without_price,erratic,L5_Department,5,0.08333333333333334,0.0546806906188888,28,28,0.6561682874266656,0.6026006799408558,3,without_price,price,0.0535676074858098,True
Step17_Fold3_erratic_without_price,erratic,L6_State_Category,9,0.08333333333333333,0.0559866701874023,28,28,0.6718400422488277,0.6277498628391491,3,without_price,price,0.04409017940967852,True
Step17_Fold3_erratic_without_price,erratic,L7_State_Department,15,0.08333333333333333,0.06437028555100371,28,28,0.7724434266120446,0.7295624128544163,3,without_price,price,0.04288101375762832,True
Step17_Fold3_erratic_without_price,erratic,L8_Store_Category,25,0.08333333333333333,0.058694172508233076,28,28,0.704330070098797,0.6981399031741506,3,without_price,price,0.006190166924646356,True
Step17_Fold3_erratic_without_price,erratic,L9_Store_Department,39,0.08333333333333333,0.06989035243016051,28,28,0.8386842291619261,0.7975494952399116,3,without_price,price,0.0411347339220145,True
Step17_Fold3_erratic_without_rolling,erratic,L10_Item,119,0.08333333333333333,0.07241900244015126,28,28,0.8690280292818151,0.8406600584597828,3,without_rolling,rolling,0.02836797082203235,True
Step17_Fold3_erratic_without_rolling,erratic,L11_Item_State,171,0.08333333333333333,0.07519158623200452,28,28,0.9022990347840543,0.8721732302174662,3,without_rolling,rolling,0.030125804566588088,True
Step17_Fold3_erratic_without_rolling,erratic,L12_Item_Store,200,0.08333333333333333,0.07587465777939141,28,28,0.910495893352697,0.8794661798960663,3,without_rolling,rolling,0.031029713456630637,True
Step17_Fold3_erratic_without_rolling,erratic,L1_Total,1,0.08333333333333333,0.03437869723320083,28,28,0.41254436679841,0.6057195799860315,3,without_rolling,rolling,-0.19317521318762154,False
Step17_Fold3_erratic_without_rolling,erratic,L2_State,3,0.08333333333333333,0.04917819479427042,28,28,0.5901383375312451,0.6750957528812602,3,without_rolling,rolling,-0.08495741535001511,False
Step17_Fold3_erratic_without_rolling,erratic,L3_Store,10,0.08333333333333333,0.06616726973731066,28,28,0.7940072368477279,0.7364414023666572,3,without_rolling,rolling,0.057565834481070666,True
Step17_Fold3_erratic_without_rolling,erratic,L4_Category,3,0.08333333333333334,0.042541470067300496,28,28,0.5104976408076058,0.569097420046194,3,without_rolling,rolling,-0.05859977923858817,False
Step17_Fold3_erratic_without_rolling,erratic,L5_Department,5,0.08333333333333334,0.046262199436299334,28,28,0.5551463932355919,0.6026006799408558,3,without_rolling,rolling,-0.04745428670526386,False
Step17_Fold3_erratic_without_rolling,erratic,L6_State_Category,9,0.08333333333333333,0.053874195177762034,28,28,0.6464903421331445,0.6277498628391491,3,without_rolling,rolling,0.01874047929399536,True
Step17_Fold3_erratic_without_rolling,erratic,L7_State_Department,15,0.08333333333333333,0.06127659774298109,28,28,0.7353191729157731,0.7295624128544163,3,without_rolling,rolling,0.005756760061356836,True
Step17_Fold3_erratic_without_rolling,erratic,L8_Store_Category,25,0.08333333333333333,0.06659956609052535,28,28,0.7991947930863043,0.6981399031741506,3,without_rolling,rolling,0.10105488991215361,True
Step17_Fold3_erratic_without_rolling,erratic,L9_Store_Department,39,0.08333333333333333,0.06948958182246037,28,28,0.8338749818695245,0.7975494952399116,3,without_rolling,rolling,0.03632548662961288,True
Step17_Fold3_intermittent_without_calendar,intermittent,L10_Item,191,0.08333333333333333,0.073765662283863,28,28,0.885187947406356,0.8633492559490685,3,without_calendar,calendar,0.02183869145728745,True
Step17_Fold3_intermittent_without_calendar,intermittent,L11_Item_State,198,0.08333333333333333,0.07357026285494281,28,28,0.8828431542593137,0.8617908216476166,3,without_calendar,calendar,0.021052332611697144,True
Step17_Fold3_intermittent_without_calendar,intermittent,L12_Item_Store,200,0.08333333333333333,0.07349695072649234,28,28,0.8819634087179081,0.8608690282290639,3,without_calendar,calendar,0.021094380488844267,True
Step17_Fold3_intermittent_without_calendar,intermittent,L1_Total,1,0.08333333333333333,0.24400366363608988,28,28,2.928043963633079,2.6406566527418844,3,without_calendar,calendar,0.2873873108911944,True
Step17_Fold3_intermittent_without_calendar,intermittent,L2_State,3,0.08333333333333334,0.18404361913036468,28,28,2.208523429564376,2.0141585981175885,3,without_calendar,calendar,0.19436483144678762,True
Step17_Fold3_intermittent_without_calendar,intermittent,L3_Store,10,0.08333333333333333,0.13343904908101195,28,28,1.6012685889721434,1.518994956807369,3,without_calendar,calendar,0.08227363216477435,True
Step17_Fold3_intermittent_without_calendar,intermittent,L4_Category,3,0.08333333333333334,0.17923656885317943,28,28,2.150838826238153,1.9670793711673036,3,without_calendar,calendar,0.18375945507084923,True
Step17_Fold3_intermittent_without_calendar,intermittent,L5_Department,7,0.08333333333333334,0.15339317854886733,28,28,1.8407181425864079,1.7254949551817698,3,without_calendar,calendar,0.1152231874046381,True
Step17_Fold3_intermittent_without_calendar,intermittent,L6_State_Category,9,0.08333333333333333,0.13895319008565205,28,28,1.6674382810278245,1.5570908790636455,3,without_calendar,calendar,0.11034740196417903,True
Step17_Fold3_intermittent_without_calendar,intermittent,L7_State_Department,21,0.08333333333333333,0.11640088870564202,28,28,1.3968106644677043,1.3052421683744144,3,without_calendar,calendar,0.09156849609328988,True
Step17_Fold3_intermittent_without_calendar,intermittent,L8_Store_Category,30,0.08333333333333333,0.1068713506369857,28,28,1.2824562076438286,1.241343451852791,3,without_calendar,calendar,0.04111275579103757,True
Step17_Fold3_intermittent_without_calendar,intermittent,L9_Store_Department,60,0.08333333333333333,0.09615736206012175,28,28,1.1538883447214612,1.107749405749606,3,without_calendar,calendar,0.04613893897185517,True
Step17_Fold3_intermittent_without_event_snap,intermittent,L10_Item,191,0.08333333333333333,0.07211951938242475,28,28,0.865434232589097,0.8633492559490685,3,without_event_snap,event_snap,0.002084976640028491,True
Step17_Fold3_intermittent_without_event_snap,intermittent,L11_Item_State,198,0.08333333333333333,0.07205802680964891,28,28,0.864696321715787,0.8617908216476166,3,without_event_snap,event_snap,0.0029055000681704746,True
Step17_Fold3_intermittent_without_event_snap,intermittent,L12_Item_Store,200,0.08333333333333333,0.07198567874975662,28,28,0.8638281449970794,0.8608690282290639,3,without_event_snap,event_snap,0.002959116768015524,True
Step17_Fold3_intermittent_without_event_snap,intermittent,L1_Total,1,0.08333333333333333,0.2216422504176132,28,28,2.6597070050113585,2.6406566527418844,3,without_event_snap,event_snap,0.019050352269474047,True
Step17_Fold3_intermittent_without_event_snap,intermittent,L2_State,3,0.08333333333333334,0.16821633750616727,28,28,2.0185960500740068,2.0141585981175885,3,without_event_snap,event_snap,0.004437451956418315,True
Step17_Fold3_intermittent_without_event_snap,intermittent,L3_Store,10,0.08333333333333333,0.12606632898704764,28,28,1.5127959478445718,1.518994956807369,3,without_event_snap,event_snap,-0.006199008962797237,False
Step17_Fold3_intermittent_without_event_snap,intermittent,L4_Category,3,0.08333333333333334,0.16395820873097003,28,28,1.9674985047716402,1.9670793711673036,3,without_event_snap,event_snap,0.00041913360433665225,True
Step17_Fold3_intermittent_without_event_snap,intermittent,L5_Department,7,0.08333333333333334,0.14303440894253788,28,28,1.7164129073104544,1.7254949551817698,3,without_event_snap,event_snap,-0.00908204787131539,False
Step17_Fold3_intermittent_without_event_snap,intermittent,L6_State_Category,9,0.08333333333333333,0.13000679843704735,28,28,1.5600815812445683,1.5570908790636455,3,without_event_snap,event_snap,0.0029907021809227885,True
Step17_Fold3_intermittent_without_event_snap,intermittent,L7_State_Department,21,0.08333333333333333,0.10918691220352156,28,28,1.3102429464422587,1.3052421683744144,3,without_event_snap,event_snap,0.005000778067844269,True
Step17_Fold3_intermittent_without_event_snap,intermittent,L8_Store_Category,30,0.08333333333333333,0.10334079732453934,28,28,1.2400895678944721,1.241343451852791,3,without_event_snap,event_snap,-0.0012538839583189354,False
Step17_Fold3_intermittent_without_event_snap,intermittent,L9_Store_Department,60,0.08333333333333333,0.09259850670848845,28,28,1.1111820805018615,1.107749405749606,3,without_event_snap,event_snap,0.0034326747522555046,True
Step17_Fold3_intermittent_without_lag,intermittent,L10_Item,191,0.08333333333333333,0.0731120262829182,28,28,0.8773443153950184,0.8633492559490685,3,without_lag,lag,0.01399505944594992,True
Step17_Fold3_intermittent_without_lag,intermittent,L11_Item_State,198,0.08333333333333333,0.0730057044547263,28,28,0.8760684534567157,0.8617908216476166,3,without_lag,lag,0.014277631809099134,True
Step17_Fold3_intermittent_without_lag,intermittent,L12_Item_Store,200,0.08333333333333333,0.07293427116193897,28,28,0.8752112539432677,0.8608690282290639,3,without_lag,lag,0.014342225714203849,True
Step17_Fold3_intermittent_without_lag,intermittent,L1_Total,1,0.08333333333333333,0.19987788026845116,28,28,2.398534563221414,2.6406566527418844,3,without_lag,lag,-0.24212208952047032,False
Step17_Fold3_intermittent_without_lag,intermittent,L2_State,3,0.08333333333333334,0.15453579586433444,28,28,1.8544295503720132,2.0141585981175885,3,without_lag,lag,-0.15972904774557528,False
Step17_Fold3_intermittent_without_lag,intermittent,L3_Store,10,0.08333333333333333,0.12085535276159634,28,28,1.4502642331391562,1.518994956807369,3,without_lag,lag,-0.06873072366821287,False
Step17_Fold3_intermittent_without_lag,intermittent,L4_Category,3,0.08333333333333334,0.14772503477912668,28,28,1.77270041734952,1.9670793711673036,3,without_lag,lag,-0.19437895381778358,False
Step17_Fold3_intermittent_without_lag,intermittent,L5_Department,7,0.08333333333333334,0.13804829137325128,28,28,1.6565794964790153,1.7254949551817698,3,without_lag,lag,-0.0689154587027545,False
Step17_Fold3_intermittent_without_lag,intermittent,L6_State_Category,9,0.08333333333333333,0.12240096538949093,28,28,1.4688115846738912,1.5570908790636455,3,without_lag,lag,-0.08827929438975435,False
Step17_Fold3_intermittent_without_lag,intermittent,L7_State_Department,21,0.08333333333333333,0.1069537000019397,28,28,1.2834444000232765,1.3052421683744144,3,without_lag,lag,-0.02179776835113789,False
Step17_Fold3_intermittent_without_lag,intermittent,L8_Store_Category,30,0.08333333333333333,0.10086160144863085,28,28,1.2103392173835703,1.241343451852791,3,without_lag,lag,-0.031004234469220737,False
Step17_Fold3_intermittent_without_lag,intermittent,L9_Store_Department,60,0.08333333333333333,0.0924712276632631,28,28,1.1096547319591572,1.107749405749606,3,without_lag,lag,0.0019053262095511947,True
Step17_Fold3_intermittent_without_price,intermittent,L10_Item,191,0.08333333333333333,0.07434052658365117,28,28,0.8920863190038141,0.8633492559490685,3,without_price,price,0.02873706305474555,True
Step17_Fold3_intermittent_without_price,intermittent,L11_Item_State,198,0.08333333333333333,0.07419751149635284,28,28,0.8903701379562341,0.8617908216476166,3,without_price,price,0.02857931630861754,True
Step17_Fold3_intermittent_without_price,intermittent,L12_Item_Store,200,0.08333333333333333,0.07412227269117538,28,28,0.8894672722941046,0.8608690282290639,3,without_price,price,0.028598244065040745,True
Step17_Fold3_intermittent_without_price,intermittent,L1_Total,1,0.08333333333333333,0.24797423293395737,28,28,2.9756907952074885,2.6406566527418844,3,without_price,price,0.33503414246560403,True
Step17_Fold3_intermittent_without_price,intermittent,L2_State,3,0.08333333333333334,0.18684366082769968,28,28,2.242123929932396,2.0141585981175885,3,without_price,price,0.22796533181480738,True
Step17_Fold3_intermittent_without_price,intermittent,L3_Store,10,0.08333333333333333,0.13599428189481158,28,28,1.631931382737739,1.518994956807369,3,without_price,price,0.11293642593037001,True
Step17_Fold3_intermittent_without_price,intermittent,L4_Category,3,0.08333333333333334,0.18413176113342056,28,28,2.2095811336010462,1.9670793711673036,3,without_price,price,0.24250176243374266,True
Step17_Fold3_intermittent_without_price,intermittent,L5_Department,7,0.08333333333333334,0.15736211306979392,28,28,1.8883453568375268,1.7254949551817698,3,without_price,price,0.16285040165575704,True
Step17_Fold3_intermittent_without_price,intermittent,L6_State_Category,9,0.08333333333333333,0.1411611572118379,28,28,1.6939338865420548,1.5570908790636455,3,without_price,price,0.13684300747840927,True
Step17_Fold3_intermittent_without_price,intermittent,L7_State_Department,21,0.08333333333333333,0.11834758452755684,28,28,1.420171014330682,1.3052421683744144,3,without_price,price,0.11492884595626762,True
Step17_Fold3_intermittent_without_price,intermittent,L8_Store_Category,30,0.08333333333333333,0.10773886363664226,28,28,1.292866363639707,1.241343451852791,3,without_price,price,0.05152291178691604,True
Step17_Fold3_intermittent_without_price,intermittent,L9_Store_Department,60,0.08333333333333333,0.09693814732560183,28,28,1.163257767907222,1.107749405749606,3,without_price,price,0.05550836215761601,True
Step17_Fold3_intermittent_without_rolling,intermittent,L10_Item,191,0.08333333333333333,0.07379400712136211,28,28,0.8855280854563453,0.8633492559490685,3,without_rolling,rolling,0.022178829507276787,True
Step17_Fold3_intermittent_without_rolling,intermittent,L11_Item_State,198,0.08333333333333333,0.07368792858671616,28,28,0.8842551430405939,0.8617908216476166,3,without_rolling,rolling,0.022464321392977382,True
Step17_Fold3_intermittent_without_rolling,intermittent,L12_Item_Store,200,0.08333333333333333,0.07363446046573754,28,28,0.8836135255888505,0.8608690282290639,3,without_rolling,rolling,0.022744497359786675,True
Step17_Fold3_intermittent_without_rolling,intermittent,L1_Total,1,0.08333333333333333,0.22384201665989678,28,28,2.6861041999187614,2.6406566527418844,3,without_rolling,rolling,0.045447547176876935,True
Step17_Fold3_intermittent_without_rolling,intermittent,L2_State,3,0.08333333333333334,0.17012762522711605,28,28,2.0415315027253924,2.0141585981175885,3,without_rolling,rolling,0.02737290460780395,True
Step17_Fold3_intermittent_without_rolling,intermittent,L3_Store,10,0.08333333333333333,0.1283951059516728,28,28,1.5407412714200737,1.518994956807369,3,without_rolling,rolling,0.021746314612704598,True
Step17_Fold3_intermittent_without_rolling,intermittent,L4_Category,3,0.08333333333333334,0.16458871428907443,28,28,1.975064571468893,1.9670793711673036,3,without_rolling,rolling,0.007985200301589446,True
Step17_Fold3_intermittent_without_rolling,intermittent,L5_Department,7,0.08333333333333334,0.1469186441450981,28,28,1.7630237297411768,1.7254949551817698,3,without_rolling,rolling,0.03752877455940706,True
Step17_Fold3_intermittent_without_rolling,intermittent,L6_State_Category,9,0.08333333333333333,0.1311121960245205,28,28,1.5733463522942461,1.5570908790636455,3,without_rolling,rolling,0.016255473230600614,True
Step17_Fold3_intermittent_without_rolling,intermittent,L7_State_Department,21,0.08333333333333333,0.11121898108940398,28,28,1.3346277730728477,1.3052421683744144,3,without_rolling,rolling,0.02938560469843332,True
Step17_Fold3_intermittent_without_rolling,intermittent,L8_Store_Category,30,0.08333333333333333,0.10528026739786824,28,28,1.2633632087744189,1.241343451852791,3,without_rolling,rolling,0.02201975692162783,True
Step17_Fold3_intermittent_without_rolling,intermittent,L9_Store_Department,60,0.08333333333333333,0.09414295936295264,28,28,1.1297155123554317,1.107749405749606,3,without_rolling,rolling,0.021966106605825653,True
Step17_Fold3_lumpy_without_calendar,lumpy,L10_Item,182,0.08333333333333333,0.09043622271474061,28,28,1.0852346725768873,1.0676557548263856,3,without_calendar,calendar,0.017578917750501688,True
Step17_Fold3_lumpy_without_calendar,lumpy,L11_Item_State,197,0.08333333333333333,0.08988078357791501,28,28,1.0785694029349802,1.0614137683901497,3,without_calendar,calendar,0.01715563454483049,True
Step17_Fold3_lumpy_without_calendar,lumpy,L12_Item_Store,200,0.08333333333333333,0.0896159208362939,28,28,1.0753910500355268,1.0556473403026465,3,without_calendar,calendar,0.01974370973288031,True
Step17_Fold3_lumpy_without_calendar,lumpy,L1_Total,1,0.08333333333333333,0.09140953345575642,28,28,1.096914401469077,0.6524501056331572,3,without_calendar,calendar,0.44446429583591984,True
Step17_Fold3_lumpy_without_calendar,lumpy,L2_State,3,0.08333333333333334,0.08606786269270877,28,28,1.032814352312505,0.8024048277934037,3,without_calendar,calendar,0.23040952451910135,True
Step17_Fold3_lumpy_without_calendar,lumpy,L3_Store,10,0.08333333333333333,0.08737702360765066,28,28,1.048524283291808,0.9070067342307008,3,without_calendar,calendar,0.14151754906110725,True
Step17_Fold3_lumpy_without_calendar,lumpy,L4_Category,3,0.08333333333333333,0.09400118201811328,28,28,1.1280141842173594,0.7869443681010426,3,without_calendar,calendar,0.3410698161163168,True
Step17_Fold3_lumpy_without_calendar,lumpy,L5_Department,7,0.08333333333333333,0.09300796084592011,28,28,1.1160955301510413,0.9087119717599292,3,without_calendar,calendar,0.2073835583911121,True
Step17_Fold3_lumpy_without_calendar,lumpy,L6_State_Category,9,0.08333333333333333,0.08436806921733171,28,28,1.0124168306079806,0.8274222351424186,3,without_calendar,calendar,0.18499459546556196,True
Step17_Fold3_lumpy_without_calendar,lumpy,L7_State_Department,21,0.08333333333333333,0.08901284702123985,28,28,1.0681541642548782,0.9490484037189694,3,without_calendar,calendar,0.11910576053590882,True
Step17_Fold3_lumpy_without_calendar,lumpy,L8_Store_Category,30,0.08333333333333333,0.08638602860692766,28,28,1.0366323432831321,0.9204967462373076,3,without_calendar,calendar,0.11613559704582455,True
Step17_Fold3_lumpy_without_calendar,lumpy,L9_Store_Department,59,0.08333333333333333,0.08779963319934694,28,28,1.0535955983921634,0.97574337906852,3,without_calendar,calendar,0.07785221932364339,True
Step17_Fold3_lumpy_without_event_snap,lumpy,L10_Item,182,0.08333333333333333,0.09587154661624943,28,28,1.1504585593949932,1.0676557548263856,3,without_event_snap,event_snap,0.08280280456860756,True
Step17_Fold3_lumpy_without_event_snap,lumpy,L11_Item_State,197,0.08333333333333333,0.09535603628096757,28,28,1.144272435371611,1.0614137683901497,3,without_event_snap,event_snap,0.08285866698146127,True
Step17_Fold3_lumpy_without_event_snap,lumpy,L12_Item_Store,200,0.08333333333333333,0.09505464174445641,28,28,1.140655700933477,1.0556473403026465,3,without_event_snap,event_snap,0.0850083606308305,True
Step17_Fold3_lumpy_without_event_snap,lumpy,L1_Total,1,0.08333333333333333,0.06573912666804586,28,28,0.7888695200165504,0.6524501056331572,3,without_event_snap,event_snap,0.13641941438339322,True
Step17_Fold3_lumpy_without_event_snap,lumpy,L2_State,3,0.08333333333333334,0.07734422325314903,28,28,0.9281306790377883,0.8024048277934037,3,without_event_snap,event_snap,0.12572585124438462,True
Step17_Fold3_lumpy_without_event_snap,lumpy,L3_Store,10,0.08333333333333333,0.09187935737620154,28,28,1.1025522885144186,0.9070067342307008,3,without_event_snap,event_snap,0.19554555428371778,True
Step17_Fold3_lumpy_without_event_snap,lumpy,L4_Category,3,0.08333333333333333,0.07980259271721524,28,28,0.9576311126065828,0.7869443681010426,3,without_event_snap,event_snap,0.17068674450554022,True
Step17_Fold3_lumpy_without_event_snap,lumpy,L5_Department,7,0.08333333333333333,0.09152510965596,28,28,1.09830131587152,0.9087119717599292,3,without_event_snap,event_snap,0.18958934411159079,True
Step17_Fold3_lumpy_without_event_snap,lumpy,L6_State_Category,9,0.08333333333333333,0.07937042131748431,28,28,0.9524450558098118,0.8274222351424186,3,without_event_snap,event_snap,0.12502282066739312,True
Step17_Fold3_lumpy_without_event_snap,lumpy,L7_State_Department,21,0.08333333333333333,0.09269721817797576,28,28,1.1123666181357093,0.9490484037189694,3,without_event_snap,event_snap,0.16331821441673988,True
Step17_Fold3_lumpy_without_event_snap,lumpy,L8_Store_Category,30,0.08333333333333333,0.09116549102076703,28,28,1.0939858922492045,0.9204967462373076,3,without_event_snap,event_snap,0.1734891460118969,True
Step17_Fold3_lumpy_without_event_snap,lumpy,L9_Store_Department,59,0.08333333333333333,0.09567905478208766,28,28,1.148148657385052,0.97574337906852,3,without_event_snap,event_snap,0.17240527831653185,True
Step17_Fold3_lumpy_without_lag,lumpy,L10_Item,182,0.08333333333333333,0.09056168601544753,28,28,1.0867402321853705,1.0676557548263856,3,without_lag,lag,0.019084477358984886,True
Step17_Fold3_lumpy_without_lag,lumpy,L11_Item_State,197,0.08333333333333333,0.09008655361874529,28,28,1.0810386434249435,1.0614137683901497,3,without_lag,lag,0.01962487503479382,True
Step17_Fold3_lumpy_without_lag,lumpy,L12_Item_Store,200,0.08333333333333333,0.08967506009685829,28,28,1.0761007211622995,1.0556473403026465,3,without_lag,lag,0.02045338085965298,True
Step17_Fold3_lumpy_without_lag,lumpy,L1_Total,1,0.08333333333333333,0.05118733688327601,28,28,0.6142480425993121,0.6524501056331572,3,without_lag,lag,-0.0382020630338451,False
Step17_Fold3_lumpy_without_lag,lumpy,L2_State,3,0.08333333333333334,0.06664797642931926,28,28,0.799775717151831,0.8024048277934037,3,without_lag,lag,-0.002629110641572674,False
Step17_Fold3_lumpy_without_lag,lumpy,L3_Store,10,0.08333333333333333,0.08080973873812006,28,28,0.9697168648574407,0.9070067342307008,3,without_lag,lag,0.06271013062673991,True
Step17_Fold3_lumpy_without_lag,lumpy,L4_Category,3,0.08333333333333333,0.06402050047576707,28,28,0.7682460057092049,0.7869443681010426,3,without_lag,lag,-0.018698362391837753,False
Step17_Fold3_lumpy_without_lag,lumpy,L5_Department,7,0.08333333333333333,0.07865659593689452,28,28,0.9438791512427342,0.9087119717599292,3,without_lag,lag,0.03516717948280501,True
Step17_Fold3_lumpy_without_lag,lumpy,L6_State_Category,9,0.08333333333333333,0.06914570814505032,28,28,0.8297484977406039,0.8274222351424186,3,without_lag,lag,0.002326262598185247,True
Step17_Fold3_lumpy_without_lag,lumpy,L7_State_Department,21,0.08333333333333333,0.08261065926791462,28,28,0.9913279112149755,0.9490484037189694,3,without_lag,lag,0.042279507496006175,True
Step17_Fold3_lumpy_without_lag,lumpy,L8_Store_Category,30,0.08333333333333333,0.08085388857042622,28,28,0.9702466628451146,0.9204967462373076,3,without_lag,lag,0.04974991660780703,True
Step17_Fold3_lumpy_without_lag,lumpy,L9_Store_Department,59,0.08333333333333333,0.0860149625404554,28,28,1.032179550485465,0.97574337906852,3,without_lag,lag,0.0564361714169449,True
Step17_Fold3_lumpy_without_price,lumpy,L10_Item,182,0.08333333333333333,0.09313780930744654,28,28,1.1176537116893586,1.0676557548263856,3,without_price,price,0.049997956862972925,True
Step17_Fold3_lumpy_without_price,lumpy,L11_Item_State,197,0.08333333333333333,0.0926781267469621,28,28,1.1121375209635453,1.0614137683901497,3,without_price,price,0.050723752573395675,True
Step17_Fold3_lumpy_without_price,lumpy,L12_Item_Store,200,0.08333333333333333,0.09240434761966003,28,28,1.1088521714359205,1.0556473403026465,3,without_price,price,0.05320483113327401,True
Step17_Fold3_lumpy_without_price,lumpy,L1_Total,1,0.08333333333333333,0.07789224736969691,28,28,0.9347069684363629,0.6524501056331572,3,without_price,price,0.2822568628032057,True
Step17_Fold3_lumpy_without_price,lumpy,L2_State,3,0.08333333333333334,0.0807483163969545,28,28,0.9689797967634539,0.8024048277934037,3,without_price,price,0.1665749689700502,True
Step17_Fold3_lumpy_without_price,lumpy,L3_Store,10,0.08333333333333333,0.08665908694034857,28,28,1.0399090432841829,0.9070067342307008,3,without_price,price,0.1329023090534821,True
Step17_Fold3_lumpy_without_price,lumpy,L4_Category,3,0.08333333333333333,0.08100483052375167,28,28,0.9720579662850201,0.7869443681010426,3,without_price,price,0.18511359818397743,True
Step17_Fold3_lumpy_without_price,lumpy,L5_Department,7,0.08333333333333333,0.08830743405335957,28,28,1.059689208640315,0.9087119717599292,3,without_price,price,0.15097723688038567,True
Step17_Fold3_lumpy_without_price,lumpy,L6_State_Category,9,0.08333333333333333,0.07991387080859626,28,28,0.9589664497031551,0.8274222351424186,3,without_price,price,0.1315442145607365,True
Step17_Fold3_lumpy_without_price,lumpy,L7_State_Department,21,0.08333333333333333,0.08813747774159754,28,28,1.0576497328991705,0.9490484037189694,3,without_price,price,0.10860132918020116,True
Step17_Fold3_lumpy_without_price,lumpy,L8_Store_Category,30,0.08333333333333333,0.08677730163697187,28,28,1.0413276196436625,0.9204967462373076,3,without_price,price,0.1208308734063549,True
Step17_Fold3_lumpy_without_price,lumpy,L9_Store_Department,59,0.08333333333333333,0.08989047020817352,28,28,1.0786856424980824,0.97574337906852,3,without_price,price,0.10294226342956236,True
Step17_Fold3_lumpy_without_rolling,lumpy,L10_Item,182,0.08333333333333333,0.09781497685484725,28,28,1.173779722258167,1.0676557548263856,3,without_rolling,rolling,0.10612396743178132,True
Step17_Fold3_lumpy_without_rolling,lumpy,L11_Item_State,197,0.08333333333333333,0.09745068873088254,28,28,1.1694082647705906,1.0614137683901497,3,without_rolling,rolling,0.1079944963804409,True
Step17_Fold3_lumpy_without_rolling,lumpy,L12_Item_Store,200,0.08333333333333333,0.09714132401024386,28,28,1.1656958881229265,1.0556473403026465,3,without_rolling,rolling,0.11004854782027995,True
Step17_Fold3_lumpy_without_rolling,lumpy,L1_Total,1,0.08333333333333333,0.05346321832146859,28,28,0.6415586198576231,0.6524501056331572,3,without_rolling,rolling,-0.010891485775534115,False
Step17_Fold3_lumpy_without_rolling,lumpy,L2_State,3,0.08333333333333334,0.07348259528520242,28,28,0.8817911434224289,0.8024048277934037,3,without_rolling,rolling,0.0793863156290252,True
Step17_Fold3_lumpy_without_rolling,lumpy,L3_Store,10,0.08333333333333333,0.09156772517332494,28,28,1.0988127020798995,0.9070067342307008,3,without_rolling,rolling,0.19180596784919868,True
Step17_Fold3_lumpy_without_rolling,lumpy,L4_Category,3,0.08333333333333333,0.0631354334461552,28,28,0.7576252013538625,0.7869443681010426,3,without_rolling,rolling,-0.02931916674718016,False
Step17_Fold3_lumpy_without_rolling,lumpy,L5_Department,7,0.08333333333333333,0.07866426377008459,28,28,0.9439711652410151,0.9087119717599292,3,without_rolling,rolling,0.03525919348108586,True
Step17_Fold3_lumpy_without_rolling,lumpy,L6_State_Category,9,0.08333333333333333,0.07667562071081957,28,28,0.9201074485298348,0.8274222351424186,3,without_rolling,rolling,0.0926852133874162,True
Step17_Fold3_lumpy_without_rolling,lumpy,L7_State_Department,21,0.08333333333333333,0.08733986026656959,28,28,1.048078323198835,0.9490484037189694,3,without_rolling,rolling,0.09902991947986572,True
Step17_Fold3_lumpy_without_rolling,lumpy,L8_Store_Category,30,0.08333333333333333,0.09131074153712321,28,28,1.0957288984454785,0.9204967462373076,3,without_rolling,rolling,0.1752321522081709,True
Step17_Fold3_lumpy_without_rolling,lumpy,L9_Store_Department,59,0.08333333333333333,0.09151171938311745,28,28,1.0981406325974095,0.97574337906852,3,without_rolling,rolling,0.12239725352888942,True
Step17_Fold3_smooth_without_calendar,smooth,L10_Item,142,0.08333333333333333,0.0611834308070342,28,28,0.7342011696844104,0.7048494760955367,3,without_calendar,calendar,0.029351693588873684,True
Step17_Fold3_smooth_without_calendar,smooth,L11_Item_State,180,0.08333333333333333,0.06189701259275458,28,28,0.742764151113055,0.7214183608790772,3,without_calendar,calendar,0.021345790233977868,True
Step17_Fold3_smooth_without_calendar,smooth,L12_Item_Store,200,0.08333333333333333,0.06205766177515865,28,28,0.7446919413019039,0.7248941421829821,3,without_calendar,calendar,0.019797799118921766,True
Step17_Fold3_smooth_without_calendar,smooth,L1_Total,1,0.08333333333333333,0.05315362899496804,28,28,0.6378435479396165,0.4537539288670724,3,without_calendar,calendar,0.18408961907254412,True
Step17_Fold3_smooth_without_calendar,smooth,L2_State,3,0.08333333333333333,0.05356551280156856,28,28,0.6427861536188227,0.520655919184719,3,without_calendar,calendar,0.12213023443410376,True
Step17_Fold3_smooth_without_calendar,smooth,L3_Store,10,0.08333333333333334,0.0585564317801627,28,28,0.7026771813619523,0.6151771863090169,3,without_calendar,calendar,0.08749999505293549,True
Step17_Fold3_smooth_without_calendar,smooth,L4_Category,3,0.08333333333333334,0.05783478486390685,28,28,0.6940174183668821,0.5289289789567219,3,without_calendar,calendar,0.16508843941016027,True
Step17_Fold3_smooth_without_calendar,smooth,L5_Department,5,0.08333333333333334,0.05938250210513914,28,28,0.7125900252616696,0.5557727925760959,3,without_calendar,calendar,0.15681723268557368,True
Step17_Fold3_smooth_without_calendar,smooth,L6_State_Category,9,0.08333333333333333,0.058880978286611686,28,28,0.7065717394393403,0.6071238864341666,3,without_calendar,calendar,0.09944785300517367,True
Step17_Fold3_smooth_without_calendar,smooth,L7_State_Department,14,0.08333333333333333,0.06006662761085731,28,28,0.7207995313302877,0.6248475268199822,3,without_calendar,calendar,0.0959520045103055,True
Step17_Fold3_smooth_without_calendar,smooth,L8_Store_Category,29,0.08333333333333333,0.061793510464246554,28,28,0.7415221255709586,0.6756263409703251,3,without_calendar,calendar,0.0658957846006335,True
Step17_Fold3_smooth_without_calendar,smooth,L9_Store_Department,39,0.08333333333333333,0.06271973042090495,28,28,0.7526367650508594,0.6892216891285293,3,without_calendar,calendar,0.06341507592233009,True
Step17_Fold3_smooth_without_event_snap,smooth,L10_Item,142,0.08333333333333333,0.058467401777780925,28,28,0.7016088213333711,0.7048494760955367,3,without_event_snap,event_snap,-0.003240654762165618,False
Step17_Fold3_smooth_without_event_snap,smooth,L11_Item_State,180,0.08333333333333333,0.05997936297768841,28,28,0.7197523557322609,0.7214183608790772,3,without_event_snap,event_snap,-0.0016660051468162518,False
Step17_Fold3_smooth_without_event_snap,smooth,L12_Item_Store,200,0.08333333333333333,0.060353710085900396,28,28,0.7242445210308048,0.7248941421829821,3,without_event_snap,event_snap,-0.0006496211521772599,False
Step17_Fold3_smooth_without_event_snap,smooth,L1_Total,1,0.08333333333333333,0.03693249373909507,28,28,0.4431899248691408,0.4537539288670724,3,without_event_snap,event_snap,-0.01056400399793156,False
Step17_Fold3_smooth_without_event_snap,smooth,L2_State,3,0.08333333333333333,0.04248796289707033,28,28,0.509855554764844,0.520655919184719,3,without_event_snap,event_snap,-0.010800364419874975,False
Step17_Fold3_smooth_without_event_snap,smooth,L3_Store,10,0.08333333333333334,0.05121863176887242,28,28,0.614623581226469,0.6151771863090169,3,without_event_snap,event_snap,-0.00055360508254787,False
Step17_Fold3_smooth_without_event_snap,smooth,L4_Category,3,0.08333333333333334,0.04328907237304778,28,28,0.5194688684765733,0.5289289789567219,3,without_event_snap,event_snap,-0.009460110480148609,False
Step17_Fold3_smooth_without_event_snap,smooth,L5_Department,5,0.08333333333333334,0.04581752915075717,28,28,0.549810349809086,0.5557727925760959,3,without_event_snap,event_snap,-0.005962442767009857,False
Step17_Fold3_smooth_without_event_snap,smooth,L6_State_Category,9,0.08333333333333333,0.05016763828645743,28,28,0.6020116594374891,0.6071238864341666,3,without_event_snap,event_snap,-0.00511222699667746,False
Step17_Fold3_smooth_without_event_snap,smooth,L7_State_Department,14,0.08333333333333333,0.051699913418815094,28,28,0.6203989610257812,0.6248475268199822,3,without_event_snap,event_snap,-0.004448565794201054,False
Step17_Fold3_smooth_without_event_snap,smooth,L8_Store_Category,29,0.08333333333333333,0.056622416366329205,28,28,0.6794689963959505,0.6756263409703251,3,without_event_snap,event_snap,0.003842655425625341,True
Step17_Fold3_smooth_without_event_snap,smooth,L9_Store_Department,39,0.08333333333333333,0.057828928762076216,28,28,0.6939471451449146,0.6892216891285293,3,without_event_snap,event_snap,0.004725456016385299,True
Step17_Fold3_smooth_without_lag,smooth,L10_Item,142,0.08333333333333333,0.05937252607902695,28,28,0.7124703129483234,0.7048494760955367,3,without_lag,lag,0.007620836852786694,True
Step17_Fold3_smooth_without_lag,smooth,L11_Item_State,180,0.08333333333333333,0.06064987314253768,28,28,0.7277984777104523,0.7214183608790772,3,without_lag,lag,0.006380116831375071,True
Step17_Fold3_smooth_without_lag,smooth,L12_Item_Store,200,0.08333333333333333,0.06101708825327992,28,28,0.7322050590393591,0.7248941421829821,3,without_lag,lag,0.00731091685637697,True
Step17_Fold3_smooth_without_lag,smooth,L1_Total,1,0.08333333333333333,0.0453145622507177,28,28,0.5437747470086124,0.4537539288670724,3,without_lag,lag,0.09002081814154,True
Step17_Fold3_smooth_without_lag,smooth,L2_State,3,0.08333333333333333,0.04977099861046335,28,28,0.5972519833255603,0.520655919184719,3,without_lag,lag,0.0765960641408413,True
Step17_Fold3_smooth_without_lag,smooth,L3_Store,10,0.08333333333333334,0.055573583107516915,28,28,0.666882997290203,0.6151771863090169,3,without_lag,lag,0.051705810981186096,True
Step17_Fold3_smooth_without_lag,smooth,L4_Category,3,0.08333333333333334,0.049039500859593604,28,28,0.5884740103151231,0.5289289789567219,3,without_lag,lag,0.05954503135840128,True
Step17_Fold3_smooth_without_lag,smooth,L5_Department,5,0.08333333333333334,0.050291934855313296,28,28,0.6035032182637595,0.5557727925760959,3,without_lag,lag,0.047730425687663613,True
Step17_Fold3_smooth_without_lag,smooth,L6_State_Category,9,0.08333333333333333,0.05448727959890176,28,28,0.6538473551868211,0.6071238864341666,3,without_lag,lag,0.04672346875265454,True
Step17_Fold3_smooth_without_lag,smooth,L7_State_Department,14,0.08333333333333333,0.05541574331736428,28,28,0.6649889198083714,0.6248475268199822,3,without_lag,lag,0.040141392988389146,True
Step17_Fold3_smooth_without_lag,smooth,L8_Store_Category,29,0.08333333333333333,0.058535230607761744,28,28,0.702422767293141,0.6756263409703251,3,without_lag,lag,0.02679642632281587,True
Step17_Fold3_smooth_without_lag,smooth,L9_Store_Department,39,0.08333333333333333,0.05911943170796525,28,28,0.709433180495583,0.6892216891285293,3,without_lag,lag,0.02021149136705369,True
Step17_Fold3_smooth_without_price,smooth,L10_Item,142,0.08333333333333333,0.05916915908292175,28,28,0.710029908995061,0.7048494760955367,3,without_price,price,0.005180432899524301,True
Step17_Fold3_smooth_without_price,smooth,L11_Item_State,180,0.08333333333333333,0.06030137370771303,28,28,0.7236164844925564,0.7214183608790772,3,without_price,price,0.0021981236134792637,True
Step17_Fold3_smooth_without_price,smooth,L12_Item_Store,200,0.08333333333333333,0.060588155675668456,28,28,0.7270578681080215,0.7248941421829821,3,without_price,price,0.002163725925039439,True
Step17_Fold3_smooth_without_price,smooth,L1_Total,1,0.08333333333333333,0.04131032728567539,28,28,0.49572392742810467,0.4537539288670724,3,without_price,price,0.041969998561032285,True
Step17_Fold3_smooth_without_price,smooth,L2_State,3,0.08333333333333333,0.0462751067137048,28,28,0.5553012805644576,0.520655919184719,3,without_price,price,0.034645361379738615,True
Step17_Fold3_smooth_without_price,smooth,L3_Store,10,0.08333333333333334,0.05314378299990407,28,28,0.6377253959988488,0.6151771863090169,3,without_price,price,0.022548209689831955,True
Step17_Fold3_smooth_without_price,smooth,L4_Category,3,0.08333333333333334,0.04484607223402218,28,28,0.538152866808266,0.5289289789567219,3,without_price,price,0.009223887851544155,True
Step17_Fold3_smooth_without_price,smooth,L5_Department,5,0.08333333333333334,0.04639478211380785,28,28,0.5567373853656941,0.5557727925760959,3,without_price,price,0.000964592789598151,True
Step17_Fold3_smooth_without_price,smooth,L6_State_Category,9,0.08333333333333333,0.051730135141839065,28,28,0.6207616217020688,0.6071238864341666,3,without_price,price,0.01363773526790224,True
Step17_Fold3_smooth_without_price,smooth,L7_State_Department,14,0.08333333333333333,0.05280982370429522,28,28,0.6337178844515426,0.6248475268199822,3,without_price,price,0.00887035763156041,True
Step17_Fold3_smooth_without_price,smooth,L8_Store_Category,29,0.08333333333333333,0.05718020297068316,28,28,0.6861624356481979,0.6756263409703251,3,without_price,price,0.010536094677872754,True
Step17_Fold3_smooth_without_price,smooth,L9_Store_Department,39,0.08333333333333333,0.05805829339924224,28,28,0.6966995207909069,0.6892216891285293,3,without_price,price,0.0074778316623775876,True
Step17_Fold3_smooth_without_rolling,smooth,L10_Item,142,0.08333333333333333,0.060524880497946645,28,28,0.7262985659753598,0.7048494760955367,3,without_rolling,rolling,0.02144908987982308,True
Step17_Fold3_smooth_without_rolling,smooth,L11_Item_State,180,0.08333333333333333,0.06267468201389022,28,28,0.7520961841666827,0.7214183608790772,3,without_rolling,rolling,0.030677823287605488,True
Step17_Fold3_smooth_without_rolling,smooth,L12_Item_Store,200,0.08333333333333333,0.0629562314556949,28,28,0.7554747774683388,0.7248941421829821,3,without_rolling,rolling,0.030580635285356705,True
Step17_Fold3_smooth_without_rolling,smooth,L1_Total,1,0.08333333333333333,0.03472756501876629,28,28,0.4167307802251955,0.4537539288670724,3,without_rolling,rolling,-0.03702314864187689,False
Step17_Fold3_smooth_without_rolling,smooth,L2_State,3,0.08333333333333333,0.040121228266046124,28,28,0.4814547391925535,0.520655919184719,3,without_rolling,rolling,-0.03920117999216549,False
Step17_Fold3_smooth_without_rolling,smooth,L3_Store,10,0.08333333333333334,0.05228010375787141,28,28,0.6273612450944569,0.6151771863090169,3,without_rolling,rolling,0.012184058785440044,True
Step17_Fold3_smooth_without_rolling,smooth,L4_Category,3,0.08333333333333334,0.042600028389585945,28,28,0.5112003406750313,0.5289289789567219,3,without_rolling,rolling,-0.01772863828169058,False
Step17_Fold3_smooth_without_rolling,smooth,L5_Department,5,0.08333333333333334,0.045287484892100854,28,28,0.5434498187052101,0.5557727925760959,3,without_rolling,rolling,-0.012322973870885767,False
Step17_Fold3_smooth_without_rolling,smooth,L6_State_Category,9,0.08333333333333333,0.05016465778016088,28,28,0.6019758933619306,0.6071238864341666,3,without_rolling,rolling,-0.005147993072236012,False
Step17_Fold3_smooth_without_rolling,smooth,L7_State_Department,14,0.08333333333333333,0.0516198330350793,28,28,0.6194379964209517,0.6248475268199822,3,without_rolling,rolling,-0.005409530399030582,False
Step17_Fold3_smooth_without_rolling,smooth,L8_Store_Category,29,0.08333333333333333,0.05846181490361222,28,28,0.7015417788433467,0.6756263409703251,3,without_rolling,rolling,0.02591543787302153,True
Step17_Fold3_smooth_without_rolling,smooth,L9_Store_Department,39,0.08333333333333333,0.05977662223113199,28,28,0.7173194667735839,0.6892216891285293,3,without_rolling,rolling,0.02809777764505461,True
Step17_Fold4_erratic_without_calendar,erratic,L10_Item,119,0.08333333333333333,0.06959751706990182,28,28,0.8351702048388219,0.8421317402712944,4,without_calendar,calendar,-0.0069615354324725764,False
Step17_Fold4_erratic_without_calendar,erratic,L11_Item_State,171,0.08333333333333333,0.06973704459289945,28,28,0.8368445351147934,0.8496651222205298,4,without_calendar,calendar,-0.012820587105736414,False
Step17_Fold4_erratic_without_calendar,erratic,L12_Item_Store,200,0.08333333333333333,0.06988399638685487,28,28,0.8386079566422585,0.8542108023403597,4,without_calendar,calendar,-0.01560284569810122,False
Step17_Fold4_erratic_without_calendar,erratic,L1_Total,1,0.08333333333333333,0.05871837861074362,28,28,0.7046205433289234,0.3207808708210927,4,without_calendar,calendar,0.38383967250783074,True
Step17_Fold4_erratic_without_calendar,erratic,L2_State,3,0.08333333333333334,0.0602578584665395,28,28,0.7230943015984739,0.5387367452687231,4,without_calendar,calendar,0.18435755632975082,True
Step17_Fold4_erratic_without_calendar,erratic,L3_Store,10,0.08333333333333333,0.06393286862569754,28,28,0.7671944235083705,0.6665224466662828,4,without_calendar,calendar,0.10067197684208773,True
Step17_Fold4_erratic_without_calendar,erratic,L4_Category,3,0.08333333333333333,0.057375322070580555,28,28,0.6885038648469667,0.3693985398758987,4,without_calendar,calendar,0.31910532497106797,True
Step17_Fold4_erratic_without_calendar,erratic,L5_Department,5,0.08333333333333333,0.05559721995676321,28,28,0.6671666394811585,0.4320552674167191,4,without_calendar,calendar,0.23511137206443938,True
Step17_Fold4_erratic_without_calendar,erratic,L6_State_Category,9,0.08333333333333333,0.06214773064506558,28,28,0.745772767740787,0.632188760969159,4,without_calendar,calendar,0.11358400677162805,True
Step17_Fold4_erratic_without_calendar,erratic,L7_State_Department,15,0.08333333333333333,0.06277739319514053,28,28,0.7533287183416864,0.69658181996578,4,without_calendar,calendar,0.05674689837590641,True
Step17_Fold4_erratic_without_calendar,erratic,L8_Store_Category,25,0.08333333333333333,0.06640008632480389,28,28,0.7968010358976467,0.7399646524329567,4,without_calendar,calendar,0.05683638346469,True
Step17_Fold4_erratic_without_calendar,erratic,L9_Store_Department,39,0.08333333333333333,0.06676849369167874,28,28,0.8012219243001449,0.7950048725757419,4,without_calendar,calendar,0.006217051724403011,True
Step17_Fold4_erratic_without_event_snap,erratic,L10_Item,119,0.08333333333333333,0.06879443645538787,28,28,0.8255332374646545,0.8421317402712944,4,without_event_snap,event_snap,-0.016598502806639992,False
Step17_Fold4_erratic_without_event_snap,erratic,L11_Item_State,171,0.08333333333333333,0.06922698742351277,28,28,0.8307238490821532,0.8496651222205298,4,without_event_snap,event_snap,-0.01894127313837657,False
Step17_Fold4_erratic_without_event_snap,erratic,L12_Item_Store,200,0.08333333333333333,0.06961432872496413,28,28,0.8353719446995697,0.8542108023403597,4,without_event_snap,event_snap,-0.018838857640790074,False
Step17_Fold4_erratic_without_event_snap,erratic,L1_Total,1,0.08333333333333333,0.031178819795566973,28,28,0.3741458375468037,0.3207808708210927,4,without_event_snap,event_snap,0.053364966725711005,True
Step17_Fold4_erratic_without_event_snap,erratic,L2_State,3,0.08333333333333334,0.0449646335177048,28,28,0.5395756022124575,0.5387367452687231,4,without_event_snap,event_snap,0.0008388569437344229,True
Step17_Fold4_erratic_without_event_snap,erratic,L3_Store,10,0.08333333333333333,0.055705931856231995,28,28,0.668471182274784,0.6665224466662828,4,without_event_snap,event_snap,0.0019487356085011731,True
Step17_Fold4_erratic_without_event_snap,erratic,L4_Category,3,0.08333333333333333,0.03430044623631461,28,28,0.41160535483577537,0.3693985398758987,4,without_event_snap,event_snap,0.04220681495987666,True
Step17_Fold4_erratic_without_event_snap,erratic,L5_Department,5,0.08333333333333333,0.0388585577937375,28,28,0.46630269352485004,0.4320552674167191,4,without_event_snap,event_snap,0.03424742610813092,True
Step17_Fold4_erratic_without_event_snap,erratic,L6_State_Category,9,0.08333333333333333,0.05287721055458002,28,28,0.6345265266549603,0.632188760969159,4,without_event_snap,event_snap,0.002337765685801352,True
Step17_Fold4_erratic_without_event_snap,erratic,L7_State_Department,15,0.08333333333333333,0.05496453740335041,28,28,0.659574448840205,0.69658181996578,4,without_event_snap,event_snap,-0.03700737112557495,False
Step17_Fold4_erratic_without_event_snap,erratic,L8_Store_Category,25,0.08333333333333333,0.061160497275313995,28,28,0.733925967303768,0.7399646524329567,4,without_event_snap,event_snap,-0.006038685129188703,False
Step17_Fold4_erratic_without_event_snap,erratic,L9_Store_Department,39,0.08333333333333333,0.06479089634390482,28,28,0.7774907561268579,0.7950048725757419,4,without_event_snap,event_snap,-0.01751411644888401,False
Step17_Fold4_erratic_without_lag,erratic,L10_Item,119,0.08333333333333333,0.07126551818786268,28,28,0.8551862182543523,0.8421317402712944,4,without_lag,lag,0.01305447798305781,True
Step17_Fold4_erratic_without_lag,erratic,L11_Item_State,171,0.08333333333333333,0.07210416499661937,28,28,0.8652499799594324,0.8496651222205298,4,without_lag,lag,0.015584857738902613,True
Step17_Fold4_erratic_without_lag,erratic,L12_Item_Store,200,0.08333333333333333,0.07250251444775038,28,28,0.8700301733730046,0.8542108023403597,4,without_lag,lag,0.015819371032644858,True
Step17_Fold4_erratic_without_lag,erratic,L1_Total,1,0.08333333333333333,0.02734781208025232,28,28,0.32817374496302787,0.3207808708210927,4,without_lag,lag,0.0073928741419351796,True
Step17_Fold4_erratic_without_lag,erratic,L2_State,3,0.08333333333333334,0.047833325766041684,28,28,0.5739999091925001,0.5387367452687231,4,without_lag,lag,0.03526316392377704,True
Step17_Fold4_erratic_without_lag,erratic,L3_Store,10,0.08333333333333333,0.05835020230710445,28,28,0.7002024276852534,0.6665224466662828,4,without_lag,lag,0.03367998101897063,True
Step17_Fold4_erratic_without_lag,erratic,L4_Category,3,0.08333333333333333,0.031227432654054275,28,28,0.37472919184865133,0.3693985398758987,4,without_lag,lag,0.00533065197275262,True
Step17_Fold4_erratic_without_lag,erratic,L5_Department,5,0.08333333333333333,0.03637369886947223,28,28,0.4364843864336668,0.4320552674167191,4,without_lag,lag,0.004429119016947702,True
Step17_Fold4_erratic_without_lag,erratic,L6_State_Category,9,0.08333333333333333,0.056046768636130215,28,28,0.6725612236335626,0.632188760969159,4,without_lag,lag,0.04037246266440364,True
Step17_Fold4_erratic_without_lag,erratic,L7_State_Department,15,0.08333333333333333,0.05888533217855793,28,28,0.7066239861426952,0.69658181996578,4,without_lag,lag,0.010042166176915224,True
Step17_Fold4_erratic_without_lag,erratic,L8_Store_Category,25,0.08333333333333333,0.06474443970368238,28,28,0.7769332764441885,0.7399646524329567,4,without_lag,lag,0.0369686240112318,True
Step17_Fold4_erratic_without_lag,erratic,L9_Store_Department,39,0.08333333333333333,0.0676072887496598,28,28,0.8112874649959175,0.7950048725757419,4,without_lag,lag,0.0162825924201756,True
Step17_Fold4_erratic_without_price,erratic,L10_Item,119,0.08333333333333333,0.06950729190247638,28,28,0.8340875028297167,0.8421317402712944,4,without_price,price,-0.008044237441577784,False
Step17_Fold4_erratic_without_price,erratic,L11_Item_State,171,0.08333333333333333,0.07038269002037263,28,28,0.8445922802444716,0.8496651222205298,4,without_price,price,-0.005072841976058173,False
Step17_Fold4_erratic_without_price,erratic,L12_Item_Store,200,0.08333333333333333,0.07067218709569896,28,28,0.8480662451483876,0.8542108023403597,4,without_price,price,-0.006144557191972155,False
Step17_Fold4_erratic_without_price,erratic,L1_Total,1,0.08333333333333333,0.02628006693542744,28,28,0.3153608032251293,0.3207808708210927,4,without_price,price,-0.005420067595963363,False
Step17_Fold4_erratic_without_price,erratic,L2_State,3,0.08333333333333334,0.04643811460492124,28,28,0.5572573752590548,0.5387367452687231,4,without_price,price,0.01852062999033177,True
Step17_Fold4_erratic_without_price,erratic,L3_Store,10,0.08333333333333333,0.05445720421909441,28,28,0.653486450629133,0.6665224466662828,4,without_price,price,-0.013035996037149777,False
Step17_Fold4_erratic_without_price,erratic,L4_Category,3,0.08333333333333333,0.03033919944994869,28,28,0.3640703933993843,0.3693985398758987,4,without_price,price,-0.005328146476514417,False
Step17_Fold4_erratic_without_price,erratic,L5_Department,5,0.08333333333333333,0.03631105428566846,28,28,0.4357326514280216,0.4320552674167191,4,without_price,price,0.0036773840113024647,True
Step17_Fold4_erratic_without_price,erratic,L6_State_Category,9,0.08333333333333333,0.053907647837851944,28,28,0.6468917740542234,0.632188760969159,4,without_price,price,0.014703013085064387,True
Step17_Fold4_erratic_without_price,erratic,L7_State_Department,15,0.08333333333333333,0.057691050054333115,28,28,0.6922926006519974,0.69658181996578,4,without_price,price,-0.004289219313782566,False
Step17_Fold4_erratic_without_price,erratic,L8_Store_Category,25,0.08333333333333333,0.06040827575698901,28,28,0.7248993090838681,0.7399646524329567,4,without_price,price,-0.0150653433490886,False
Step17_Fold4_erratic_without_price,erratic,L9_Store_Department,39,0.08333333333333333,0.06578716246934738,28,28,0.7894459496321685,0.7950048725757419,4,without_price,price,-0.005558922943573408,False
Step17_Fold4_erratic_without_rolling,erratic,L10_Item,119,0.08333333333333333,0.0675545933970621,28,28,0.8106551207647452,0.8421317402712944,4,without_rolling,rolling,-0.03147661950654923,False
Step17_Fold4_erratic_without_rolling,erratic,L11_Item_State,171,0.08333333333333333,0.06918281439564573,28,28,0.8301937727477489,0.8496651222205298,4,without_rolling,rolling,-0.019471349472780952,False
Step17_Fold4_erratic_without_rolling,erratic,L12_Item_Store,200,0.08333333333333333,0.069474270773747,28,28,0.8336912492849641,0.8542108023403597,4,without_rolling,rolling,-0.020519553055395656,False
Step17_Fold4_erratic_without_rolling,erratic,L1_Total,1,0.08333333333333333,0.03317398351967722,28,28,0.39808780223612666,0.3207808708210927,4,without_rolling,rolling,0.07730693141503397,True
Step17_Fold4_erratic_without_rolling,erratic,L2_State,3,0.08333333333333334,0.04810145165971907,28,28,0.5772174199166288,0.5387367452687231,4,without_rolling,rolling,0.03848067464790572,True
Step17_Fold4_erratic_without_rolling,erratic,L3_Store,10,0.08333333333333333,0.06071908334008581,28,28,0.7286290000810297,0.6665224466662828,4,without_rolling,rolling,0.06210655341474691,True
Step17_Fold4_erratic_without_rolling,erratic,L4_Category,3,0.08333333333333333,0.03548385465093208,28,28,0.425806255811185,0.3693985398758987,4,without_rolling,rolling,0.05640771593528626,True
Step17_Fold4_erratic_without_rolling,erratic,L5_Department,5,0.08333333333333333,0.037779822259414536,28,28,0.45335786711297443,0.4320552674167191,4,without_rolling,rolling,0.02130259969625531,True
Step17_Fold4_erratic_without_rolling,erratic,L6_State_Category,9,0.08333333333333333,0.05689791755541407,28,28,0.6827750106649688,0.632188760969159,4,without_rolling,rolling,0.050586249695809826,True
Step17_Fold4_erratic_without_rolling,erratic,L7_State_Department,15,0.08333333333333333,0.05872171903290441,28,28,0.7046606283948529,0.69658181996578,4,without_rolling,rolling,0.008078808429072937,True
Step17_Fold4_erratic_without_rolling,erratic,L8_Store_Category,25,0.08333333333333333,0.06929697300138205,28,28,0.8315636760165845,0.7399646524329567,4,without_rolling,rolling,0.09159902358362781,True
Step17_Fold4_erratic_without_rolling,erratic,L9_Store_Department,39,0.08333333333333333,0.06651792580997708,28,28,0.798215109719725,0.7950048725757419,4,without_rolling,rolling,0.0032102371439830524,True
Step17_Fold4_intermittent_without_calendar,intermittent,L10_Item,191,0.08333333333333333,0.08235603192542011,28,28,0.9882723831050414,0.9248510072299068,4,without_calendar,calendar,0.06342137587513463,True
Step17_Fold4_intermittent_without_calendar,intermittent,L11_Item_State,198,0.08333333333333333,0.08222592637275583,28,28,0.98671111647307,0.9232887935282468,4,without_calendar,calendar,0.0634223229448232,True
Step17_Fold4_intermittent_without_calendar,intermittent,L12_Item_Store,200,0.08333333333333333,0.07941974113945344,28,28,0.9530368936734412,0.9040264662509432,4,without_calendar,calendar,0.04901042742249806,True
Step17_Fold4_intermittent_without_calendar,intermittent,L1_Total,1,0.08333333333333333,0.10309338135189523,28,28,1.2371205762227429,0.8257057111094277,4,without_calendar,calendar,0.41141486511331515,True
Step17_Fold4_intermittent_without_calendar,intermittent,L2_State,3,0.08333333333333333,0.0993459043854178,28,28,1.1921508526250135,0.9004720846156333,4,without_calendar,calendar,0.2916787680093802,True
Step17_Fold4_intermittent_without_calendar,intermittent,L3_Store,10,0.08333333333333333,0.09900025515340712,28,28,1.1880030618408854,1.027056655170078,4,without_calendar,calendar,0.1609464066708075,True
Step17_Fold4_intermittent_without_calendar,intermittent,L4_Category,3,0.08333333333333334,0.09850131508951637,28,28,1.1820157810741962,0.903482248623734,4,without_calendar,calendar,0.2785335324504622,True
Step17_Fold4_intermittent_without_calendar,intermittent,L5_Department,7,0.08333333333333333,0.0940685428655841,28,28,1.1288225143870092,0.8918107494463061,4,without_calendar,calendar,0.23701176494070308,True
Step17_Fold4_intermittent_without_calendar,intermittent,L6_State_Category,9,0.08333333333333333,0.09419335355013819,28,28,1.1303202426016583,0.9552852587432696,4,without_calendar,calendar,0.17503498385838867,True
Step17_Fold4_intermittent_without_calendar,intermittent,L7_State_Department,21,0.08333333333333333,0.09478981288918065,28,28,1.1374777546701678,0.9735060074989274,4,without_calendar,calendar,0.1639717471712404,True
Step17_Fold4_intermittent_without_calendar,intermittent,L8_Store_Category,30,0.08333333333333333,0.08692118272089253,28,28,1.0430541926507104,0.9482341369581851,4,without_calendar,calendar,0.09482005569252527,True
Step17_Fold4_intermittent_without_calendar,intermittent,L9_Store_Department,60,0.08333333333333333,0.08338561929128167,28,28,1.0006274314953802,0.9191126420778823,4,without_calendar,calendar,0.0815147894174979,True
Step17_Fold4_intermittent_without_event_snap,intermittent,L10_Item,191,0.08333333333333333,0.07304347039255044,28,28,0.8765216447106052,0.9248510072299068,4,without_event_snap,event_snap,-0.04832936251930153,False
Step17_Fold4_intermittent_without_event_snap,intermittent,L11_Item_State,198,0.08333333333333333,0.07299402207061302,28,28,0.8759282648473563,0.9232887935282468,4,without_event_snap,event_snap,-0.04736052868089047,False
Step17_Fold4_intermittent_without_event_snap,intermittent,L12_Item_Store,200,0.08333333333333333,0.07286734150097837,28,28,0.8744080980117405,0.9040264662509432,4,without_event_snap,event_snap,-0.02961836823920272,False
Step17_Fold4_intermittent_without_event_snap,intermittent,L1_Total,1,0.08333333333333333,0.0659781106822415,28,28,0.7917373281868981,0.8257057111094277,4,without_event_snap,event_snap,-0.03396838292252957,False
Step17_Fold4_intermittent_without_event_snap,intermittent,L2_State,3,0.08333333333333333,0.06996365961879299,28,28,0.8395639154255159,0.9004720846156333,4,without_event_snap,event_snap,-0.060908169190117434,False
Step17_Fold4_intermittent_without_event_snap,intermittent,L3_Store,10,0.08333333333333333,0.08026039679459206,28,28,0.9631247615351047,1.027056655170078,4,without_event_snap,event_snap,-0.0639318936349732,False
Step17_Fold4_intermittent_without_event_snap,intermittent,L4_Category,3,0.08333333333333334,0.07068821699308733,28,28,0.8482586039170479,0.903482248623734,4,without_event_snap,event_snap,-0.05522364470668617,False
Step17_Fold4_intermittent_without_event_snap,intermittent,L5_Department,7,0.08333333333333333,0.0705544868639176,28,28,0.8466538423670112,0.8918107494463061,4,without_event_snap,event_snap,-0.04515690707929487,False
Step17_Fold4_intermittent_without_event_snap,intermittent,L6_State_Category,9,0.08333333333333333,0.07234089102238642,28,28,0.868090692268637,0.9552852587432696,4,without_event_snap,event_snap,-0.08719456647463264,False
Step17_Fold4_intermittent_without_event_snap,intermittent,L7_State_Department,21,0.08333333333333333,0.07513086312283078,28,28,0.9015703574739694,0.9735060074989274,4,without_event_snap,event_snap,-0.07193565002495794,False
Step17_Fold4_intermittent_without_event_snap,intermittent,L8_Store_Category,30,0.08333333333333333,0.0743567761670766,28,28,0.8922813140049193,0.9482341369581851,4,without_event_snap,event_snap,-0.05595282295326587,False
Step17_Fold4_intermittent_without_event_snap,intermittent,L9_Store_Department,60,0.08333333333333333,0.07233428545079647,28,28,0.8680114254095577,0.9191126420778823,4,without_event_snap,event_snap,-0.05110121666832468,False
Step17_Fold4_intermittent_without_lag,intermittent,L10_Item,191,0.08333333333333333,0.07126307543884389,28,28,0.8551569052661266,0.9248510072299068,4,without_lag,lag,-0.06969410196378012,False
Step17_Fold4_intermittent_without_lag,intermittent,L11_Item_State,198,0.08333333333333333,0.0712056061743201,28,28,0.8544672740918413,0.9232887935282468,4,without_lag,lag,-0.06882151943640546,False
Step17_Fold4_intermittent_without_lag,intermittent,L12_Item_Store,200,0.08333333333333333,0.07242795181767472,28,28,0.8691354218120967,0.9040264662509432,4,without_lag,lag,-0.0348910444388465,False
Step17_Fold4_intermittent_without_lag,intermittent,L1_Total,1,0.08333333333333333,0.051369827355737224,28,28,0.6164379282688467,0.8257057111094277,4,without_lag,lag,-0.209267782840581,False
Step17_Fold4_intermittent_without_lag,intermittent,L2_State,3,0.08333333333333333,0.06297549485593174,28,28,0.7557059382711808,0.9004720846156333,4,without_lag,lag,-0.1447661463444525,False
Step17_Fold4_intermittent_without_lag,intermittent,L3_Store,10,0.08333333333333333,0.07542070676827235,28,28,0.9050484812192683,1.027056655170078,4,without_lag,lag,-0.12200817395080965,False
Step17_Fold4_intermittent_without_lag,intermittent,L4_Category,3,0.08333333333333334,0.06628261030524288,28,28,0.7953913236629144,0.903482248623734,4,without_lag,lag,-0.10809092496081962,False
Step17_Fold4_intermittent_without_lag,intermittent,L5_Department,7,0.08333333333333333,0.06688484042009434,28,28,0.8026180850411321,0.8918107494463061,4,without_lag,lag,-0.08919266440517404,False
Step17_Fold4_intermittent_without_lag,intermittent,L6_State_Category,9,0.08333333333333333,0.0692818793529346,28,28,0.8313825522352153,0.9552852587432696,4,without_lag,lag,-0.12390270650805435,False
Step17_Fold4_intermittent_without_lag,intermittent,L7_State_Department,21,0.08333333333333333,0.06960702733721583,28,28,0.8352843280465899,0.9735060074989274,4,without_lag,lag,-0.13822167945233743,False
Step17_Fold4_intermittent_without_lag,intermittent,L8_Store_Category,30,0.08333333333333333,0.07191841574051622,28,28,0.8630209888861946,0.9482341369581851,4,without_lag,lag,-0.08521314807199054,False
Step17_Fold4_intermittent_without_lag,intermittent,L9_Store_Department,60,0.08333333333333333,0.07030660786131475,28,28,0.843679294335777,0.9191126420778823,4,without_lag,lag,-0.0754333477421053,False
Step17_Fold4_intermittent_without_price,intermittent,L10_Item,191,0.08333333333333333,0.06908447701047166,28,28,0.8290137241256599,0.9248510072299068,4,without_price,price,-0.09583728310424688,False
Step17_Fold4_intermittent_without_price,intermittent,L11_Item_State,198,0.08333333333333333,0.06898176318673242,28,28,0.8277811582407891,0.9232887935282468,4,without_price,price,-0.09550763528745765,False
Step17_Fold4_intermittent_without_price,intermittent,L12_Item_Store,200,0.08333333333333333,0.07185228596450637,28,28,0.8622274315740764,0.9040264662509432,4,without_price,price,-0.04179903467686674,False
Step17_Fold4_intermittent_without_price,intermittent,L1_Total,1,0.08333333333333333,0.10252036978088541,28,28,1.230244437370625,0.8257057111094277,4,without_price,price,0.40453872626119725,True
Step17_Fold4_intermittent_without_price,intermittent,L2_State,3,0.08333333333333333,0.08960712544063426,28,28,1.0752855052876111,0.9004720846156333,4,without_price,price,0.1748134206719778,True
Step17_Fold4_intermittent_without_price,intermittent,L3_Store,10,0.08333333333333333,0.08348987221268755,28,28,1.0018784665522507,1.027056655170078,4,without_price,price,-0.02517818861782728,False
Step17_Fold4_intermittent_without_price,intermittent,L4_Category,3,0.08333333333333334,0.09273916805341431,28,28,1.1128700166409715,0.903482248623734,4,without_price,price,0.20938776801723746,True
Step17_Fold4_intermittent_without_price,intermittent,L5_Department,7,0.08333333333333333,0.08461418522550146,28,28,1.0153702227060175,0.8918107494463061,4,without_price,price,0.1235594732597114,True
Step17_Fold4_intermittent_without_price,intermittent,L6_State_Category,9,0.08333333333333333,0.07932510779728255,28,28,0.9519012935673906,0.9552852587432696,4,without_price,price,-0.0033839651758790223,False
Step17_Fold4_intermittent_without_price,intermittent,L7_State_Department,21,0.08333333333333333,0.07632546707159724,28,28,0.9159056048591668,0.9735060074989274,4,without_price,price,-0.05760040263976052,False
Step17_Fold4_intermittent_without_price,intermittent,L8_Store_Category,30,0.08333333333333333,0.07430334453098437,28,28,0.8916401343718126,0.9482341369581851,4,without_price,price,-0.056594002586372594,False
Step17_Fold4_intermittent_without_price,intermittent,L9_Store_Department,60,0.08333333333333333,0.07155467995320121,28,28,0.8586561594384146,0.9191126420778823,4,without_price,price,-0.06045648263946779,False
Step17_Fold4_intermittent_without_rolling,intermittent,L10_Item,191,0.08333333333333333,0.07388152455061221,28,28,0.8865782946073466,0.9248510072299068,4,without_rolling,rolling,-0.03827271262256016,False
Step17_Fold4_intermittent_without_rolling,intermittent,L11_Item_State,198,0.08333333333333333,0.07374395423933798,28,28,0.8849274508720558,0.9232887935282468,4,without_rolling,rolling,-0.038361342656190955,False
Step17_Fold4_intermittent_without_rolling,intermittent,L12_Item_Store,200,0.08333333333333333,0.07488699716880083,28,28,0.89864396602561,0.9040264662509432,4,without_rolling,rolling,-0.005382500225333153,False
Step17_Fold4_intermittent_without_rolling,intermittent,L1_Total,1,0.08333333333333333,0.08623567330415516,28,28,1.034828079649862,0.8257057111094277,4,without_rolling,rolling,0.2091223685404342,True
Step17_Fold4_intermittent_without_rolling,intermittent,L2_State,3,0.08333333333333333,0.08160833960176492,28,28,0.979300075221179,0.9004720846156333,4,without_rolling,rolling,0.07882799060554568,True
Step17_Fold4_intermittent_without_rolling,intermittent,L3_Store,10,0.08333333333333333,0.08324941905180368,28,28,0.9989930286216442,1.027056655170078,4,without_rolling,rolling,-0.02806362654843375,False
Step17_Fold4_intermittent_without_rolling,intermittent,L4_Category,3,0.08333333333333334,0.08353869629293786,28,28,1.0024643555152541,0.903482248623734,4,without_rolling,rolling,0.0989821068915201,True
Step17_Fold4_intermittent_without_rolling,intermittent,L5_Department,7,0.08333333333333333,0.08172414558426785,28,28,0.9806897470112143,0.8918107494463061,4,without_rolling,rolling,0.08887899756490814,True
Step17_Fold4_intermittent_without_rolling,intermittent,L6_State_Category,9,0.08333333333333333,0.07896036242692084,28,28,0.9475243491230501,0.9552852587432696,4,without_rolling,rolling,-0.00776090962021958,False
Step17_Fold4_intermittent_without_rolling,intermittent,L7_State_Department,21,0.08333333333333333,0.07923118951299937,28,28,0.9507742741559925,0.9735060074989274,4,without_rolling,rolling,-0.02273173334293488,False
Step17_Fold4_intermittent_without_rolling,intermittent,L8_Store_Category,30,0.08333333333333333,0.07680747053731202,28,28,0.9216896464477442,0.9482341369581851,4,without_rolling,rolling,-0.026544490510440943,False
Step17_Fold4_intermittent_without_rolling,intermittent,L9_Store_Department,60,0.08333333333333333,0.07524463877605995,28,28,0.9029356653127195,0.9191126420778823,4,without_rolling,rolling,-0.01617697676516283,False
Step17_Fold4_lumpy_without_calendar,lumpy,L10_Item,182,0.08333333333333333,0.08692354809442655,28,28,1.0430825771331187,1.0153535509358464,4,without_calendar,calendar,0.027729026197272244,True
Step17_Fold4_lumpy_without_calendar,lumpy,L11_Item_State,197,0.08333333333333333,0.08691756365366234,28,28,1.043010763843948,1.0154085557262795,4,without_calendar,calendar,0.02760220811766856,True
Step17_Fold4_lumpy_without_calendar,lumpy,L12_Item_Store,200,0.08333333333333333,0.08704888427468306,28,28,1.0445866112961968,1.017634961963818,4,without_calendar,calendar,0.026951649332378702,True
Step17_Fold4_lumpy_without_calendar,lumpy,L1_Total,1,0.08333333333333333,0.07604925621166761,28,28,0.9125910745400113,0.5056468300286201,4,without_calendar,calendar,0.4069442445113912,True
Step17_Fold4_lumpy_without_calendar,lumpy,L2_State,3,0.08333333333333333,0.06927232685241307,28,28,0.8312679222289568,0.6353575974937404,4,without_calendar,calendar,0.1959103247352164,True
Step17_Fold4_lumpy_without_calendar,lumpy,L3_Store,10,0.08333333333333333,0.07488997577111509,28,28,0.898679709253381,0.8333603818648609,4,without_calendar,calendar,0.06531932738852009,True
Step17_Fold4_lumpy_without_calendar,lumpy,L4_Category,3,0.08333333333333333,0.080327974880542,28,28,0.963935698566504,0.6298467406187123,4,without_calendar,calendar,0.3340889579477917,True
Step17_Fold4_lumpy_without_calendar,lumpy,L5_Department,7,0.08333333333333333,0.0807372826120609,28,28,0.9688473913447307,0.8021165445870642,4,without_calendar,calendar,0.16673084675766658,True
Step17_Fold4_lumpy_without_calendar,lumpy,L6_State_Category,9,0.08333333333333334,0.07841664760872949,28,28,0.9409997713047538,0.7653380411962252,4,without_calendar,calendar,0.1756617301085286,True
Step17_Fold4_lumpy_without_calendar,lumpy,L7_State_Department,21,0.08333333333333333,0.08590618652369358,28,28,1.030874238284323,0.9459446789578028,4,without_calendar,calendar,0.08492955932652024,True
Step17_Fold4_lumpy_without_calendar,lumpy,L8_Store_Category,30,0.08333333333333333,0.08678029002498289,28,28,1.0413634802997946,0.9768163007145289,4,without_calendar,calendar,0.06454717958526579,True
Step17_Fold4_lumpy_without_calendar,lumpy,L9_Store_Department,59,0.08333333333333333,0.09003088610289904,28,28,1.0803706332347887,1.0477949617125035,4,without_calendar,calendar,0.03257567152228513,True
Step17_Fold4_lumpy_without_event_snap,lumpy,L10_Item,182,0.08333333333333333,0.09061501922483779,28,28,1.0873802306980536,1.0153535509358464,4,without_event_snap,event_snap,0.07202667976220711,True
Step17_Fold4_lumpy_without_event_snap,lumpy,L11_Item_State,197,0.08333333333333333,0.09059609051188935,28,28,1.0871530861426724,1.0154085557262795,4,without_event_snap,event_snap,0.07174453041639284,True
Step17_Fold4_lumpy_without_event_snap,lumpy,L12_Item_Store,200,0.08333333333333333,0.09079158602627935,28,28,1.0894990323153522,1.017634961963818,4,without_event_snap,event_snap,0.07186407035153408,True
Step17_Fold4_lumpy_without_event_snap,lumpy,L1_Total,1,0.08333333333333333,0.07308363405153476,28,28,0.8770036086184171,0.5056468300286201,4,without_event_snap,event_snap,0.371356778589797,True
Step17_Fold4_lumpy_without_event_snap,lumpy,L2_State,3,0.08333333333333333,0.07014407747994406,28,28,0.8417289297593287,0.6353575974937404,4,without_event_snap,event_snap,0.20637133226558824,True
Step17_Fold4_lumpy_without_event_snap,lumpy,L3_Store,10,0.08333333333333333,0.07919037449836926,28,28,0.9502844939804311,0.8333603818648609,4,without_event_snap,event_snap,0.11692411211557019,True
Step17_Fold4_lumpy_without_event_snap,lumpy,L4_Category,3,0.08333333333333333,0.07713592154263471,28,28,0.9256310585116165,0.6298467406187123,4,without_event_snap,event_snap,0.29578431789290427,True
Step17_Fold4_lumpy_without_event_snap,lumpy,L5_Department,7,0.08333333333333333,0.08277555041407363,28,28,0.9933066049688836,0.8021165445870642,4,without_event_snap,event_snap,0.1911900603818194,True
Step17_Fold4_lumpy_without_event_snap,lumpy,L6_State_Category,9,0.08333333333333334,0.07994773571322433,28,28,0.9593728285586919,0.7653380411962252,4,without_event_snap,event_snap,0.1940347873624667,True
Step17_Fold4_lumpy_without_event_snap,lumpy,L7_State_Department,21,0.08333333333333333,0.09029773598235881,28,28,1.0835728317883058,0.9459446789578028,4,without_event_snap,event_snap,0.137628152830503,True
Step17_Fold4_lumpy_without_event_snap,lumpy,L8_Store_Category,30,0.08333333333333333,0.09162443285724632,28,28,1.099493194286956,0.9768163007145289,4,without_event_snap,event_snap,0.12267689357242706,True
Step17_Fold4_lumpy_without_event_snap,lumpy,L9_Store_Department,59,0.08333333333333333,0.09638855854664051,28,28,1.1566627025596863,1.0477949617125035,4,without_event_snap,event_snap,0.10886774084718276,True
Step17_Fold4_lumpy_without_lag,lumpy,L10_Item,182,0.08333333333333333,0.08642514683039781,28,28,1.0371017619647738,1.0153535509358464,4,without_lag,lag,0.021748211028927322,True
Step17_Fold4_lumpy_without_lag,lumpy,L11_Item_State,197,0.08333333333333333,0.08643131973505014,28,28,1.0371758368206017,1.0154085557262795,4,without_lag,lag,0.021767281094322133,True
Step17_Fold4_lumpy_without_lag,lumpy,L12_Item_Store,200,0.08333333333333333,0.08663789884769844,28,28,1.0396547861723815,1.017634961963818,4,without_lag,lag,0.02201982420856341,True
Step17_Fold4_lumpy_without_lag,lumpy,L1_Total,1,0.08333333333333333,0.048296596535810435,28,28,0.5795591584297253,0.5056468300286201,4,without_lag,lag,0.07391232840110518,True
Step17_Fold4_lumpy_without_lag,lumpy,L2_State,3,0.08333333333333333,0.056405737000850005,28,28,0.6768688440102001,0.6353575974937404,4,without_lag,lag,0.041511246516459654,True
Step17_Fold4_lumpy_without_lag,lumpy,L3_Store,10,0.08333333333333333,0.0718364788963792,28,28,0.8620377467565504,0.8333603818648609,4,without_lag,lag,0.028677364891689483,True
Step17_Fold4_lumpy_without_lag,lumpy,L4_Category,3,0.08333333333333333,0.05961869966341172,28,28,0.7154243959609407,0.6298467406187123,4,without_lag,lag,0.08557765534222839,True
Step17_Fold4_lumpy_without_lag,lumpy,L5_Department,7,0.08333333333333333,0.07109876349006194,28,28,0.8531851618807433,0.8021165445870642,4,without_lag,lag,0.051068617293679175,True
Step17_Fold4_lumpy_without_lag,lumpy,L6_State_Category,9,0.08333333333333334,0.06739284104903402,28,28,0.8087140925884082,0.7653380411962252,4,without_lag,lag,0.043376051392183035,True
Step17_Fold4_lumpy_without_lag,lumpy,L7_State_Department,21,0.08333333333333333,0.0824258884401258,28,28,0.9891106612815096,0.9459446789578028,4,without_lag,lag,0.04316598232370683,True
Step17_Fold4_lumpy_without_lag,lumpy,L8_Store_Category,30,0.08333333333333333,0.0834100156912218,28,28,1.0009201882946617,0.9768163007145289,4,without_lag,lag,0.02410388758013282,True
Step17_Fold4_lumpy_without_lag,lumpy,L9_Store_Department,59,0.08333333333333333,0.09025417752729337,28,28,1.0830501303275204,1.0477949617125035,4,without_lag,lag,0.035255168615016874,True
Step17_Fold4_lumpy_without_price,lumpy,L10_Item,182,0.08333333333333333,0.08847109492491403,28,28,1.0616531390989685,1.0153535509358464,4,without_price,price,0.046299588163122074,True
Step17_Fold4_lumpy_without_price,lumpy,L11_Item_State,197,0.08333333333333333,0.08847855645088681,28,28,1.0617426774106418,1.0154085557262795,4,without_price,price,0.04633412168436224,True
Step17_Fold4_lumpy_without_price,lumpy,L12_Item_Store,200,0.08333333333333333,0.08865492570965791,28,28,1.063859108515895,1.017634961963818,4,without_price,price,0.04622414655207696,True
Step17_Fold4_lumpy_without_price,lumpy,L1_Total,1,0.08333333333333333,0.06576926399168134,28,28,0.7892311679001761,0.5056468300286201,4,without_price,price,0.283584337871556,True
Step17_Fold4_lumpy_without_price,lumpy,L2_State,3,0.08333333333333333,0.0639323531792643,28,28,0.7671882381511715,0.6353575974937404,4,without_price,price,0.1318306406574311,True
Step17_Fold4_lumpy_without_price,lumpy,L3_Store,10,0.08333333333333333,0.07523543596820996,28,28,0.9028252316185196,0.8333603818648609,4,without_price,price,0.06946484975365863,True
Step17_Fold4_lumpy_without_price,lumpy,L4_Category,3,0.08333333333333333,0.06920839344742656,28,28,0.8305007213691188,0.6298467406187123,4,without_price,price,0.20065398075040652,True
Step17_Fold4_lumpy_without_price,lumpy,L5_Department,7,0.08333333333333333,0.07816113577118905,28,28,0.9379336292542686,0.8021165445870642,4,without_price,price,0.13581708466720444,True
Step17_Fold4_lumpy_without_price,lumpy,L6_State_Category,9,0.08333333333333334,0.07302526538860313,28,28,0.8763031846632374,0.7653380411962252,4,without_price,price,0.11096514346701225,True
Step17_Fold4_lumpy_without_price,lumpy,L7_State_Department,21,0.08333333333333333,0.08555408315946142,28,28,1.0266489979135371,0.9459446789578028,4,without_price,price,0.08070431895573438,True
Step17_Fold4_lumpy_without_price,lumpy,L8_Store_Category,30,0.08333333333333333,0.08678492365230225,28,28,1.0414190838276272,0.9768163007145289,4,without_price,price,0.0646027831130983,True
Step17_Fold4_lumpy_without_price,lumpy,L9_Store_Department,59,0.08333333333333333,0.09217698518024392,28,28,1.106123822162927,1.0477949617125035,4,without_price,price,0.058328860450423514,True
Step17_Fold4_lumpy_without_rolling,lumpy,L10_Item,182,0.08333333333333333,0.08430851876766711,28,28,1.0117022252120054,1.0153535509358464,4,without_rolling,rolling,-0.0036513257238410812,False
Step17_Fold4_lumpy_without_rolling,lumpy,L11_Item_State,197,0.08333333333333333,0.08416158228362786,28,28,1.0099389874035343,1.0154085557262795,4,without_rolling,rolling,-0.005469568322745255,False
Step17_Fold4_lumpy_without_rolling,lumpy,L12_Item_Store,200,0.08333333333333333,0.08418622071875839,28,28,1.0102346486251008,1.017634961963818,4,without_rolling,rolling,-0.007400313338717268,False
Step17_Fold4_lumpy_without_rolling,lumpy,L1_Total,1,0.08333333333333333,0.04579350730743209,28,28,0.5495220876891851,0.5056468300286201,4,without_rolling,rolling,0.04387525766056499,True
Step17_Fold4_lumpy_without_rolling,lumpy,L2_State,3,0.08333333333333333,0.05926149021570179,28,28,0.7111378825884215,0.6353575974937404,4,without_rolling,rolling,0.07578028509468104,True
Step17_Fold4_lumpy_without_rolling,lumpy,L3_Store,10,0.08333333333333333,0.07470261422977752,28,28,0.8964313707573303,0.8333603818648609,4,without_rolling,rolling,0.06307098889246932,True
Step17_Fold4_lumpy_without_rolling,lumpy,L4_Category,3,0.08333333333333333,0.05313171557381687,28,28,0.6375805868858025,0.6298467406187123,4,without_rolling,rolling,0.007733846267090283,True
Step17_Fold4_lumpy_without_rolling,lumpy,L5_Department,7,0.08333333333333333,0.06647121260409966,28,28,0.7976545512491959,0.8021165445870642,4,without_rolling,rolling,-0.004461993337868231,False
Step17_Fold4_lumpy_without_rolling,lumpy,L6_State_Category,9,0.08333333333333334,0.07044443989199807,28,28,0.8453332787039768,0.7653380411962252,4,without_rolling,rolling,0.07999523750775162,True
Step17_Fold4_lumpy_without_rolling,lumpy,L7_State_Department,21,0.08333333333333333,0.08202704919512599,28,28,0.9843245903415119,0.9459446789578028,4,without_rolling,rolling,0.03837991138370911,True
Step17_Fold4_lumpy_without_rolling,lumpy,L8_Store_Category,30,0.08333333333333333,0.08651795508687322,28,28,1.0382154610424787,0.9768163007145289,4,without_rolling,rolling,0.0613991603279499,True
Step17_Fold4_lumpy_without_rolling,lumpy,L9_Store_Department,59,0.08333333333333333,0.08897094304835947,28,28,1.0676513165803136,1.0477949617125035,4,without_rolling,rolling,0.019856354867810122,True
Step17_Fold4_smooth_without_calendar,smooth,L10_Item,142,0.08333333333333333,0.06179875669039708,28,28,0.741585080284765,0.7093533977618627,4,without_calendar,calendar,0.032231682522902316,True
Step17_Fold4_smooth_without_calendar,smooth,L11_Item_State,180,0.08333333333333333,0.06215003479315033,28,28,0.745800417517804,0.7177051258582519,4,without_calendar,calendar,0.028095291659552157,True
Step17_Fold4_smooth_without_calendar,smooth,L12_Item_Store,200,0.08333333333333333,0.062191410757123866,28,28,0.7462969290854864,0.7220618795066309,4,without_calendar,calendar,0.024235049578855472,True
Step17_Fold4_smooth_without_calendar,smooth,L1_Total,1,0.08333333333333333,0.0491042396708951,28,28,0.5892508760507412,0.3189175136837242,4,without_calendar,calendar,0.27033336236701705,True
Step17_Fold4_smooth_without_calendar,smooth,L2_State,3,0.08333333333333333,0.049831039892609355,28,28,0.5979724787113123,0.4092255144918137,4,without_calendar,calendar,0.1887469642194986,True
Step17_Fold4_smooth_without_calendar,smooth,L3_Store,10,0.08333333333333334,0.0529640865985658,28,28,0.6355690391827895,0.5316479114257977,4,without_calendar,calendar,0.1039211277569918,True
Step17_Fold4_smooth_without_calendar,smooth,L4_Category,3,0.08333333333333334,0.051105314141933304,28,28,0.6132637697031996,0.4097705054598335,4,without_calendar,calendar,0.2034932642433661,True
Step17_Fold4_smooth_without_calendar,smooth,L5_Department,5,0.08333333333333333,0.05192773451129354,28,28,0.6231328141355225,0.451073218901005,4,without_calendar,calendar,0.17205959523451747,True
Step17_Fold4_smooth_without_calendar,smooth,L6_State_Category,9,0.08333333333333333,0.051730006882629506,28,28,0.6207600825915541,0.4801496517244704,4,without_calendar,calendar,0.14061043086708375,True
Step17_Fold4_smooth_without_calendar,smooth,L7_State_Department,14,0.08333333333333333,0.05220415811226854,28,28,0.6264498973472226,0.5122586774530963,4,without_calendar,calendar,0.11419121989412628,True
Step17_Fold4_smooth_without_calendar,smooth,L8_Store_Category,29,0.08333333333333333,0.05466758523935173,28,28,0.6560110228722208,0.589237628581704,4,without_calendar,calendar,0.06677339429051676,True
Step17_Fold4_smooth_without_calendar,smooth,L9_Store_Department,39,0.08333333333333333,0.05563212408992518,28,28,0.6675854890791022,0.615007666764154,4,without_calendar,calendar,0.05257782231494823,True
Step17_Fold4_smooth_without_event_snap,smooth,L10_Item,142,0.08333333333333333,0.059042335255062126,28,28,0.7085080230607456,0.7093533977618627,4,without_event_snap,event_snap,-0.0008453747011171187,False
Step17_Fold4_smooth_without_event_snap,smooth,L11_Item_State,180,0.08333333333333333,0.059793995165500186,28,28,0.7175279419860022,0.7177051258582519,4,without_event_snap,event_snap,-0.00017718387224963106,False
Step17_Fold4_smooth_without_event_snap,smooth,L12_Item_Store,200,0.08333333333333333,0.06008622828129471,28,28,0.7210347393755365,0.7220618795066309,4,without_event_snap,event_snap,-0.001027140131094395,False
Step17_Fold4_smooth_without_event_snap,smooth,L1_Total,1,0.08333333333333333,0.02306432783749541,28,28,0.27677193404994493,0.3189175136837242,4,without_event_snap,event_snap,-0.04214557963377924,False
Step17_Fold4_smooth_without_event_snap,smooth,L2_State,3,0.08333333333333333,0.030962740856270498,28,28,0.371552890275246,0.4092255144918137,4,without_event_snap,event_snap,-0.037672624216567696,False
Step17_Fold4_smooth_without_event_snap,smooth,L3_Store,10,0.08333333333333334,0.04223554371574577,28,28,0.5068265245889492,0.5316479114257977,4,without_event_snap,event_snap,-0.024821386836848536,False
Step17_Fold4_smooth_without_event_snap,smooth,L4_Category,3,0.08333333333333334,0.03177133565872976,28,28,0.3812560279047571,0.4097705054598335,4,without_event_snap,event_snap,-0.028514477555076412,False
Step17_Fold4_smooth_without_event_snap,smooth,L5_Department,5,0.08333333333333333,0.03473243882704779,28,28,0.4167892659245735,0.451073218901005,4,without_event_snap,event_snap,-0.0342839529764315,False
Step17_Fold4_smooth_without_event_snap,smooth,L6_State_Category,9,0.08333333333333333,0.03827093215873196,28,28,0.45925118590478353,0.4801496517244704,4,without_event_snap,event_snap,-0.02089846581968685,False
Step17_Fold4_smooth_without_event_snap,smooth,L7_State_Department,14,0.08333333333333333,0.04079432097738864,28,28,0.48953185172866365,0.5122586774530963,4,without_event_snap,event_snap,-0.02272682572443263,False
Step17_Fold4_smooth_without_event_snap,smooth,L8_Store_Category,29,0.08333333333333333,0.04845637494139363,28,28,0.5814764992967236,0.589237628581704,4,without_event_snap,event_snap,-0.007761129284980406,False
Step17_Fold4_smooth_without_event_snap,smooth,L9_Store_Department,39,0.08333333333333333,0.050726329547409445,28,28,0.6087159545689134,0.615007666764154,4,without_event_snap,event_snap,-0.006291712195240606,False
Step17_Fold4_smooth_without_lag,smooth,L10_Item,142,0.08333333333333333,0.05947561979846531,28,28,0.7137074375815837,0.7093533977618627,4,without_lag,lag,0.004354039819721045,True
Step17_Fold4_smooth_without_lag,smooth,L11_Item_State,180,0.08333333333333333,0.06010355775387296,28,28,0.7212426930464756,0.7177051258582519,4,without_lag,lag,0.0035375671882237336,True
Step17_Fold4_smooth_without_lag,smooth,L12_Item_Store,200,0.08333333333333333,0.060541723544566536,28,28,0.7265006825347985,0.7220618795066309,4,without_lag,lag,0.0044388030281675706,True
Step17_Fold4_smooth_without_lag,smooth,L1_Total,1,0.08333333333333333,0.0267829496920055,28,28,0.321395396304066,0.3189175136837242,4,without_lag,lag,0.0024778826203418203,True
Step17_Fold4_smooth_without_lag,smooth,L2_State,3,0.08333333333333333,0.033959368608583104,28,28,0.40751242330299725,0.4092255144918137,4,without_lag,lag,-0.0017130911888164624,False
Step17_Fold4_smooth_without_lag,smooth,L3_Store,10,0.08333333333333334,0.043524190758745834,28,28,0.5222902891049499,0.5316479114257977,4,without_lag,lag,-0.009357622320847803,False
Step17_Fold4_smooth_without_lag,smooth,L4_Category,3,0.08333333333333334,0.034238709580906246,28,28,0.4108645149708749,0.4097705054598335,4,without_lag,lag,0.0010940095110413828,True
Step17_Fold4_smooth_without_lag,smooth,L5_Department,5,0.08333333333333333,0.03794320681550066,28,28,0.4553184817860079,0.451073218901005,4,without_lag,lag,0.004245262885002932,True
Step17_Fold4_smooth_without_lag,smooth,L6_State_Category,9,0.08333333333333333,0.04045313385697158,28,28,0.48543760628365895,0.4801496517244704,4,without_lag,lag,0.005287954559188568,True
Step17_Fold4_smooth_without_lag,smooth,L7_State_Department,14,0.08333333333333333,0.043300651839684144,28,28,0.5196078220762098,0.5122586774530963,4,without_lag,lag,0.007349144623113535,True
Step17_Fold4_smooth_without_lag,smooth,L8_Store_Category,29,0.08333333333333333,0.04920582953502916,28,28,0.59046995442035,0.589237628581704,4,without_lag,lag,0.0012323258386459646,True
Step17_Fold4_smooth_without_lag,smooth,L9_Store_Department,39,0.08333333333333333,0.05154168048914809,28,28,0.6185001658697771,0.615007666764154,4,without_lag,lag,0.0034924991056231036,True
Step17_Fold4_smooth_without_price,smooth,L10_Item,142,0.08333333333333333,0.059868400324515,28,28,0.7184208038941801,0.7093533977618627,4,without_price,price,0.00906740613231738,True
Step17_Fold4_smooth_without_price,smooth,L11_Item_State,180,0.08333333333333333,0.060532969423419826,28,28,0.7263956330810379,0.7177051258582519,4,without_price,price,0.008690507222786081,True
Step17_Fold4_smooth_without_price,smooth,L12_Item_Store,200,0.08333333333333333,0.06084551699046701,28,28,0.7301462038856041,0.7220618795066309,4,without_price,price,0.008084324378973218,True
Step17_Fold4_smooth_without_price,smooth,L1_Total,1,0.08333333333333333,0.027398542142782215,28,28,0.3287825057133866,0.3189175136837242,4,without_price,price,0.0098649920296624,True
Step17_Fold4_smooth_without_price,smooth,L2_State,3,0.08333333333333333,0.03498294887015391,28,28,0.4197953864418469,0.4092255144918137,4,without_price,price,0.010569871950033172,True
Step17_Fold4_smooth_without_price,smooth,L3_Store,10,0.08333333333333334,0.045156399389560745,28,28,0.5418767926747289,0.5316479114257977,4,without_price,price,0.010228881248931176,True
Step17_Fold4_smooth_without_price,smooth,L4_Category,3,0.08333333333333334,0.035110565352528926,28,28,0.4213267842303471,0.4097705054598335,4,without_price,price,0.011556278770513573,True
Step17_Fold4_smooth_without_price,smooth,L5_Department,5,0.08333333333333333,0.038979320376820836,28,28,0.46775184452185004,0.451073218901005,4,without_price,price,0.016678625620845045,True
Step17_Fold4_smooth_without_price,smooth,L6_State_Category,9,0.08333333333333333,0.04045511078582864,28,28,0.4854613294299437,0.4801496517244704,4,without_price,price,0.0053116777054733055,True
Step17_Fold4_smooth_without_price,smooth,L7_State_Department,14,0.08333333333333333,0.043367819151711534,28,28,0.5204138298205384,0.5122586774530963,4,without_price,price,0.008155152367442131,True
Step17_Fold4_smooth_without_price,smooth,L8_Store_Category,29,0.08333333333333333,0.050166835024179963,28,28,0.6020020202901596,0.589237628581704,4,without_price,price,0.012764391708455558,True
Step17_Fold4_smooth_without_price,smooth,L9_Store_Department,39,0.08333333333333333,0.05241099875725342,28,28,0.6289319850870411,0.615007666764154,4,without_price,price,0.013924318322887097,True
Step17_Fold4_smooth_without_rolling,smooth,L10_Item,142,0.08333333333333333,0.06095607964382863,28,28,0.7314729557259436,0.7093533977618627,4,without_rolling,rolling,0.022119557964080938,True
Step17_Fold4_smooth_without_rolling,smooth,L11_Item_State,180,0.08333333333333333,0.061572022447744026,28,28,0.7388642693729284,0.7177051258582519,4,without_rolling,rolling,0.021159143514676515,True
Step17_Fold4_smooth_without_rolling,smooth,L12_Item_Store,200,0.08333333333333333,0.061695707556288476,28,28,0.7403484906754617,0.7220618795066309,4,without_rolling,rolling,0.01828661116883079,True
Step17_Fold4_smooth_without_rolling,smooth,L1_Total,1,0.08333333333333333,0.028430769059861458,28,28,0.3411692287183375,0.3189175136837242,4,without_rolling,rolling,0.022251715034613317,True
Step17_Fold4_smooth_without_rolling,smooth,L2_State,3,0.08333333333333333,0.034623188389091994,28,28,0.4154782606691039,0.4092255144918137,4,without_rolling,rolling,0.006252746177290214,True
Step17_Fold4_smooth_without_rolling,smooth,L3_Store,10,0.08333333333333334,0.04417697602329657,28,28,0.5301237122795588,0.5316479114257977,4,without_rolling,rolling,-0.0015241991462389137,False
Step17_Fold4_smooth_without_rolling,smooth,L4_Category,3,0.08333333333333334,0.034764984337481514,28,28,0.4171798120497781,0.4097705054598335,4,without_rolling,rolling,0.0074093065899445976,True
Step17_Fold4_smooth_without_rolling,smooth,L5_Department,5,0.08333333333333333,0.03811641222657913,28,28,0.4573969467189496,0.451073218901005,4,without_rolling,rolling,0.006323727817944602,True
Step17_Fold4_smooth_without_rolling,smooth,L6_State_Category,9,0.08333333333333333,0.03984802055418232,28,28,0.4781762466501879,0.4801496517244704,4,without_rolling,rolling,-0.0019734050742825082,False
Step17_Fold4_smooth_without_rolling,smooth,L7_State_Department,14,0.08333333333333333,0.042614526321276165,28,28,0.511374315855314,0.5122586774530963,4,without_rolling,rolling,-0.0008843615977822683,False
Step17_Fold4_smooth_without_rolling,smooth,L8_Store_Category,29,0.08333333333333333,0.04868708023875956,28,28,0.5842449628651147,0.589237628581704,4,without_rolling,rolling,-0.004992665716589295,False
Step17_Fold4_smooth_without_rolling,smooth,L9_Store_Department,39,0.08333333333333333,0.051228349271169836,28,28,0.6147401912540381,0.615007666764154,4,without_rolling,rolling,-0.00026747551011585546,False
Step17_Fold5_erratic_without_calendar,erratic,L10_Item,119,0.08333333333333333,0.07637089467123576,28,28,0.9164507360548291,0.8730624987245903,5,without_calendar,calendar,0.04338823733023878,True
Step17_Fold5_erratic_without_calendar,erratic,L11_Item_State,171,0.08333333333333333,0.07894895605214572,28,28,0.9473874726257486,0.9119418293481673,5,without_calendar,calendar,0.03544564327758137,True
Step17_Fold5_erratic_without_calendar,erratic,L12_Item_Store,200,0.08333333333333333,0.07962278467194335,28,28,0.9554734160633203,0.9223740942955976,5,without_calendar,calendar,0.03309932176772268,True
Step17_Fold5_erratic_without_calendar,erratic,L1_Total,1,0.08333333333333333,0.07257668245699755,28,28,0.8709201894839707,0.5569283705351122,5,without_calendar,calendar,0.3139918189488584,True
Step17_Fold5_erratic_without_calendar,erratic,L2_State,3,0.08333333333333333,0.0657065854897945,28,28,0.7884790258775339,0.5657953268696354,5,without_calendar,calendar,0.22268369900789853,True
Step17_Fold5_erratic_without_calendar,erratic,L3_Store,10,0.08333333333333333,0.06403931314259724,28,28,0.7684717577111669,0.6440509981454674,5,without_calendar,calendar,0.12442075956569953,True
Step17_Fold5_erratic_without_calendar,erratic,L4_Category,3,0.08333333333333334,0.07248309254629728,28,28,0.8697971105555673,0.6548921020562829,5,without_calendar,calendar,0.2149050084992844,True
Step17_Fold5_erratic_without_calendar,erratic,L5_Department,5,0.08333333333333333,0.067951929400712,28,28,0.815423152808544,0.6438025284999378,5,without_calendar,calendar,0.17162062430860625,True
Step17_Fold5_erratic_without_calendar,erratic,L6_State_Category,9,0.08333333333333333,0.06579746955019893,28,28,0.7895696346023872,0.6454957918632261,5,without_calendar,calendar,0.14407384273916102,True
Step17_Fold5_erratic_without_calendar,erratic,L7_State_Department,15,0.08333333333333333,0.07016421156513075,28,28,0.841970538781569,0.7218089759981748,5,without_calendar,calendar,0.12016156278339418,True
Step17_Fold5_erratic_without_calendar,erratic,L8_Store_Category,25,0.08333333333333333,0.06652546336917052,28,28,0.7983055604300463,0.7026956735186457,5,without_calendar,calendar,0.0956098869114006,True
Step17_Fold5_erratic_without_calendar,erratic,L9_Store_Department,39,0.08333333333333333,0.07421577807753225,28,28,0.8905893369303871,0.8176105553442647,5,without_calendar,calendar,0.07297878158612237,True
Step17_Fold5_erratic_without_event_snap,erratic,L10_Item,119,0.08333333333333333,0.07330758241434211,28,28,0.8796909889721054,0.8730624987245903,5,without_event_snap,event_snap,0.006628490247515106,True
Step17_Fold5_erratic_without_event_snap,erratic,L11_Item_State,171,0.08333333333333333,0.07637114119295607,28,28,0.9164536943154729,0.9119418293481673,5,without_event_snap,event_snap,0.004511864967305601,True
Step17_Fold5_erratic_without_event_snap,erratic,L12_Item_Store,200,0.08333333333333333,0.07732807564614654,28,28,0.9279369077537585,0.9223740942955976,5,without_event_snap,event_snap,0.005562813458160898,True
Step17_Fold5_erratic_without_event_snap,erratic,L1_Total,1,0.08333333333333333,0.040549482215719544,28,28,0.48659378658863456,0.5569283705351122,5,without_event_snap,event_snap,-0.07033458394647768,False
Step17_Fold5_erratic_without_event_snap,erratic,L2_State,3,0.08333333333333333,0.04555887958170479,28,28,0.5467065549804575,0.5657953268696354,5,without_event_snap,event_snap,-0.019088771889177902,False
Step17_Fold5_erratic_without_event_snap,erratic,L3_Store,10,0.08333333333333333,0.05425241787509278,28,28,0.6510290145011134,0.6440509981454674,5,without_event_snap,event_snap,0.006978016355645988,True
Step17_Fold5_erratic_without_event_snap,erratic,L4_Category,3,0.08333333333333334,0.048906606542614924,28,28,0.586879278511379,0.6548921020562829,5,without_event_snap,event_snap,-0.0680128235449039,False
Step17_Fold5_erratic_without_event_snap,erratic,L5_Department,5,0.08333333333333333,0.04975437090182931,28,28,0.5970524508219518,0.6438025284999378,5,without_event_snap,event_snap,-0.046750077677986,False
Step17_Fold5_erratic_without_event_snap,erratic,L6_State_Category,9,0.08333333333333333,0.051968262090134686,28,28,0.6236191450816163,0.6454957918632261,5,without_event_snap,event_snap,-0.021876646781609832,False
Step17_Fold5_erratic_without_event_snap,erratic,L7_State_Department,15,0.08333333333333333,0.05970684066541768,28,28,0.7164820879850122,0.7218089759981748,5,without_event_snap,event_snap,-0.005326888013162612,False
Step17_Fold5_erratic_without_event_snap,erratic,L8_Store_Category,25,0.08333333333333333,0.05936060386673899,28,28,0.712327246400868,0.7026956735186457,5,without_event_snap,event_snap,0.009631572882222272,True
Step17_Fold5_erratic_without_event_snap,erratic,L9_Store_Department,39,0.08333333333333333,0.06797150525113732,28,28,0.8156580630136478,0.8176105553442647,5,without_event_snap,event_snap,-0.001952492330616895,False
Step17_Fold5_erratic_without_lag,erratic,L10_Item,119,0.08333333333333333,0.07304801852766418,28,28,0.8765762223319702,0.8730624987245903,5,without_lag,lag,0.0035137236073798928,True
Step17_Fold5_erratic_without_lag,erratic,L11_Item_State,171,0.08333333333333333,0.07629124157999756,28,28,0.9154948989599707,0.9119418293481673,5,without_lag,lag,0.003553069611803461,True
Step17_Fold5_erratic_without_lag,erratic,L12_Item_Store,200,0.08333333333333333,0.07718859223711658,28,28,0.9262631068453989,0.9223740942955976,5,without_lag,lag,0.0038890125498013406,True
Step17_Fold5_erratic_without_lag,erratic,L1_Total,1,0.08333333333333333,0.05157712396787616,28,28,0.6189254876145139,0.5569283705351122,5,without_lag,lag,0.0619971170794017,True
Step17_Fold5_erratic_without_lag,erratic,L2_State,3,0.08333333333333333,0.050367019781264524,28,28,0.6044042373751743,0.5657953268696354,5,without_lag,lag,0.03860891050553894,True
Step17_Fold5_erratic_without_lag,erratic,L3_Store,10,0.08333333333333333,0.05748533373442176,28,28,0.6898240048130612,0.6440509981454674,5,without_lag,lag,0.04577300666759376,True
Step17_Fold5_erratic_without_lag,erratic,L4_Category,3,0.08333333333333334,0.05879451754940338,28,28,0.7055342105928405,0.6548921020562829,5,without_lag,lag,0.050642108536557595,True
Step17_Fold5_erratic_without_lag,erratic,L5_Department,5,0.08333333333333333,0.056529797295904065,28,28,0.6783575675508489,0.6438025284999378,5,without_lag,lag,0.03455503905091106,True
Step17_Fold5_erratic_without_lag,erratic,L6_State_Category,9,0.08333333333333333,0.05628172546004061,28,28,0.6753807055204873,0.6454957918632261,5,without_lag,lag,0.029884913657261203,True
Step17_Fold5_erratic_without_lag,erratic,L7_State_Department,15,0.08333333333333333,0.06281387893180664,28,28,0.7537665471816797,0.7218089759981748,5,without_lag,lag,0.03195757118350484,True
Step17_Fold5_erratic_without_lag,erratic,L8_Store_Category,25,0.08333333333333333,0.06109458446297827,28,28,0.7331350135557393,0.7026956735186457,5,without_lag,lag,0.030439340037093587,True
Step17_Fold5_erratic_without_lag,erratic,L9_Store_Department,39,0.08333333333333333,0.06859013561978267,28,28,0.823081627437392,0.8176105553442647,5,without_lag,lag,0.005471072093127249,True
Step17_Fold5_erratic_without_price,erratic,L10_Item,119,0.08333333333333333,0.07210389509211002,28,28,0.8652467411053202,0.8730624987245903,5,without_price,price,-0.007815757619270114,False
Step17_Fold5_erratic_without_price,erratic,L11_Item_State,171,0.08333333333333333,0.07536855375430984,28,28,0.9044226450517181,0.9119418293481673,5,without_price,price,-0.007519184296449155,False
Step17_Fold5_erratic_without_price,erratic,L12_Item_Store,200,0.08333333333333333,0.07627880825420964,28,28,0.9153456990505158,0.9223740942955976,5,without_price,price,-0.007028395245081809,False
Step17_Fold5_erratic_without_price,erratic,L1_Total,1,0.08333333333333333,0.04501505216925498,28,28,0.5401806260310598,0.5569283705351122,5,without_price,price,-0.016747744504052475,False
Step17_Fold5_erratic_without_price,erratic,L2_State,3,0.08333333333333333,0.04612789599103499,28,28,0.55353475189242,0.5657953268696354,5,without_price,price,-0.012260574977215444,False
Step17_Fold5_erratic_without_price,erratic,L3_Store,10,0.08333333333333333,0.05226343809277962,28,28,0.6271612571133555,0.6440509981454674,5,without_price,price,-0.016889741032111938,False
Step17_Fold5_erratic_without_price,erratic,L4_Category,3,0.08333333333333334,0.04944380152848957,28,28,0.5933256183418747,0.6548921020562829,5,without_price,price,-0.061566483714408204,False
Step17_Fold5_erratic_without_price,erratic,L5_Department,5,0.08333333333333333,0.0502341688345987,28,28,0.6028100260151844,0.6438025284999378,5,without_price,price,-0.04099250248475339,False
Step17_Fold5_erratic_without_price,erratic,L6_State_Category,9,0.08333333333333333,0.05091587577357334,28,28,0.6109905092828801,0.6454957918632261,5,without_price,price,-0.03450528258034602,False
Step17_Fold5_erratic_without_price,erratic,L7_State_Department,15,0.08333333333333333,0.059121662500190346,28,28,0.7094599500022842,0.7218089759981748,5,without_price,price,-0.012349025995890606,False
Step17_Fold5_erratic_without_price,erratic,L8_Store_Category,25,0.08333333333333333,0.05693729122319365,28,28,0.6832474946783239,0.7026956735186457,5,without_price,price,-0.019448178840321795,False
Step17_Fold5_erratic_without_price,erratic,L9_Store_Department,39,0.08333333333333333,0.06691409358939977,28,28,0.8029691230727973,0.8176105553442647,5,without_price,price,-0.014641432271467414,False
Step17_Fold5_erratic_without_rolling,erratic,L10_Item,119,0.08333333333333333,0.07520250586813453,28,28,0.9024300704176144,0.8730624987245903,5,without_rolling,rolling,0.029367571693024064,True
Step17_Fold5_erratic_without_rolling,erratic,L11_Item_State,171,0.08333333333333333,0.07815131740486109,28,28,0.937815808858333,0.9119418293481673,5,without_rolling,rolling,0.02587397951016579,True
Step17_Fold5_erratic_without_rolling,erratic,L12_Item_Store,200,0.08333333333333333,0.07922520153342905,28,28,0.9507024184011486,0.9223740942955976,5,without_rolling,rolling,0.028328324105550973,True
Step17_Fold5_erratic_without_rolling,erratic,L1_Total,1,0.08333333333333333,0.03146407519650678,28,28,0.3775689023580813,0.5569283705351122,5,without_rolling,rolling,-0.1793594681770309,False
Step17_Fold5_erratic_without_rolling,erratic,L2_State,3,0.08333333333333333,0.03868043608547027,28,28,0.4641652330256432,0.5657953268696354,5,without_rolling,rolling,-0.10163009384399219,False
Step17_Fold5_erratic_without_rolling,erratic,L3_Store,10,0.08333333333333333,0.05251698614592372,28,28,0.6302038337510847,0.6440509981454674,5,without_rolling,rolling,-0.013847164394382716,False
Step17_Fold5_erratic_without_rolling,erratic,L4_Category,3,0.08333333333333334,0.037923357791237636,28,28,0.4550802934948516,0.6548921020562829,5,without_rolling,rolling,-0.19981180856143133,False
Step17_Fold5_erratic_without_rolling,erratic,L5_Department,5,0.08333333333333333,0.04127915470459625,28,28,0.495349856455155,0.6438025284999378,5,without_rolling,rolling,-0.1484526720447828,False
Step17_Fold5_erratic_without_rolling,erratic,L6_State_Category,9,0.08333333333333333,0.0460607133892845,28,28,0.552728560671414,0.6454957918632261,5,without_rolling,rolling,-0.09276723119181218,False
Step17_Fold5_erratic_without_rolling,erratic,L7_State_Department,15,0.08333333333333333,0.055835081790694865,28,28,0.6700209814883384,0.7218089759981748,5,without_rolling,rolling,-0.0517879945098364,False
Step17_Fold5_erratic_without_rolling,erratic,L8_Store_Category,25,0.08333333333333333,0.05865211926687798,28,28,0.7038254312025358,0.7026956735186457,5,without_rolling,rolling,0.0011297576838901202,True
Step17_Fold5_erratic_without_rolling,erratic,L9_Store_Department,39,0.08333333333333333,0.06748086319855694,28,28,0.8097703583826833,0.8176105553442647,5,without_rolling,rolling,-0.007840196961581447,False
Step17_Fold5_intermittent_without_calendar,intermittent,L10_Item,191,0.08333333333333333,0.08473489817897539,28,28,1.0168187781477047,0.98032804421784,5,without_calendar,calendar,0.03649073392986468,True
Step17_Fold5_intermittent_without_calendar,intermittent,L11_Item_State,198,0.08333333333333333,0.08475411422993183,28,28,1.0170493707591821,0.9807953321446168,5,without_calendar,calendar,0.03625403861456533,True
Step17_Fold5_intermittent_without_calendar,intermittent,L12_Item_Store,200,0.08333333333333333,0.0811364166609757,28,28,0.9736369999317084,0.9357949155279794,5,without_calendar,calendar,0.03784208440372894,True
Step17_Fold5_intermittent_without_calendar,intermittent,L1_Total,1,0.08333333333333333,0.15331440797431628,28,28,1.8397728956917954,1.732318746956614,5,without_calendar,calendar,0.10745414873518144,True
Step17_Fold5_intermittent_without_calendar,intermittent,L2_State,3,0.08333333333333333,0.1455969207589257,28,28,1.7471630491071084,1.6294545012152173,5,without_calendar,calendar,0.11770854789189111,True
Step17_Fold5_intermittent_without_calendar,intermittent,L3_Store,10,0.08333333333333333,0.11820676513776297,28,28,1.4184811816531557,1.305746183038612,5,without_calendar,calendar,0.11273499861454384,True
Step17_Fold5_intermittent_without_calendar,intermittent,L4_Category,3,0.08333333333333333,0.13036772944889063,28,28,1.5644127533866876,1.4698053615041071,5,without_calendar,calendar,0.0946073918825805,True
Step17_Fold5_intermittent_without_calendar,intermittent,L5_Department,7,0.08333333333333333,0.12077402028587354,28,28,1.4492882434304826,1.3747652483661978,5,without_calendar,calendar,0.07452299506428472,True
Step17_Fold5_intermittent_without_calendar,intermittent,L6_State_Category,9,0.08333333333333334,0.12211391637488656,28,28,1.4653669964986384,1.37176614675594,5,without_calendar,calendar,0.09360084974269833,True
Step17_Fold5_intermittent_without_calendar,intermittent,L7_State_Department,21,0.08333333333333333,0.11467976079108996,28,28,1.3761571294930797,1.295021010410655,5,without_calendar,calendar,0.08113611908242468,True
Step17_Fold5_intermittent_without_calendar,intermittent,L8_Store_Category,30,0.08333333333333333,0.10141080105615581,28,28,1.2169296126738698,1.1505506045968,5,without_calendar,calendar,0.06637900807706987,True
Step17_Fold5_intermittent_without_calendar,intermittent,L9_Store_Department,60,0.08333333333333333,0.09717923687565634,28,28,1.1661508425078762,1.1091337340761218,5,without_calendar,calendar,0.05701710843175434,True
Step17_Fold5_intermittent_without_event_snap,intermittent,L10_Item,191,0.08333333333333333,0.08134815009751326,28,28,0.9761778011701591,0.98032804421784,5,without_event_snap,event_snap,-0.004150243047680968,False
Step17_Fold5_intermittent_without_event_snap,intermittent,L11_Item_State,198,0.08333333333333333,0.08144661229949672,28,28,0.9773593475939607,0.9807953321446168,5,without_event_snap,event_snap,-0.0034359845506560793,False
Step17_Fold5_intermittent_without_event_snap,intermittent,L12_Item_Store,200,0.08333333333333333,0.0778529813424364,28,28,0.9342357761092368,0.9357949155279794,5,without_event_snap,event_snap,-0.0015591394187426388,False
Step17_Fold5_intermittent_without_event_snap,intermittent,L1_Total,1,0.08333333333333333,0.12303319317664846,28,28,1.4763983181197815,1.732318746956614,5,without_event_snap,event_snap,-0.2559204288368324,False
Step17_Fold5_intermittent_without_event_snap,intermittent,L2_State,3,0.08333333333333333,0.12319201423400257,28,28,1.478304170808031,1.6294545012152173,5,without_event_snap,event_snap,-0.1511503304071864,False
Step17_Fold5_intermittent_without_event_snap,intermittent,L3_Store,10,0.08333333333333333,0.10332561569974767,28,28,1.2399073883969722,1.305746183038612,5,without_event_snap,event_snap,-0.06583879464163966,False
Step17_Fold5_intermittent_without_event_snap,intermittent,L4_Category,3,0.08333333333333333,0.10735698015664477,28,28,1.2882837618797374,1.4698053615041071,5,without_event_snap,event_snap,-0.18152159962436976,False
Step17_Fold5_intermittent_without_event_snap,intermittent,L5_Department,7,0.08333333333333333,0.10392669514817601,28,28,1.2471203417781123,1.3747652483661978,5,without_event_snap,event_snap,-0.12764490658808558,False
Step17_Fold5_intermittent_without_event_snap,intermittent,L6_State_Category,9,0.08333333333333334,0.10635503125758813,28,28,1.2762603750910575,1.37176614675594,5,without_event_snap,event_snap,-0.09550577166488261,False
Step17_Fold5_intermittent_without_event_snap,intermittent,L7_State_Department,21,0.08333333333333333,0.10284966715725664,28,28,1.2341960058870798,1.295021010410655,5,without_event_snap,event_snap,-0.0608250045235752,False
Step17_Fold5_intermittent_without_event_snap,intermittent,L8_Store_Category,30,0.08333333333333333,0.0930969419950645,28,28,1.1171633039407742,1.1505506045968,5,without_event_snap,event_snap,-0.03338730065602569,False
Step17_Fold5_intermittent_without_event_snap,intermittent,L9_Store_Department,60,0.08333333333333333,0.0910382401352538,28,28,1.0924588816230456,1.1091337340761218,5,without_event_snap,event_snap,-0.016674852453076205,False
Step17_Fold5_intermittent_without_lag,intermittent,L10_Item,191,0.08333333333333333,0.08179966190972568,28,28,0.9815959429167082,0.98032804421784,5,without_lag,lag,0.0012678986988681196,True
Step17_Fold5_intermittent_without_lag,intermittent,L11_Item_State,198,0.08333333333333333,0.08191757385475057,28,28,0.9830108862570068,0.9807953321446168,5,without_lag,lag,0.00221555411239005,True
Step17_Fold5_intermittent_without_lag,intermittent,L12_Item_Store,200,0.08333333333333333,0.07832636787646725,28,28,0.9399164145176071,0.9357949155279794,5,without_lag,lag,0.004121498989627659,True
Step17_Fold5_intermittent_without_lag,intermittent,L1_Total,1,0.08333333333333333,0.11809031026682154,28,28,1.4170837232018585,1.732318746956614,5,without_lag,lag,-0.31523502375475543,False
Step17_Fold5_intermittent_without_lag,intermittent,L2_State,3,0.08333333333333333,0.12007975761263613,28,28,1.4409570913516336,1.6294545012152173,5,without_lag,lag,-0.18849740986358365,False
Step17_Fold5_intermittent_without_lag,intermittent,L3_Store,10,0.08333333333333333,0.1020667669178387,28,28,1.2248012030140645,1.305746183038612,5,without_lag,lag,-0.08094498002454742,False
Step17_Fold5_intermittent_without_lag,intermittent,L4_Category,3,0.08333333333333333,0.10443317791084578,28,28,1.2531981349301493,1.4698053615041071,5,without_lag,lag,-0.2166072265739578,False
Step17_Fold5_intermittent_without_lag,intermittent,L5_Department,7,0.08333333333333333,0.10228709370483918,28,28,1.2274451244580702,1.3747652483661978,5,without_lag,lag,-0.14732012390812765,False
Step17_Fold5_intermittent_without_lag,intermittent,L6_State_Category,9,0.08333333333333334,0.10451759095015184,28,28,1.2542110914018219,1.37176614675594,5,without_lag,lag,-0.11755505535411825,False
Step17_Fold5_intermittent_without_lag,intermittent,L7_State_Department,21,0.08333333333333333,0.10201932907961823,28,28,1.224231948955419,1.295021010410655,5,without_lag,lag,-0.070789061455236,False
Step17_Fold5_intermittent_without_lag,intermittent,L8_Store_Category,30,0.08333333333333333,0.09331080680718777,28,28,1.1197296816862534,1.1505506045968,5,without_lag,lag,-0.0308209229105465,False
Step17_Fold5_intermittent_without_lag,intermittent,L9_Store_Department,60,0.08333333333333333,0.09122985174580223,28,28,1.0947582209496267,1.1091337340761218,5,without_lag,lag,-0.014375513126495099,False
Step17_Fold5_intermittent_without_price,intermittent,L10_Item,191,0.08333333333333333,0.08068074951351897,28,28,0.9681689941622277,0.98032804421784,5,without_price,price,-0.012159050055612353,False
Step17_Fold5_intermittent_without_price,intermittent,L11_Item_State,198,0.08333333333333333,0.0807954101836663,28,28,0.9695449222039957,0.9807953321446168,5,without_price,price,-0.011250409940621098,False
Step17_Fold5_intermittent_without_price,intermittent,L12_Item_Store,200,0.08333333333333333,0.07636472096845273,28,28,0.9163766516214328,0.9357949155279794,5,without_price,price,-0.019418263906546662,False
Step17_Fold5_intermittent_without_price,intermittent,L1_Total,1,0.08333333333333333,0.12199413032403092,28,28,1.4639295638883711,1.732318746956614,5,without_price,price,-0.2683891830682428,False
Step17_Fold5_intermittent_without_price,intermittent,L2_State,3,0.08333333333333333,0.12079705133203278,28,28,1.4495646159843933,1.6294545012152173,5,without_price,price,-0.17988988523082394,False
Step17_Fold5_intermittent_without_price,intermittent,L3_Store,10,0.08333333333333333,0.10151399797419243,28,28,1.2181679756903092,1.305746183038612,5,without_price,price,-0.08757820734830268,False
Step17_Fold5_intermittent_without_price,intermittent,L4_Category,3,0.08333333333333333,0.10728383565704488,28,28,1.2874060278845387,1.4698053615041071,5,without_price,price,-0.1823993336195684,False
Step17_Fold5_intermittent_without_price,intermittent,L5_Department,7,0.08333333333333333,0.10384788739302625,28,28,1.246174648716315,1.3747652483661978,5,without_price,price,-0.12859059964988284,False
Step17_Fold5_intermittent_without_price,intermittent,L6_State_Category,9,0.08333333333333334,0.1055511768172795,28,28,1.2666141218073539,1.37176614675594,5,without_price,price,-0.10515202494858622,False
Step17_Fold5_intermittent_without_price,intermittent,L7_State_Department,21,0.08333333333333333,0.102005282040618,28,28,1.224063384487416,1.295021010410655,5,without_price,price,-0.07095762592323895,False
Step17_Fold5_intermittent_without_price,intermittent,L8_Store_Category,30,0.08333333333333333,0.09268809364688305,28,28,1.1122571237625967,1.1505506045968,5,without_price,price,-0.03829348083420325,False
Step17_Fold5_intermittent_without_price,intermittent,L9_Store_Department,60,0.08333333333333333,0.0899206517100461,28,28,1.0790478205205531,1.1091337340761218,5,without_price,price,-0.030085913555568666,False
Step17_Fold5_intermittent_without_rolling,intermittent,L10_Item,191,0.08333333333333333,0.08164806828685726,28,28,0.9797768194422872,0.98032804421784,5,without_rolling,rolling,-0.0005512247755528055,False
Step17_Fold5_intermittent_without_rolling,intermittent,L11_Item_State,198,0.08333333333333333,0.08184087920040113,28,28,0.9820905504048136,0.9807953321446168,5,without_rolling,rolling,0.001295218260196851,True
Step17_Fold5_intermittent_without_rolling,intermittent,L12_Item_Store,200,0.08333333333333333,0.07824687299318586,28,28,0.9389624759182303,0.9357949155279794,5,without_rolling,rolling,0.003167560390250901,True
Step17_Fold5_intermittent_without_rolling,intermittent,L1_Total,1,0.08333333333333333,0.13803887847484478,28,28,1.6564665416981375,1.732318746956614,5,without_rolling,rolling,-0.07585220525847647,False
Step17_Fold5_intermittent_without_rolling,intermittent,L2_State,3,0.08333333333333333,0.12866795437723938,28,28,1.5440154525268726,1.6294545012152173,5,without_rolling,rolling,-0.08543904868834473,False
Step17_Fold5_intermittent_without_rolling,intermittent,L3_Store,10,0.08333333333333333,0.1053650138109921,28,28,1.2643801657319054,1.305746183038612,5,without_rolling,rolling,-0.041366017306706526,False
Step17_Fold5_intermittent_without_rolling,intermittent,L4_Category,3,0.08333333333333333,0.11718987448047158,28,28,1.406278493765659,1.4698053615041071,5,without_rolling,rolling,-0.06352686773844818,False
Step17_Fold5_intermittent_without_rolling,intermittent,L5_Department,7,0.08333333333333333,0.11338392136856666,28,28,1.3606070564228,1.3747652483661978,5,without_rolling,rolling,-0.014158191943397735,False
Step17_Fold5_intermittent_without_rolling,intermittent,L6_State_Category,9,0.08333333333333334,0.11002432826231318,28,28,1.3202919391477579,1.37176614675594,5,without_rolling,rolling,-0.05147420760818222,False
Step17_Fold5_intermittent_without_rolling,intermittent,L7_State_Department,21,0.08333333333333333,0.10714453488272119,28,28,1.2857344185926542,1.295021010410655,5,without_rolling,rolling,-0.009286591818000733,False
Step17_Fold5_intermittent_without_rolling,intermittent,L8_Store_Category,30,0.08333333333333333,0.09477761595527566,28,28,1.137331391463308,1.1505506045968,5,without_rolling,rolling,-0.013219213133491836,False
Step17_Fold5_intermittent_without_rolling,intermittent,L9_Store_Department,60,0.08333333333333333,0.0919598067358431,28,28,1.1035176808301173,1.1091337340761218,5,without_rolling,rolling,-0.00561605324600456,False
Step17_Fold5_lumpy_without_calendar,lumpy,L10_Item,182,0.08333333333333333,0.08395851898010133,28,28,1.007502227761216,1.0091195903393515,5,without_calendar,calendar,-0.001617362578135495,False
Step17_Fold5_lumpy_without_calendar,lumpy,L11_Item_State,197,0.08333333333333333,0.08181986256879381,28,28,0.9818383508255257,0.9834406669423617,5,without_calendar,calendar,-0.0016023161168359223,False
Step17_Fold5_lumpy_without_calendar,lumpy,L12_Item_Store,200,0.08333333333333333,0.082092232663456,28,28,0.985106791961472,0.9870537909017592,5,without_calendar,calendar,-0.001946998940287159,False
Step17_Fold5_lumpy_without_calendar,lumpy,L1_Total,1,0.08333333333333333,0.13912163835055957,28,28,1.6694596602067149,1.3459486918820105,5,without_calendar,calendar,0.3235109683247044,True
Step17_Fold5_lumpy_without_calendar,lumpy,L2_State,3,0.08333333333333333,0.10857846840489452,28,28,1.3029416208587343,1.1104838077393038,5,without_calendar,calendar,0.19245781311943055,True
Step17_Fold5_lumpy_without_calendar,lumpy,L3_Store,10,0.08333333333333333,0.09317464700411228,28,28,1.1180957640493474,1.0495645337439676,5,without_calendar,calendar,0.06853123030537978,True
Step17_Fold5_lumpy_without_calendar,lumpy,L4_Category,3,0.08333333333333333,0.13644391326296745,28,28,1.6373269591556094,1.4519011589061768,5,without_calendar,calendar,0.18542580024943267,True
Step17_Fold5_lumpy_without_calendar,lumpy,L5_Department,7,0.08333333333333333,0.11206053953607631,28,28,1.3447264744329157,1.208216232126406,5,without_calendar,calendar,0.13651024230650965,True
Step17_Fold5_lumpy_without_calendar,lumpy,L6_State_Category,9,0.08333333333333333,0.1094650118499576,28,28,1.3135801421994913,1.204912106932694,5,without_calendar,calendar,0.10866803526679725,True
Step17_Fold5_lumpy_without_calendar,lumpy,L7_State_Department,21,0.08333333333333333,0.0975292165958199,28,28,1.1703505991498389,1.08791741370372,5,without_calendar,calendar,0.08243318544611888,True
Step17_Fold5_lumpy_without_calendar,lumpy,L8_Store_Category,30,0.08333333333333334,0.0935121281219122,28,28,1.1221455374629463,1.0925536646172265,5,without_calendar,calendar,0.029591872845719847,True
Step17_Fold5_lumpy_without_calendar,lumpy,L9_Store_Department,59,0.08333333333333333,0.09288285177817591,28,28,1.114594221338111,1.0910927740893506,5,without_calendar,calendar,0.023501447248760465,True
Step17_Fold5_lumpy_without_event_snap,lumpy,L10_Item,182,0.08333333333333333,0.08774085247613632,28,28,1.052890229713636,1.0091195903393515,5,without_event_snap,event_snap,0.04377063937428449,True
Step17_Fold5_lumpy_without_event_snap,lumpy,L11_Item_State,197,0.08333333333333333,0.08559570544827427,28,28,1.0271484653792913,0.9834406669423617,5,without_event_snap,event_snap,0.043707798436929624,True
Step17_Fold5_lumpy_without_event_snap,lumpy,L12_Item_Store,200,0.08333333333333333,0.08589447022933587,28,28,1.0307336427520306,0.9870537909017592,5,without_event_snap,event_snap,0.043679851850271456,True
Step17_Fold5_lumpy_without_event_snap,lumpy,L1_Total,1,0.08333333333333333,0.10435801567328797,28,28,1.2522961880794556,1.3459486918820105,5,without_event_snap,event_snap,-0.09365250380255485,False
Step17_Fold5_lumpy_without_event_snap,lumpy,L2_State,3,0.08333333333333333,0.08872383975856431,28,28,1.0646860771027717,1.1104838077393038,5,without_event_snap,event_snap,-0.04579773063653203,False
Step17_Fold5_lumpy_without_event_snap,lumpy,L3_Store,10,0.08333333333333333,0.08993746689444945,28,28,1.0792496027333935,1.0495645337439676,5,without_event_snap,event_snap,0.02968506898942591,True
Step17_Fold5_lumpy_without_event_snap,lumpy,L4_Category,3,0.08333333333333333,0.11583139988821818,28,28,1.3899767986586182,1.4519011589061768,5,without_event_snap,event_snap,-0.06192436024755854,False
Step17_Fold5_lumpy_without_event_snap,lumpy,L5_Department,7,0.08333333333333333,0.10176179596926185,28,28,1.2211415516311424,1.208216232126406,5,without_event_snap,event_snap,0.012925319504736299,True
Step17_Fold5_lumpy_without_event_snap,lumpy,L6_State_Category,9,0.08333333333333333,0.09887851952413822,28,28,1.1865422342896588,1.204912106932694,5,without_event_snap,event_snap,-0.018369872643035245,False
Step17_Fold5_lumpy_without_event_snap,lumpy,L7_State_Department,21,0.08333333333333333,0.09488613129328465,28,28,1.138633575519416,1.08791741370372,5,without_event_snap,event_snap,0.05071616181569594,True
Step17_Fold5_lumpy_without_event_snap,lumpy,L8_Store_Category,30,0.08333333333333334,0.09462789042704155,28,28,1.1355346851244985,1.0925536646172265,5,without_event_snap,event_snap,0.04298102050727204,True
Step17_Fold5_lumpy_without_event_snap,lumpy,L9_Store_Department,59,0.08333333333333333,0.0956505954099166,28,28,1.1478071449189993,1.0910927740893506,5,without_event_snap,event_snap,0.0567143708296487,True
Step17_Fold5_lumpy_without_lag,lumpy,L10_Item,182,0.08333333333333333,0.08519165908070561,28,28,1.0222999089684675,1.0091195903393515,5,without_lag,lag,0.01318031862911595,True
Step17_Fold5_lumpy_without_lag,lumpy,L11_Item_State,197,0.08333333333333333,0.08307109935083097,28,28,0.9968531922099717,0.9834406669423617,5,without_lag,lag,0.013412525267610054,True
Step17_Fold5_lumpy_without_lag,lumpy,L12_Item_Store,200,0.08333333333333333,0.08332593828902793,28,28,0.9999112594683351,0.9870537909017592,5,without_lag,lag,0.012857468566575991,True
Step17_Fold5_lumpy_without_lag,lumpy,L1_Total,1,0.08333333333333333,0.1259155774591473,28,28,1.5109869295097678,1.3459486918820105,5,without_lag,lag,0.16503823762775727,True
Step17_Fold5_lumpy_without_lag,lumpy,L2_State,3,0.08333333333333333,0.10386219548977979,28,28,1.2463463458773576,1.1104838077393038,5,without_lag,lag,0.13586253813805382,True
Step17_Fold5_lumpy_without_lag,lumpy,L3_Store,10,0.08333333333333333,0.09484062517143073,28,28,1.1380875020571688,1.0495645337439676,5,without_lag,lag,0.08852296831320117,True
Step17_Fold5_lumpy_without_lag,lumpy,L4_Category,3,0.08333333333333333,0.1320742660740009,28,28,1.584891192888011,1.4519011589061768,5,without_lag,lag,0.13299003398183418,True
Step17_Fold5_lumpy_without_lag,lumpy,L5_Department,7,0.08333333333333333,0.11137528985721079,28,28,1.3365034782865295,1.208216232126406,5,without_lag,lag,0.12828724616012344,True
Step17_Fold5_lumpy_without_lag,lumpy,L6_State_Category,9,0.08333333333333333,0.10899099796559474,28,28,1.307891975587137,1.204912106932694,5,without_lag,lag,0.10297986865444297,True
Step17_Fold5_lumpy_without_lag,lumpy,L7_State_Department,21,0.08333333333333333,0.09690494912340122,28,28,1.1628593894808148,1.08791741370372,5,without_lag,lag,0.07494197577709483,True
Step17_Fold5_lumpy_without_lag,lumpy,L8_Store_Category,30,0.08333333333333334,0.09629708529012276,28,28,1.155565023481473,1.0925536646172265,5,without_lag,lag,0.06301135886424647,True
Step17_Fold5_lumpy_without_lag,lumpy,L9_Store_Department,59,0.08333333333333333,0.09525528179433634,28,28,1.1430633815320361,1.0910927740893506,5,without_lag,lag,0.05197060744268556,True
Step17_Fold5_lumpy_without_price,lumpy,L10_Item,182,0.08333333333333333,0.08981478883521933,28,28,1.077777466022632,1.0091195903393515,5,without_price,price,0.06865787568328052,True
Step17_Fold5_lumpy_without_price,lumpy,L11_Item_State,197,0.08333333333333333,0.08764762913607767,28,28,1.051771549632932,0.9834406669423617,5,without_price,price,0.06833088269057042,True
Step17_Fold5_lumpy_without_price,lumpy,L12_Item_Store,200,0.08333333333333333,0.08797900552805313,28,28,1.0557480663366376,0.9870537909017592,5,without_price,price,0.0686942754348785,True
Step17_Fold5_lumpy_without_price,lumpy,L1_Total,1,0.08333333333333333,0.15042668814020782,28,28,1.8051202576824938,1.3459486918820105,5,without_price,price,0.45917156580048335,True
Step17_Fold5_lumpy_without_price,lumpy,L2_State,3,0.08333333333333333,0.11891619731411511,28,28,1.4269943677693815,1.1104838077393038,5,without_price,price,0.3165105600300777,True
Step17_Fold5_lumpy_without_price,lumpy,L3_Store,10,0.08333333333333333,0.10500717463882875,28,28,1.260086095665945,1.0495645337439676,5,without_price,price,0.21052156192197735,True
Step17_Fold5_lumpy_without_price,lumpy,L4_Category,3,0.08333333333333333,0.1457878212977255,28,28,1.749453855572706,1.4519011589061768,5,without_price,price,0.29755269666652917,True
Step17_Fold5_lumpy_without_price,lumpy,L5_Department,7,0.08333333333333333,0.12138505368258849,28,28,1.456620644191062,1.208216232126406,5,without_price,price,0.24840441206465602,True
Step17_Fold5_lumpy_without_price,lumpy,L6_State_Category,9,0.08333333333333333,0.11828759911176445,28,28,1.4194511893411734,1.204912106932694,5,without_price,price,0.2145390824084794,True
Step17_Fold5_lumpy_without_price,lumpy,L7_State_Department,21,0.08333333333333333,0.10665035422364831,28,28,1.27980425068378,1.08791741370372,5,without_price,price,0.19188683698005993,True
Step17_Fold5_lumpy_without_price,lumpy,L8_Store_Category,30,0.08333333333333334,0.10301585797418794,28,28,1.236190295690255,1.0925536646172265,5,without_price,price,0.1436366310730286,True
Step17_Fold5_lumpy_without_price,lumpy,L9_Store_Department,59,0.08333333333333333,0.10248203227719775,28,28,1.2297843873263732,1.0910927740893506,5,without_price,price,0.13869161323702262,True
Step17_Fold5_lumpy_without_rolling,lumpy,L10_Item,182,0.08333333333333333,0.08319200626268737,28,28,0.9983040751522485,1.0091195903393515,5,without_rolling,rolling,-0.010815515187102998,False
Step17_Fold5_lumpy_without_rolling,lumpy,L11_Item_State,197,0.08333333333333333,0.0812110781003015,28,28,0.974532937203618,0.9834406669423617,5,without_rolling,rolling,-0.008907729738743653,False
Step17_Fold5_lumpy_without_rolling,lumpy,L12_Item_Store,200,0.08333333333333333,0.08134077846346688,28,28,0.9760893415616025,0.9870537909017592,5,without_rolling,rolling,-0.010964449340156612,False
Step17_Fold5_lumpy_without_rolling,lumpy,L1_Total,1,0.08333333333333333,0.09259364884588953,28,28,1.1111237861506744,1.3459486918820105,5,without_rolling,rolling,-0.23482490573133608,False
Step17_Fold5_lumpy_without_rolling,lumpy,L2_State,3,0.08333333333333333,0.08084716687895652,28,28,0.9701660025474782,1.1104838077393038,5,without_rolling,rolling,-0.14031780519182557,False
Step17_Fold5_lumpy_without_rolling,lumpy,L3_Store,10,0.08333333333333333,0.08413564348833208,28,28,1.009627721859985,1.0495645337439676,5,without_rolling,rolling,-0.03993681188398268,False
Step17_Fold5_lumpy_without_rolling,lumpy,L4_Category,3,0.08333333333333333,0.09833153988394172,28,28,1.1799784786073007,1.4519011589061768,5,without_rolling,rolling,-0.2719226802988761,False
Step17_Fold5_lumpy_without_rolling,lumpy,L5_Department,7,0.08333333333333333,0.08728717116541118,28,28,1.0474460539849342,1.208216232126406,5,without_rolling,rolling,-0.16077017814147188,False
Step17_Fold5_lumpy_without_rolling,lumpy,L6_State_Category,9,0.08333333333333333,0.08911158534511746,28,28,1.0693390241414096,1.204912106932694,5,without_rolling,rolling,-0.13557308279128444,False
Step17_Fold5_lumpy_without_rolling,lumpy,L7_State_Department,21,0.08333333333333333,0.08499480475960669,28,28,1.0199376571152803,1.08791741370372,5,without_rolling,rolling,-0.06797975658843969,False
Step17_Fold5_lumpy_without_rolling,lumpy,L8_Store_Category,30,0.08333333333333334,0.08832217575781673,28,28,1.0598661090938006,1.0925536646172265,5,without_rolling,rolling,-0.03268755552342584,False
Step17_Fold5_lumpy_without_rolling,lumpy,L9_Store_Department,59,0.08333333333333333,0.08885330979627751,28,28,1.0662397175553302,1.0910927740893506,5,without_rolling,rolling,-0.024853056534020368,False
Step17_Fold5_smooth_without_calendar,smooth,L10_Item,142,0.08333333333333333,0.06561292894824433,28,28,0.787355147378932,0.7532145175566237,5,without_calendar,calendar,0.034140629822308255,True
Step17_Fold5_smooth_without_calendar,smooth,L11_Item_State,180,0.08333333333333333,0.06575684507192135,28,28,0.7890821408630563,0.7663012188004288,5,without_calendar,calendar,0.022780922062627496,True
Step17_Fold5_smooth_without_calendar,smooth,L12_Item_Store,200,0.08333333333333333,0.06541668467675497,28,28,0.7850002161210597,0.7614043301299593,5,without_calendar,calendar,0.023595885991100407,True
Step17_Fold5_smooth_without_calendar,smooth,L1_Total,1,0.08333333333333333,0.06462926705513669,28,28,0.7755512046616403,0.472403580589631,5,without_calendar,calendar,0.3031476240720093,True
Step17_Fold5_smooth_without_calendar,smooth,L2_State,3,0.08333333333333333,0.0648993324905967,28,28,0.7787919898871605,0.5524770397058532,5,without_calendar,calendar,0.22631495018130732,True
Step17_Fold5_smooth_without_calendar,smooth,L3_Store,10,0.08333333333333334,0.0643679408944478,28,28,0.7724152907333736,0.6321486721714267,5,without_calendar,calendar,0.1402666185619469,True
Step17_Fold5_smooth_without_calendar,smooth,L4_Category,3,0.08333333333333334,0.06463520381887028,28,28,0.7756224458264432,0.5178634395791358,5,without_calendar,calendar,0.2577590062473074,True
Step17_Fold5_smooth_without_calendar,smooth,L5_Department,5,0.08333333333333334,0.06457939075927527,28,28,0.7749526891113031,0.5335176871287142,5,without_calendar,calendar,0.24143500198258894,True
Step17_Fold5_smooth_without_calendar,smooth,L6_State_Category,9,0.08333333333333333,0.06531678416352993,28,28,0.7838014099623591,0.620402917598847,5,without_calendar,calendar,0.16339849236351212,True
Step17_Fold5_smooth_without_calendar,smooth,L7_State_Department,14,0.08333333333333333,0.06404111588005408,28,28,0.768493390560649,0.622454164107462,5,without_calendar,calendar,0.146039226453187,True
Step17_Fold5_smooth_without_calendar,smooth,L8_Store_Category,29,0.08333333333333333,0.06256740453704049,28,28,0.7508088544444859,0.6623142399623192,5,without_calendar,calendar,0.08849461448216667,True
Step17_Fold5_smooth_without_calendar,smooth,L9_Store_Department,39,0.08333333333333333,0.062039295447833875,28,28,0.7444715453740065,0.6707017773769304,5,without_calendar,calendar,0.07376976799707613,True
Step17_Fold5_smooth_without_event_snap,smooth,L10_Item,142,0.08333333333333333,0.06380333489671182,28,28,0.7656400187605419,0.7532145175566237,5,without_event_snap,event_snap,0.012425501203918166,True
Step17_Fold5_smooth_without_event_snap,smooth,L11_Item_State,180,0.08333333333333333,0.06459048693537901,28,28,0.7750858432245482,0.7663012188004288,5,without_event_snap,event_snap,0.008784624424119425,True
Step17_Fold5_smooth_without_event_snap,smooth,L12_Item_Store,200,0.08333333333333333,0.06412745036860981,28,28,0.7695294044233177,0.7614043301299593,5,without_event_snap,event_snap,0.008125074293358403,True
Step17_Fold5_smooth_without_event_snap,smooth,L1_Total,1,0.08333333333333333,0.05003542933952264,28,28,0.6004251520742717,0.472403580589631,5,without_event_snap,event_snap,0.12802157148464072,True
Step17_Fold5_smooth_without_event_snap,smooth,L2_State,3,0.08333333333333333,0.05349768249193425,28,28,0.641972189903211,0.5524770397058532,5,without_event_snap,event_snap,0.08949515019735788,True
Step17_Fold5_smooth_without_event_snap,smooth,L3_Store,10,0.08333333333333334,0.057684441124057774,28,28,0.6922132934886932,0.6321486721714267,5,without_event_snap,event_snap,0.06006462131726653,True
Step17_Fold5_smooth_without_event_snap,smooth,L4_Category,3,0.08333333333333334,0.05230703359657155,28,28,0.6276844031588585,0.5178634395791358,5,without_event_snap,event_snap,0.10982096357972271,True
Step17_Fold5_smooth_without_event_snap,smooth,L5_Department,5,0.08333333333333334,0.0527527215693967,28,28,0.6330326588327603,0.5335176871287142,5,without_event_snap,event_snap,0.0995149717040461,True
Step17_Fold5_smooth_without_event_snap,smooth,L6_State_Category,9,0.08333333333333333,0.05744409274569673,28,28,0.6893291129483607,0.620402917598847,5,without_event_snap,event_snap,0.06892619534951372,True
Step17_Fold5_smooth_without_event_snap,smooth,L7_State_Department,14,0.08333333333333333,0.056623186299733626,28,28,0.6794782355968035,0.622454164107462,5,without_event_snap,event_snap,0.05702407148934152,True
Step17_Fold5_smooth_without_event_snap,smooth,L8_Store_Category,29,0.08333333333333333,0.0586730078811708,28,28,0.7040760945740496,0.6623142399623192,5,without_event_snap,event_snap,0.04176185461173043,True
Step17_Fold5_smooth_without_event_snap,smooth,L9_Store_Department,39,0.08333333333333333,0.058358107794157996,28,28,0.700297293529896,0.6707017773769304,5,without_event_snap,event_snap,0.02959551615296563,True
Step17_Fold5_smooth_without_lag,smooth,L10_Item,142,0.08333333333333333,0.06435457330319433,28,28,0.772254879638332,0.7532145175566237,5,without_lag,lag,0.01904036208170823,True
Step17_Fold5_smooth_without_lag,smooth,L11_Item_State,180,0.08333333333333333,0.06518533987644291,28,28,0.782224078517315,0.7663012188004288,5,without_lag,lag,0.01592285971688623,True
Step17_Fold5_smooth_without_lag,smooth,L12_Item_Store,200,0.08333333333333333,0.06457521534865197,28,28,0.7749025841838237,0.7614043301299593,5,without_lag,lag,0.0134982540538644,True
Step17_Fold5_smooth_without_lag,smooth,L1_Total,1,0.08333333333333333,0.05498234311064238,28,28,0.6597881173277086,0.472403580589631,5,without_lag,lag,0.1873845367380776,True
Step17_Fold5_smooth_without_lag,smooth,L2_State,3,0.08333333333333333,0.05695128629320507,28,28,0.6834154355184608,0.5524770397058532,5,without_lag,lag,0.1309383958126077,True
Step17_Fold5_smooth_without_lag,smooth,L3_Store,10,0.08333333333333334,0.059893776708541,28,28,0.7187253205024919,0.6321486721714267,5,without_lag,lag,0.08657664833106526,True
Step17_Fold5_smooth_without_lag,smooth,L4_Category,3,0.08333333333333334,0.05607486384315305,28,28,0.6728983661178365,0.5178634395791358,5,without_lag,lag,0.15503492653870066,True
Step17_Fold5_smooth_without_lag,smooth,L5_Department,5,0.08333333333333334,0.05657905385337145,28,28,0.6789486462404573,0.5335176871287142,5,without_lag,lag,0.14543095911174309,True
Step17_Fold5_smooth_without_lag,smooth,L6_State_Category,9,0.08333333333333333,0.05918027714687555,28,28,0.7101633257625066,0.620402917598847,5,without_lag,lag,0.0897604081636596,True
Step17_Fold5_smooth_without_lag,smooth,L7_State_Department,14,0.08333333333333333,0.058365489441914734,28,28,0.7003858733029769,0.622454164107462,5,without_lag,lag,0.07793170919551484,True
Step17_Fold5_smooth_without_lag,smooth,L8_Store_Category,29,0.08333333333333333,0.06009698223504903,28,28,0.7211637868205883,0.6623142399623192,5,without_lag,lag,0.05884954685826915,True
Step17_Fold5_smooth_without_lag,smooth,L9_Store_Department,39,0.08333333333333333,0.05973281021694719,28,28,0.7167937226033663,0.6707017773769304,5,without_lag,lag,0.04609194522643589,True
Step17_Fold5_smooth_without_price,smooth,L10_Item,142,0.08333333333333333,0.06236765544146357,28,28,0.7484118652975629,0.7532145175566237,5,without_price,price,-0.004802652259060847,False
Step17_Fold5_smooth_without_price,smooth,L11_Item_State,180,0.08333333333333333,0.06354886963950818,28,28,0.7625864356740981,0.7663012188004288,5,without_price,price,-0.0037147831263306674,False
Step17_Fold5_smooth_without_price,smooth,L12_Item_Store,200,0.08333333333333333,0.06335830678763152,28,28,0.7602996814515782,0.7614043301299593,5,without_price,price,-0.001104648678381115,False
Step17_Fold5_smooth_without_price,smooth,L1_Total,1,0.08333333333333333,0.03832294608746134,28,28,0.4598753530495361,0.472403580589631,5,without_price,price,-0.012528227540094916,False
Step17_Fold5_smooth_without_price,smooth,L2_State,3,0.08333333333333333,0.04553027935024908,28,28,0.546363352202989,0.5524770397058532,5,without_price,price,-0.006113687502864118,False
Step17_Fold5_smooth_without_price,smooth,L3_Store,10,0.08333333333333334,0.052563196155396064,28,28,0.6307583538647527,0.6321486721714267,5,without_price,price,-0.001390318306674021,False
Step17_Fold5_smooth_without_price,smooth,L4_Category,3,0.08333333333333334,0.042439822979964785,28,28,0.5092778757595774,0.5178634395791358,5,without_price,price,-0.00858556381955844,False
Step17_Fold5_smooth_without_price,smooth,L5_Department,5,0.08333333333333334,0.04392854944681393,28,28,0.527142593361767,0.5335176871287142,5,without_price,price,-0.006375093766947115,False
Step17_Fold5_smooth_without_price,smooth,L6_State_Category,9,0.08333333333333333,0.051335975964248534,28,28,0.6160317115709825,0.620402917598847,5,without_price,price,-0.00437120602786456,False
Step17_Fold5_smooth_without_price,smooth,L7_State_Department,14,0.08333333333333333,0.05163813408820051,28,28,0.6196576090584062,0.622454164107462,5,without_price,price,-0.002796555049055849,False
Step17_Fold5_smooth_without_price,smooth,L8_Store_Category,29,0.08333333333333333,0.05527506421985864,28,28,0.6633007706383037,0.6623142399623192,5,without_price,price,0.0009865306759845316,True
Step17_Fold5_smooth_without_price,smooth,L9_Store_Department,39,0.08333333333333333,0.05598880703681697,28,28,0.6718656844418036,0.6707017773769304,5,without_price,price,0.0011639070648732375,True
Step17_Fold5_smooth_without_rolling,smooth,L10_Item,142,0.08333333333333333,0.06592577863985416,28,28,0.7911093436782499,0.7532145175566237,5,without_rolling,rolling,0.0378948261216262,True
Step17_Fold5_smooth_without_rolling,smooth,L11_Item_State,180,0.08333333333333333,0.06651503682635808,28,28,0.798180441916297,0.7663012188004288,5,without_rolling,rolling,0.031879223115868216,True
Step17_Fold5_smooth_without_rolling,smooth,L12_Item_Store,200,0.08333333333333333,0.0661453150597641,28,28,0.7937437807171693,0.7614043301299593,5,without_rolling,rolling,0.032339450587209995,True
Step17_Fold5_smooth_without_rolling,smooth,L1_Total,1,0.08333333333333333,0.03463803973326611,28,28,0.4156564767991933,0.472403580589631,5,without_rolling,rolling,-0.05674710379043768,False
Step17_Fold5_smooth_without_rolling,smooth,L2_State,3,0.08333333333333333,0.03990465761608625,28,28,0.47885589139303497,0.5524770397058532,5,without_rolling,rolling,-0.07362114831281819,False
Step17_Fold5_smooth_without_rolling,smooth,L3_Store,10,0.08333333333333334,0.05162637218547774,28,28,0.6195164662257329,0.6321486721714267,5,without_rolling,rolling,-0.012632205945693809,False
Step17_Fold5_smooth_without_rolling,smooth,L4_Category,3,0.08333333333333334,0.0395136204976725,28,28,0.47416344597206994,0.5178634395791358,5,without_rolling,rolling,-0.04369999360706589,False
Step17_Fold5_smooth_without_rolling,smooth,L5_Department,5,0.08333333333333334,0.04100942229443563,28,28,0.49211306753322753,0.5335176871287142,5,without_rolling,rolling,-0.041404619595486636,False
Step17_Fold5_smooth_without_rolling,smooth,L6_State_Category,9,0.08333333333333333,0.048764915161653,28,28,0.5851789819398361,0.620402917598847,5,without_rolling,rolling,-0.03522393565901094,False
Step17_Fold5_smooth_without_rolling,smooth,L7_State_Department,14,0.08333333333333333,0.049112613491502435,28,28,0.5893513618980293,0.622454164107462,5,without_rolling,rolling,-0.033102802209432736,False
Step17_Fold5_smooth_without_rolling,smooth,L8_Store_Category,29,0.08333333333333333,0.055989520951841315,28,28,0.6718742514220958,0.6623142399623192,5,without_rolling,rolling,0.009560011459776585,True
Step17_Fold5_smooth_without_rolling,smooth,L9_Store_Department,39,0.08333333333333333,0.05655342574404996,28,28,0.6786411089285995,0.6707017773769304,5,without_rolling,rolling,0.007939331551669149,True
