boosting_rounds,wrmsse,mae,rmse,actual_mean,prediction_mean,minimum_prediction,maximum_prediction,non_finite_predictions,negative_predictions,prediction_rows,evaluation_seconds,fold,demand_type,stage,fit_train_end,validation_start,validation_end
25,1.1428897476949167,4.042521809424673,6.560838333254062,5.529642857142857,5.364808688419206,0.7702376246452332,22.07474708557129,0,0,5600,0.522391099948436,1,erratic,coarse,2015-12-06,2015-12-07,2016-01-03
50,1.0945585913639047,3.7220480960713966,6.186888744363521,5.529642857142857,5.0399842161898105,0.2173096388578415,34.74419403076172,0,0,5600,0.469959800131619,1,erratic,coarse,2015-12-06,2015-12-07,2016-01-03
75,1.0800658923074677,3.642741763452068,6.095458108908943,5.529642857142857,4.956027320057952,0.050205592066049576,41.25034713745117,0,0,5600,0.48296880000270903,1,erratic,coarse,2015-12-06,2015-12-07,2016-01-03
100,1.00966848997714,3.611158536709845,6.047801095154071,5.529642857142857,5.026945250071585,0.033067259937524796,43.653648376464844,0,0,5600,0.5020922000985593,1,erratic,coarse,2015-12-06,2015-12-07,2016-01-03
125,0.9860260644319285,3.587223348401354,6.035698661822897,5.529642857142857,5.067255501928739,0.01919381506741047,46.09809875488281,0,0,5600,0.49319130019284785,1,erratic,coarse,2015-12-06,2015-12-07,2016-01-03
150,0.9667367767143338,3.5848444638116885,6.02597005381531,5.529642857142857,5.116598225517498,0.013514581136405468,47.1063117980957,0,0,5600,0.4702235998120159,1,erratic,coarse,2015-12-06,2015-12-07,2016-01-03
175,0.96073273455639,3.5880254374735525,6.041036015066481,5.529642857142857,5.162596156672808,0.009298451244831085,46.895450592041016,0,0,5600,0.4793843000661582,1,erratic,coarse,2015-12-06,2015-12-07,2016-01-03
200,0.9401399512707783,3.5659008396791925,6.026115792701024,5.529642857142857,5.1669404275957325,0.005489980336278677,47.26081085205078,0,0,5600,0.4949358000885695,1,erratic,coarse,2015-12-06,2015-12-07,2016-01-03
250,0.93720802558629,3.5769747499559474,6.038067621206935,5.529642857142857,5.245388914010421,0.0028039594180881977,46.6109733581543,0,0,5600,0.4907202001195401,1,erratic,coarse,2015-12-06,2015-12-07,2016-01-03
300,0.9168392281488122,3.568163002428025,6.032002543463243,5.529642857142857,5.310153810789966,0.001393818878568709,48.182273864746094,0,0,5600,0.49292799993418157,1,erratic,coarse,2015-12-06,2015-12-07,2016-01-03
350,0.9246163733177657,3.5764676076602337,6.066528055917909,5.529642857142857,5.297763002377749,0.0007016683812253177,48.449798583984375,0,0,5600,0.4664745000191033,1,erratic,coarse,2015-12-06,2015-12-07,2016-01-03
400,0.934133772739529,3.585956860727092,6.100114874284457,5.529642857142857,5.310862902796788,0.0005269880639389157,50.87026596069336,0,0,5600,0.4970134000759572,1,erratic,coarse,2015-12-06,2015-12-07,2016-01-03
450,0.9132978530011474,3.592237531916409,6.075150455324715,5.529642857142857,5.387973257485948,0.00031603153911419213,51.15479278564453,0,0,5600,0.5145453999284655,1,erratic,coarse,2015-12-06,2015-12-07,2016-01-03
500,0.9103154579882085,3.5988312148475026,6.081370799895071,5.529642857142857,5.4314163725411655,0.00018031473155133426,50.81111526489258,0,0,5600,0.5022279000841081,1,erratic,coarse,2015-12-06,2015-12-07,2016-01-03
550,0.9076390961641241,3.610167577715973,6.105426313742399,5.529642857142857,5.471729720982506,0.00011757902393583208,51.444549560546875,0,0,5600,0.4980705000925809,1,erratic,coarse,2015-12-06,2015-12-07,2016-01-03
600,0.9025570383527668,3.612461054621008,6.099039644216502,5.529642857142857,5.493047637321996,6.732994370395318e-05,50.77449417114258,0,0,5600,0.5046218999195844,1,erratic,coarse,2015-12-06,2015-12-07,2016-01-03
650,0.9088384262692502,3.606424615110374,6.1064278911955805,5.529642857142857,5.484900722681748,3.1556606700178236e-05,50.43232727050781,0,0,5600,0.518507500179112,1,erratic,coarse,2015-12-06,2015-12-07,2016-01-03
700,0.9115423478467378,3.6033613687167847,6.102184131890817,5.529642857142857,5.477808625280844,2.5014616767293774e-05,50.542877197265625,0,0,5600,0.5414291999768466,1,erratic,coarse,2015-12-06,2015-12-07,2016-01-03
750,0.9045221865610313,3.6008050763451385,6.105273558232727,5.529642857142857,5.501265179671116,1.7811655197874643e-05,51.23982238769531,0,0,5600,0.5636712000705302,1,erratic,coarse,2015-12-06,2015-12-07,2016-01-03
800,0.9040023723021311,3.599080722629001,6.095723439026894,5.529642857142857,5.495959243321565,1.4568343431164976e-05,48.93720626831055,0,0,5600,0.5357824999373406,1,erratic,coarse,2015-12-06,2015-12-07,2016-01-03
850,0.9077344386470255,3.5953283589282443,6.09089658784988,5.529642857142857,5.49812252894871,1.045968383550644e-05,47.54265594482422,0,0,5600,0.5144988999236375,1,erratic,coarse,2015-12-06,2015-12-07,2016-01-03
900,0.9061778222501987,3.599918033512533,6.09832288258599,5.529642857142857,5.5007701266298055,7.058079063426703e-06,48.243507385253906,0,0,5600,0.5578954999800771,1,erratic,coarse,2015-12-06,2015-12-07,2016-01-03
950,0.9028684308861971,3.599405698756548,6.094441788401529,5.529642857142857,5.50450786963878,5.809517006127862e-06,49.294105529785156,0,0,5600,0.572310599964112,1,erratic,coarse,2015-12-06,2015-12-07,2016-01-03
960,0.9031897392171133,3.6002714665659115,6.094606617670555,5.529642857142857,5.511255760561538,5.987457825540332e-06,49.379150390625,0,0,5600,0.5375431999564171,1,erratic,refined,2015-12-06,2015-12-07,2016-01-03
970,0.9018636333722324,3.5970055048753697,6.0826865486019575,5.529642857142857,5.511475673220736,5.059270279161865e-06,48.49448776245117,0,0,5600,0.5171848000027239,1,erratic,refined,2015-12-06,2015-12-07,2016-01-03
980,0.9024038513284386,3.600815361366383,6.097838016909263,5.529642857142857,5.511040966916917,5.164042249816703e-06,48.477115631103516,0,0,5600,0.5388734000734985,1,erratic,refined,2015-12-06,2015-12-07,2016-01-03
990,0.9020712354430412,3.5971220139230744,6.087192897820563,5.529642857142857,5.50539435440975,4.875857939623529e-06,48.484073638916016,0,0,5600,0.5366093998309225,1,erratic,refined,2015-12-06,2015-12-07,2016-01-03
1000,0.9023842166460635,3.595961475656113,6.080478508676733,5.529642857142857,5.499103291051652,4.584438556776149e-06,48.491355895996094,0,0,5600,0.5322036000434309,1,erratic,coarse,2015-12-06,2015-12-07,2016-01-03
1010,0.9051398875290186,3.595735478964659,6.077431804010474,5.529642857142857,5.498396156898965,4.5677593334403355e-06,49.515953063964844,0,0,5600,0.53147629997693,1,erratic,refined,2015-12-06,2015-12-07,2016-01-03
1020,0.9062235881045981,3.595555633360342,6.079431885857109,5.529642857142857,5.497631803885189,4.354315478849458e-06,49.045074462890625,0,0,5600,0.5272077000699937,1,erratic,refined,2015-12-06,2015-12-07,2016-01-03
1030,0.9060007303426014,3.604504053401182,6.099714579651445,5.529642857142857,5.513963849431486,4.172801709501073e-06,49.21339416503906,0,0,5600,0.5267338000703603,1,erratic,refined,2015-12-06,2015-12-07,2016-01-03
1040,0.9102459973662814,3.602036554751862,6.103770898035767,5.529642857142857,5.498736577685871,4.221562903694576e-06,49.270111083984375,0,0,5600,0.5119910999201238,1,erratic,refined,2015-12-06,2015-12-07,2016-01-03
1050,0.9049938684343037,3.6106220576411068,6.1014000515469675,5.529642857142857,5.518557691760346,4.080923190485919e-06,49.25838851928711,0,0,5600,0.5266801998950541,1,erratic,refined,2015-12-06,2015-12-07,2016-01-03
1100,0.9103134669276505,3.6117581221210586,6.115512335876895,5.529642857142857,5.5268850872115864,4.115080173505703e-06,48.90925979614258,0,0,5600,0.5747438000980765,1,erratic,coarse,2015-12-06,2015-12-07,2016-01-03
1200,0.914652178232291,3.603936910633703,6.1179686064878895,5.529642857142857,5.5209667468308234,2.719671101658605e-06,48.55992889404297,0,0,5600,0.5796478998381644,1,erratic,coarse,2015-12-06,2015-12-07,2016-01-03
1300,0.9140574281126387,3.5834107403303253,6.105888496589108,5.529642857142857,5.492338791254595,1.609720698070305e-06,48.05664825439453,0,0,5600,0.5492766001261771,1,erratic,coarse,2015-12-06,2015-12-07,2016-01-03
1400,0.9185237854385317,3.5866193867871963,6.115582675593532,5.529642857142857,5.491894950292791,1.08611811810988e-06,47.38042449951172,0,0,5600,0.5443448000587523,1,erratic,coarse,2015-12-06,2015-12-07,2016-01-03
1500,0.9246685650837148,3.5765381916006747,6.096880505908131,5.529642857142857,5.448823265739444,5.076348088550731e-07,44.34690856933594,0,0,5600,0.5451780001167208,1,erratic,coarse,2015-12-06,2015-12-07,2016-01-03
25,1.0172217606733633,0.7144390127249062,1.304915814055285,0.6594642857142857,0.5001634883295213,0.07059703767299652,3.7458057403564453,0,0,5600,0.5228679999709129,1,intermittent,coarse,2015-12-06,2015-12-07,2016-01-03
50,0.9850818933414898,0.6553713538241572,1.198538914752465,0.6594642857142857,0.5180665919015051,0.01900665834546089,7.6886162757873535,0,0,5600,0.4941891001071781,1,intermittent,coarse,2015-12-06,2015-12-07,2016-01-03
75,0.9208711035029171,0.6393562112886658,1.1450481432111008,0.6594642857142857,0.5647964852750634,0.011282910592854023,9.40026569366455,0,0,5600,0.5002035999204963,1,intermittent,coarse,2015-12-06,2015-12-07,2016-01-03
100,0.8835801109016843,0.6470911664723619,1.1991433029752196,0.6594642857142857,0.5951029887321472,0.007922855205833912,10.158477783203125,0,0,5600,0.4860947001725435,1,intermittent,coarse,2015-12-06,2015-12-07,2016-01-03
125,0.8545099970869048,0.6294190865039127,1.1303613254531846,0.6594642857142857,0.5873307681691533,0.005535611417144537,9.684282302856445,0,0,5600,0.5202053000684828,1,intermittent,coarse,2015-12-06,2015-12-07,2016-01-03
150,0.8299620708606827,0.6316491739050253,1.1562087944535826,0.6594642857142857,0.600722345209298,0.003168493742123246,9.811613082885742,0,0,5600,0.5306353999767452,1,intermittent,coarse,2015-12-06,2015-12-07,2016-01-03
175,0.814595808253527,0.6371155521409154,1.1782720130543585,0.6594642857142857,0.6180069359607296,0.002350385533645749,9.864823341369629,0,0,5600,0.5499814001377672,1,intermittent,coarse,2015-12-06,2015-12-07,2016-01-03
200,0.8030493313019249,0.6336499358968909,1.1457661704761235,0.6594642857142857,0.6187104727257143,0.0020199406426399946,9.853134155273438,0,0,5600,0.5987551000434905,1,intermittent,coarse,2015-12-06,2015-12-07,2016-01-03
250,0.786665206912536,0.6391791712875108,1.173534923992617,0.6594642857142857,0.6384197543265328,0.0007522118976339698,9.782224655151367,0,0,5600,0.5578978001140058,1,intermittent,coarse,2015-12-06,2015-12-07,2016-01-03
300,0.7747555972439187,0.6415736574410974,1.1735723393444284,0.6594642857142857,0.6428641883858395,0.0003160954511258751,9.850484848022461,0,0,5600,0.5467103999108076,1,intermittent,coarse,2015-12-06,2015-12-07,2016-01-03
350,0.7620369787988336,0.642841261946061,1.1666572985519972,0.6594642857142857,0.6523545961869915,0.00019717426039278507,9.878575325012207,0,0,5600,0.5326683002058417,1,intermittent,coarse,2015-12-06,2015-12-07,2016-01-03
400,0.7580218745277612,0.6393870878997067,1.1357573192341401,0.6594642857142857,0.647277109581459,0.00014021755487192422,9.878219604492188,0,0,5600,0.5235085999593139,1,intermittent,coarse,2015-12-06,2015-12-07,2016-01-03
450,0.7585714046733073,0.6446622582857032,1.152383375893571,0.6594642857142857,0.6582829046701149,6.944794586161152e-05,9.929338455200195,0,0,5600,0.5251968000084162,1,intermittent,coarse,2015-12-06,2015-12-07,2016-01-03
500,0.7541868473693913,0.6413167053619139,1.1336812452815386,0.6594642857142857,0.6574674219157551,4.5848126319469884e-05,9.986279487609863,0,0,5600,0.5113615000154823,1,intermittent,coarse,2015-12-06,2015-12-07,2016-01-03
550,0.7472203611077334,0.6377520010310429,1.0994453584253072,0.6594642857142857,0.6613801866469011,2.5172152163577266e-05,9.984803199768066,0,0,5600,0.4972425000742078,1,intermittent,coarse,2015-12-06,2015-12-07,2016-01-03
600,0.7406565079721527,0.6393171167830393,1.10057490465749,0.6594642857142857,0.6675460175628762,1.405529837938957e-05,10.000250816345215,0,0,5600,0.5286322999745607,1,intermittent,coarse,2015-12-06,2015-12-07,2016-01-03
650,0.7379153527850452,0.6426068617353171,1.1016391537160888,0.6594642857142857,0.6768337239510452,1.1645642189250793e-05,9.970097541809082,0,0,5600,0.565375299891457,1,intermittent,coarse,2015-12-06,2015-12-07,2016-01-03
700,0.7402481830908024,0.640937433464236,1.0991723601043202,0.6594642857142857,0.6738855888672485,6.697594926663442e-06,10.10238265991211,0,0,5600,0.5376001999247819,1,intermittent,coarse,2015-12-06,2015-12-07,2016-01-03
750,0.7427840921527858,0.6447877302182079,1.1108142888571184,0.6594642857142857,0.6746117356028297,5.389619218476582e-06,10.067234992980957,0,0,5600,0.5421949999872595,1,intermittent,coarse,2015-12-06,2015-12-07,2016-01-03
800,0.7437358025895021,0.6415105105872237,1.0981261818760144,0.6594642857142857,0.673304540002235,4.393240487843286e-06,10.05828857421875,0,0,5600,0.5403586998581886,1,intermittent,coarse,2015-12-06,2015-12-07,2016-01-03
850,0.7481664625605627,0.6439228386502324,1.1010098021579227,0.6594642857142857,0.6769993769532678,3.5019786537304753e-06,10.068565368652344,0,0,5600,0.5404775999486446,1,intermittent,coarse,2015-12-06,2015-12-07,2016-01-03
900,0.7451776051247222,0.6439343584515422,1.1010051732265704,0.6594642857142857,0.6757593730839245,2.702147867239546e-06,9.84183120727539,0,0,5600,0.5354101001285017,1,intermittent,coarse,2015-12-06,2015-12-07,2016-01-03
950,0.743041262623296,0.639922094327205,1.0956713643561464,0.6594642857142857,0.6647983189087356,1.9990243345091585e-06,9.784188270568848,0,0,5600,0.5656200000084937,1,intermittent,coarse,2015-12-06,2015-12-07,2016-01-03
1000,0.7431836881271409,0.6406794987321928,1.0950723605895196,0.6594642857142857,0.6672180146123479,1.410557956660341e-06,9.781230926513672,0,0,5600,0.7269840000662953,1,intermittent,coarse,2015-12-06,2015-12-07,2016-01-03
1100,0.7410116495932666,0.637452872832887,1.094834866896118,0.6594642857142857,0.6563957715988292,1.213971358993149e-06,9.871956825256348,0,0,5600,0.5720206999685615,1,intermittent,coarse,2015-12-06,2015-12-07,2016-01-03
1200,0.7373906605995807,0.6368189719655113,1.0917206319167716,0.6594642857142857,0.6552479325378989,8.583097041992005e-07,9.137494087219238,0,0,5600,0.5803082000929862,1,intermittent,coarse,2015-12-06,2015-12-07,2016-01-03
1210,0.7401854126272039,0.6361518670018556,1.090632596256411,0.6594642857142857,0.6551798451687996,7.688718710596731e-07,9.153434753417969,0,0,5600,0.547933500027284,1,intermittent,refined,2015-12-06,2015-12-07,2016-01-03
1220,0.7383145955912875,0.635773669418445,1.0901418753393453,0.6594642857142857,0.6536766853855294,7.269244406415964e-07,9.131961822509766,0,0,5600,0.5455994000658393,1,intermittent,refined,2015-12-06,2015-12-07,2016-01-03
1230,0.7329611256826563,0.6367643573930514,1.0901807044733445,0.6594642857142857,0.6572475153097816,7.101279493326729e-07,9.11841869354248,0,0,5600,0.5499442000873387,1,intermittent,refined,2015-12-06,2015-12-07,2016-01-03
1240,0.7347436789490496,0.6372633174303629,1.0921216554929285,0.6594642857142857,0.656004700529778,6.733796453772811e-07,9.087242126464844,0,0,5600,0.5248257000930607,1,intermittent,refined,2015-12-06,2015-12-07,2016-01-03
1250,0.7316778709189689,0.6354203629709332,1.0876803424159927,0.6594642857142857,0.6570618720982789,6.49219032311521e-07,8.963544845581055,0,0,5600,0.5650821998715401,1,intermittent,refined,2015-12-06,2015-12-07,2016-01-03
1260,0.7339931351580554,0.6367212783873643,1.0894578840378857,0.6594642857142857,0.6586397251223629,6.398552159225801e-07,9.360599517822266,0,0,5600,0.5622597001492977,1,intermittent,refined,2015-12-06,2015-12-07,2016-01-03
1270,0.734176794628394,0.6361071485024934,1.0877902255301928,0.6594642857142857,0.6586341234217726,6.378081707225647e-07,9.07911491394043,0,0,5600,0.5358634998556226,1,intermittent,refined,2015-12-06,2015-12-07,2016-01-03
1280,0.7331728970734139,0.635220303176555,1.0884380684570343,0.6594642857142857,0.6561995770132552,6.350489911710611e-07,9.187142372131348,0,0,5600,0.5630765999667346,1,intermittent,refined,2015-12-06,2015-12-07,2016-01-03
1290,0.735639647247158,0.63486020404367,1.0869182382794447,0.6594642857142857,0.6561808903595548,6.519732664855837e-07,9.038222312927246,0,0,5600,0.536260699853301,1,intermittent,refined,2015-12-06,2015-12-07,2016-01-03
1300,0.7360597130877771,0.6350365280849843,1.0893498937862562,0.6594642857142857,0.6529252352047459,6.255309017433319e-07,8.936044692993164,0,0,5600,0.6033319998532534,1,intermittent,coarse,2015-12-06,2015-12-07,2016-01-03
1310,0.7348743252957239,0.6358268182690564,1.09063182436899,0.6594642857142857,0.653786080719047,5.724389779970807e-07,8.95140552520752,0,0,5600,0.5417923000641167,1,intermittent,refined,2015-12-06,2015-12-07,2016-01-03
1320,0.7376977202690004,0.6355931352770297,1.0911159035615514,0.6594642857142857,0.6536676057737412,5.897861115045089e-07,9.411798477172852,0,0,5600,0.5512190000154078,1,intermittent,refined,2015-12-06,2015-12-07,2016-01-03
1330,0.7352311016947595,0.6348343516522787,1.0879782688018766,0.6594642857142857,0.653136322537917,5.886926146558835e-07,8.963213920593262,0,0,5600,0.5535676998551935,1,intermittent,refined,2015-12-06,2015-12-07,2016-01-03
1340,0.7388280696590128,0.6341218519610642,1.0892614182539835,0.6594642857142857,0.6493021682215021,6.289608904808119e-07,9.095765113830566,0,0,5600,0.5570288999006152,1,intermittent,refined,2015-12-06,2015-12-07,2016-01-03
1350,0.7422665923003631,0.6352097895014746,1.0894475116596443,0.6594642857142857,0.65050787330116,5.793530135633773e-07,9.108579635620117,0,0,5600,0.5313015999272466,1,intermittent,refined,2015-12-06,2015-12-07,2016-01-03
1400,0.7413095717991619,0.6370695308176081,1.0945836260938395,0.6594642857142857,0.6518682885404173,4.4996858150625485e-07,9.2893648147583,0,0,5600,0.5837127000559121,1,intermittent,coarse,2015-12-06,2015-12-07,2016-01-03
1500,0.741733540950998,0.6381662787325979,1.0965120662962107,0.6594642857142857,0.6489579995093481,2.5612069975977647e-07,9.2681245803833,0,0,5600,0.6399014999624342,1,intermittent,coarse,2015-12-06,2015-12-07,2016-01-03
25,1.149370260147951,1.4266304092827653,2.7139390211817997,1.4735714285714285,1.1175859718210994,0.14861589670181274,4.435308456420898,0,0,5600,0.4945221000816673,1,lumpy,coarse,2015-12-06,2015-12-07,2016-01-03
50,1.199003200728208,1.3237343710727458,2.5998820241478953,1.4735714285714285,1.05416334817186,0.030734216794371605,7.378826141357422,0,0,5600,0.5017934998031706,1,lumpy,coarse,2015-12-06,2015-12-07,2016-01-03
75,1.1676581602293172,1.3020007618436855,2.5441773123352656,1.4735714285714285,1.0839263941633648,0.016644015908241272,10.302671432495117,0,0,5600,0.4676608999725431,1,lumpy,coarse,2015-12-06,2015-12-07,2016-01-03
100,1.134323312510001,1.288321436300674,2.516622359372288,1.4735714285714285,1.0947458626911974,0.011368324048817158,11.306926727294922,0,0,5600,0.4875987998675555,1,lumpy,coarse,2015-12-06,2015-12-07,2016-01-03
125,1.0945391859980333,1.2786105435524535,2.493445148460868,1.4735714285714285,1.1159730865862885,0.00597345968708396,11.788573265075684,0,0,5600,0.4985837999265641,1,lumpy,coarse,2015-12-06,2015-12-07,2016-01-03
150,1.0600484235117622,1.2776327675298256,2.4812060152900384,1.4735714285714285,1.1457472261849657,0.004497582092881203,11.992506980895996,0,0,5600,0.4963038999121636,1,lumpy,coarse,2015-12-06,2015-12-07,2016-01-03
175,1.0456505496616135,1.2736404088137872,2.47428616495822,1.4735714285714285,1.1542133698278174,0.003965959884226322,11.971561431884766,0,0,5600,0.5174292998854071,1,lumpy,coarse,2015-12-06,2015-12-07,2016-01-03
200,1.0217265280644274,1.2762241416902647,2.471083017481025,1.4735714285714285,1.1790384642492946,0.0030769063159823418,12.123396873474121,0,0,5600,0.508987900102511,1,lumpy,coarse,2015-12-06,2015-12-07,2016-01-03
250,1.0004544718038548,1.2728710637926166,2.4645643344679393,1.4735714285714285,1.1960371115387325,0.0015888563357293606,12.07306957244873,0,0,5600,0.5082233001012355,1,lumpy,coarse,2015-12-06,2015-12-07,2016-01-03
300,0.984527623132223,1.2751111797036927,2.4608908685405146,1.4735714285714285,1.2208385780529976,0.000978140509687364,12.108748435974121,0,0,5600,0.5171899998094887,1,lumpy,coarse,2015-12-06,2015-12-07,2016-01-03
350,0.9777853883637893,1.2734372012538577,2.4582003707935844,1.4735714285714285,1.2254491105499619,0.0006444522878155112,12.120674133300781,0,0,5600,0.5204464001581073,1,lumpy,coarse,2015-12-06,2015-12-07,2016-01-03
400,0.9668845294100517,1.2728269640174454,2.4507023168520576,1.4735714285714285,1.2374165542780715,0.0004019927291665226,11.975869178771973,0,0,5600,0.5197073000017554,1,lumpy,coarse,2015-12-06,2015-12-07,2016-01-03
450,0.9477847267141626,1.2723697029082697,2.439672059063807,1.4735714285714285,1.2600569374151538,0.00028738772380165756,12.022150993347168,0,0,5600,0.5155948000028729,1,lumpy,coarse,2015-12-06,2015-12-07,2016-01-03
500,0.9429863640986372,1.2723598547992852,2.440596947116279,1.4735714285714285,1.2664557907465055,0.00017668436339590698,12.183449745178223,0,0,5600,0.5367971998639405,1,lumpy,coarse,2015-12-06,2015-12-07,2016-01-03
550,0.9607932279663098,1.2668835716446016,2.4398921027820943,1.4735714285714285,1.2444829379874707,0.00017467256111558527,11.685970306396484,0,0,5600,0.5232798000797629,1,lumpy,coarse,2015-12-06,2015-12-07,2016-01-03
600,0.9609124184337945,1.2668704388322267,2.4417932206182855,1.4735714285714285,1.2468456738452187,0.00011024174455087632,11.797117233276367,0,0,5600,0.5307078999467194,1,lumpy,coarse,2015-12-06,2015-12-07,2016-01-03
650,0.9368558915904139,1.2668326864162334,2.427177618837119,1.4735714285714285,1.274603216468704,9.665894322097301e-05,12.84841537475586,0,0,5600,0.525227400008589,1,lumpy,coarse,2015-12-06,2015-12-07,2016-01-03
700,0.9345628074602774,1.2666931220938646,2.427144507287195,1.4735714285714285,1.2775586552888516,4.8582871386315674e-05,12.431023597717285,0,0,5600,0.5348304000217468,1,lumpy,coarse,2015-12-06,2015-12-07,2016-01-03
750,0.9129979613422068,1.2731870067849,2.4241329620173246,1.4735714285714285,1.311942036426391,3.627023761509918e-05,14.472186088562012,0,0,5600,0.5234086001291871,1,lumpy,coarse,2015-12-06,2015-12-07,2016-01-03
800,0.9239162273834232,1.2731294203465529,2.4324322430639858,1.4735714285714285,1.2983853535151963,2.9605700547108427e-05,15.438072204589844,0,0,5600,0.5265409001149237,1,lumpy,coarse,2015-12-06,2015-12-07,2016-01-03
810,0.9218427222132097,1.27495891946099,2.432966226218155,1.4735714285714285,1.301102252844277,3.008371095347684e-05,13.100137710571289,0,0,5600,0.5795043001417071,1,lumpy,refined,2015-12-06,2015-12-07,2016-01-03
820,0.9182705499024201,1.2778274340181899,2.433962945436914,1.4735714285714285,1.308842908079842,2.5523338990751654e-05,15.799149513244629,0,0,5600,0.6836469999980181,1,lumpy,refined,2015-12-06,2015-12-07,2016-01-03
830,0.9126474209289174,1.27472007202064,2.427251563190036,1.4735714285714285,1.3110149750282027,2.4803315682220273e-05,14.040956497192383,0,0,5600,0.5902654998935759,1,lumpy,refined,2015-12-06,2015-12-07,2016-01-03
840,0.9101484770675539,1.2760550879160535,2.4332979451521846,1.4735714285714285,1.313819470534668,2.2620492018177174e-05,13.929927825927734,0,0,5600,0.5448135999031365,1,lumpy,refined,2015-12-06,2015-12-07,2016-01-03
850,0.9126903107895437,1.276459142448168,2.4313924654123977,1.4735714285714285,1.311309346312939,2.1767384168924764e-05,13.469808578491211,0,0,5600,0.545337500050664,1,lumpy,coarse,2015-12-06,2015-12-07,2016-01-03
860,0.9133843524054622,1.2739472433108696,2.427904738911444,1.4735714285714285,1.309122625797148,2.0260293240426108e-05,12.893341064453125,0,0,5600,0.5481745998840779,1,lumpy,refined,2015-12-06,2015-12-07,2016-01-03
870,0.9188391851586775,1.2760412112837707,2.4341017527462463,1.4735714285714285,1.3014969581371123,1.891439205792267e-05,14.117179870605469,0,0,5600,0.555626800050959,1,lumpy,refined,2015-12-06,2015-12-07,2016-01-03
880,0.9213182010086534,1.2734654237901948,2.4326453431679256,1.4735714285714285,1.2994310731694498,1.736134072416462e-05,12.908077239990234,0,0,5600,0.5649140998721123,1,lumpy,refined,2015-12-06,2015-12-07,2016-01-03
890,0.9196516318817165,1.2731088547858471,2.4311210231492346,1.4735714285714285,1.300280690351504,1.5979761883500032e-05,11.856226921081543,0,0,5600,0.5487323000561446,1,lumpy,refined,2015-12-06,2015-12-07,2016-01-03
900,0.9192958135837785,1.275751056594696,2.432291897538053,1.4735714285714285,1.3042256922637407,1.6249030522885732e-05,12.892934799194336,0,0,5600,0.5387779001612216,1,lumpy,coarse,2015-12-06,2015-12-07,2016-01-03
950,0.9246642719540196,1.2739274894891655,2.442834614570996,1.4735714285714285,1.294497079924167,1.4584426935471129e-05,13.976505279541016,0,0,5600,0.5383528999518603,1,lumpy,coarse,2015-12-06,2015-12-07,2016-01-03
1000,0.9272848835497948,1.2801789885874864,2.445053651051497,1.4735714285714285,1.3023900574871088,1.3771369594905991e-05,13.902748107910156,0,0,5600,0.5440810001455247,1,lumpy,coarse,2015-12-06,2015-12-07,2016-01-03
1100,0.9257037082676325,1.284188481411288,2.4632191234911582,1.4735714285714285,1.3041800669974748,7.516826372011565e-06,13.08122730255127,0,0,5600,0.5355390999466181,1,lumpy,coarse,2015-12-06,2015-12-07,2016-01-03
1200,0.9213066336807212,1.2895164012384293,2.4585052967787626,1.4735714285714285,1.315223543394558,5.052756478107767e-06,13.292487144470215,0,0,5600,0.5488679001573473,1,lumpy,coarse,2015-12-06,2015-12-07,2016-01-03
1300,0.9211667998725854,1.2886459281837954,2.456445736129,1.4735714285714285,1.3157401859917959,4.582580913847778e-06,13.696163177490234,0,0,5600,0.546496800146997,1,lumpy,coarse,2015-12-06,2015-12-07,2016-01-03
1400,0.9224123643456333,1.2930992092771014,2.4558667089476622,1.4735714285714285,1.3197424325046463,2.7159285309608094e-06,14.962742805480957,0,0,5600,0.6118895998224616,1,lumpy,coarse,2015-12-06,2015-12-07,2016-01-03
1500,0.9220710708388368,1.3010958509602113,2.469286155016095,1.4735714285714285,1.3270368205915073,1.5891441762505565e-06,14.01415729522705,0,0,5600,0.7746790000237525,1,lumpy,coarse,2015-12-06,2015-12-07,2016-01-03
25,1.105446115086912,3.5086718368849583,6.624134565537799,5.4903571428571425,4.981959051436611,0.7184860706329346,26.128799438476562,0,0,5600,0.47041599988006055,1,smooth,coarse,2015-12-06,2015-12-07,2016-01-03
50,0.9828629180442086,2.8408975971410317,4.950477233863788,5.4903571428571425,5.028343821021595,0.1674080342054367,49.770042419433594,0,0,5600,0.49698669998906553,1,smooth,coarse,2015-12-06,2015-12-07,2016-01-03
75,0.9473460401348119,2.7165738226619682,4.651672513250459,5.4903571428571425,5.181793219174391,0.07322466373443604,59.83132553100586,0,0,5600,0.46872629993595183,1,smooth,coarse,2015-12-06,2015-12-07,2016-01-03
100,0.9201899816578419,2.7028134093426965,4.650303901345212,5.4903571428571425,5.232245578940825,0.046413831412792206,62.927066802978516,0,0,5600,0.481388800079003,1,smooth,coarse,2015-12-06,2015-12-07,2016-01-03
125,0.8810765262852378,2.681510095436658,4.579842487414693,5.4903571428571425,5.268159800423309,0.029848206788301468,63.439208984375,0,0,5600,0.4817877998575568,1,smooth,coarse,2015-12-06,2015-12-07,2016-01-03
150,0.8216307549511908,2.6427516673854554,4.449346388492305,5.4903571428571425,5.300495179770847,0.0182645320892334,63.741825103759766,0,0,5600,0.49059189995750785,1,smooth,coarse,2015-12-06,2015-12-07,2016-01-03
175,0.7931840031837846,2.6268196164224564,4.399225438395574,5.4903571428571425,5.3271321019523645,0.012121378444135189,64.1725082397461,0,0,5600,0.4868008999619633,1,smooth,coarse,2015-12-06,2015-12-07,2016-01-03
200,0.7655547676703325,2.604491784351412,4.338326707477006,5.4903571428571425,5.3300917318094125,0.00653889961540699,64.24007415771484,0,0,5600,0.48024530010297894,1,smooth,coarse,2015-12-06,2015-12-07,2016-01-03
250,0.7420894506116955,2.579644354946254,4.290928883237999,5.4903571428571425,5.372859011598006,0.0024518934078514576,64.48261260986328,0,0,5600,0.4989360999315977,1,smooth,coarse,2015-12-06,2015-12-07,2016-01-03
300,0.738274709801877,2.5786456140398513,4.280997899781062,5.4903571428571425,5.398617345018844,0.0015399863477796316,64.09849548339844,0,0,5600,0.49164059991016984,1,smooth,coarse,2015-12-06,2015-12-07,2016-01-03
350,0.7292005685365068,2.556901631405126,4.238141341360423,5.4903571428571425,5.38679060247788,0.0005761128268204629,63.393306732177734,0,0,5600,0.49907869985327125,1,smooth,coarse,2015-12-06,2015-12-07,2016-01-03
400,0.7256691695706857,2.553088268774087,4.236506927728959,5.4903571428571425,5.390775821531627,0.0002414159826003015,63.12583923339844,0,0,5600,0.48537050001323223,1,smooth,coarse,2015-12-06,2015-12-07,2016-01-03
450,0.7197829066463755,2.554743598530349,4.2349177456034255,5.4903571428571425,5.432511648094033,0.00012227799743413925,62.65262985229492,0,0,5600,0.4710933999158442,1,smooth,coarse,2015-12-06,2015-12-07,2016-01-03
500,0.7228010601219259,2.558838800520003,4.254687067523774,5.4903571428571425,5.4260409134824075,7.98294204287231e-05,62.804908752441406,0,0,5600,0.5077110000420362,1,smooth,coarse,2015-12-06,2015-12-07,2016-01-03
550,0.721394358176829,2.55934727964652,4.251888282154112,5.4903571428571425,5.427583656221723,4.049202107125893e-05,62.712318420410156,0,0,5600,0.4961223001591861,1,smooth,coarse,2015-12-06,2015-12-07,2016-01-03
560,0.7181281500066509,2.559631523137604,4.2535059675287,5.4903571428571425,5.449877428687599,3.440097134443931e-05,62.7805061340332,0,0,5600,0.4924725000746548,1,smooth,refined,2015-12-06,2015-12-07,2016-01-03
570,0.7184412583301503,2.565961837110829,4.255385506442399,5.4903571428571425,5.46193029769097,3.529577952576801e-05,62.77730178833008,0,0,5600,0.49741930002346635,1,smooth,refined,2015-12-06,2015-12-07,2016-01-03
580,0.719755085818739,2.5641696009636012,4.258286494909027,5.4903571428571425,5.4552134133757315,3.661552182165906e-05,62.826175689697266,0,0,5600,0.4900411998387426,1,smooth,refined,2015-12-06,2015-12-07,2016-01-03
590,0.7192935051557152,2.563126919417728,4.259303299313163,5.4903571428571425,5.457080480834589,3.159961124765687e-05,62.871158599853516,0,0,5600,0.5255237000528723,1,smooth,refined,2015-12-06,2015-12-07,2016-01-03
600,0.718740678707691,2.5620651330775615,4.255240552392286,5.4903571428571425,5.460946356505731,2.6666370104067028e-05,62.82240295410156,0,0,5600,0.5180585000198334,1,smooth,coarse,2015-12-06,2015-12-07,2016-01-03
610,0.7188021929061057,2.5627765082887533,4.255162755199331,5.4903571428571425,5.459329949100812,2.703435529838316e-05,62.82773208618164,0,0,5600,0.5068422998301685,1,smooth,refined,2015-12-06,2015-12-07,2016-01-03
620,0.7199860739082992,2.5637229536279835,4.258126123877018,5.4903571428571425,5.455136285442099,2.0895711713819765e-05,62.816471099853516,0,0,5600,0.4985177998896688,1,smooth,refined,2015-12-06,2015-12-07,2016-01-03
630,0.7190573044230715,2.564195945380336,4.260180141606671,5.4903571428571425,5.457345897179422,2.0977573512936942e-05,62.7746696472168,0,0,5600,0.5042633998673409,1,smooth,refined,2015-12-06,2015-12-07,2016-01-03
640,0.7188689381111137,2.566680621258357,4.262122295113512,5.4903571428571425,5.4526881155878435,2.133364432665985e-05,62.69521713256836,0,0,5600,0.5072182000149041,1,smooth,refined,2015-12-06,2015-12-07,2016-01-03
650,0.7241081496273353,2.5625047953399256,4.2557818383004165,5.4903571428571425,5.4173414822493875,1.8738674043561332e-05,62.64838790893555,0,0,5600,0.5107416000682861,1,smooth,coarse,2015-12-06,2015-12-07,2016-01-03
700,0.7267653181235201,2.564515740120288,4.264170877650315,5.4903571428571425,5.400301281351814,1.8049839127343148e-05,62.197265625,0,0,5600,0.517354300012812,1,smooth,coarse,2015-12-06,2015-12-07,2016-01-03
750,0.7270380927433319,2.5631884704903904,4.261111567296346,5.4903571428571425,5.399298804182208,1.1076417649746872e-05,62.069007873535156,0,0,5600,0.5400251001119614,1,smooth,coarse,2015-12-06,2015-12-07,2016-01-03
800,0.7265492704044076,2.5666474432723763,4.2658110465790235,5.4903571428571425,5.390793410576548,7.960594302858226e-06,62.138954162597656,0,0,5600,0.491401799954474,1,smooth,coarse,2015-12-06,2015-12-07,2016-01-03
850,0.7223139668420702,2.5704542225187006,4.2762796521963615,5.4903571428571425,5.418482858191246,5.930713541602017e-06,61.481468200683594,0,0,5600,0.5363928000442684,1,smooth,coarse,2015-12-06,2015-12-07,2016-01-03
900,0.7229777161385734,2.57342173994878,4.2739369508816445,5.4903571428571425,5.411090844619242,3.1941635825205594e-06,61.57623291015625,0,0,5600,0.6306320999283344,1,smooth,coarse,2015-12-06,2015-12-07,2016-01-03
950,0.7238107956876264,2.5722741178827726,4.271330435653084,5.4903571428571425,5.409698028276837,1.917175495691481e-06,61.57767105102539,0,0,5600,0.5334709000308067,1,smooth,coarse,2015-12-06,2015-12-07,2016-01-03
1000,0.7245956686922964,2.575066598871534,4.275797641728997,5.4903571428571425,5.393333653432101,1.3418202797765844e-06,60.81878662109375,0,0,5600,0.5145870000123978,1,smooth,coarse,2015-12-06,2015-12-07,2016-01-03
1100,0.7274889126090357,2.573285734312916,4.283591833458869,5.4903571428571425,5.3850942928040295,1.128619601331593e-06,60.66715621948242,0,0,5600,0.5432700000237674,1,smooth,coarse,2015-12-06,2015-12-07,2016-01-03
1200,0.7273960592621808,2.572486205682231,4.281901560825101,5.4903571428571425,5.389906006934881,9.434089633941767e-07,60.95820617675781,0,0,5600,0.5125730000436306,1,smooth,coarse,2015-12-06,2015-12-07,2016-01-03
1300,0.723216842330368,2.5720473300947364,4.281518937409262,5.4903571428571425,5.387045601131448,4.841261898036464e-07,61.287841796875,0,0,5600,0.533419200219214,1,smooth,coarse,2015-12-06,2015-12-07,2016-01-03
1400,0.7254277647419797,2.5686661743093198,4.2718060533788496,5.4903571428571425,5.367350940844599,3.482407464616699e-07,61.62205505371094,0,0,5600,0.5107904998585582,1,smooth,coarse,2015-12-06,2015-12-07,2016-01-03
1500,0.7324537424492858,2.569040172309853,4.265256361209814,5.4903571428571425,5.347653753673492,2.2397053101030906e-07,62.0542106628418,0,0,5600,0.565908299991861,1,smooth,coarse,2015-12-06,2015-12-07,2016-01-03
25,1.056278844265261,3.845463338387864,6.609117955283549,5.907321428571429,5.496603449646916,0.9434187412261963,22.9708194732666,0,0,5600,0.5691539000254124,2,erratic,coarse,2016-01-03,2016-01-04,2016-01-31
50,0.986204716172472,3.6109754076919387,6.107429392366974,5.907321428571429,5.220136871572052,0.3153756558895111,41.20874786376953,0,0,5600,0.5108624999411404,2,erratic,coarse,2016-01-03,2016-01-04,2016-01-31
75,0.8867783171166451,3.569748522623309,5.804380716823381,5.907321428571429,5.307167670269098,0.23106302320957184,48.62245178222656,0,0,5600,0.507275499869138,2,erratic,coarse,2016-01-03,2016-01-04,2016-01-31
100,0.8470861923453762,3.563085343058088,5.747829153652638,5.907321428571429,5.384648041951337,0.17457765340805054,52.43464660644531,0,0,5600,0.5022155998740345,2,erratic,coarse,2016-01-03,2016-01-04,2016-01-31
125,0.7689048096987126,3.5428837471322288,5.636744129054485,5.907321428571429,5.579409986758338,0.16855524480342865,57.63758850097656,0,0,5600,0.4851008001714945,2,erratic,coarse,2016-01-03,2016-01-04,2016-01-31
135,0.7599619473547645,3.5505671780662875,5.64163393354035,5.907321428571429,5.620686424182994,0.14609086513519287,57.67646026611328,0,0,5600,0.4791117000859231,2,erratic,refined,2016-01-03,2016-01-04,2016-01-31
145,0.7569665208685395,3.5533778493053148,5.641837413069171,5.907321428571429,5.650048305961702,0.14514313638210297,58.443050384521484,0,0,5600,0.4963731002062559,2,erratic,refined,2016-01-03,2016-01-04,2016-01-31
150,0.7574052437406825,3.561340355527188,5.656183909173128,5.907321428571429,5.65372798068715,0.14527203142642975,58.22972106933594,0,0,5600,0.4935435000807047,2,erratic,coarse,2016-01-03,2016-01-04,2016-01-31
155,0.7498644290673874,3.560943371847804,5.644069419832714,5.907321428571429,5.6815534377444,0.14620265364646912,58.258548736572266,0,0,5600,0.48109289980493486,2,erratic,refined,2016-01-03,2016-01-04,2016-01-31
165,0.7429656452535885,3.5631081143899688,5.640544025169984,5.907321428571429,5.709088667357074,0.23396189510822296,58.71844482421875,0,0,5600,0.5214401001576334,2,erratic,refined,2016-01-03,2016-01-04,2016-01-31
175,0.7428757572472464,3.567975030882018,5.649265211772027,5.907321428571429,5.728201926446387,0.22749461233615875,58.604095458984375,0,0,5600,0.509349999949336,2,erratic,coarse,2016-01-03,2016-01-04,2016-01-31
185,0.7687752239019362,3.586389864244099,5.706442666010398,5.907321428571429,5.681483666032021,0.2365952879190445,54.97661590576172,0,0,5600,0.4909330999944359,2,erratic,refined,2016-01-03,2016-01-04,2016-01-31
195,0.761074250896104,3.5911458883381315,5.702713169270619,5.907321428571429,5.71729972814875,0.13064028322696686,55.07366943359375,0,0,5600,0.4978436999954283,2,erratic,refined,2016-01-03,2016-01-04,2016-01-31
200,0.7563430571513766,3.589234738262104,5.694708596098098,5.907321428571429,5.7346806443775336,0.19801728427410126,55.10264587402344,0,0,5600,0.5039768000133336,2,erratic,coarse,2016-01-03,2016-01-04,2016-01-31
205,0.7546670567190399,3.5876434143127076,5.691950846660959,5.907321428571429,5.743287684558226,0.1973244994878769,55.459957122802734,0,0,5600,0.474198600044474,2,erratic,refined,2016-01-03,2016-01-04,2016-01-31
215,0.7513319340433133,3.5893244802126927,5.692666132225868,5.907321428571429,5.766632579860411,0.12727828323841095,55.57360076904297,0,0,5600,0.5058138999156654,2,erratic,refined,2016-01-03,2016-01-04,2016-01-31
225,0.7690774709557511,3.602580721351717,5.748610904230636,5.907321428571429,5.767865893686456,0.11237296462059021,55.04652404785156,0,0,5600,0.4762720998842269,2,erratic,refined,2016-01-03,2016-01-04,2016-01-31
250,0.8233801919600727,3.6236118524135756,5.846205192809244,5.907321428571429,5.657667387525684,0.10110323876142502,50.34282684326172,0,0,5600,0.5090499999932945,2,erratic,coarse,2016-01-03,2016-01-04,2016-01-31
300,0.8935834219550742,3.5911900406510435,5.922559799977481,5.907321428571429,5.4445419470360505,0.05877474322915077,49.2369384765625,0,0,5600,0.5097380999941379,2,erratic,coarse,2016-01-03,2016-01-04,2016-01-31
350,0.893831334163897,3.5951723892102017,5.936405010502671,5.907321428571429,5.456641383996632,0.04347078874707222,50.039894104003906,0,0,5600,0.49311390006914735,2,erratic,coarse,2016-01-03,2016-01-04,2016-01-31
400,0.9309002138508834,3.601253300307851,6.005995070574477,5.907321428571429,5.372448197577947,0.03363833576440811,42.09193801879883,0,0,5600,0.4908786001615226,2,erratic,coarse,2016-01-03,2016-01-04,2016-01-31
450,0.9629846847208241,3.6155122500531642,6.094165581898724,5.907321428571429,5.30889128734025,0.01953158527612686,39.49281692504883,0,0,5600,0.5174384999554604,2,erratic,coarse,2016-01-03,2016-01-04,2016-01-31
500,0.9676831437668727,3.6216366678591085,6.109072472992529,5.907321428571429,5.298661803157967,0.014157447032630444,37.969444274902344,0,0,5600,0.5030291001312435,2,erratic,coarse,2016-01-03,2016-01-04,2016-01-31
550,0.9587940565029575,3.63706114120216,6.134345404047649,5.907321428571429,5.354185599486477,0.001965056173503399,38.903656005859375,0,0,5600,0.5282360999844968,2,erratic,coarse,2016-01-03,2016-01-04,2016-01-31
600,0.9682495997226326,3.6298232868640374,6.136439247151024,5.907321428571429,5.307539422544048,0.0012359920656308532,40.21673583984375,0,0,5600,0.5370599001180381,2,erratic,coarse,2016-01-03,2016-01-04,2016-01-31
650,0.9821246322293542,3.620753536849058,6.147980794288397,5.907321428571429,5.259855814957367,0.0008761107455939054,39.74761962890625,0,0,5600,0.539361200062558,2,erratic,coarse,2016-01-03,2016-01-04,2016-01-31
700,0.9919403080838456,3.63401020809111,6.187274153967175,5.907321428571429,5.257021322273992,0.0006357553065754473,36.19328689575195,0,0,5600,0.5574398001190275,2,erratic,coarse,2016-01-03,2016-01-04,2016-01-31
750,1.0186315802944392,3.627039586383123,6.1982521525430885,5.907321428571429,5.184036116086567,0.00048424190026707947,36.003238677978516,0,0,5600,0.5311483999248594,2,erratic,coarse,2016-01-03,2016-01-04,2016-01-31
800,1.0258270617728267,3.630102706672395,6.214878482802085,5.907321428571429,5.158607335177283,0.000396023562643677,36.17280578613281,0,0,5600,0.5361276001203805,2,erratic,coarse,2016-01-03,2016-01-04,2016-01-31
850,1.0290201413218456,3.6292326585595323,6.221827176696508,5.907321428571429,5.151636967372724,0.00030068811611272395,36.45613098144531,0,0,5600,0.5295475998427719,2,erratic,coarse,2016-01-03,2016-01-04,2016-01-31
900,1.0360717434738773,3.6365248734541717,6.242135934337168,5.907321428571429,5.1280710747156055,0.00018651463324204087,36.551578521728516,0,0,5600,0.5591420999262482,2,erratic,coarse,2016-01-03,2016-01-04,2016-01-31
950,1.0469962967604711,3.6393969661295706,6.274457695288231,5.907321428571429,5.124998042886197,0.0002030103642027825,36.64241027832031,0,0,5600,0.5477972000371665,2,erratic,coarse,2016-01-03,2016-01-04,2016-01-31
1000,1.0595854727731282,3.6449992856821933,6.292826738626006,5.907321428571429,5.088968452793756,0.00016572051390539855,36.62289810180664,0,0,5600,0.5499448999762535,2,erratic,coarse,2016-01-03,2016-01-04,2016-01-31
1100,1.0702556707976156,3.6453182408069758,6.32025270669815,5.907321428571429,5.069386438876125,6.755943468306214e-05,36.641719818115234,0,0,5600,0.5373223999049515,2,erratic,coarse,2016-01-03,2016-01-04,2016-01-31
1200,1.0760505177503863,3.6661160095746967,6.353208648913776,5.907321428571429,5.0523849196971655,7.034401642158628e-05,36.99552536010742,0,0,5600,0.5823665000498295,2,erratic,coarse,2016-01-03,2016-01-04,2016-01-31
1300,1.0939717601216126,3.6547598435667337,6.3463060801863405,5.907321428571429,4.98545721615183,6.299664528341964e-05,37.62793731689453,0,0,5600,0.5470108999870718,2,erratic,coarse,2016-01-03,2016-01-04,2016-01-31
1400,1.1156013535694278,3.6671044678092213,6.413460045854739,5.907321428571429,4.9282558835477115,4.470429485081695e-05,35.2081413269043,0,0,5600,0.5720673999749124,2,erratic,coarse,2016-01-03,2016-01-04,2016-01-31
1500,1.112991852091107,3.6633918745746072,6.403013129774234,5.907321428571429,4.910082098136546,3.087331788265146e-05,34.94060516357422,0,0,5600,0.5519834000151604,2,erratic,coarse,2016-01-03,2016-01-04,2016-01-31
25,1.1282010173311954,0.7008591784896063,1.2815999951975192,0.6833928571428571,0.45661801290166165,0.08433672785758972,3.2132811546325684,0,0,5600,0.4653300999198109,2,intermittent,coarse,2016-01-03,2016-01-04,2016-01-31
50,1.1012666252235537,0.6305514832220174,1.1562571692254615,0.6833928571428571,0.4555949793496568,0.02708020992577076,5.9175639152526855,0,0,5600,0.5032476000487804,2,intermittent,coarse,2016-01-03,2016-01-04,2016-01-31
75,1.0023752564465065,0.6052738410068144,1.0694557991634064,0.6833928571428571,0.4945136951036485,0.0175907202064991,7.175490856170654,0,0,5600,0.4978200001642108,2,intermittent,coarse,2016-01-03,2016-01-04,2016-01-31
100,0.963181804200531,0.5937424231408762,1.0472265070544535,0.6833928571428571,0.5103184443501024,0.010742157697677612,7.985262393951416,0,0,5600,0.5033391998149455,2,intermittent,coarse,2016-01-03,2016-01-04,2016-01-31
110,0.9681646307214353,0.5901502470425996,1.0460643291628158,0.6833928571428571,0.5066079775397001,0.009338329546153545,8.036120414733887,0,0,5600,0.5062665001023561,2,intermittent,refined,2016-01-03,2016-01-04,2016-01-31
120,0.9600164499815057,0.58978333311513,1.043944218506788,0.6833928571428571,0.5105246784567135,0.007491682190448046,8.188047409057617,0,0,5600,0.5108729000203311,2,intermittent,refined,2016-01-03,2016-01-04,2016-01-31
125,0.9630253672451725,0.5885889952320472,1.0456386225726808,0.6833928571428571,0.5096214980515651,0.00672245305031538,8.169733047485352,0,0,5600,0.5056963001843542,2,intermittent,coarse,2016-01-03,2016-01-04,2016-01-31
130,0.9598967124634925,0.5886066288057814,1.0450395877984735,0.6833928571428571,0.5112550665773286,0.006695615593343973,8.256600379943848,0,0,5600,0.5116544999182224,2,intermittent,refined,2016-01-03,2016-01-04,2016-01-31
140,0.9515057059599425,0.5882825106493796,1.0419952780701924,0.6833928571428571,0.5152281711993939,0.006043123546987772,8.437474250793457,0,0,5600,0.4838729999028146,2,intermittent,refined,2016-01-03,2016-01-04,2016-01-31
150,0.9521238077135702,0.587687987257793,1.0421088766016346,0.6833928571428571,0.5141086656916222,0.00588602852076292,8.495569229125977,0,0,5600,0.5297501001041383,2,intermittent,coarse,2016-01-03,2016-01-04,2016-01-31
160,0.9445172093003883,0.5865639275739003,1.039830868181951,0.6833928571428571,0.5164194721576392,0.005623420234769583,8.559139251708984,0,0,5600,0.507291599875316,2,intermittent,refined,2016-01-03,2016-01-04,2016-01-31
170,0.9477145044146296,0.5855391784034769,1.04019664406134,0.6833928571428571,0.5129312253150523,0.005404061637818813,8.561253547668457,0,0,5600,0.48674409999512136,2,intermittent,refined,2016-01-03,2016-01-04,2016-01-31
175,0.980233911018769,0.5816542195076388,1.0448619624201025,0.6833928571428571,0.4947038019934137,0.004843601491302252,8.531302452087402,0,0,5600,0.501680799992755,2,intermittent,coarse,2016-01-03,2016-01-04,2016-01-31
180,0.98583902392238,0.5807974863220339,1.046622867571522,0.6833928571428571,0.49229410997176143,0.004324453417211771,8.522007942199707,0,0,5600,0.5027135000564158,2,intermittent,refined,2016-01-03,2016-01-04,2016-01-31
190,0.9849512752859912,0.5799427435495558,1.044792140911701,0.6833928571428571,0.4925232812278305,0.003917925525456667,8.563186645507812,0,0,5600,0.488302799873054,2,intermittent,refined,2016-01-03,2016-01-04,2016-01-31
200,0.9944997436271519,0.5794276455685862,1.0462375454306438,0.6833928571428571,0.48742082539239034,0.0034702259581536055,8.52249813079834,0,0,5600,0.4992556001525372,2,intermittent,coarse,2016-01-03,2016-01-04,2016-01-31
250,1.0003254925176917,0.5762535305025397,1.0459828478638242,0.6833928571428571,0.48398210743161535,0.0015773753402754664,8.637596130371094,0,0,5600,0.514826999977231,2,intermittent,coarse,2016-01-03,2016-01-04,2016-01-31
300,1.0298066074041792,0.5726835753209473,1.0460106739733672,0.6833928571428571,0.46968842220355456,0.0009580778423696756,8.648144721984863,0,0,5600,0.5172623998951167,2,intermittent,coarse,2016-01-03,2016-01-04,2016-01-31
350,1.0772633348769303,0.5670641149784361,1.0466434063964825,0.6833928571428571,0.44530109038486576,0.00038150776526890695,8.605558395385742,0,0,5600,0.5056465999223292,2,intermittent,coarse,2016-01-03,2016-01-04,2016-01-31
400,1.1443439822550703,0.564615532794669,1.0645216660646153,0.6833928571428571,0.41827593025766485,0.0002124843595083803,8.585346221923828,0,0,5600,0.5142842999193817,2,intermittent,coarse,2016-01-03,2016-01-04,2016-01-31
450,1.1729340375538453,0.5643293906475264,1.0725897664537098,0.6833928571428571,0.40616753595944827,0.00014738574100192636,8.282185554504395,0,0,5600,0.5150095999706537,2,intermittent,coarse,2016-01-03,2016-01-04,2016-01-31
500,1.1977438537309468,0.5665000866139039,1.0823392801673153,0.6833928571428571,0.3955022255660632,4.417445961735211e-05,8.254104614257812,0,0,5600,0.5138829001225531,2,intermittent,coarse,2016-01-03,2016-01-04,2016-01-31
550,1.2197571592635426,0.5690121112588313,1.0954184589362628,0.6833928571428571,0.38921348132744926,2.6859246645472012e-05,7.897473335266113,0,0,5600,0.5230543001089245,2,intermittent,coarse,2016-01-03,2016-01-04,2016-01-31
600,1.2110759187052005,0.5672704304147971,1.0886991967081845,0.6833928571428571,0.3917000608874462,1.623845128051471e-05,8.337413787841797,0,0,5600,0.5214813000056893,2,intermittent,coarse,2016-01-03,2016-01-04,2016-01-31
650,1.2135728869795046,0.5679096254905117,1.0900236079336483,0.6833928571428571,0.39132668226545675,1.292023625865113e-05,8.424181938171387,0,0,5600,0.5385509000625461,2,intermittent,coarse,2016-01-03,2016-01-04,2016-01-31
700,1.1942060246604993,0.5668475144797718,1.0829878230210135,0.6833928571428571,0.3981318852197202,1.004197656584438e-05,8.284608840942383,0,0,5600,0.5512225001584738,2,intermittent,coarse,2016-01-03,2016-01-04,2016-01-31
750,1.2172445771546883,0.5664355574219162,1.0866187047855476,0.6833928571428571,0.3888842763551135,9.047631465364248e-06,8.248040199279785,0,0,5600,0.5321502999868244,2,intermittent,coarse,2016-01-03,2016-01-04,2016-01-31
800,1.227702361783733,0.5673418183570403,1.095040922825982,0.6833928571428571,0.38429418342099864,7.711663783993572e-06,8.868454933166504,0,0,5600,0.5419654999859631,2,intermittent,coarse,2016-01-03,2016-01-04,2016-01-31
850,1.2356282228698559,0.5684981990123233,1.096115713606091,0.6833928571428571,0.3807348397678221,4.2164124351984356e-06,7.923711776733398,0,0,5600,0.5043500000610948,2,intermittent,coarse,2016-01-03,2016-01-04,2016-01-31
900,1.2529773654054135,0.5670925329835607,1.1018434566651747,0.6833928571428571,0.3742635721954591,2.8025074243487325e-06,7.925015449523926,0,0,5600,0.5356560999061912,2,intermittent,coarse,2016-01-03,2016-01-04,2016-01-31
950,1.2752845531906487,0.5688599222702373,1.1113306455696903,0.6833928571428571,0.36542771132632,2.411106379440753e-06,8.315463066101074,0,0,5600,0.5390354001428932,2,intermittent,coarse,2016-01-03,2016-01-04,2016-01-31
1000,1.2963633280335536,0.5702347740939072,1.1224931044877542,0.6833928571428571,0.35681616285500123,1.6603452195340651e-06,7.256115913391113,0,0,5600,0.5268512999173254,2,intermittent,coarse,2016-01-03,2016-01-04,2016-01-31
1100,1.3196453085457907,0.5724113335710911,1.135106231486181,0.6833928571428571,0.34770792034144743,7.671353046134755e-07,7.258301258087158,0,0,5600,0.5505973000545055,2,intermittent,coarse,2016-01-03,2016-01-04,2016-01-31
1200,1.330897391614738,0.5712646797907712,1.1326417339987322,0.6833928571428571,0.3419207342197172,3.705985420765501e-07,7.3919196128845215,0,0,5600,0.534888599999249,2,intermittent,coarse,2016-01-03,2016-01-04,2016-01-31
1300,1.3485162851185164,0.5712565749227909,1.1463843717506281,0.6833928571428571,0.3368125299913303,3.4998933529095666e-07,7.373385906219482,0,0,5600,0.5503026000224054,2,intermittent,coarse,2016-01-03,2016-01-04,2016-01-31
1400,1.360415958482166,0.5705889113554842,1.1471805678550246,0.6833928571428571,0.33129801694302313,1.90511968867213e-07,7.873312950134277,0,0,5600,0.5435200000647455,2,intermittent,coarse,2016-01-03,2016-01-04,2016-01-31
1500,1.3842535780612297,0.5732996558254726,1.1590541701634889,0.6833928571428571,0.3208881943163606,1.5028254551907594e-07,7.875113487243652,0,0,5600,0.5687794999685138,2,intermittent,coarse,2016-01-03,2016-01-04,2016-01-31
25,1.4239961894859172,1.5648600722609887,3.0555496383038943,1.7066071428571428,1.1449456212855875,0.1494564563035965,5.194369316101074,0,0,5600,0.49804480001330376,2,lumpy,coarse,2016-01-03,2016-01-04,2016-01-31
50,1.4287161743866015,1.478015028487758,2.9352063247067224,1.7066071428571428,1.1082836536457763,0.03552749380469322,8.072879791259766,0,0,5600,0.46990250004455447,2,lumpy,coarse,2016-01-03,2016-01-04,2016-01-31
75,1.3543189682759138,1.457176473499941,2.8667653637408614,1.7066071428571428,1.1556558408042683,0.02174401842057705,10.57243537902832,0,0,5600,0.4958816999569535,2,lumpy,coarse,2016-01-03,2016-01-04,2016-01-31
100,1.3138273017781201,1.4482607659334983,2.8356495944827236,1.7066071428571428,1.1787906093233531,0.01759776659309864,11.8355131149292,0,0,5600,0.481453699991107,2,lumpy,coarse,2016-01-03,2016-01-04,2016-01-31
110,1.2977602726813122,1.4458237951601456,2.827014704932399,1.7066071428571428,1.1887542768667585,0.016511617228388786,12.164223670959473,0,0,5600,0.5633389998693019,2,lumpy,refined,2016-01-03,2016-01-04,2016-01-31
120,1.2894001116046787,1.4458017901567344,2.8241480885901766,1.7066071428571428,1.194047462961836,0.016525298357009888,12.278754234313965,0,0,5600,0.5444898998830467,2,lumpy,refined,2016-01-03,2016-01-04,2016-01-31
125,1.288214760908474,1.4457655640656595,2.824151178441552,1.7066071428571428,1.1941951196226623,0.014929811470210552,12.088838577270508,0,0,5600,0.49519870011135936,2,lumpy,coarse,2016-01-03,2016-01-04,2016-01-31
130,1.2783088068350326,1.4448066922360365,2.818016686182074,1.7066071428571428,1.2019275333230117,0.014858903363347054,12.138861656188965,0,0,5600,0.5426499000750482,2,lumpy,refined,2016-01-03,2016-01-04,2016-01-31
140,1.264242257551218,1.4444021804624103,2.8112926327094603,1.7066071428571428,1.2128840156850804,0.015277653932571411,12.800140380859375,0,0,5600,0.5708029000088573,2,lumpy,refined,2016-01-03,2016-01-04,2016-01-31
150,1.2592301261130725,1.443905884678908,2.8098330009288475,1.7066071428571428,1.2149194306313127,0.013640413992106915,12.8539400100708,0,0,5600,0.49831880000419915,2,lumpy,coarse,2016-01-03,2016-01-04,2016-01-31
160,1.2549417716731377,1.4438295550183726,2.80852987737987,1.7066071428571428,1.219496912911501,0.013530824333429337,12.845934867858887,0,0,5600,0.5599398000631481,2,lumpy,refined,2016-01-03,2016-01-04,2016-01-31
170,1.2422489605655198,1.4441799084908729,2.804392170514288,1.7066071428571428,1.2304507103259674,0.012794006615877151,12.977185249328613,0,0,5600,0.5661383999977261,2,lumpy,refined,2016-01-03,2016-01-04,2016-01-31
175,1.3050379997243449,1.4453177937782102,2.838212410022647,1.7066071428571428,1.182450934462582,0.010926774702966213,12.468682289123535,0,0,5600,0.4670977001078427,2,lumpy,coarse,2016-01-03,2016-01-04,2016-01-31
180,1.3045115197657222,1.4466927433552752,2.837763473270391,1.7066071428571428,1.184155193346752,0.010922914370894432,12.482983589172363,0,0,5600,0.5466881999745965,2,lumpy,refined,2016-01-03,2016-01-04,2016-01-31
190,1.2848669257365082,1.4463925942128324,2.8300394151225254,1.7066071428571428,1.2013964124577718,0.010980971157550812,12.496684074401855,0,0,5600,0.5443377001211047,2,lumpy,refined,2016-01-03,2016-01-04,2016-01-31
200,1.28739638436879,1.449230012603969,2.8418187157780745,1.7066071428571428,1.20076020147851,0.011133178137242794,12.043472290039062,0,0,5600,0.47291620005853474,2,lumpy,coarse,2016-01-03,2016-01-04,2016-01-31
250,1.283365704955969,1.4556989523572181,2.8526868769893703,1.7066071428571428,1.207826845912662,0.00854007713496685,11.987798690795898,0,0,5600,0.5165101999882609,2,lumpy,coarse,2016-01-03,2016-01-04,2016-01-31
300,1.3255420364192607,1.4575311872826258,2.8817548706622333,1.7066071428571428,1.1827998724056774,0.0058265989646315575,11.019356727600098,0,0,5600,0.4860796998254955,2,lumpy,coarse,2016-01-03,2016-01-04,2016-01-31
350,1.3843868693434813,1.456217667911634,2.916495390691074,1.7066071428571428,1.1257540624419093,0.004039111081510782,10.690937995910645,0,0,5600,0.5064147999510169,2,lumpy,coarse,2016-01-03,2016-01-04,2016-01-31
400,1.4065847982141046,1.4545874071093359,2.9281779051320975,1.7066071428571428,1.1039926479693218,0.0030506958719342947,10.410700798034668,0,0,5600,0.5047638998366892,2,lumpy,coarse,2016-01-03,2016-01-04,2016-01-31
450,1.449040357561248,1.4566473698204,2.9522865935403724,1.7066071428571428,1.0619053555514049,0.002335890894755721,9.837857246398926,0,0,5600,0.546553699998185,2,lumpy,coarse,2016-01-03,2016-01-04,2016-01-31
500,1.4501112618031327,1.4568251989334489,2.967147379525495,1.7066071428571428,1.0580298551864689,0.0019986098632216454,8.767592430114746,0,0,5600,0.510933700017631,2,lumpy,coarse,2016-01-03,2016-01-04,2016-01-31
550,1.4633605575239275,1.460923761444345,2.978638171302606,1.7066071428571428,1.0540983483969675,0.0013730357168242335,8.336169242858887,0,0,5600,0.5067392999771982,2,lumpy,coarse,2016-01-03,2016-01-04,2016-01-31
600,1.4730479927818378,1.4606866675009327,2.981824801438492,1.7066071428571428,1.0488167805317166,0.0012590554542839527,8.062724113464355,0,0,5600,0.5083425999619067,2,lumpy,coarse,2016-01-03,2016-01-04,2016-01-31
650,1.4804722428575035,1.4621216601447875,2.9900866590438078,1.7066071428571428,1.0402950915982572,0.0009453034726902843,7.924161434173584,0,0,5600,0.547414599917829,2,lumpy,coarse,2016-01-03,2016-01-04,2016-01-31
700,1.5071762778538702,1.4661606820539184,3.0049401051989766,1.7066071428571428,1.0187265579208178,0.0007963780662976205,7.700509071350098,0,0,5600,0.5525410000700504,2,lumpy,coarse,2016-01-03,2016-01-04,2016-01-31
750,1.5170079018386682,1.4683139980458302,3.0124881613417918,1.7066071428571428,1.0126219010634667,0.0005340137286111712,7.724267959594727,0,0,5600,0.5211817999370396,2,lumpy,coarse,2016-01-03,2016-01-04,2016-01-31
800,1.5175929113899247,1.4696213653868628,3.013699565714797,1.7066071428571428,1.010120574734314,0.0003982830385211855,7.62178897857666,0,0,5600,0.5384182000998408,2,lumpy,coarse,2016-01-03,2016-01-04,2016-01-31
850,1.5333566574842168,1.4716208433832174,3.0213853875739582,1.7066071428571428,0.995693478999175,0.00026655805413611233,7.595259189605713,0,0,5600,0.5888481999281794,2,lumpy,coarse,2016-01-03,2016-01-04,2016-01-31
900,1.5391696304912204,1.4715253955420744,3.0243444545733333,1.7066071428571428,0.9945154276631832,0.0002063334104605019,7.548954010009766,0,0,5600,0.5439377001021057,2,lumpy,coarse,2016-01-03,2016-01-04,2016-01-31
950,1.5416073295279697,1.4719399476434463,3.026872816723248,1.7066071428571428,0.9888364767580476,0.00016183344996534288,7.337841510772705,0,0,5600,0.5663772001862526,2,lumpy,coarse,2016-01-03,2016-01-04,2016-01-31
1000,1.5410783932275298,1.4723927325664616,3.027537900108124,1.7066071428571428,0.9884553492143096,0.0001360587339149788,7.219054698944092,0,0,5600,1.3152280999347568,2,lumpy,coarse,2016-01-03,2016-01-04,2016-01-31
1100,1.5787262438446332,1.473488286982343,3.044290167939437,1.7066071428571428,0.9579842530311024,9.556827717460692e-05,7.451326847076416,0,0,5600,1.027403000043705,2,lumpy,coarse,2016-01-03,2016-01-04,2016-01-31
1200,1.6149821271788765,1.4734715654681272,3.0580981724841183,1.7066071428571428,0.9279540103885483,5.7763507356867194e-05,8.046797752380371,0,0,5600,2.1412992000114173,2,lumpy,coarse,2016-01-03,2016-01-04,2016-01-31
1300,1.609701018981155,1.4662299667926606,3.0512623010920916,1.7066071428571428,0.9282628041592164,5.705472722183913e-05,8.866175651550293,0,0,5600,0.7558950001839548,2,lumpy,coarse,2016-01-03,2016-01-04,2016-01-31
1400,1.6074899554497417,1.4631531141235317,3.056072135302244,1.7066071428571428,0.9236208231662795,4.4152893678983673e-05,9.225829124450684,0,0,5600,0.7177653999533504,2,lumpy,coarse,2016-01-03,2016-01-04,2016-01-31
1500,1.6241693559156154,1.4670548182971073,3.065138161928152,1.7066071428571428,0.9085625216507697,3.252970418543555e-05,7.855507850646973,0,0,5600,0.6941176000982523,2,lumpy,coarse,2016-01-03,2016-01-04,2016-01-31
25,0.9238853286616835,3.272073850865875,5.949913904832319,5.650535714285715,4.970939658305475,0.7131009697914124,23.991361618041992,0,0,5600,0.5059462999925017,2,smooth,coarse,2016-01-03,2016-01-04,2016-01-31
50,0.8256833588252274,2.7639528917946987,5.033341975871862,5.650535714285715,4.900115316137671,0.18757380545139313,42.54597854614258,0,0,5600,0.5018142000772059,2,smooth,coarse,2016-01-03,2016-01-04,2016-01-31
75,0.7740963199390365,2.7309715967851558,4.932575469685465,5.650535714285715,5.0352631233832135,0.0876542404294014,51.696285247802734,0,0,5600,0.4955890001729131,2,smooth,coarse,2016-01-03,2016-01-04,2016-01-31
100,0.7546705555322181,2.731789687282539,4.884986182073627,5.650535714285715,5.082082339751401,0.060017723590135574,52.950321197509766,0,0,5600,0.49657960003241897,2,smooth,coarse,2016-01-03,2016-01-04,2016-01-31
125,0.7343929391085258,2.7275154406863398,4.849476579403584,5.650535714285715,5.130783645886528,0.04750657454133034,53.71187973022461,0,0,5600,0.49893759982660413,2,smooth,coarse,2016-01-03,2016-01-04,2016-01-31
150,0.7115637420668828,2.718703617418983,4.819214092097789,5.650535714285715,5.174585918991694,0.039642084389925,54.6115837097168,0,0,5600,0.4741169000044465,2,smooth,coarse,2016-01-03,2016-01-04,2016-01-31
175,0.7013587818644321,2.7079449523639467,4.789271692945016,5.650535714285715,5.194021648324227,0.02268802560865879,54.36439514160156,0,0,5600,0.49014850007370114,2,smooth,coarse,2016-01-03,2016-01-04,2016-01-31
200,0.6878126145047855,2.6967919216067195,4.765488774032131,5.650535714285715,5.215217658901487,0.013137200847268105,54.45286178588867,0,0,5600,0.4894396001473069,2,smooth,coarse,2016-01-03,2016-01-04,2016-01-31
250,0.6758675939801672,2.6958192301674613,4.792644244071181,5.650535714285715,5.225890358710395,0.0070014637894928455,53.97793960571289,0,0,5600,0.5174636000301689,2,smooth,coarse,2016-01-03,2016-01-04,2016-01-31
260,0.6756194827720671,2.6950651475968437,4.785876370686649,5.650535714285715,5.229849091784231,0.005667795427143574,54.01618957519531,0,0,5600,0.5358167998492718,2,smooth,refined,2016-01-03,2016-01-04,2016-01-31
270,0.6770730485006652,2.692831791685146,4.785614978433159,5.650535714285715,5.2200588352663075,0.004646710120141506,53.95319747924805,0,0,5600,0.5057649998925626,2,smooth,refined,2016-01-03,2016-01-04,2016-01-31
280,0.6836315326848803,2.690975601241184,4.781536731974146,5.650535714285715,5.195794449091648,0.00379036832600832,53.85945510864258,0,0,5600,0.5261650998145342,2,smooth,refined,2016-01-03,2016-01-04,2016-01-31
290,0.6757606617214589,2.6870421969823655,4.7681665552523285,5.650535714285715,5.215724331346199,0.0032458279747515917,54.02859115600586,0,0,5600,0.4936675999779254,2,smooth,refined,2016-01-03,2016-01-04,2016-01-31
300,0.6739349297318508,2.684805807062034,4.757175805148147,5.650535714285715,5.221219222991204,0.0027859541587531567,54.018428802490234,0,0,5600,0.49685500003397465,2,smooth,coarse,2016-01-03,2016-01-04,2016-01-31
310,0.6731201531627391,2.68199215340374,4.747960441559568,5.650535714285715,5.220397619170627,0.0028012997936457396,53.953739166259766,0,0,5600,0.5080683000851423,2,smooth,refined,2016-01-03,2016-01-04,2016-01-31
320,0.6892611045498503,2.6815587937645198,4.760392545163493,5.650535714285715,5.167085830422376,0.002765117445960641,53.83847427368164,0,0,5600,0.5218813999090344,2,smooth,refined,2016-01-03,2016-01-04,2016-01-31
330,0.6834574326107806,2.683116569312156,4.766561138877974,5.650535714285715,5.185989221142704,0.0024185925722122192,53.89179611206055,0,0,5600,0.49616330000571907,2,smooth,refined,2016-01-03,2016-01-04,2016-01-31
340,0.681031359087795,2.680667592165368,4.7538861749534975,5.650535714285715,5.19581474405044,0.002201401861384511,53.82789993286133,0,0,5600,0.519582400098443,2,smooth,refined,2016-01-03,2016-01-04,2016-01-31
350,0.6814045687838901,2.6810229486372346,4.7594782713853,5.650535714285715,5.198479375801377,0.0018795804353430867,53.892234802246094,0,0,5600,0.5122803999111056,2,smooth,coarse,2016-01-03,2016-01-04,2016-01-31
400,0.739526440265315,2.683498934512775,4.774043366180409,5.650535714285715,5.03700655591433,0.0009825271554291248,53.860801696777344,0,0,5600,0.5541882999241352,2,smooth,coarse,2016-01-03,2016-01-04,2016-01-31
450,0.7502384677661048,2.6809081078733494,4.781594888663028,5.650535714285715,5.002119641639074,0.0005892245681025088,53.0539436340332,0,0,5600,0.5730719999410212,2,smooth,coarse,2016-01-03,2016-01-04,2016-01-31
500,0.770515656931952,2.6886529570275837,4.796699856206334,5.650535714285715,4.951765121302955,0.00033191978582181036,52.930973052978516,0,0,5600,0.5315487999469042,2,smooth,coarse,2016-01-03,2016-01-04,2016-01-31
550,0.7394645158973486,2.685085818084044,4.788527418965309,5.650535714285715,5.032522162360776,0.00018324496340937912,52.58073806762695,0,0,5600,0.5558422000613064,2,smooth,coarse,2016-01-03,2016-01-04,2016-01-31
600,0.7474364176635119,2.6875227976682825,4.805323366607117,5.650535714285715,4.997255589836414,0.00013858529564458877,49.617156982421875,0,0,5600,0.5665599000640213,2,smooth,coarse,2016-01-03,2016-01-04,2016-01-31
650,0.7626377985077535,2.6984361964116905,4.83082466859212,5.650535714285715,4.951414548006795,0.0001159550083684735,48.42902374267578,0,0,5600,0.5334061000030488,2,smooth,coarse,2016-01-03,2016-01-04,2016-01-31
700,0.7709542447393937,2.699448991470343,4.836038119799648,5.650535714285715,4.936088891848578,6.964439671719447e-05,48.48846435546875,0,0,5600,0.6049570001196116,2,smooth,coarse,2016-01-03,2016-01-04,2016-01-31
750,0.7842036161397755,2.709318834860988,4.849253049864685,5.650535714285715,4.89842900710913,5.8289271692046896e-05,47.35218048095703,0,0,5600,0.5343822999857366,2,smooth,coarse,2016-01-03,2016-01-04,2016-01-31
800,0.7755856366033435,2.715932860192166,4.860678347109584,5.650535714285715,4.915309986534026,3.3708645787555724e-05,46.84859085083008,0,0,5600,0.5572061000857502,2,smooth,coarse,2016-01-03,2016-01-04,2016-01-31
850,0.7774104310238267,2.727324730681024,4.870076794134131,5.650535714285715,4.916669881177087,2.8633705369429663e-05,46.890968322753906,0,0,5600,0.587885299930349,2,smooth,coarse,2016-01-03,2016-01-04,2016-01-31
900,0.787432176204414,2.730608818903048,4.878232593102022,5.650535714285715,4.895072726458709,2.5527988327667117e-05,46.81219482421875,0,0,5600,0.5562565999571234,2,smooth,coarse,2016-01-03,2016-01-04,2016-01-31
950,0.8226836722977647,2.732581083361445,4.894856803880068,5.650535714285715,4.791751752494318,2.028506060014479e-05,47.350982666015625,0,0,5600,0.5356125999242067,2,smooth,coarse,2016-01-03,2016-01-04,2016-01-31
1000,0.8290034603748733,2.735070192864072,4.890303634031959,5.650535714285715,4.777554500656339,1.2053198588546365e-05,46.442562103271484,0,0,5600,0.5103299000766128,2,smooth,coarse,2016-01-03,2016-01-04,2016-01-31
1100,0.8533545391672536,2.7439529036423256,4.929979784373251,5.650535714285715,4.713830720100302,5.5197515393956564e-06,48.86945343017578,0,0,5600,0.5352723998948932,2,smooth,coarse,2016-01-03,2016-01-04,2016-01-31
1200,0.8655054344949218,2.7628849578997543,4.974971313448245,5.650535714285715,4.678172700909159,6.041938831913285e-06,49.75401306152344,0,0,5600,0.5338441000785679,2,smooth,coarse,2016-01-03,2016-01-04,2016-01-31
1300,0.8722074731706044,2.759957867195342,4.968526231073353,5.650535714285715,4.661003069286003,3.835687493847217e-06,50.061004638671875,0,0,5600,0.567225500009954,2,smooth,coarse,2016-01-03,2016-01-04,2016-01-31
1400,0.8781584520853056,2.7668068426551744,4.965087623141767,5.650535714285715,4.660988219798606,2.0066815977770602e-06,49.07279586791992,0,0,5600,0.5468008001334965,2,smooth,coarse,2016-01-03,2016-01-04,2016-01-31
1500,0.897732937226262,2.770367928564251,4.978809053252089,5.650535714285715,4.623418552952168,1.6269459592876956e-06,48.41153335571289,0,0,5600,0.5804150998592377,2,smooth,coarse,2016-01-03,2016-01-04,2016-01-31
25,1.1527850042015162,4.082845379263163,6.865590092330818,6.324285714285714,5.679896022485835,1.3405969142913818,25.254470825195312,0,0,5600,0.47534549981355667,3,erratic,coarse,2016-01-31,2016-02-01,2016-02-28
50,1.0900291356692704,3.762649072759918,6.2612168648410975,6.324285714285714,5.405554490142635,0.5085991024971008,47.82717514038086,0,0,5600,0.49780369992367923,3,erratic,coarse,2016-01-31,2016-02-01,2016-02-28
75,0.9719038992749617,3.690362596612956,5.980550708724209,6.324285714285714,5.502264567736004,0.3581927418708801,51.52190399169922,0,0,5600,0.4984275000169873,3,erratic,coarse,2016-01-31,2016-02-01,2016-02-28
100,0.9214256333739574,3.6773164099667754,5.904720248415395,6.324285714285714,5.614968219101429,0.3288743197917938,52.614723205566406,0,0,5600,0.5011189000215381,3,erratic,coarse,2016-01-31,2016-02-01,2016-02-28
125,0.8568529041299378,3.676963384561241,5.870600835871187,6.324285714285714,5.771478569832231,0.28994783759117126,57.020713806152344,0,0,5600,0.5167569001205266,3,erratic,coarse,2016-01-31,2016-02-01,2016-02-28
150,0.8200192622367037,3.6788009586504526,5.83507088196612,6.324285714285714,5.868441374855382,0.26431509852409363,59.419071197509766,0,0,5600,0.500904600135982,3,erratic,coarse,2016-01-31,2016-02-01,2016-02-28
175,0.8291958060842349,3.695783122062151,5.842284595627961,6.324285714285714,5.930840715731361,0.24770931899547577,57.36983108520508,0,0,5600,0.48718070005998015,3,erratic,coarse,2016-01-31,2016-02-01,2016-02-28
200,0.798408322553182,3.7044343390502035,5.830270255040676,6.324285714285714,6.043616731323834,0.23575182259082794,57.32503890991211,0,0,5600,0.4895774000324309,3,erratic,coarse,2016-01-31,2016-02-01,2016-02-28
250,0.7473054541944562,3.707078695238701,5.810384313257015,6.324285714285714,6.17525296356529,0.23040610551834106,63.625125885009766,0,0,5600,0.48709650011733174,3,erratic,coarse,2016-01-31,2016-02-01,2016-02-28
300,0.7591821001654813,3.7232413649718676,5.822058472687175,6.324285714285714,6.236436898852033,0.19731028378009796,59.17802047729492,0,0,5600,0.518048900179565,3,erratic,coarse,2016-01-31,2016-02-01,2016-02-28
350,0.7521067882184462,3.7434975061006845,5.826854440208568,6.324285714285714,6.332986884540213,0.19219332933425903,59.29515838623047,0,0,5600,0.5249549001455307,3,erratic,coarse,2016-01-31,2016-02-01,2016-02-28
360,0.7514254413717164,3.7480618068336375,5.830655022149275,6.324285714285714,6.344926732594946,0.19016392529010773,59.689300537109375,0,0,5600,0.5125961001031101,3,erratic,refined,2016-01-31,2016-02-01,2016-02-28
370,0.7488150488729114,3.7469892125869437,5.828978326862666,6.324285714285714,6.358405584828662,0.19258828461170197,59.81050109863281,0,0,5600,0.5051408000290394,3,erratic,refined,2016-01-31,2016-02-01,2016-02-28
380,0.7502069694570094,3.748342023904302,5.827999049534969,6.324285714285714,6.365484986483518,0.18654102087020874,59.59709930419922,0,0,5600,0.5210093001369387,3,erratic,refined,2016-01-31,2016-02-01,2016-02-28
390,0.7434205148439166,3.745618637560734,5.824103513732298,6.324285714285714,6.372862236398672,0.18654417991638184,59.43944549560547,0,0,5600,0.49626450007781386,3,erratic,refined,2016-01-31,2016-02-01,2016-02-28
400,0.7149231442901696,3.7343246008748454,5.797986726689125,6.324285714285714,6.399362691638193,0.18295513093471527,64.94108581542969,0,0,5600,0.4913443000987172,3,erratic,coarse,2016-01-31,2016-02-01,2016-02-28
410,0.7425019231621657,3.7467513961797314,5.818607407201765,6.324285714285714,6.376769903113267,0.18734467029571533,58.80281066894531,0,0,5600,0.5076741999946535,3,erratic,refined,2016-01-31,2016-02-01,2016-02-28
420,0.736764352554367,3.747185752229499,5.815675833055283,6.324285714285714,6.398296471490924,0.18671396374702454,58.714019775390625,0,0,5600,0.4967402000911534,3,erratic,refined,2016-01-31,2016-02-01,2016-02-28
430,0.7352400277196962,3.7497323947080545,5.816924729022425,6.324285714285714,6.408299686663917,0.1912946105003357,58.83007049560547,0,0,5600,0.5140845000278205,3,erratic,refined,2016-01-31,2016-02-01,2016-02-28
440,0.7092176126425922,3.737202176276062,5.793303125170863,6.324285714285714,6.436501051682447,0.19499853253364563,64.34191131591797,0,0,5600,0.49337579985149205,3,erratic,refined,2016-01-31,2016-02-01,2016-02-28
450,0.7429807280959809,3.761264329874622,5.832651170364603,6.324285714285714,6.425726754221001,0.19404815137386322,59.30867385864258,0,0,5600,0.5150351000484079,3,erratic,coarse,2016-01-31,2016-02-01,2016-02-28
500,0.7646600818636392,3.7820204616204967,5.861583710593141,6.324285714285714,6.432858693064856,0.1575312316417694,58.648406982421875,0,0,5600,0.5250949000474066,3,erratic,coarse,2016-01-31,2016-02-01,2016-02-28
550,0.7955717141499163,3.7813394078745373,5.89454033240109,6.324285714285714,6.394646906791521,0.14990448951721191,59.038814544677734,0,0,5600,0.5019928000401706,3,erratic,coarse,2016-01-31,2016-02-01,2016-02-28
600,0.8007933385400144,3.80585907522589,5.9212734287168844,6.324285714285714,6.4646257186681035,0.14584213495254517,59.114845275878906,0,0,5600,0.5437624000478536,3,erratic,coarse,2016-01-31,2016-02-01,2016-02-28
650,0.8416224396997729,3.8309538005119457,5.990746312728389,6.324285714285714,6.444769170740619,0.11961586028337479,59.977577209472656,0,0,5600,0.5522908000275493,3,erratic,coarse,2016-01-31,2016-02-01,2016-02-28
700,0.8470538222015273,3.831054913087615,5.991879826283687,6.324285714285714,6.46015582844881,0.10639633983373642,60.51405715942383,0,0,5600,0.5109751999843866,3,erratic,coarse,2016-01-31,2016-02-01,2016-02-28
750,0.8522358259571867,3.8296053739238,6.001072473167105,6.324285714285714,6.464389049365584,0.07756200432777405,59.980953216552734,0,0,5600,0.5312489001080394,3,erratic,coarse,2016-01-31,2016-02-01,2016-02-28
800,0.8625403610897834,3.8336303515253323,6.018691578579696,6.324285714285714,6.439013106745801,0.07072897255420685,59.74272155761719,0,0,5600,0.540393500123173,3,erratic,coarse,2016-01-31,2016-02-01,2016-02-28
850,0.8725308813427767,3.835651879276681,6.038923379855843,6.324285714285714,6.410183785102064,0.05870484933257103,59.17872619628906,0,0,5600,0.5474737000185996,3,erratic,coarse,2016-01-31,2016-02-01,2016-02-28
900,0.8763867188998692,3.8341127349935205,6.052284195014113,6.324285714285714,6.394691505065587,0.042852532118558884,59.63974380493164,0,0,5600,0.5287939999252558,3,erratic,coarse,2016-01-31,2016-02-01,2016-02-28
950,0.8733863038805016,3.832697025570752,6.046017736167342,6.324285714285714,6.36758209974505,0.03714779019355774,59.23894500732422,0,0,5600,0.5473011001013219,3,erratic,coarse,2016-01-31,2016-02-01,2016-02-28
1000,0.8903251390956488,3.833582556514136,6.076895074080627,6.324285714285714,6.343957716672615,0.02161041460931301,59.505863189697266,0,0,5600,0.5392835000529885,3,erratic,coarse,2016-01-31,2016-02-01,2016-02-28
1100,0.8926591041091463,3.860794446822422,6.0952653882144014,6.324285714285714,6.3881123966592295,0.008084283210337162,60.34600830078125,0,0,5600,0.5213220999576151,3,erratic,coarse,2016-01-31,2016-02-01,2016-02-28
1200,0.8922573852269113,3.8415727647751505,6.081297091736793,6.324285714285714,6.336297728062242,0.00841249618679285,59.979522705078125,0,0,5600,0.5451426000799984,3,erratic,coarse,2016-01-31,2016-02-01,2016-02-28
1300,0.8865070252508077,3.839953257836169,6.081056486096512,6.324285714285714,6.327924945424976,0.0021835663355886936,59.948097229003906,0,0,5600,0.5441029001958668,3,erratic,coarse,2016-01-31,2016-02-01,2016-02-28
1400,0.8938947929679103,3.854217234505382,6.095965179276325,6.324285714285714,6.291754492681898,0.0019193470943719149,59.97789001464844,0,0,5600,0.5559660999570042,3,erratic,coarse,2016-01-31,2016-02-01,2016-02-28
1500,0.9004339030160906,3.8470270202503265,6.090564858460086,6.324285714285714,6.256800769556534,0.001498489291407168,60.13992691040039,0,0,5600,0.5265160999260843,3,erratic,coarse,2016-01-31,2016-02-01,2016-02-28
25,1.290040788652388,0.7627222319412976,1.4399227637832603,0.7685714285714286,0.4774485779540347,0.08177730441093445,3.2513203620910645,0,0,5600,0.49151339987292886,3,intermittent,coarse,2016-01-31,2016-02-01,2016-02-28
50,1.2474166629049512,0.6878811097238213,1.2995490593269208,0.7685714285714286,0.4846470656132858,0.024357127025723457,6.232726097106934,0,0,5600,0.5030430001206696,3,intermittent,coarse,2016-01-31,2016-02-01,2016-02-28
75,1.1383544103937095,0.6537296669462895,1.1874691505725656,0.7685714285714286,0.5231589416619058,0.014336979947984219,7.474482536315918,0,0,5600,0.4875617998186499,3,intermittent,coarse,2016-01-31,2016-02-01,2016-02-28
100,1.0784808797848768,0.6452819303280142,1.157762086339053,0.7685714285714286,0.5482898132403248,0.010330385528504848,8.144867897033691,0,0,5600,0.5097867997828871,3,intermittent,coarse,2016-01-31,2016-02-01,2016-02-28
125,1.0485495209518318,0.6433654001523141,1.1504948538784323,0.7685714285714286,0.5615197487253629,0.008755841292440891,8.572901725769043,0,0,5600,0.5281116000842303,3,intermittent,coarse,2016-01-31,2016-02-01,2016-02-28
150,1.0294849907059598,0.641502867724048,1.143846705961991,0.7685714285714286,0.5682863802644091,0.006248158402740955,8.765443801879883,0,0,5600,0.5058138000313193,3,intermittent,coarse,2016-01-31,2016-02-01,2016-02-28
175,1.0131466578798585,0.6398390594080723,1.1395234942078991,0.7685714285714286,0.5753075574996183,0.004446871113032103,8.670083999633789,0,0,5600,0.4932888001203537,3,intermittent,coarse,2016-01-31,2016-02-01,2016-02-28
200,1.015790665171944,0.6405952183432445,1.140398029802708,0.7685714285714286,0.5745584461783957,0.004062734544277191,8.721468925476074,0,0,5600,0.5021939999423921,3,intermittent,coarse,2016-01-31,2016-02-01,2016-02-28
250,0.9907123053334053,0.6392631302408076,1.1352320143186214,0.7685714285714286,0.5852074689238466,0.0017809525597840548,9.221870422363281,0,0,5600,0.48440419998951256,3,intermittent,coarse,2016-01-31,2016-02-01,2016-02-28
300,0.9886344404146419,0.6384546193675591,1.1335026300025435,0.7685714285714286,0.5865552730759062,0.0009039977448992431,9.316272735595703,0,0,5600,0.5076834000647068,3,intermittent,coarse,2016-01-31,2016-02-01,2016-02-28
350,1.0054139643670843,0.6378712760152329,1.1355542321514973,0.7685714285714286,0.5786617111168536,0.0005387307028286159,9.175450325012207,0,0,5600,0.5061166998930275,3,intermittent,coarse,2016-01-31,2016-02-01,2016-02-28
400,0.9947744109953482,0.6372559265268397,1.132737103126668,0.7685714285714286,0.5847121566856576,0.0003596178721636534,9.210953712463379,0,0,5600,0.5196234998293221,3,intermittent,coarse,2016-01-31,2016-02-01,2016-02-28
450,0.9952304682338454,0.6375984853473112,1.1352431921573418,0.7685714285714286,0.5858674664647255,0.00019766773039009422,9.131447792053223,0,0,5600,0.5085488001350313,3,intermittent,coarse,2016-01-31,2016-02-01,2016-02-28
500,1.0012562459526406,0.6376270761082651,1.1373616596774172,0.7685714285714286,0.5847553893936739,0.00011826986883534119,9.397784233093262,0,0,5600,0.531583399977535,3,intermittent,coarse,2016-01-31,2016-02-01,2016-02-28
550,0.996043469461072,0.6378408291445457,1.1365346201335604,0.7685714285714286,0.5865114728302888,8.353598968824372e-05,9.347243309020996,0,0,5600,0.5102576001081616,3,intermittent,coarse,2016-01-31,2016-02-01,2016-02-28
600,0.9903050260635541,0.6364463197323598,1.133916900664208,0.7685714285714286,0.5894713123229511,7.301253208424896e-05,9.394057273864746,0,0,5600,0.5287198999430984,3,intermittent,coarse,2016-01-31,2016-02-01,2016-02-28
650,0.9987664196930012,0.6371136263311564,1.140082044587812,0.7685714285714286,0.5860507081527871,4.722088488051668e-05,9.483436584472656,0,0,5600,0.46241860021837056,3,intermittent,coarse,2016-01-31,2016-02-01,2016-02-28
700,1.000349957519754,0.636492944682025,1.1398385763223766,0.7685714285714286,0.5851575922220464,3.79351586161647e-05,9.426011085510254,0,0,5600,0.5056016999296844,3,intermittent,coarse,2016-01-31,2016-02-01,2016-02-28
750,1.005209453179701,0.6356369967745316,1.1427473171207603,0.7685714285714286,0.5837056212642726,2.7076102924183942e-05,9.295284271240234,0,0,5600,0.5171757999341935,3,intermittent,coarse,2016-01-31,2016-02-01,2016-02-28
800,0.9966036141272205,0.6348395974541151,1.1402192450302944,0.7685714285714286,0.5877207459341977,1.632696330489125e-05,9.645950317382812,0,0,5600,0.5411739000119269,3,intermittent,coarse,2016-01-31,2016-02-01,2016-02-28
810,1.0014042461351753,0.6350764225353344,1.1415827465326562,0.7685714285714286,0.585017271275492,1.676767715252936e-05,9.288093566894531,0,0,5600,0.5284139001742005,3,intermittent,refined,2016-01-31,2016-02-01,2016-02-28
820,0.9892412888075114,0.6346889702788924,1.1355069564862057,0.7685714285714286,0.5908986782637927,1.6849719031597488e-05,10.158441543579102,0,0,5600,0.5322724001016468,3,intermittent,refined,2016-01-31,2016-02-01,2016-02-28
830,0.9933619320539973,0.6344618128030798,1.1366153336218199,0.7685714285714286,0.5888993920309366,1.6214031347772107e-05,10.161581039428711,0,0,5600,0.5332552001345903,3,intermittent,refined,2016-01-31,2016-02-01,2016-02-28
840,0.9916204425688859,0.6342641806349798,1.1376018365438667,0.7685714285714286,0.5894311121231557,1.4916226064087823e-05,10.159078598022461,0,0,5600,0.5408536000177264,3,intermittent,refined,2016-01-31,2016-02-01,2016-02-28
850,0.9882599481541646,0.632743076653467,1.1346347618326595,0.7685714285714286,0.5906384364312434,1.2670638170675375e-05,10.160933494567871,0,0,5600,0.5281706000678241,3,intermittent,coarse,2016-01-31,2016-02-01,2016-02-28
860,0.9934542513571969,0.6344343268262862,1.1381097438326715,0.7685714285714286,0.5891598624239285,1.068751862476347e-05,10.209512710571289,0,0,5600,0.530514899874106,3,intermittent,refined,2016-01-31,2016-02-01,2016-02-28
870,0.9956235766088178,0.6333645993515223,1.1363018491090942,0.7685714285714286,0.587266670849521,1.0701715837058146e-05,10.201967239379883,0,0,5600,0.5169262001290917,3,intermittent,refined,2016-01-31,2016-02-01,2016-02-28
880,0.9936776545968451,0.6333697326113709,1.1359221879913257,0.7685714285714286,0.5881848596654042,9.401823263033293e-06,10.183151245117188,0,0,5600,0.5259797999169677,3,intermittent,refined,2016-01-31,2016-02-01,2016-02-28
890,0.9922336053460823,0.6335960821857674,1.135271593820694,0.7685714285714286,0.588334230076557,9.436119398742449e-06,10.170114517211914,0,0,5600,0.5381597999949008,3,intermittent,refined,2016-01-31,2016-02-01,2016-02-28
900,0.9961844225035384,0.6333778082772498,1.1354436788039268,0.7685714285714286,0.5866587768556147,8.991411050374154e-06,10.169438362121582,0,0,5600,0.5245312999468297,3,intermittent,coarse,2016-01-31,2016-02-01,2016-02-28
950,1.01389027207205,0.6326803307985414,1.1377001074882405,0.7685714285714286,0.57965431966527,8.916539627534803e-06,9.465618133544922,0,0,5600,0.5435218000784516,3,intermittent,coarse,2016-01-31,2016-02-01,2016-02-28
1000,1.0217926813754006,0.6340370382420553,1.1441580971820329,0.7685714285714286,0.5769132436461084,6.642198059125803e-06,9.678959846496582,0,0,5600,0.5172097999602556,3,intermittent,coarse,2016-01-31,2016-02-01,2016-02-28
1100,1.0329352228451274,0.6330605025532194,1.1423716289217325,0.7685714285714286,0.5721663114639497,3.67172947335348e-06,9.989729881286621,0,0,5600,0.5229591000825167,3,intermittent,coarse,2016-01-31,2016-02-01,2016-02-28
1200,1.0367973199686902,0.6338874523481024,1.1436793723286547,0.7685714285714286,0.5697773797254332,1.9728900042537134e-06,9.872121810913086,0,0,5600,0.5303964000195265,3,intermittent,coarse,2016-01-31,2016-02-01,2016-02-28
1300,1.0581226293098194,0.6364913237595455,1.1524920256304865,0.7685714285714286,0.562011550381562,1.7045939557647216e-06,10.204339027404785,0,0,5600,0.544375600060448,3,intermittent,coarse,2016-01-31,2016-02-01,2016-02-28
1400,1.0613013728348573,0.6353018090523356,1.1520005390893733,0.7685714285714286,0.5604822928645519,1.4061097317608073e-06,9.328493118286133,0,0,5600,0.5328589000273496,3,intermittent,coarse,2016-01-31,2016-02-01,2016-02-28
1500,1.0783865396419925,0.6344788087624421,1.1579221858866044,0.7685714285714286,0.5555100158377888,6.970273602746602e-07,10.612455368041992,0,0,5600,0.5666740001179278,3,intermittent,coarse,2016-01-31,2016-02-01,2016-02-28
25,1.4693589353711585,1.5903548768482039,2.9787442828880737,1.7116071428571429,1.2303849329373666,0.1953769028186798,5.510268211364746,0,0,5600,0.47899989993311465,3,lumpy,coarse,2016-01-31,2016-02-01,2016-02-28
50,1.4545302711891652,1.5302359952491575,2.8693777706866923,1.7116071428571429,1.2263352400550087,0.061652202159166336,10.223869323730469,0,0,5600,0.48869939986616373,3,lumpy,coarse,2016-01-31,2016-02-01,2016-02-28
75,1.369942860764085,1.5238248122676408,2.8168189153593963,1.7116071428571429,1.299570782575091,0.04067051410675049,12.763236045837402,0,0,5600,0.49638830008916557,3,lumpy,coarse,2016-01-31,2016-02-01,2016-02-28
100,1.3107206493272878,1.5246110012495357,2.7958597776234493,1.7116071428571429,1.3448861478275753,0.03537614643573761,13.725255966186523,0,0,5600,0.49967369996011257,3,lumpy,coarse,2016-01-31,2016-02-01,2016-02-28
125,1.266188589532272,1.5261611816626308,2.786208163316181,1.7116071428571429,1.3828270083998464,0.027666380628943443,14.077422142028809,0,0,5600,0.5095529998652637,3,lumpy,coarse,2016-01-31,2016-02-01,2016-02-28
150,1.2366117132284744,1.5265061661621024,2.7784138794555644,1.7116071428571429,1.4077564251163441,0.025385694578289986,15.282806396484375,0,0,5600,0.4994369000196457,3,lumpy,coarse,2016-01-31,2016-02-01,2016-02-28
175,1.200824367174833,1.5330568951953734,2.7778406834321703,1.7116071428571429,1.4475465059400137,0.020823996514081955,15.197832107543945,0,0,5600,0.4872539001516998,3,lumpy,coarse,2016-01-31,2016-02-01,2016-02-28
200,1.1870255289668006,1.540894850518754,2.788682760769472,1.7116071428571429,1.4681568548765167,0.01852254942059517,15.438488006591797,0,0,5600,0.48685380001552403,3,lumpy,coarse,2016-01-31,2016-02-01,2016-02-28
250,1.1618521926633685,1.544424117372837,2.7939116076851187,1.7116071428571429,1.4930156748958066,0.015597962774336338,16.089935302734375,0,0,5600,0.4961583998519927,3,lumpy,coarse,2016-01-31,2016-02-01,2016-02-28
300,1.1115063108154664,1.5549778775795962,2.8014149519551523,1.7116071428571429,1.5388703566239148,0.01139210257679224,18.244895935058594,0,0,5600,0.4968195999972522,3,lumpy,coarse,2016-01-31,2016-02-01,2016-02-28
350,1.0887706971512219,1.561743633485998,2.80424671264251,1.7116071428571429,1.5697802591333831,0.008618524298071861,19.483980178833008,0,0,5600,0.4980780000332743,3,lumpy,coarse,2016-01-31,2016-02-01,2016-02-28
360,1.0892977140273576,1.5646603278464837,2.8081574941812,1.7116071428571429,1.5750050137656009,0.008459285832941532,18.124380111694336,0,0,5600,0.5130139000248164,3,lumpy,refined,2016-01-31,2016-02-01,2016-02-28
370,1.0832357802120185,1.5649796146070418,2.8069645983683036,1.7116071428571429,1.5824085834965809,0.00774408457800746,19.927715301513672,0,0,5600,0.5220839001704007,3,lumpy,refined,2016-01-31,2016-02-01,2016-02-28
380,1.0700611524501311,1.579264910246046,2.8496938995352976,1.7116071428571429,1.6055914346125375,0.007764757610857487,20.437971115112305,0,0,5600,0.5180780999362469,3,lumpy,refined,2016-01-31,2016-02-01,2016-02-28
390,1.0645401056702517,1.5804881142167972,2.85080371727262,1.7116071428571429,1.6121924087633046,0.006492407992482185,20.445589065551758,0,0,5600,0.5001311998348683,3,lumpy,refined,2016-01-31,2016-02-01,2016-02-28
400,1.0655273941920953,1.5776748362158626,2.8453811215083435,1.7116071428571429,1.612558716378574,0.005641231779009104,20.14879608154297,0,0,5600,0.5196633997838944,3,lumpy,coarse,2016-01-31,2016-02-01,2016-02-28
410,1.069695381441035,1.5769687340719558,2.843471592563426,1.7116071428571429,1.6055189960641187,0.005287813022732735,18.786819458007812,0,0,5600,0.5003758000675589,3,lumpy,refined,2016-01-31,2016-02-01,2016-02-28
420,1.0680217908117822,1.5726218461620323,2.8227033646936297,1.7116071428571429,1.6050291295423604,0.004151403903961182,20.923282623291016,0,0,5600,0.5067545999772847,3,lumpy,refined,2016-01-31,2016-02-01,2016-02-28
430,1.0778469572108647,1.5756219909838651,2.827988805386432,1.7116071428571429,1.5959437278125552,0.0034598761703819036,19.513471603393555,0,0,5600,0.5237471999134868,3,lumpy,refined,2016-01-31,2016-02-01,2016-02-28
440,1.0752884403986493,1.5848066917870893,2.858494096409178,1.7116071428571429,1.6084619117247971,0.003348272293806076,19.579788208007812,0,0,5600,0.5040682000108063,3,lumpy,refined,2016-01-31,2016-02-01,2016-02-28
450,1.0766787067061379,1.5850625766926845,2.858003432663641,1.7116071428571429,1.6083409430597178,0.003897286020219326,19.57927894592285,0,0,5600,0.5304596999194473,3,lumpy,coarse,2016-01-31,2016-02-01,2016-02-28
500,1.0816443535128115,1.5836839408960908,2.864452200622812,1.7116071428571429,1.59853745340432,0.002017002319917083,20.79471778869629,0,0,5600,0.5217755001503974,3,lumpy,coarse,2016-01-31,2016-02-01,2016-02-28
550,1.0897798388306763,1.5894939829769283,2.878793727874738,1.7116071428571429,1.603352282379232,0.0005098826950415969,21.6574764251709,0,0,5600,0.5284321999642998,3,lumpy,coarse,2016-01-31,2016-02-01,2016-02-28
600,1.0958460571572388,1.5888984271051232,2.8901663913981546,1.7116071428571429,1.5905639909663347,0.0004177257651463151,20.992828369140625,0,0,5600,0.5211492998059839,3,lumpy,coarse,2016-01-31,2016-02-01,2016-02-28
650,1.0670661304574984,1.6017940434774833,2.917821457315348,1.7116071428571429,1.6167855446057053,0.0003492010582704097,21.910188674926758,0,0,5600,0.5141078000888228,3,lumpy,coarse,2016-01-31,2016-02-01,2016-02-28
700,1.0739279642386084,1.6021460999929409,2.928768705839558,1.7116071428571429,1.6106543992344529,0.00023453753965441138,21.67963409423828,0,0,5600,0.5130980000831187,3,lumpy,coarse,2016-01-31,2016-02-01,2016-02-28
750,1.0826996773911373,1.5995979095497284,2.9338479609950916,1.7116071428571429,1.5883959057367663,0.00016609407612122595,21.91033935546875,0,0,5600,0.5200058999471366,3,lumpy,coarse,2016-01-31,2016-02-01,2016-02-28
800,1.1037842433173828,1.598240928723813,2.9461425311932796,1.7116071428571429,1.5657398407409735,0.00013319231220521033,23.969635009765625,0,0,5600,0.5139501998201013,3,lumpy,coarse,2016-01-31,2016-02-01,2016-02-28
850,1.128791606654348,1.6021033962820976,2.954007787076817,1.7116071428571429,1.541377432645577,0.0001182221676572226,21.408748626708984,0,0,5600,0.5355650999117643,3,lumpy,coarse,2016-01-31,2016-02-01,2016-02-28
900,1.1378831861779126,1.5931401420042441,2.9362671536632834,1.7116071428571429,1.525991649373739,9.34540294110775e-05,21.163999557495117,0,0,5600,0.5404318999499083,3,lumpy,coarse,2016-01-31,2016-02-01,2016-02-28
950,1.150875749094635,1.599352695633049,2.9486732707969843,1.7116071428571429,1.5220944472220812,8.232971595134586e-05,20.51012420654297,0,0,5600,0.5225857999175787,3,lumpy,coarse,2016-01-31,2016-02-01,2016-02-28
1000,1.1705941805760882,1.5964550521557184,2.9523371678911374,1.7116071428571429,1.5004779647268294,5.749897536588833e-05,22.049198150634766,0,0,5600,0.5324864001013339,3,lumpy,coarse,2016-01-31,2016-02-01,2016-02-28
1100,1.2020917917384855,1.59291703128716,2.9449943789053465,1.7116071428571429,1.4615517860931335,4.881624772679061e-05,21.7813777923584,0,0,5600,0.5204645998310298,3,lumpy,coarse,2016-01-31,2016-02-01,2016-02-28
1200,1.2152991832448559,1.5830248868910881,2.9289199578859675,1.7116071428571429,1.434679984492129,1.8884184100897983e-05,21.668100357055664,0,0,5600,0.5440048000309616,3,lumpy,coarse,2016-01-31,2016-02-01,2016-02-28
1300,1.2249742165049313,1.5812590128086854,2.935567119741443,1.7116071428571429,1.4128953629607655,1.374284693156369e-05,19.036209106445312,0,0,5600,0.5197433000430465,3,lumpy,coarse,2016-01-31,2016-02-01,2016-02-28
1400,1.2562769647637717,1.5804783203334247,2.961684883185683,1.7116071428571429,1.3977694971294676,1.0776242561405525e-05,20.17409324645996,0,0,5600,0.541719000088051,3,lumpy,coarse,2016-01-31,2016-02-01,2016-02-28
1500,1.2460980654489588,1.5860264450639991,2.9548553320414976,1.7116071428571429,1.4105807695304673,7.803891094226856e-06,19.439903259277344,0,0,5600,0.5721298998687416,3,lumpy,coarse,2016-01-31,2016-02-01,2016-02-28
25,1.0500418458110548,3.603725972452334,6.777919126635173,6.122142857142857,5.0594427722053865,0.7412441968917847,23.59243392944336,0,0,5600,0.45767929987050593,3,smooth,coarse,2016-01-31,2016-02-01,2016-02-28
50,0.9049191764800576,2.998573958461306,5.253502476004992,6.122142857142857,5.078266407520111,0.17707979679107666,41.496360778808594,0,0,5600,0.47631900012493134,3,smooth,coarse,2016-01-31,2016-02-01,2016-02-28
75,0.812793082352882,2.772381585494482,4.573261658467063,6.122142857142857,5.243625379160845,0.09473852068185806,51.00910949707031,0,0,5600,0.5095202999655157,3,smooth,coarse,2016-01-31,2016-02-01,2016-02-28
100,0.7757506383823174,2.710335646725393,4.413976220752899,6.122142857142857,5.322788420006899,0.0580025352537632,54.85707473754883,0,0,5600,0.603441699873656,3,smooth,coarse,2016-01-31,2016-02-01,2016-02-28
125,0.7303427594773029,2.6792383308485817,4.344175695807471,6.122142857142857,5.427091530517875,0.030977075919508934,58.10942459106445,0,0,5600,0.49961689999327064,3,smooth,coarse,2016-01-31,2016-02-01,2016-02-28
150,0.7005879658961406,2.667197464306706,4.316885100224792,6.122142857142857,5.504217262476948,0.019762353971600533,59.14870834350586,0,0,5600,0.5073576001450419,3,smooth,coarse,2016-01-31,2016-02-01,2016-02-28
175,0.6894697613864487,2.664516329289015,4.308255391082891,6.122142857142857,5.539482687554721,0.017252927646040916,59.541282653808594,0,0,5600,0.5060795000754297,3,smooth,coarse,2016-01-31,2016-02-01,2016-02-28
200,0.6740146963284447,2.6554492213166254,4.292452558976358,6.122142857142857,5.586146538514544,0.011981548741459846,60.01639938354492,0,0,5600,0.48097959998995066,3,smooth,coarse,2016-01-31,2016-02-01,2016-02-28
250,0.6573348083820203,2.644666452085533,4.26813868543497,6.122142857142857,5.638635072790286,0.004064488224685192,60.466495513916016,0,0,5600,0.5042733999434859,3,smooth,coarse,2016-01-31,2016-02-01,2016-02-28
300,0.6487755125005994,2.640283979710075,4.257117737067557,6.122142857142857,5.670442883468516,0.0023244486656039953,60.35818099975586,0,0,5600,0.5026597001124173,3,smooth,coarse,2016-01-31,2016-02-01,2016-02-28
350,0.626976688217581,2.6444503274852678,4.248138661102341,6.122142857142857,5.77021059131782,0.0017562734428793192,61.07304382324219,0,0,5600,0.4934714001137763,3,smooth,coarse,2016-01-31,2016-02-01,2016-02-28
360,0.6260210304730626,2.6440356894426387,4.248228028455781,6.122142857142857,5.7734080102245,0.0014495179057121277,61.06943130493164,0,0,5600,0.5042377999052405,3,smooth,refined,2016-01-31,2016-02-01,2016-02-28
370,0.6250909735350092,2.646650548242116,4.25033941582442,6.122142857142857,5.785948970429683,0.001141423243097961,60.69340133666992,0,0,5600,0.5097952999640256,3,smooth,refined,2016-01-31,2016-02-01,2016-02-28
380,0.6240405968897378,2.645644112059963,4.24699908853009,6.122142857142857,5.784294071421942,0.0011330198030918837,60.7334098815918,0,0,5600,0.45804250007495284,3,smooth,refined,2016-01-31,2016-02-01,2016-02-28
390,0.6214547380506571,2.642503843794423,4.240845379595888,6.122142857142857,5.798225430279417,0.001014192122966051,60.662960052490234,0,0,5600,0.4900948000140488,3,smooth,refined,2016-01-31,2016-02-01,2016-02-28
400,0.6197447709159013,2.640432453473872,4.23890661120179,6.122142857142857,5.808604175181369,0.0009159238543361425,60.745140075683594,0,0,5600,0.5006691999733448,3,smooth,coarse,2016-01-31,2016-02-01,2016-02-28
410,0.6223123531058937,2.641320887774969,4.235809198816207,6.122142857142857,5.797319727138425,0.0008900403045117855,60.79269027709961,0,0,5600,0.49224319984205067,3,smooth,refined,2016-01-31,2016-02-01,2016-02-28
420,0.6231529163338776,2.6373620636876045,4.231716522602861,6.122142857142857,5.787706468510618,0.0007967104320414364,60.82238006591797,0,0,5600,0.501648599980399,3,smooth,refined,2016-01-31,2016-02-01,2016-02-28
430,0.6234250176191872,2.641932180493095,4.23904667763424,6.122142857142857,5.793558314007397,0.0006398909608833492,60.78118133544922,0,0,5600,0.5138962999917567,3,smooth,refined,2016-01-31,2016-02-01,2016-02-28
440,0.6225840834927936,2.6407236063966413,4.236712740879693,6.122142857142857,5.795468432387778,0.0006261382368393242,60.847503662109375,0,0,5600,0.5130123998969793,3,smooth,refined,2016-01-31,2016-02-01,2016-02-28
450,0.6212074359384212,2.6385995776515485,4.234954623944842,6.122142857142857,5.797455247724751,0.0005572654772549868,60.84782028198242,0,0,5600,0.5067827000748366,3,smooth,coarse,2016-01-31,2016-02-01,2016-02-28
500,0.6277061378553666,2.6372683524097895,4.237475982112621,6.122142857142857,5.779553128605673,0.00045888416934758425,61.45816421508789,0,0,5600,0.492918899981305,3,smooth,coarse,2016-01-31,2016-02-01,2016-02-28
550,0.6292773503905833,2.637400756000477,4.241187834001316,6.122142857142857,5.78439487507414,0.00017997337272390723,61.99955368041992,0,0,5600,0.5274354999419302,3,smooth,coarse,2016-01-31,2016-02-01,2016-02-28
600,0.6317761357003716,2.644182323808501,4.243337742792994,6.122142857142857,5.774657041393605,7.7714619692415e-05,61.96999740600586,0,0,5600,0.5038138998206705,3,smooth,coarse,2016-01-31,2016-02-01,2016-02-28
650,0.6310742719575333,2.6414411255882677,4.241538630867692,6.122142857142857,5.774009524611,7.797117723384872e-05,62.20029067993164,0,0,5600,0.5203684999141842,3,smooth,coarse,2016-01-31,2016-02-01,2016-02-28
700,0.6260843263782657,2.645527263087789,4.2487269546181246,6.122142857142857,5.798253609054758,4.5786167902406305e-05,62.34397506713867,0,0,5600,0.5021667999681085,3,smooth,coarse,2016-01-31,2016-02-01,2016-02-28
750,0.6271976230702423,2.650527305155611,4.243296532232883,6.122142857142857,5.805832554192033,3.0438010071520694e-05,62.41081237792969,0,0,5600,0.499959500040859,3,smooth,coarse,2016-01-31,2016-02-01,2016-02-28
800,0.626088695108108,2.6474694413533166,4.242675488099447,6.122142857142857,5.7982225717711655,2.6460415028850548e-05,62.35777282714844,0,0,5600,0.5111614998895675,3,smooth,coarse,2016-01-31,2016-02-01,2016-02-28
850,0.6372263638144365,2.6569150094017924,4.2810521597131395,6.122142857142857,5.760119105148583,2.144499921996612e-05,62.13483428955078,0,0,5600,0.5179787001106888,3,smooth,coarse,2016-01-31,2016-02-01,2016-02-28
900,0.6443484971125603,2.6565484654834974,4.279714911915427,6.122142857142857,5.727307193759371,1.026146492222324e-05,61.730045318603516,0,0,5600,0.5298530000727624,3,smooth,coarse,2016-01-31,2016-02-01,2016-02-28
950,0.6476196697949238,2.6584813779915435,4.285496706212238,6.122142857142857,5.711860096127688,6.465058049798245e-06,61.884803771972656,0,0,5600,0.5566579999867827,3,smooth,coarse,2016-01-31,2016-02-01,2016-02-28
1000,0.6451139312736107,2.658138058978498,4.2755727010581,6.122142857142857,5.722849195748534,4.57034730061423e-06,61.61441421508789,0,0,5600,0.5393165000714362,3,smooth,coarse,2016-01-31,2016-02-01,2016-02-28
1100,0.6502921461699598,2.671629748284137,4.301638875819805,6.122142857142857,5.725868736338787,3.0475434869003948e-06,61.52138137817383,0,0,5600,0.5292316998820752,3,smooth,coarse,2016-01-31,2016-02-01,2016-02-28
1200,0.6584042578488395,2.676245651215017,4.2967343703567895,6.122142857142857,5.691994573393273,2.74716217063542e-06,61.21398162841797,0,0,5600,0.5444755998905748,3,smooth,coarse,2016-01-31,2016-02-01,2016-02-28
1300,0.6642134929164548,2.675139431422736,4.300616592129254,6.122142857142857,5.667410985818292,1.6064756209743791e-06,61.014068603515625,0,0,5600,0.5441039998549968,3,smooth,coarse,2016-01-31,2016-02-01,2016-02-28
1400,0.6849388297918897,2.686095345426115,4.321601329537708,6.122142857142857,5.61334653319661,1.2918036418341217e-06,60.99411392211914,0,0,5600,0.5655459000263363,3,smooth,coarse,2016-01-31,2016-02-01,2016-02-28
1500,0.6973034747640421,2.6943449621102675,4.345108078325851,6.122142857142857,5.566843775158274,8.052822408899374e-07,60.046600341796875,0,0,5600,0.5805130999069661,3,smooth,coarse,2016-01-31,2016-02-01,2016-02-28
25,1.062353072281164,3.833803544448955,6.573470684604669,6.167857142857143,5.813747132569551,1.1252357959747314,26.260269165039062,0,0,5600,0.48158650007098913,4,erratic,coarse,2016-02-28,2016-02-29,2016-03-27
50,0.8769120393557156,3.504005744957498,5.767017591386432,6.167857142857143,5.677730847799352,0.32365882396698,42.75556564331055,0,0,5600,0.47549049998633564,4,erratic,coarse,2016-02-28,2016-02-29,2016-03-27
75,0.7344064969327977,3.452820906197386,5.51196863095446,6.167857142857143,5.867833962807698,0.29810580611228943,53.07665252685547,0,0,5600,0.4702080001588911,4,erratic,coarse,2016-02-28,2016-02-29,2016-03-27
100,0.7078028240194016,3.4635979695671373,5.492410595543027,6.167857142857143,5.964531430905419,0.2877056300640106,56.348365783691406,0,0,5600,0.48551689996384084,4,erratic,coarse,2016-02-28,2016-02-29,2016-03-27
110,0.7007189342590143,3.466072384619287,5.4898848520979495,6.167857142857143,6.005923099336879,0.2846897840499878,57.30498123168945,0,0,5600,0.49595819995738566,4,erratic,refined,2016-02-28,2016-02-29,2016-03-27
120,0.6986869412091361,3.468593511336616,5.486092511959547,6.167857142857143,6.024120974700366,0.3206932246685028,55.96446228027344,0,0,5600,0.4520998001098633,4,erratic,refined,2016-02-28,2016-02-29,2016-03-27
125,0.6934473973660021,3.4754556556578193,5.486165297727053,6.167857142857143,6.072262842985136,0.3164028525352478,56.0950813293457,0,0,5600,0.5110623999498785,4,erratic,coarse,2016-02-28,2016-02-29,2016-03-27
130,0.6891681822043368,3.4768302650962557,5.486422206699638,6.167857142857143,6.0718674741046765,0.3158228099346161,56.638492584228516,0,0,5600,0.4750440998468548,4,erratic,refined,2016-02-28,2016-02-29,2016-03-27
140,0.6904378369698296,3.4949891817516514,5.5002460560516,6.167857142857143,6.150256017143173,0.29949426651000977,56.33157730102539,0,0,5600,0.4924393000546843,4,erratic,refined,2016-02-28,2016-02-29,2016-03-27
150,0.6842957138601682,3.496768900783999,5.492722726429298,6.167857142857143,6.19036710887083,0.3142951726913452,56.7901496887207,0,0,5600,0.4950996998231858,4,erratic,coarse,2016-02-28,2016-02-29,2016-03-27
160,0.6867936898734625,3.5050472427265986,5.50093504804868,6.167857142857143,6.2266054302453995,0.30363982915878296,58.050601959228516,0,0,5600,0.481237499974668,4,erratic,refined,2016-02-28,2016-02-29,2016-03-27
170,0.6880797013722774,3.500220088160464,5.5040961035745095,6.167857142857143,6.209340325711029,0.30951759219169617,55.319393157958984,0,0,5600,0.4947428999003023,4,erratic,refined,2016-02-28,2016-02-29,2016-03-27
175,0.6863665708665734,3.5092724113166334,5.501895287758721,6.167857142857143,6.242896385320595,0.30785703659057617,57.07571792602539,0,0,5600,0.48712619999423623,4,erratic,coarse,2016-02-28,2016-02-29,2016-03-27
180,0.686788650968247,3.5105204258167317,5.513967338656202,6.167857142857143,6.245877137178821,0.2991296052932739,62.504356384277344,0,0,5600,0.48390350001864135,4,erratic,refined,2016-02-28,2016-02-29,2016-03-27
190,0.6900976763097216,3.5191191584989427,5.518722552475181,6.167857142857143,6.270707374497183,0.3314134180545807,57.0405387878418,0,0,5600,0.4664328000508249,4,erratic,refined,2016-02-28,2016-02-29,2016-03-27
200,0.690744390637482,3.5226288004804935,5.535227630962782,6.167857142857143,6.281551892581795,0.33157962560653687,58.2491340637207,0,0,5600,0.47714800015091896,4,erratic,coarse,2016-02-28,2016-02-29,2016-03-27
250,0.6924163576996145,3.546259938499757,5.53739298915455,6.167857142857143,6.396223453517471,0.3530963957309723,60.06741714477539,0,0,5600,0.49753860011696815,4,erratic,coarse,2016-02-28,2016-02-29,2016-03-27
300,0.7032023193655166,3.564143549464643,5.5461437376281815,6.167857142857143,6.490347301635359,0.18185541033744812,60.98396682739258,0,0,5600,0.4753550000023097,4,erratic,coarse,2016-02-28,2016-02-29,2016-03-27
350,0.7145317441386039,3.585239696264533,5.553621524778627,6.167857142857143,6.579033966028531,0.027450188994407654,61.86093521118164,0,0,5600,0.5120240999385715,4,erratic,coarse,2016-02-28,2016-02-29,2016-03-27
400,0.7209440777470602,3.59272295705259,5.556550562260075,6.167857142857143,6.615817742564084,0.012789865024387836,60.24382781982422,0,0,5600,0.5103446000721306,4,erratic,coarse,2016-02-28,2016-02-29,2016-03-27
450,0.7186300197698727,3.5903560424489633,5.562126592084947,6.167857142857143,6.619101769764509,0.008640304207801819,63.12737274169922,0,0,5600,0.5002532000653446,4,erratic,coarse,2016-02-28,2016-02-29,2016-03-27
500,0.7322285095979613,3.6033695946232185,5.573917760525165,6.167857142857143,6.670950839149383,0.004781133495271206,62.73585891723633,0,0,5600,0.5216568000614643,4,erratic,coarse,2016-02-28,2016-02-29,2016-03-27
550,0.7397167258098608,3.6082505536001244,5.581717165201365,6.167857142857143,6.684252363616501,0.004185083322227001,58.119537353515625,0,0,5600,0.4984888001345098,4,erratic,coarse,2016-02-28,2016-02-29,2016-03-27
600,0.7408148191115933,3.607738438502711,5.579069284827498,6.167857142857143,6.706671129016696,0.002411023946478963,58.56697082519531,0,0,5600,0.4871002999134362,4,erratic,coarse,2016-02-28,2016-02-29,2016-03-27
650,0.751299840142315,3.6252324632278343,5.5953445485924025,6.167857142857143,6.760832509317551,0.00146303023211658,61.120967864990234,0,0,5600,0.5062152999453247,4,erratic,coarse,2016-02-28,2016-02-29,2016-03-27
700,0.7531035988893212,3.6258545175665597,5.594351022220428,6.167857142857143,6.785426861126762,0.0007841689512133598,62.33110427856445,0,0,5600,0.5000106999650598,4,erratic,coarse,2016-02-28,2016-02-29,2016-03-27
750,0.7811972897093183,3.6434326318647696,5.637493923240267,6.167857142857143,6.781244524908543,0.0005586867919191718,65.5563735961914,0,0,5600,0.5014599999412894,4,erratic,coarse,2016-02-28,2016-02-29,2016-03-27
800,0.7708127477244734,3.635839739400321,5.6265294669309025,6.167857142857143,6.749626888463499,0.0003903797478415072,57.13660430908203,0,0,5600,0.5123691000044346,4,erratic,coarse,2016-02-28,2016-02-29,2016-03-27
850,0.7681079325186675,3.6311541177471165,5.63076022247389,6.167857142857143,6.728618522545096,0.0002844817063305527,66.5021743774414,0,0,5600,0.523330699885264,4,erratic,coarse,2016-02-28,2016-02-29,2016-03-27
900,0.7736513778936712,3.637929230924752,5.638481327988207,6.167857142857143,6.747869693516145,0.0002696240262594074,56.442596435546875,0,0,5600,0.5337406999897212,4,erratic,coarse,2016-02-28,2016-02-29,2016-03-27
950,0.770038899482206,3.6357250195691293,5.647888665017665,6.167857142857143,6.718255861002706,0.0002545019087847322,55.98976516723633,0,0,5600,0.5631542999763042,4,erratic,coarse,2016-02-28,2016-02-29,2016-03-27
1000,0.769356468865037,3.635934326695112,5.6535662524502035,6.167857142857143,6.715301811826648,0.0001922129449667409,56.23680877685547,0,0,5600,0.5320360998157412,4,erratic,coarse,2016-02-28,2016-02-29,2016-03-27
1100,0.764019075427582,3.638404657685972,5.666647036211376,6.167857142857143,6.675962004038481,0.000130528598674573,56.556583404541016,0,0,5600,0.5274923001416028,4,erratic,coarse,2016-02-28,2016-02-29,2016-03-27
1200,0.768769475549636,3.6409229095591775,5.701850069563482,6.167857142857143,6.634419791037777,9.536070137983188e-05,57.519004821777344,0,0,5600,0.5293260000180453,4,erratic,coarse,2016-02-28,2016-02-29,2016-03-27
1300,0.7658231658598802,3.645316482017884,5.709437528320863,6.167857142857143,6.624171606144472,9.294730989495292e-05,57.53371047973633,0,0,5600,0.5444709998555481,4,erratic,coarse,2016-02-28,2016-02-29,2016-03-27
1400,0.7616013787337558,3.645550763120787,5.705999820450058,6.167857142857143,6.631095116918819,7.690083293709904e-05,59.04897689819336,0,0,5600,0.5385019001550972,4,erratic,coarse,2016-02-28,2016-02-29,2016-03-27
1500,0.7720496853877306,3.6532060484613202,5.739913271524709,6.167857142857143,6.6117764193589705,5.880372555111535e-05,56.470890045166016,0,0,5600,0.5505212000571191,4,erratic,coarse,2016-02-28,2016-02-29,2016-03-27
25,1.8773469674775782,1.0548866457345762,3.6884816948922126,1.050892857142857,0.49617251336175416,0.08064340054988861,3.4232747554779053,0,0,5600,0.49583459994755685,4,intermittent,coarse,2016-02-28,2016-02-29,2016-03-27
50,1.8199710772368562,1.0016104975156486,3.653636797932935,1.050892857142857,0.5125673161387178,0.02185272052884102,6.713464736938477,0,0,5600,0.49384850007481873,4,intermittent,coarse,2016-02-28,2016-02-29,2016-03-27
75,1.6955007445663304,0.9765253744676842,3.628988376216066,1.050892857142857,0.5630841885956137,0.015908395871520042,8.261123657226562,0,0,5600,0.4848458000924438,4,intermittent,coarse,2016-02-28,2016-02-29,2016-03-27
100,1.6296883166353902,0.968693680430962,3.621928208013142,1.050892857142857,0.5907669746034246,0.011819128878414631,8.73162841796875,0,0,5600,0.4843570999801159,4,intermittent,coarse,2016-02-28,2016-02-29,2016-03-27
125,1.5709234666255487,0.9672076225016333,3.6193283382978847,1.050892857142857,0.6167224494206519,0.009164402261376381,8.925558090209961,0,0,5600,0.48182219988666475,4,intermittent,coarse,2016-02-28,2016-02-29,2016-03-27
150,1.5533021041005846,0.9677901454867762,3.6199922984447834,1.050892857142857,0.6264739666768583,0.006531900260597467,9.14958381652832,0,0,5600,0.4885822001378983,4,intermittent,coarse,2016-02-28,2016-02-29,2016-03-27
175,1.538869305445429,0.9678225784105182,3.618708418537029,1.050892857142857,0.6328238916506858,0.005371337290853262,9.365188598632812,0,0,5600,0.49866880010813475,4,intermittent,coarse,2016-02-28,2016-02-29,2016-03-27
200,1.5221591101119076,0.9673193843557549,3.6170500724841226,1.050892857142857,0.6401629396762915,0.0036081403959542513,9.211074829101562,0,0,5600,0.5067196998279542,4,intermittent,coarse,2016-02-28,2016-02-29,2016-03-27
250,1.5067322530067757,0.970299584589832,3.6195794776622425,1.050892857142857,0.6477940059529751,0.001831581350415945,9.34345531463623,0,0,5600,0.5059178001247346,4,intermittent,coarse,2016-02-28,2016-02-29,2016-03-27
300,1.494478357324099,0.9714892298145943,3.6229923533260635,1.050892857142857,0.6537479669910681,0.0012891688384115696,9.644620895385742,0,0,5600,0.49654640001244843,4,intermittent,coarse,2016-02-28,2016-02-29,2016-03-27
350,1.486930794848969,0.9754198682603809,3.6273794358947065,1.050892857142857,0.6551041103104113,0.000864477944560349,9.722756385803223,0,0,5600,0.5002105999737978,4,intermittent,coarse,2016-02-28,2016-02-29,2016-03-27
400,1.4735229987307887,0.9784133494779859,3.630385656766042,1.050892857142857,0.6636749836441803,0.0005978280678391457,9.93621826171875,0,0,5600,0.5166800001170486,4,intermittent,coarse,2016-02-28,2016-02-29,2016-03-27
450,1.4874492269311221,0.9791079398214164,3.633559182507588,1.050892857142857,0.6593624057898185,0.0005102789145894349,10.048959732055664,0,0,5600,0.4862506000790745,4,intermittent,coarse,2016-02-28,2016-02-29,2016-03-27
500,1.4793924341354525,0.9792874761722228,3.6342599727601415,1.050892857142857,0.6629467554226149,0.00034262819099240005,10.164856910705566,0,0,5600,0.5075332999695092,4,intermittent,coarse,2016-02-28,2016-02-29,2016-03-27
550,1.4645237123981458,0.9810547650853603,3.63375645046872,1.050892857142857,0.6708060335150315,0.00024739946820773184,10.307270050048828,0,0,5600,0.5174807000439614,4,intermittent,coarse,2016-02-28,2016-02-29,2016-03-27
600,1.4564239620725556,0.9828362851636406,3.635554276265465,1.050892857142857,0.6795017235350652,0.0001783280895324424,10.342151641845703,0,0,5600,0.5277838001493365,4,intermittent,coarse,2016-02-28,2016-02-29,2016-03-27
650,1.4584989764970087,0.9854183517663867,3.6362561563276534,1.050892857142857,0.6801967152845074,0.00010682021093089134,10.343971252441406,0,0,5600,0.5255563999526203,4,intermittent,coarse,2016-02-28,2016-02-29,2016-03-27
700,1.4629303675548142,0.9844220138347632,3.6369829350255376,1.050892857142857,0.6780331534212746,9.578041499480605e-05,10.408065795898438,0,0,5600,0.5241441999096423,4,intermittent,coarse,2016-02-28,2016-02-29,2016-03-27
750,1.465926191402198,0.9857621853234663,3.6394647001884137,1.050892857142857,0.6795908254697782,8.790101855993271e-05,10.224469184875488,0,0,5600,0.5240860998164862,4,intermittent,coarse,2016-02-28,2016-02-29,2016-03-27
760,1.4646195061957439,0.9862002356488886,3.6393914125006273,1.050892857142857,0.6805999067664367,8.486702427035198e-05,10.22211742401123,0,0,5600,0.5100958999246359,4,intermittent,refined,2016-02-28,2016-02-29,2016-03-27
770,1.461347405827157,0.9857937308175003,3.639147850257157,1.050892857142857,0.6816320586718003,8.762665675021708e-05,10.234515190124512,0,0,5600,0.5246296999976039,4,intermittent,refined,2016-02-28,2016-02-29,2016-03-27
780,1.4669790548435744,0.9858306808561104,3.639867676924332,1.050892857142857,0.6794026308159651,8.682798215886578e-05,10.222183227539062,0,0,5600,0.5199684998951852,4,intermittent,refined,2016-02-28,2016-02-29,2016-03-27
790,1.462981312977885,0.9867805423477889,3.64108550366207,1.050892857142857,0.6820086425648709,8.6893756815698e-05,10.355425834655762,0,0,5600,0.5110281000379473,4,intermittent,refined,2016-02-28,2016-02-29,2016-03-27
800,1.450380763844649,0.9867718015102608,3.64179722892492,1.050892857142857,0.6896036685843371,8.950350456871092e-05,10.565417289733887,0,0,5600,0.5192698000464588,4,intermittent,coarse,2016-02-28,2016-02-29,2016-03-27
810,1.4496631021332842,0.9872312857066027,3.640721273577783,1.050892857142857,0.6893857815342537,7.067060505505651e-05,10.598780632019043,0,0,5600,0.5183118998538703,4,intermittent,refined,2016-02-28,2016-02-29,2016-03-27
820,1.4533014803684938,0.9868838311537027,3.6402107907344536,1.050892857142857,0.6867431467871367,7.160833047237247e-05,10.617633819580078,0,0,5600,0.5246680998243392,4,intermittent,refined,2016-02-28,2016-02-29,2016-03-27
830,1.4558244985803968,0.9860870638783841,3.6384808973258136,1.050892857142857,0.6857550350808729,7.090188591973856e-05,10.612407684326172,0,0,5600,0.5130917001515627,4,intermittent,refined,2016-02-28,2016-02-29,2016-03-27
840,1.4665674361168963,0.9847031357901921,3.637851804529855,1.050892857142857,0.6786497152680854,7.215145160444081e-05,10.301993370056152,0,0,5600,0.5357320997864008,4,intermittent,refined,2016-02-28,2016-02-29,2016-03-27
850,1.4719849620735102,0.985054651912547,3.6384348279935064,1.050892857142857,0.6758977481233419,7.322368037421256e-05,10.27719783782959,0,0,5600,0.47676309989765286,4,intermittent,coarse,2016-02-28,2016-02-29,2016-03-27
900,1.4699922086618324,0.9873989095483362,3.641653122315216,1.050892857142857,0.6786339199208214,6.405921885743737e-05,10.441853523254395,0,0,5600,0.5380144999362528,4,intermittent,coarse,2016-02-28,2016-02-29,2016-03-27
950,1.470569536475269,0.9879511097328461,3.644494535177539,1.050892857142857,0.678881502778756,5.020140815759078e-05,10.383971214294434,0,0,5600,0.5455442999955267,4,intermittent,coarse,2016-02-28,2016-02-29,2016-03-27
1000,1.4804203550289277,0.9878191071320134,3.644074705038758,1.050892857142857,0.6743958926374028,3.5484987165546045e-05,10.355635643005371,0,0,5600,0.526098599890247,4,intermittent,coarse,2016-02-28,2016-02-29,2016-03-27
1100,1.5104785026322434,0.9872459410783365,3.651387739011423,1.050892857142857,0.6618322140889001,2.6075362256960943e-05,11.457539558410645,0,0,5600,0.5127117999363691,4,intermittent,coarse,2016-02-28,2016-02-29,2016-03-27
1200,1.511540215377741,0.9889526951790037,3.652810139673571,1.050892857142857,0.664952367251613,1.4726806512044277e-05,11.622663497924805,0,0,5600,0.5137263000942767,4,intermittent,coarse,2016-02-28,2016-02-29,2016-03-27
1300,1.5250290439598615,0.9907872860426545,3.656536226530044,1.050892857142857,0.659520597019706,1.0031341844296549e-05,11.635403633117676,0,0,5600,0.5334473999682814,4,intermittent,coarse,2016-02-28,2016-02-29,2016-03-27
1400,1.5303104039413418,0.990637324282225,3.6506983691039614,1.050892857142857,0.6549125557912163,7.990250196598936e-06,10.489119529724121,0,0,5600,0.5488934000022709,4,intermittent,coarse,2016-02-28,2016-02-29,2016-03-27
1500,1.5505457452685087,0.9906949624938131,3.6476892292249903,1.050892857142857,0.6446523032861439,3.8589018913626205e-06,10.071131706237793,0,0,5600,0.5294090998359025,4,intermittent,coarse,2016-02-28,2016-02-29,2016-03-27
25,1.4810760537739918,1.5178624998751495,2.740783961541967,1.6926785714285715,1.2448324677055436,0.1953955739736557,5.513032913208008,0,0,5600,0.46611269982531667,4,lumpy,coarse,2016-02-28,2016-02-29,2016-03-27
50,1.4058789404900025,1.4051060079656807,2.5546520602184954,1.6926785714285715,1.238032159502618,0.05231562629342079,9.329017639160156,0,0,5600,0.485045799985528,4,lumpy,coarse,2016-02-28,2016-02-29,2016-03-27
75,1.24773155864875,1.3700016634744991,2.428029635360474,1.6926785714285715,1.3147985024144873,0.0418115071952343,13.111374855041504,0,0,5600,0.46238779998384416,4,lumpy,coarse,2016-02-28,2016-02-29,2016-03-27
100,1.1444594733083575,1.3574969751268093,2.370588398026439,1.6926785714285715,1.3659616762120277,0.033857107162475586,16.369911193847656,0,0,5600,0.5077030998654664,4,lumpy,coarse,2016-02-28,2016-02-29,2016-03-27
125,1.0865530277574813,1.3595827354740218,2.3521940736824303,1.6926785714285715,1.4075250252944949,0.029085302725434303,17.777408599853516,0,0,5600,0.4910703001078218,4,lumpy,coarse,2016-02-28,2016-02-29,2016-03-27
150,1.048630902079587,1.3629475363367236,2.3463411577541353,1.6926785714285715,1.4367172654342306,0.026355799287557602,18.253015518188477,0,0,5600,0.46816819999367,4,lumpy,coarse,2016-02-28,2016-02-29,2016-03-27
175,1.0103846561905754,1.3679067810086,2.3417236176852008,1.6926785714285715,1.4696084589823815,0.02490500919520855,18.471271514892578,0,0,5600,0.48165039997547865,4,lumpy,coarse,2016-02-28,2016-02-29,2016-03-27
200,0.9827462102051635,1.3719486643783083,2.3397892606571014,1.6926785714285715,1.497784084280221,0.024090347811579704,18.740299224853516,0,0,5600,0.5344818001613021,4,lumpy,coarse,2016-02-28,2016-02-29,2016-03-27
250,0.956410877664576,1.375695295752625,2.340241258687566,1.6926785714285715,1.5303620691221607,0.019729208201169968,19.18736457824707,0,0,5600,0.5023258000146598,4,lumpy,coarse,2016-02-28,2016-02-29,2016-03-27
300,0.9235270446677162,1.3836844822178993,2.3358442065910827,1.6926785714285715,1.5672342790124405,0.017047209665179253,19.511266708374023,0,0,5600,0.4535376001149416,4,lumpy,coarse,2016-02-28,2016-02-29,2016-03-27
310,0.9215138918732944,1.3845622067449481,2.3354779210432928,1.6926785714285715,1.5717362933901937,0.017834732308983803,19.15436553955078,0,0,5600,0.4987718998454511,4,lumpy,refined,2016-02-28,2016-02-29,2016-03-27
320,0.922828006837817,1.3828625863015518,2.3340116083106532,1.6926785714285715,1.5673634814979909,0.017600644379854202,19.307157516479492,0,0,5600,0.5128033000510186,4,lumpy,refined,2016-02-28,2016-02-29,2016-03-27
330,0.9220899623706211,1.3812624402294336,2.333523496713348,1.6926785714285715,1.5687290955650885,0.016320394352078438,19.25827980041504,0,0,5600,0.5156604000367224,4,lumpy,refined,2016-02-28,2016-02-29,2016-03-27
340,0.9168039838314967,1.3825972420712267,2.332976932930786,1.6926785714285715,1.5772774896142072,0.015926597639918327,19.475740432739258,0,0,5600,0.5003051001112908,4,lumpy,refined,2016-02-28,2016-02-29,2016-03-27
350,0.9106403370775928,1.3848314294649753,2.333979045297754,1.6926785714285715,1.5877739282336552,0.014477834105491638,19.324031829833984,0,0,5600,0.5075385000091046,4,lumpy,coarse,2016-02-28,2016-02-29,2016-03-27
360,0.9153695144934709,1.3859373942469912,2.3358339736701987,1.6926785714285715,1.5839644908871768,0.013675328344106674,19.29709815979004,0,0,5600,0.5236785998567939,4,lumpy,refined,2016-02-28,2016-02-29,2016-03-27
370,0.9125546717034448,1.387827737123506,2.3375990509759963,1.6926785714285715,1.5894519676015313,0.01403140090405941,19.649547576904297,0,0,5600,0.5536259000655264,4,lumpy,refined,2016-02-28,2016-02-29,2016-03-27
380,0.9088564221242321,1.388379753940639,2.3372758994299563,1.6926785714285715,1.5947748503383317,0.01380778569728136,19.749582290649414,0,0,5600,0.4970581999514252,4,lumpy,refined,2016-02-28,2016-02-29,2016-03-27
390,0.9095788029337193,1.387373863011765,2.334650063047163,1.6926785714285715,1.5919903765041714,0.012288039550185204,19.74797248840332,0,0,5600,0.5092500001192093,4,lumpy,refined,2016-02-28,2016-02-29,2016-03-27
400,0.9135801118536997,1.3887980786898906,2.3391555206385326,1.6926785714285715,1.5921216552912456,0.01134856604039669,19.519832611083984,0,0,5600,0.4855346002150327,4,lumpy,coarse,2016-02-28,2016-02-29,2016-03-27
450,0.9161509374545675,1.3873817370018722,2.3364073881250786,1.6926785714285715,1.5908720187911032,0.010412530042231083,19.012868881225586,0,0,5600,0.48939430015161633,4,lumpy,coarse,2016-02-28,2016-02-29,2016-03-27
500,0.9129983535741988,1.3885731042090006,2.337910331710301,1.6926785714285715,1.589801509715284,0.009311397559940815,19.588117599487305,0,0,5600,0.4988203998655081,4,lumpy,coarse,2016-02-28,2016-02-29,2016-03-27
550,0.9132911101395433,1.3875187332562304,2.3389494452839523,1.6926785714285715,1.5810608004891713,0.007110361009836197,19.627437591552734,0,0,5600,0.5117037000600249,4,lumpy,coarse,2016-02-28,2016-02-29,2016-03-27
600,0.9185310985940853,1.3867082844580623,2.3432129455187574,1.6926785714285715,1.5809341795063145,0.005616088397800922,19.10966682434082,0,0,5600,0.5304576000198722,4,lumpy,coarse,2016-02-28,2016-02-29,2016-03-27
650,0.9120118572438056,1.387621623106201,2.345949341964436,1.6926785714285715,1.5880691824806854,0.005495304707437754,19.137584686279297,0,0,5600,0.5190345998853445,4,lumpy,coarse,2016-02-28,2016-02-29,2016-03-27
700,0.9356514635629313,1.385650888007367,2.354465209404607,1.6926785714285715,1.570547156800915,0.005775210913270712,18.141929626464844,0,0,5600,0.5346522000618279,4,lumpy,coarse,2016-02-28,2016-02-29,2016-03-27
750,0.935585608859846,1.3832070357763275,2.3508364734472984,1.6926785714285715,1.5684780135622713,0.00502899382263422,17.960468292236328,0,0,5600,0.4898481999989599,4,lumpy,coarse,2016-02-28,2016-02-29,2016-03-27
800,0.9279606597263564,1.3811761687105588,2.3445128805705715,1.6926785714285715,1.5690745104042747,0.004140965174883604,19.53075408935547,0,0,5600,0.5353529001586139,4,lumpy,coarse,2016-02-28,2016-02-29,2016-03-27
850,0.9367590602900234,1.3934346276107161,2.3638119850135966,1.6926785714285715,1.5740548713190532,0.003583122044801712,18.888029098510742,0,0,5600,0.5003672998864204,4,lumpy,coarse,2016-02-28,2016-02-29,2016-03-27
900,0.9474365807953828,1.3870210174289033,2.3627064667343474,1.6926785714285715,1.5576856626488733,0.0029413208831101656,19.784231185913086,0,0,5600,0.515449499944225,4,lumpy,coarse,2016-02-28,2016-02-29,2016-03-27
950,0.956347342324444,1.3839270384853755,2.35707303558285,1.6926785714285715,1.5507675359254687,0.002713774563744664,20.060684204101562,0,0,5600,0.5336855999194086,4,lumpy,coarse,2016-02-28,2016-02-29,2016-03-27
1000,0.961732370797163,1.383220717277935,2.355184478985422,1.6926785714285715,1.5495292412533308,0.001117787091061473,20.082626342773438,0,0,5600,0.5375876999460161,4,lumpy,coarse,2016-02-28,2016-02-29,2016-03-27
1100,0.9900152381896381,1.3910923736472927,2.38635793734737,1.6926785714285715,1.529244454646032,0.0008462037076242268,20.783252716064453,0,0,5600,0.5415915998164564,4,lumpy,coarse,2016-02-28,2016-02-29,2016-03-27
1200,1.0190400737367546,1.384931849561908,2.3813512167420408,1.6926785714285715,1.4988624670069113,0.0005613218527287245,17.518407821655273,0,0,5600,0.5444217999465764,4,lumpy,coarse,2016-02-28,2016-02-29,2016-03-27
1300,1.009499283480614,1.39131004861688,2.404755916366275,1.6926785714285715,1.50181218503859,0.0004780266899615526,20.007102966308594,0,0,5600,0.5636567999608815,4,lumpy,coarse,2016-02-28,2016-02-29,2016-03-27
1400,1.013742202172235,1.3880248351848525,2.405184320710688,1.6926785714285715,1.4936030819991304,0.0002710104454308748,18.31801986694336,0,0,5600,0.5334427999332547,4,lumpy,coarse,2016-02-28,2016-02-29,2016-03-27
1500,1.02794548307926,1.3905815225394769,2.4139435747265487,1.6926785714285715,1.4843059019228244,0.00020542180573102087,18.04584503173828,0,0,5600,0.5380524999927729,4,lumpy,coarse,2016-02-28,2016-02-29,2016-03-27
25,1.0418095740898188,3.501039052584342,6.553184364822836,6.124464285714286,5.150822363133941,0.696539044380188,25.090782165527344,0,0,5600,0.4964603998232633,4,smooth,coarse,2016-02-28,2016-02-29,2016-03-27
50,0.8413328771285686,2.7408134802830006,4.657928750494383,6.124464285714286,5.265462203746927,0.15277913212776184,45.0423469543457,0,0,5600,0.4835888999514282,4,smooth,coarse,2016-02-28,2016-02-29,2016-03-27
75,0.7246218771241757,2.536372958081109,4.044122193964362,6.124464285714286,5.510787622484245,0.07336919754743576,58.29814910888672,0,0,5600,0.49894180009141564,4,smooth,coarse,2016-02-28,2016-02-29,2016-03-27
100,0.6847186398239506,2.5128421963232435,3.9446026297090224,6.124464285714286,5.629742736703317,0.05225485563278198,62.85146713256836,0,0,5600,0.4889789998997003,4,smooth,coarse,2016-02-28,2016-02-29,2016-03-27
125,0.6736841025684335,2.505954310717061,3.92448448511117,6.124464285714286,5.672150843808693,0.035575684159994125,63.637718200683594,0,0,5600,0.5035690998192877,4,smooth,coarse,2016-02-28,2016-02-29,2016-03-27
150,0.667143332517694,2.5115026248978185,3.922826406306983,6.124464285714286,5.7031027400706495,0.022241901606321335,64.11640930175781,0,0,5600,0.48824570002034307,4,smooth,coarse,2016-02-28,2016-02-29,2016-03-27
175,0.6562468843900886,2.5081885827515675,3.912670035517558,6.124464285714286,5.750980053347469,0.014907901175320148,65.15609741210938,0,0,5600,0.47920030006207526,4,smooth,coarse,2016-02-28,2016-02-29,2016-03-27
200,0.6465926639247705,2.512362323051119,3.9121968166419867,6.124464285714286,5.801662206582924,0.008840113878250122,65.41161346435547,0,0,5600,0.4706655000336468,4,smooth,coarse,2016-02-28,2016-02-29,2016-03-27
250,0.6326770531560859,2.518226399069037,3.912066409405519,6.124464285714286,5.867826422434217,0.003940570168197155,65.6641845703125,0,0,5600,0.4779590000398457,4,smooth,coarse,2016-02-28,2016-02-29,2016-03-27
300,0.6258760570335722,2.522084156938903,3.9105829243531036,6.124464285714286,5.920011879947643,0.001412100624293089,65.85354614257812,0,0,5600,0.5010190999601036,4,smooth,coarse,2016-02-28,2016-02-29,2016-03-27
350,0.619741788177419,2.5247272949444857,3.908454910409175,6.124464285714286,5.973401217068256,0.0004660198756027967,66.1017074584961,0,0,5600,0.47260889993049204,4,smooth,coarse,2016-02-28,2016-02-29,2016-03-27
360,0.6195982813930265,2.5276593229817497,3.9156780541161065,6.124464285714286,5.978791103740482,0.00043025746708735824,66.05828094482422,0,0,5600,0.4961604999843985,4,smooth,refined,2016-02-28,2016-02-29,2016-03-27
370,0.6192033127723556,2.528266745921963,3.915610267893021,6.124464285714286,5.986691080637782,0.0004133413021918386,66.11620330810547,0,0,5600,0.493189400061965,4,smooth,refined,2016-02-28,2016-02-29,2016-03-27
380,0.6192819031311705,2.526532618506961,3.9123527526912714,6.124464285714286,5.984873203994191,0.00036235060542821884,66.1202392578125,0,0,5600,0.5135973999276757,4,smooth,refined,2016-02-28,2016-02-29,2016-03-27
390,0.6193149581587836,2.5283617068815873,3.916024087489191,6.124464285714286,5.99443326962446,0.0003733725461643189,66.19213104248047,0,0,5600,0.5131598999723792,4,smooth,refined,2016-02-28,2016-02-29,2016-03-27
400,0.6185225190336855,2.5240623922031955,3.9103469998398515,6.124464285714286,5.990603812900808,0.0002882201806642115,66.07331085205078,0,0,5600,0.5088784000836313,4,smooth,coarse,2016-02-28,2016-02-29,2016-03-27
410,0.6193996843891348,2.5237301336694458,3.912024792327498,6.124464285714286,5.995250861641143,0.0002853272308129817,66.19806671142578,0,0,5600,0.493880300084129,4,smooth,refined,2016-02-28,2016-02-29,2016-03-27
420,0.6194903517158477,2.52627165073901,3.9144283357448355,6.124464285714286,5.998280140009779,0.0002583734458312392,66.03236389160156,0,0,5600,0.4965121999848634,4,smooth,refined,2016-02-28,2016-02-29,2016-03-27
430,0.6193114841212926,2.5260553737316878,3.9132326037642775,6.124464285714286,6.004877633676302,0.00021578275482170284,66.12443542480469,0,0,5600,0.5288947001099586,4,smooth,refined,2016-02-28,2016-02-29,2016-03-27
440,0.6202093537021434,2.5271440362837034,3.920387481140348,6.124464285714286,6.003471155103,0.00016725411114748567,66.09344482421875,0,0,5600,0.5079556000418961,4,smooth,refined,2016-02-28,2016-02-29,2016-03-27
450,0.6197292680547554,2.5273996879384426,3.919782229817325,6.124464285714286,6.005630891309081,0.000177580674062483,66.12235260009766,0,0,5600,0.5264618000946939,4,smooth,coarse,2016-02-28,2016-02-29,2016-03-27
500,0.6252230682730604,2.5304723109492233,3.9204286766577807,6.124464285714286,6.000245922624072,9.454337123315781e-05,66.05116271972656,0,0,5600,0.5001016999594867,4,smooth,coarse,2016-02-28,2016-02-29,2016-03-27
550,0.6228697526549786,2.5334263167838658,3.923738923915127,6.124464285714286,6.015950123696869,7.915563037386164e-05,66.03733825683594,0,0,5600,0.49571079993620515,4,smooth,coarse,2016-02-28,2016-02-29,2016-03-27
600,0.620627328980649,2.5363455095038763,3.922375508490636,6.124464285714286,6.026743243016047,5.245536522124894e-05,66.24142456054688,0,0,5600,0.5113695000763983,4,smooth,coarse,2016-02-28,2016-02-29,2016-03-27
650,0.6237611034823678,2.5339268401210497,3.9293665071060575,6.124464285714286,5.990711732567124,3.451743759796955e-05,66.35115051269531,0,0,5600,0.49975430010817945,4,smooth,coarse,2016-02-28,2016-02-29,2016-03-27
700,0.6288645886322229,2.5316819675684377,3.9348877639621054,6.124464285714286,5.990956642646485,3.223629028070718e-05,66.3574447631836,0,0,5600,0.4964115999173373,4,smooth,coarse,2016-02-28,2016-02-29,2016-03-27
750,0.6286425715944639,2.5330110781739226,3.9332067261279935,6.124464285714286,6.005621335239331,2.0114632206968963e-05,66.29216766357422,0,0,5600,0.49082749988883734,4,smooth,coarse,2016-02-28,2016-02-29,2016-03-27
800,0.6313216254470037,2.5386510246015725,3.9426360364297675,6.124464285714286,6.006587997561821,1.5854573575779796e-05,66.2931137084961,0,0,5600,0.4900834998115897,4,smooth,coarse,2016-02-28,2016-02-29,2016-03-27
850,0.6331193553496067,2.548061986362546,3.9507180545590477,6.124464285714286,6.017384352265165,1.0443566679896321e-05,66.5462646484375,0,0,5600,0.5296747998800129,4,smooth,coarse,2016-02-28,2016-02-29,2016-03-27
900,0.6350878376799027,2.54652394688856,3.955187097243263,6.124464285714286,5.9860923033722635,8.223495569836814e-06,66.60032653808594,0,0,5600,0.543537899851799,4,smooth,coarse,2016-02-28,2016-02-29,2016-03-27
950,0.640621094710171,2.544537438037165,3.956770379126033,6.124464285714286,5.971513044736931,7.619305506523233e-06,66.6473159790039,0,0,5600,0.5489028999581933,4,smooth,coarse,2016-02-28,2016-02-29,2016-03-27
1000,0.6493806377005902,2.547519808868308,3.964780648232714,6.124464285714286,5.947011678822017,6.4594437390042e-06,66.71488189697266,0,0,5600,0.5555549999698997,4,smooth,coarse,2016-02-28,2016-02-29,2016-03-27
1100,0.6451987028192375,2.5548692388951135,3.9690004574287716,6.124464285714286,5.957712065425919,3.0006760880496586e-06,66.95220184326172,0,0,5600,0.5493399000260979,4,smooth,coarse,2016-02-28,2016-02-29,2016-03-27
1200,0.6562902654613969,2.5518930728412834,3.967341632205576,6.124464285714286,5.897459681865951,2.1330420167942066e-06,66.9744644165039,0,0,5600,0.5452986001037061,4,smooth,coarse,2016-02-28,2016-02-29,2016-03-27
1300,0.6609290392261167,2.5530080896068004,3.9661776541359046,6.124464285714286,5.884086381960707,2.2259464458329603e-06,66.94540405273438,0,0,5600,0.5571519997902215,4,smooth,coarse,2016-02-28,2016-02-29,2016-03-27
1400,0.6692463575135121,2.5606903693527974,3.9795019358252413,6.124464285714286,5.865255520875156,1.6411127035098616e-06,66.80805969238281,0,0,5600,0.5495804999954998,4,smooth,coarse,2016-02-28,2016-02-29,2016-03-27
1500,0.6707580262228174,2.558302082801565,3.9849211271393794,6.124464285714286,5.846701534533365,8.167771738953888e-07,66.75306701660156,0,0,5600,0.539300600066781,4,smooth,coarse,2016-02-28,2016-02-29,2016-03-27
25,1.0735711938172547,3.8706108449612344,6.342577146214157,5.747857142857143,5.6792859102572715,0.867654025554657,26.098379135131836,0,0,5600,0.4260159998666495,5,erratic,coarse,2016-03-27,2016-03-28,2016-04-24
50,0.8532367198881968,3.519580478210534,5.647136335353644,5.747857142857143,5.487640738689474,0.3145922124385834,43.269168853759766,0,0,5600,0.43442949978634715,5,erratic,coarse,2016-03-27,2016-03-28,2016-04-24
75,0.7062074820151758,3.44681827409459,5.412596037874559,5.747857142857143,5.593662574637149,0.24802154302597046,51.554222106933594,0,0,5600,0.42536229989491403,5,erratic,coarse,2016-03-27,2016-03-28,2016-04-24
100,0.6736191947603275,3.453202054122729,5.370260414793905,5.747857142857143,5.712291090557618,0.21130023896694183,55.46733474731445,0,0,5600,0.4229617000091821,5,erratic,coarse,2016-03-27,2016-03-28,2016-04-24
110,0.6588463295465122,3.4600471706369094,5.36751586053423,5.747857142857143,5.751909450920564,0.19358763098716736,56.06333923339844,0,0,5600,0.5261697999667376,5,erratic,refined,2016-03-27,2016-03-28,2016-04-24
120,0.6588509218470462,3.466035336665809,5.36830915640956,5.747857142857143,5.777862250299326,0.19059142470359802,56.110862731933594,0,0,5600,0.4601567001082003,5,erratic,refined,2016-03-27,2016-03-28,2016-04-24
125,0.6575758309015329,3.4704896231394793,5.368817706484266,5.747857142857143,5.807408702168614,0.18639764189720154,56.12614440917969,0,0,5600,0.44586560013704,5,erratic,coarse,2016-03-27,2016-03-28,2016-04-24
130,0.6469648391138004,3.4770675208353037,5.364795347509792,5.747857142857143,5.838621052411784,0.07708192616701126,56.05724334716797,0,0,5600,0.4895629999227822,5,erratic,refined,2016-03-27,2016-03-28,2016-04-24
140,0.6460904931188762,3.4841927042523664,5.360484689869775,5.747857142857143,5.8921377084856585,0.18029461801052094,57.49191665649414,0,0,5600,0.48656039987690747,5,erratic,refined,2016-03-27,2016-03-28,2016-04-24
150,0.6447701367353782,3.4879937971622814,5.359453992391577,5.747857142857143,5.9135049698422,0.06753605604171753,56.14520263671875,0,0,5600,0.4464469999074936,5,erratic,coarse,2016-03-27,2016-03-28,2016-04-24
160,0.6448143161022616,3.4973299613648225,5.357187568201089,5.747857142857143,5.975235878841153,0.06338763236999512,56.368953704833984,0,0,5600,0.49161070003174245,5,erratic,refined,2016-03-27,2016-03-28,2016-04-24
170,0.6464316383863764,3.497609953804474,5.357320121909516,5.747857142857143,5.9876009423591725,0.05772572010755539,57.194091796875,0,0,5600,0.46592569979839027,5,erratic,refined,2016-03-27,2016-03-28,2016-04-24
175,0.6461214503140705,3.495977228543987,5.353215951598133,5.747857142857143,5.989165155870973,0.0561426542699337,57.63709259033203,0,0,5600,0.4356357001233846,5,erratic,coarse,2016-03-27,2016-03-28,2016-04-24
180,0.6456073303136373,3.497241086250038,5.353676507409608,5.747857142857143,5.991907657047601,0.05926937237381935,57.7067756652832,0,0,5600,0.4762281998991966,5,erratic,refined,2016-03-27,2016-03-28,2016-04-24
190,0.6463683566172882,3.5040925194496024,5.356254488755676,5.747857142857143,6.020004601346861,0.05490582436323166,58.19424819946289,0,0,5600,0.48984169983305037,5,erratic,refined,2016-03-27,2016-03-28,2016-04-24
200,0.6479098900347576,3.5110875012386322,5.360693029498754,5.747857142857143,6.050724164415816,0.054931122809648514,58.49409866333008,0,0,5600,0.4308325999882072,5,erratic,coarse,2016-03-27,2016-03-28,2016-04-24
250,0.6636091880249543,3.5381228615044216,5.3701951130261305,5.747857142857143,6.181706429115231,0.04934423789381981,59.3288688659668,0,0,5600,0.4590304000303149,5,erratic,coarse,2016-03-27,2016-03-28,2016-04-24
300,0.6759038747956131,3.5486253990113203,5.381177780489179,5.747857142857143,6.233416934235554,0.03815635293722153,59.53574752807617,0,0,5600,0.45298790000379086,5,erratic,coarse,2016-03-27,2016-03-28,2016-04-24
350,0.6773423343116205,3.559265863981896,5.379649155553724,5.747857142857143,6.27046057309024,0.03231523931026459,60.85615158081055,0,0,5600,0.44431799999438226,5,erratic,coarse,2016-03-27,2016-03-28,2016-04-24
400,0.67778729585162,3.5565747645590453,5.383286566077952,5.747857142857143,6.269226493541417,0.02935101091861725,61.69185256958008,0,0,5600,0.4682584998663515,5,erratic,coarse,2016-03-27,2016-03-28,2016-04-24
450,0.6848323041092863,3.570332631649882,5.3973111331023125,5.747857142857143,6.300009987478511,0.015286740846931934,61.108028411865234,0,0,5600,0.5002748998813331,5,erratic,coarse,2016-03-27,2016-03-28,2016-04-24
500,0.6971217246553806,3.5781131245535134,5.41310421660924,5.747857142857143,6.303009342738494,0.011002701707184315,65.71906280517578,0,0,5600,0.42820409988053143,5,erratic,coarse,2016-03-27,2016-03-28,2016-04-24
550,0.7040785256901128,3.575682973693807,5.411037644996698,5.747857142857143,6.314515828244372,0.0041933669708669186,61.516658782958984,0,0,5600,0.4495321998838335,5,erratic,coarse,2016-03-27,2016-03-28,2016-04-24
600,0.6948701168631466,3.5678237175703646,5.405865760010694,5.747857142857143,6.291909695816991,0.0037870043888688087,61.780784606933594,0,0,5600,0.6443126001395285,5,erratic,coarse,2016-03-27,2016-03-28,2016-04-24
650,0.6894591679436461,3.550929455640975,5.398049540684256,5.747857142857143,6.227961594273553,0.0038549406453967094,62.753360748291016,0,0,5600,0.7836447998415679,5,erratic,coarse,2016-03-27,2016-03-28,2016-04-24
700,0.6815409157990568,3.542530693557263,5.400067142584096,5.747857142857143,6.216565580334365,0.002912461757659912,60.79521179199219,0,0,5600,0.5452270000241697,5,erratic,coarse,2016-03-27,2016-03-28,2016-04-24
750,0.6834308838267512,3.5393322781873366,5.4149449815889,5.747857142857143,6.185693164286952,0.0023608901537954807,59.65336608886719,0,0,5600,0.4917484999168664,5,erratic,coarse,2016-03-27,2016-03-28,2016-04-24
800,0.6904592310594022,3.5466844592956686,5.43059909193276,5.747857142857143,6.187326022045142,0.0016948649426922202,60.197078704833984,0,0,5600,0.4593600002117455,5,erratic,coarse,2016-03-27,2016-03-28,2016-04-24
850,0.6717434615053126,3.5320420575728972,5.406391133581945,5.747857142857143,6.17052829737193,0.0013334120158106089,63.49404525756836,0,0,5600,0.4599845998454839,5,erratic,coarse,2016-03-27,2016-03-28,2016-04-24
900,0.6728417532454496,3.532898308098416,5.41233504070162,5.747857142857143,6.167621572423626,0.0011689048260450363,66.40483093261719,0,0,5600,0.4947134000249207,5,erratic,coarse,2016-03-27,2016-03-28,2016-04-24
950,0.6710487374703877,3.5285936381318606,5.40878817864981,5.747857142857143,6.155811857873673,0.0011106131132692099,67.30899047851562,0,0,5600,0.5096269000787288,5,erratic,coarse,2016-03-27,2016-03-28,2016-04-24
1000,0.6686430889852275,3.5289123217083604,5.394987631455698,5.747857142857143,6.162579915324064,0.0010603246046230197,67.57320404052734,0,0,5600,0.507192799821496,5,erratic,coarse,2016-03-27,2016-03-28,2016-04-24
1100,0.6965382759029461,3.5580655148353046,5.442565030849956,5.747857142857143,6.234106655940871,0.0008567473851144314,76.3963623046875,0,0,5600,0.5271401000209153,5,erratic,coarse,2016-03-27,2016-03-28,2016-04-24
1200,0.6839027035949435,3.534652064266681,5.43348486934193,5.747857142857143,6.184552145819928,0.0006779346149414778,78.36831665039062,0,0,5600,0.5090947998687625,5,erratic,coarse,2016-03-27,2016-03-28,2016-04-24
1300,0.6854275859690444,3.5347399443075327,5.420457582228851,5.747857142857143,6.150342659209065,0.0008683813503012061,60.789764404296875,0,0,5600,0.5122892998624593,5,erratic,coarse,2016-03-27,2016-03-28,2016-04-24
1400,0.6857916955987257,3.542028379231997,5.448147138128234,5.747857142857143,6.1459645917642565,0.0006624974776059389,60.69933319091797,0,0,5600,0.5248791000340134,5,erratic,coarse,2016-03-27,2016-03-28,2016-04-24
1500,0.6808067344253637,3.531859699981214,5.470631965759369,5.747857142857143,6.087723895117139,0.0005299567710608244,60.863868713378906,0,0,5600,0.6355367999058217,5,erratic,coarse,2016-03-27,2016-03-28,2016-04-24
25,2.055021373795676,0.9986127262256508,3.230881373184019,1.0232142857142856,0.512483101900933,0.08196887373924255,6.18831729888916,0,0,5600,0.47709949989803135,5,intermittent,coarse,2016-03-27,2016-03-28,2016-04-24
50,1.7685123622886123,0.8684658374437796,2.5900848932310767,1.0232142857142856,0.5985013435182295,0.02596704475581646,23.713420867919922,0,0,5600,0.43266390007920563,5,intermittent,coarse,2016-03-27,2016-03-28,2016-04-24
75,1.2046453840673481,0.7517078956575798,1.6295682976275065,1.0232142857142856,0.7823335364035198,0.01915990747511387,40.105796813964844,0,0,5600,0.4370450999122113,5,intermittent,coarse,2016-03-27,2016-03-28,2016-04-24
100,1.0464715354015715,0.7387128057131278,1.4810019303168447,1.0232142857142856,0.8534230175674228,0.012292088940739632,50.192657470703125,0,0,5600,0.48103240015916526,5,intermittent,coarse,2016-03-27,2016-03-28,2016-04-24
125,0.9672256609660833,0.7372746005063943,1.4401921464984424,1.0232142857142856,0.8903419410146307,0.007830498740077019,53.933109283447266,0,0,5600,0.45968139986507595,5,intermittent,coarse,2016-03-27,2016-03-28,2016-04-24
150,0.9528193130782531,0.7407515833982533,1.466483849167178,1.0232142857142856,0.9056735236267559,0.007179251406341791,54.934478759765625,0,0,5600,0.4631253001280129,5,intermittent,coarse,2016-03-27,2016-03-28,2016-04-24
175,0.939287544967341,0.739183180533416,1.4488064359788584,1.0232142857142856,0.9140881783185926,0.004964328836649656,55.890777587890625,0,0,5600,0.46268270001746714,5,intermittent,coarse,2016-03-27,2016-03-28,2016-04-24
200,0.9232883984664252,0.7456421109438608,1.491217555579542,1.0232142857142856,0.9314776726256657,0.00409228028729558,57.185447692871094,0,0,5600,0.4570039000827819,5,intermittent,coarse,2016-03-27,2016-03-28,2016-04-24
250,0.9298807085926748,0.7524937975326819,1.5584391893596277,1.0232142857142856,0.9390627905523538,0.003171040676534176,58.40961837768555,0,0,5600,0.4502657998818904,5,intermittent,coarse,2016-03-27,2016-03-28,2016-04-24
300,0.9241258011459111,0.7557392076408308,1.5956646401135346,1.0232142857142856,0.9544309046537299,0.002026183996349573,60.52107238769531,0,0,5600,0.5062319000717252,5,intermittent,coarse,2016-03-27,2016-03-28,2016-04-24
350,0.9245982168609146,0.7562417425598583,1.5955935278303823,1.0232142857142856,0.9550880372927557,0.000862664426676929,60.931121826171875,0,0,5600,0.4488257998600602,5,intermittent,coarse,2016-03-27,2016-03-28,2016-04-24
400,0.9228407124012876,0.755729933422512,1.5865440194897011,1.0232142857142856,0.9564050037325901,0.0005599758005701005,60.533973693847656,0,0,5600,0.4838372999802232,5,intermittent,coarse,2016-03-27,2016-03-28,2016-04-24
410,0.9229636001108288,0.7563978769030655,1.5888858087288222,1.0232142857142856,0.9568977634674437,0.0005664688069373369,60.62661361694336,0,0,5600,0.48442370002157986,5,intermittent,refined,2016-03-27,2016-03-28,2016-04-24
420,0.9208820635179232,0.7562431857526618,1.5883451145446552,1.0232142857142856,0.9586103706711687,0.000487091310787946,60.74843978881836,0,0,5600,0.47235090006142855,5,intermittent,refined,2016-03-27,2016-03-28,2016-04-24
430,0.917796409853751,0.7576219485149133,1.5894518879509725,1.0232142857142856,0.9605646662361998,0.00044634498772211373,60.78303909301758,0,0,5600,0.4506981000304222,5,intermittent,refined,2016-03-27,2016-03-28,2016-04-24
440,0.9162712268008935,0.7569245842689062,1.5865414087519312,1.0232142857142856,0.9604643017463864,0.0004381276376079768,60.68246078491211,0,0,5600,0.4695842999499291,5,intermittent,refined,2016-03-27,2016-03-28,2016-04-24
450,0.913068092554587,0.7564019037655089,1.5860054711099876,1.0232142857142856,0.9614782571391801,0.0004214523360133171,60.73656463623047,0,0,5600,0.4743073999416083,5,intermittent,coarse,2016-03-27,2016-03-28,2016-04-24
460,0.9126538243965043,0.757152146965257,1.5865704333097423,1.0232142857142856,0.9631392943451231,0.00044354249257594347,60.834678649902344,0,0,5600,0.4878790001384914,5,intermittent,refined,2016-03-27,2016-03-28,2016-04-24
470,0.9172993200908967,0.7571977102898485,1.5855174711301356,1.0232142857142856,0.9603580200963812,0.000439570692833513,60.72336196899414,0,0,5600,0.4683564999140799,5,intermittent,refined,2016-03-27,2016-03-28,2016-04-24
480,0.9152418568419475,0.7573167065926619,1.5840983781222648,1.0232142857142856,0.9627058112770777,0.0004603560664691031,60.720523834228516,0,0,5600,0.49052150011993945,5,intermittent,refined,2016-03-27,2016-03-28,2016-04-24
490,0.918874347527956,0.7575295151975401,1.585984461045125,1.0232142857142856,0.9616661235945295,0.0004389341629575938,60.79660415649414,0,0,5600,0.4519138999748975,5,intermittent,refined,2016-03-27,2016-03-28,2016-04-24
500,0.9173907855515804,0.7579191648547359,1.5877185584429157,1.0232142857142856,0.9638934267990511,0.000352752540493384,60.93696212768555,0,0,5600,0.49487229995429516,5,intermittent,coarse,2016-03-27,2016-03-28,2016-04-24
550,0.9137127860596669,0.7586441982990281,1.5969172644944865,1.0232142857142856,0.9676165214231255,0.00023426348343491554,61.39524841308594,0,0,5600,0.48741309996694326,5,intermittent,coarse,2016-03-27,2016-03-28,2016-04-24
600,0.9150097783953263,0.7583577689729541,1.600971718134958,1.0232142857142856,0.9666956609718546,0.00018821661069523543,61.67817306518555,0,0,5600,0.5200824001803994,5,intermittent,coarse,2016-03-27,2016-03-28,2016-04-24
650,0.9175015390864882,0.7626891652502412,1.6393765017054145,1.0232142857142856,0.9717605589159991,0.0001565405254950747,62.08247375488281,0,0,5600,0.47076940000988543,5,intermittent,coarse,2016-03-27,2016-03-28,2016-04-24
700,0.9149335259827145,0.7613313015035679,1.6127957817988383,1.0232142857142856,0.97124915364656,0.00010823884076671675,61.668617248535156,0,0,5600,0.49695310019887984,5,intermittent,coarse,2016-03-27,2016-03-28,2016-04-24
750,0.9211239578067035,0.7625722216619839,1.6102323777149412,1.0232142857142856,0.9689113320790759,8.656613499624655e-05,61.57112503051758,0,0,5600,0.46915869996882975,5,intermittent,coarse,2016-03-27,2016-03-28,2016-04-24
800,0.9248098874009881,0.7612654801805417,1.6143627557676805,1.0232142857142856,0.9631191782453477,7.177125371526927e-05,61.76882553100586,0,0,5600,0.510135899996385,5,intermittent,coarse,2016-03-27,2016-03-28,2016-04-24
850,0.9267413725227858,0.765680291791814,1.6441986584752804,1.0232142857142856,0.9720992181130168,5.426617281045765e-05,62.502479553222656,0,0,5600,0.46141690015792847,5,intermittent,coarse,2016-03-27,2016-03-28,2016-04-24
900,0.9192528127588071,0.7645744755171342,1.634052330666433,1.0232142857142856,0.9737248906252742,3.936815483029932e-05,62.6536750793457,0,0,5600,0.4883063999004662,5,intermittent,coarse,2016-03-27,2016-03-28,2016-04-24
950,0.9174814251498836,0.7642606126640541,1.631723136025139,1.0232142857142856,0.979210953174001,3.521676626405679e-05,62.09437561035156,0,0,5600,0.4980692001990974,5,intermittent,coarse,2016-03-27,2016-03-28,2016-04-24
1000,0.931722476609615,0.7672909843360536,1.6434854945842132,1.0232142857142856,0.9716162275730162,2.8470980396377854e-05,62.14369583129883,0,0,5600,0.49144629994407296,5,intermittent,coarse,2016-03-27,2016-03-28,2016-04-24
1100,0.9279548439167307,0.7678256785085711,1.6428098094115093,1.0232142857142856,0.9711575098571321,2.326283538423013e-05,62.36014938354492,0,0,5600,0.4833738999441266,5,intermittent,coarse,2016-03-27,2016-03-28,2016-04-24
1200,0.9375775411645648,0.7658261890632333,1.6518860733403855,1.0232142857142856,0.9606377302324167,2.217931250925176e-05,62.643638610839844,0,0,5600,0.5080432000104338,5,intermittent,coarse,2016-03-27,2016-03-28,2016-04-24
1300,0.9380947255579014,0.7680706408642618,1.6648386078411805,1.0232142857142856,0.9657850347871213,2.3609305571881123e-05,63.10931396484375,0,0,5600,0.5074040000326931,5,intermittent,coarse,2016-03-27,2016-03-28,2016-04-24
1400,0.9462910593297269,0.767562644066177,1.6468263294015044,1.0232142857142856,0.9536322897129205,1.5131354302866384e-05,62.76578140258789,0,0,5600,0.5093917001504451,5,intermittent,coarse,2016-03-27,2016-03-28,2016-04-24
1500,0.956836258394059,0.7662666951214,1.6434443918421817,1.0232142857142856,0.9421847308317053,1.0541549272602424e-05,62.72188949584961,0,0,5600,0.5300194998271763,5,intermittent,coarse,2016-03-27,2016-03-28,2016-04-24
25,1.3674550658678655,1.506556379704603,2.8712086858365047,1.6485714285714286,1.22715517369232,0.18037064373493195,5.328054904937744,0,0,5600,0.4273453999776393,5,lumpy,coarse,2016-03-27,2016-03-28,2016-04-24
50,1.3087476033014653,1.4138462023762985,2.7193365022019482,1.6485714285714286,1.2249961408846346,0.055293213576078415,9.554159164428711,0,0,5600,0.4404080000240356,5,lumpy,coarse,2016-03-27,2016-03-28,2016-04-24
75,1.1957670692586788,1.3876404630319614,2.635898353525556,1.6485714285714286,1.291010342146536,0.039609991014003754,11.454638481140137,0,0,5600,0.43690140009857714,5,lumpy,coarse,2016-03-27,2016-03-28,2016-04-24
100,1.10320651752509,1.3785866261812458,2.5946747674315955,1.6485714285714286,1.3435671226580495,0.0333157554268837,12.2791166305542,0,0,5600,0.42900600004941225,5,lumpy,coarse,2016-03-27,2016-03-28,2016-04-24
125,1.0408619393248357,1.3717956358121175,2.5642101822012053,1.6485714285714286,1.3756466511018308,0.03066132590174675,13.961891174316406,0,0,5600,0.47752920002676547,5,lumpy,coarse,2016-03-27,2016-03-28,2016-04-24
150,0.9947403560290514,1.3745338976476342,2.56001402623129,1.6485714285714286,1.4152085626378124,0.028078120201826096,14.3447904586792,0,0,5600,0.43678479990921915,5,lumpy,coarse,2016-03-27,2016-03-28,2016-04-24
175,0.9804812888464259,1.3745915735053962,2.555944224053395,1.6485714285714286,1.4257245981141127,0.027801960706710815,14.8848237991333,0,0,5600,0.4578276998363435,5,lumpy,coarse,2016-03-27,2016-03-28,2016-04-24
200,0.9578892389431553,1.3747596885170787,2.552642182565352,1.6485714285714286,1.4487640813491973,0.027568871155381203,15.067669868469238,0,0,5600,0.4503232000861317,5,lumpy,coarse,2016-03-27,2016-03-28,2016-04-24
250,0.912640951805799,1.3812787441204168,2.5362331744949085,1.6485714285714286,1.4973988063726573,0.019747193902730942,17.195924758911133,0,0,5600,0.4434080000501126,5,lumpy,coarse,2016-03-27,2016-03-28,2016-04-24
300,0.878415270787303,1.387199589214454,2.5342848736429615,1.6485714285714286,1.5299441056760095,0.010938577353954315,17.13629913330078,0,0,5600,0.4283123998902738,5,lumpy,coarse,2016-03-27,2016-03-28,2016-04-24
350,0.852193968271117,1.3980983187174258,2.5387985698265148,1.6485714285714286,1.5667197668993946,0.006840308662503958,18.188461303710938,0,0,5600,0.466394399991259,5,lumpy,coarse,2016-03-27,2016-03-28,2016-04-24
400,0.8532539778053649,1.4027417332224599,2.5408953403120536,1.6485714285714286,1.5759601290235878,0.0033919562119990587,18.217464447021484,0,0,5600,0.46154259983450174,5,lumpy,coarse,2016-03-27,2016-03-28,2016-04-24
410,0.8540689491731516,1.4020503027181672,2.541701630213045,1.6485714285714286,1.5735936475947632,0.002959741745144129,17.994951248168945,0,0,5600,0.4550272999331355,5,lumpy,refined,2016-03-27,2016-03-28,2016-04-24
420,0.8523155244663845,1.403379863331211,2.5425603437988853,1.6485714285714286,1.5783940536165444,0.003130056895315647,18.298086166381836,0,0,5600,0.4452379997819662,5,lumpy,refined,2016-03-27,2016-03-28,2016-04-24
430,0.8504570546843255,1.4044556374241282,2.5417432570123863,1.6485714285714286,1.5763215011769456,0.0031486370135098696,18.313798904418945,0,0,5600,0.4697734999936074,5,lumpy,refined,2016-03-27,2016-03-28,2016-04-24
440,0.8482795018938379,1.4079480128677513,2.5450031630007137,1.6485714285714286,1.5868474727904374,0.003491972340270877,17.87139892578125,0,0,5600,0.4714702998753637,5,lumpy,refined,2016-03-27,2016-03-28,2016-04-24
450,0.8461551692090497,1.405077241514269,2.5418613548224163,1.6485714285714286,1.5837696099741567,0.0032097387593239546,18.89360809326172,0,0,5600,0.44473810005001724,5,lumpy,coarse,2016-03-27,2016-03-28,2016-04-24
460,0.8486269518581935,1.404391293156493,2.5424023589348397,1.6485714285714286,1.5818374033418616,0.0029592025093734264,18.84796905517578,0,0,5600,0.47290019993670285,5,lumpy,refined,2016-03-27,2016-03-28,2016-04-24
470,0.8473619724539919,1.4031525568431242,2.541947440164528,1.6485714285714286,1.5820816771473203,0.0031837127171456814,18.87710189819336,0,0,5600,0.4930932999122888,5,lumpy,refined,2016-03-27,2016-03-28,2016-04-24
480,0.8514615827651438,1.4063746119478933,2.5478972581779757,1.6485714285714286,1.587380494210811,0.003314860863611102,17.905372619628906,0,0,5600,0.44934319984167814,5,lumpy,refined,2016-03-27,2016-03-28,2016-04-24
490,0.8474501299315096,1.4015886755684706,2.5415640020246544,1.6485714285714286,1.5808044629874556,0.0027761554811149836,19.521875381469727,0,0,5600,0.44574629981070757,5,lumpy,refined,2016-03-27,2016-03-28,2016-04-24
500,0.8504819384299028,1.4037397769825684,2.5428594020140163,1.6485714285714286,1.5835099313165744,0.0022021105978637934,18.849807739257812,0,0,5600,0.4727135000284761,5,lumpy,coarse,2016-03-27,2016-03-28,2016-04-24
550,0.8493472488821365,1.4055203625793262,2.549289987564767,1.6485714285714286,1.5890267199275174,0.0011578953126445413,18.830820083618164,0,0,5600,0.46259810007177293,5,lumpy,coarse,2016-03-27,2016-03-28,2016-04-24
600,0.8531866833951959,1.4019309491516365,2.5482014596385705,1.6485714285714286,1.5841243772010993,0.00101306545548141,19.767536163330078,0,0,5600,0.45636730012483895,5,lumpy,coarse,2016-03-27,2016-03-28,2016-04-24
650,0.8481046342036689,1.413446037705996,2.5549766311842177,1.6485714285714286,1.6078649663524784,0.0009111356921494007,18.866487503051758,0,0,5600,0.46809270000085235,5,lumpy,coarse,2016-03-27,2016-03-28,2016-04-24
700,0.8523085240501066,1.4212484946118016,2.580289756518366,1.6485714285714286,1.6105498381336032,0.000580455525778234,20.020801544189453,0,0,5600,0.4753410001285374,5,lumpy,coarse,2016-03-27,2016-03-28,2016-04-24
750,0.8689470953501023,1.4263766968862184,2.594192668324584,1.6485714285714286,1.6080289042143912,0.0006198881310410798,19.092288970947266,0,0,5600,0.4866315999533981,5,lumpy,coarse,2016-03-27,2016-03-28,2016-04-24
800,0.8741615534638953,1.4259323807865856,2.5995161466100507,1.6485714285714286,1.5960351264324812,0.0005235054413788021,19.072694778442383,0,0,5600,0.4712777000386268,5,lumpy,coarse,2016-03-27,2016-03-28,2016-04-24
850,0.8827524489338728,1.427257222943673,2.604069368115498,1.6485714285714286,1.5914174325037416,0.000569903408177197,19.01814079284668,0,0,5600,0.4718052002135664,5,lumpy,coarse,2016-03-27,2016-03-28,2016-04-24
900,0.8882304881196429,1.4377091015169259,2.6291823104164336,1.6485714285714286,1.5918191347093982,0.0004203362623229623,21.919279098510742,0,0,5600,0.46885050018318,5,lumpy,coarse,2016-03-27,2016-03-28,2016-04-24
950,0.8975664083450631,1.4346306011366738,2.6352498356400686,1.6485714285714286,1.5706068668496145,0.0003366091114003211,19.632347106933594,0,0,5600,0.4881538001354784,5,lumpy,coarse,2016-03-27,2016-03-28,2016-04-24
1000,0.8981649371808341,1.43507502072036,2.6323425571848253,1.6485714285714286,1.5703772328351053,0.0003261723031755537,19.726015090942383,0,0,5600,0.48572919983416796,5,lumpy,coarse,2016-03-27,2016-03-28,2016-04-24
1100,0.9177670242163606,1.440538483338943,2.6474857092346653,1.6485714285714286,1.5652494907117684,0.00028592487797141075,18.415220260620117,0,0,5600,0.4823438001330942,5,lumpy,coarse,2016-03-27,2016-03-28,2016-04-24
1200,0.9199763404187512,1.4472032709987617,2.6624555026113894,1.6485714285714286,1.5629430968387117,0.00021548231597989798,17.965303421020508,0,0,5600,0.5043856000993401,5,lumpy,coarse,2016-03-27,2016-03-28,2016-04-24
1300,0.92581361820765,1.4447067810848992,2.6551256857513614,1.6485714285714286,1.550411212005287,0.00017579708946868777,19.449161529541016,0,0,5600,0.4937078000511974,5,lumpy,coarse,2016-03-27,2016-03-28,2016-04-24
1400,0.9459369218885787,1.443874402853175,2.659034672439256,1.6485714285714286,1.5194921995750181,0.00010035251034423709,20.84050750732422,0,0,5600,0.4906248999759555,5,lumpy,coarse,2016-03-27,2016-03-28,2016-04-24
1500,0.950500763554877,1.4370307153461077,2.647862793794365,1.6485714285714286,1.5056838067126852,6.849871715530753e-05,18.95223617553711,0,0,5600,0.4986960000824183,5,lumpy,coarse,2016-03-27,2016-03-28,2016-04-24
25,0.9015968802422243,3.336172482030732,6.049371895257318,5.8880357142857145,5.193386432954243,0.7259345054626465,26.163259506225586,0,0,5600,0.4940076000057161,5,smooth,coarse,2016-03-27,2016-03-28,2016-04-24
50,0.6675275585747031,2.6889636664052627,4.366285367454342,5.8880357142857145,5.389288848517463,0.12402499467134476,47.744110107421875,0,0,5600,0.4836641000583768,5,smooth,coarse,2016-03-27,2016-03-28,2016-04-24
75,0.553339975641614,2.576999510656377,4.079931670187305,5.8880357142857145,5.684136066292413,0.03437785431742668,59.8263053894043,0,0,5600,0.4789133998565376,5,smooth,coarse,2016-03-27,2016-03-28,2016-04-24
100,0.5344385477082778,2.597774524867335,4.129139242987188,5.8880357142857145,5.799159397754619,0.013248320668935776,65.82170867919922,0,0,5600,0.4857181999832392,5,smooth,coarse,2016-03-27,2016-03-28,2016-04-24
125,0.5332151673436308,2.6075202812873095,4.1615979454483965,5.8880357142857145,5.837766031341494,0.009323647245764732,66.88459014892578,0,0,5600,0.48519209981895983,5,smooth,coarse,2016-03-27,2016-03-28,2016-04-24
135,0.5314502587500194,2.6080129898928237,4.167394611414091,5.8880357142857145,5.852733672141829,0.008803638629615307,67.05821990966797,0,0,5600,0.4959303999785334,5,smooth,refined,2016-03-27,2016-03-28,2016-04-24
145,0.5293397457759322,2.6076176596274934,4.170410875298441,5.8880357142857145,5.8772803971718535,0.007856803014874458,67.257080078125,0,0,5600,0.46812950004823506,5,smooth,refined,2016-03-27,2016-03-28,2016-04-24
150,0.5276593799908582,2.6063240464663666,4.170523909959913,5.8880357142857145,5.885601451292501,0.006755702197551727,67.32122039794922,0,0,5600,0.4781775001902133,5,smooth,coarse,2016-03-27,2016-03-28,2016-04-24
155,0.5270583728541846,2.607947671680595,4.175587523238634,5.8880357142857145,5.901843779344927,0.005730841774493456,67.3705825805664,0,0,5600,0.48481580009683967,5,smooth,refined,2016-03-27,2016-03-28,2016-04-24
165,0.5278575885511625,2.6084037991017768,4.1718835860792645,5.8880357142857145,5.902597433311665,0.004816142376512289,67.40666198730469,0,0,5600,0.4821140000130981,5,smooth,refined,2016-03-27,2016-03-28,2016-04-24
175,0.5249429205091061,2.603060103318504,4.167447035196107,5.8880357142857145,5.909125479384175,0.004097624681890011,67.46634674072266,0,0,5600,0.4900252998340875,5,smooth,coarse,2016-03-27,2016-03-28,2016-04-24
185,0.5242060973267256,2.6014792223615224,4.168793955029658,5.8880357142857145,5.9382742404919036,0.0033340149093419313,67.69062805175781,0,0,5600,0.5059592998586595,5,smooth,refined,2016-03-27,2016-03-28,2016-04-24
195,0.5252742294496777,2.601720577391804,4.169992526359565,5.8880357142857145,5.950454124888014,0.002335689263418317,67.68358612060547,0,0,5600,0.4895552999805659,5,smooth,refined,2016-03-27,2016-03-28,2016-04-24
200,0.5266111041435613,2.6040014033829046,4.175271401092729,5.8880357142857145,5.951379042743897,0.0021181630436331034,67.70696258544922,0,0,5600,0.49818950006738305,5,smooth,coarse,2016-03-27,2016-03-28,2016-04-24
205,0.5271544610395255,2.604534611528299,4.177595856636662,5.8880357142857145,5.960120485279268,0.0017490593018010259,67.79312133789062,0,0,5600,0.48754150001332164,5,smooth,refined,2016-03-27,2016-03-28,2016-04-24
215,0.5263444022413372,2.6036136961109464,4.177392518377617,5.8880357142857145,5.982107378940875,0.0016448224196210504,67.88194274902344,0,0,5600,0.491398099809885,5,smooth,refined,2016-03-27,2016-03-28,2016-04-24
225,0.5282799047345307,2.605516827766426,4.180272591989068,5.8880357142857145,6.000402713206506,0.0015498504508286715,67.90321350097656,0,0,5600,0.4926631001289934,5,smooth,refined,2016-03-27,2016-03-28,2016-04-24
250,0.5313231669933449,2.6067346669533746,4.1869137623180235,5.8880357142857145,6.013492245064096,0.001204351894557476,68.18146514892578,0,0,5600,0.5002522999420762,5,smooth,coarse,2016-03-27,2016-03-28,2016-04-24
300,0.5371620570423205,2.619985979004871,4.201585183833373,5.8880357142857145,6.047227414607977,0.0008080132538452744,68.35102844238281,0,0,5600,0.5109204999171197,5,smooth,coarse,2016-03-27,2016-03-28,2016-04-24
350,0.541263084326937,2.6229497402506916,4.209513620240695,5.8880357142857145,6.07311022279348,0.00036364063271321356,68.71228790283203,0,0,5600,0.5309283998794854,5,smooth,coarse,2016-03-27,2016-03-28,2016-04-24
400,0.5388673909676954,2.6246781762663836,4.204688826686091,5.8880357142857145,6.054494728917265,0.00024737490457482636,68.68863677978516,0,0,5600,0.4842534998897463,5,smooth,coarse,2016-03-27,2016-03-28,2016-04-24
450,0.5424528298966973,2.6254963812570558,4.207094311433589,5.8880357142857145,6.076697785455129,0.00019938437617383897,68.77689361572266,0,0,5600,0.4901234998833388,5,smooth,coarse,2016-03-27,2016-03-28,2016-04-24
500,0.541991053081768,2.6258348749397658,4.2064335837418865,5.8880357142857145,6.089259952213875,0.00019590964075177908,68.68706512451172,0,0,5600,0.5164843001402915,5,smooth,coarse,2016-03-27,2016-03-28,2016-04-24
550,0.5449994120935395,2.6286862531126642,4.213286354521306,5.8880357142857145,6.105494558838236,0.00011992813961114734,69.46180725097656,0,0,5600,0.5143586001358926,5,smooth,coarse,2016-03-27,2016-03-28,2016-04-24
600,0.5438274867996622,2.6360466097006676,4.223607605325269,5.8880357142857145,6.099106305569163,7.461392669938505e-05,69.33708190917969,0,0,5600,0.49238410010002553,5,smooth,coarse,2016-03-27,2016-03-28,2016-04-24
650,0.5436673537470325,2.6378879355772136,4.223006828559538,5.8880357142857145,6.0921715995495855,7.075233588693663e-05,69.09580993652344,0,0,5600,0.5129333001095802,5,smooth,coarse,2016-03-27,2016-03-28,2016-04-24
700,0.5421667136516656,2.6433336819740836,4.229014521126288,5.8880357142857145,6.074705966075089,5.363042509998195e-05,68.83086395263672,0,0,5600,0.5310245999135077,5,smooth,coarse,2016-03-27,2016-03-28,2016-04-24
750,0.5418731549296323,2.6475432108423327,4.235223850394592,5.8880357142857145,6.076132567889376,4.479489871300757e-05,68.8794937133789,0,0,5600,0.502836000174284,5,smooth,coarse,2016-03-27,2016-03-28,2016-04-24
800,0.5404395089366025,2.6484829026665886,4.2389436012957935,5.8880357142857145,6.079735290314446,3.212721640011296e-05,68.92633819580078,0,0,5600,0.5164415000472218,5,smooth,coarse,2016-03-27,2016-03-28,2016-04-24
850,0.5403669065630317,2.6528599444375742,4.2349946497743955,5.8880357142857145,6.060035908034705,2.5659621314844117e-05,68.75328826904297,0,0,5600,0.5248139998875558,5,smooth,coarse,2016-03-27,2016-03-28,2016-04-24
900,0.5460478708991602,2.661225155443452,4.248280850505907,5.8880357142857145,6.025952736227544,2.468932871124707e-05,68.6579818725586,0,0,5600,0.5090605998411775,5,smooth,coarse,2016-03-27,2016-03-28,2016-04-24
950,0.5462530137533981,2.6659815437000045,4.253303707626058,5.8880357142857145,6.002347160878032,2.5457000447204337e-05,68.65503692626953,0,0,5600,0.5379500999115407,5,smooth,coarse,2016-03-27,2016-03-28,2016-04-24
1000,0.5491569986328932,2.66540578649969,4.251943565443227,5.8880357142857145,5.995717362561557,2.1736143025918864e-05,68.6353988647461,0,0,5600,0.5329375001601875,5,smooth,coarse,2016-03-27,2016-03-28,2016-04-24
1100,0.5504297952453243,2.6678822492517256,4.252489487674254,5.8880357142857145,5.96150688155737,2.0078790839761496e-05,68.50862884521484,0,0,5600,0.5274531000759453,5,smooth,coarse,2016-03-27,2016-03-28,2016-04-24
1200,0.5520067486622847,2.6758664659604188,4.261181922585982,5.8880357142857145,5.964847557022932,1.3695445886696689e-05,68.4057388305664,0,0,5600,0.5177921000868082,5,smooth,coarse,2016-03-27,2016-03-28,2016-04-24
1300,0.5546888980758915,2.68197987459911,4.265103103665323,5.8880357142857145,5.9444199357695835,1.0416591067041736e-05,68.34320831298828,0,0,5600,0.5037212998140603,5,smooth,coarse,2016-03-27,2016-03-28,2016-04-24
1400,0.5548531288286711,2.683584124720208,4.265722477183927,5.8880357142857145,5.941080078008992,9.851466529653408e-06,68.12654113769531,0,0,5600,0.5251726000569761,5,smooth,coarse,2016-03-27,2016-03-28,2016-04-24
1500,0.5538239036723965,2.6815099211227014,4.265930859602904,5.8880357142857145,5.950350034422219,5.985282768961042e-06,67.5831298828125,0,0,5600,0.5265510000754148,5,smooth,coarse,2016-03-27,2016-03-28,2016-04-24
