id,full_history_type,training_only_type,match,full_ADI,full_CV2,training_ADI,training_CV2
FOODS_2_047_CA_1_evaluation,smooth,smooth,True,1.286282306163022,0.3750516164836088,1.2855103497501785,0.37795215126750603
FOODS_2_054_CA_1_evaluation,smooth,smooth,True,1.2711198428290766,0.4381935682828535,1.2745930644019816,0.43278013617827643
FOODS_2_244_CA_1_evaluation,smooth,smooth,True,1.0795328142380425,0.3324981411164954,1.080383923215357,0.3113103903874949
FOODS_2_347_CA_1_evaluation,smooth,smooth,True,1.0623973727422005,0.2533668462541156,1.0625368731563423,0.25165304257018234
FOODS_3_226_CA_1_evaluation,smooth,smooth,True,1.0188976377952756,0.271104962103055,1.019818799546999,0.2611652146315089
FOODS_3_311_CA_1_evaluation,smooth,smooth,True,1.1713940856970428,0.4690608913832791,1.167206740116656,0.47220599701874855
FOODS_3_324_CA_1_evaluation,smooth,smooth,True,1.182815356489945,0.4094937795463048,1.131992457573853,0.4109017549342017
FOODS_3_369_CA_1_evaluation,smooth,smooth,True,1.2957276368491322,0.4105206240360805,1.29568345323741,0.40798896506957677
FOODS_3_458_CA_1_evaluation,smooth,smooth,True,1.0916760404949382,0.3703282578875171,1.0988407565588774,0.3803677705667727
FOODS_3_473_CA_1_evaluation,smooth,smooth,True,1.0324468085106382,0.2904034918902923,1.0344629523262492,0.29046576584146117
FOODS_3_534_CA_1_evaluation,smooth,smooth,True,1.0789327404113396,0.3859639814768739,1.0816816816816817,0.3810750707924654
FOODS_3_562_CA_1_evaluation,smooth,smooth,True,1.203347799132052,0.3990986302116249,1.2103494623655915,0.4068900576399172
FOODS_3_577_CA_1_evaluation,smooth,smooth,True,1.3026845637583893,0.471358919598874,1.2585604472396925,0.47020526673766777
FOODS_3_586_CA_1_evaluation,smooth,smooth,True,1.0036194415718718,0.1233054985498097,1.003901895206243,0.12038201988563386
FOODS_3_694_CA_1_evaluation,smooth,smooth,True,1.0041386445938956,0.1930682016744624,1.0044617958728388,0.18275622503796832
FOODS_3_697_CA_1_evaluation,smooth,smooth,True,1.0221169036334914,0.2597995356353001,1.023877202956225,0.25587239910991416
FOODS_3_714_CA_1_evaluation,smooth,smooth,True,1.0036194415718718,0.260706148868616,1.003901895206243,0.24652360121873818
FOODS_3_730_CA_1_evaluation,smooth,smooth,True,1.2587548638132295,0.3462220598968204,1.2576815642458101,0.3447890410889455
FOODS_3_756_CA_1_evaluation,smooth,smooth,True,1.1135972461273669,0.4384174732808522,1.1221183800623054,0.4568600342851832
HOBBIES_1_134_CA_1_evaluation,smooth,smooth,True,1.2482315112540192,0.4640380296741977,1.2674173117522871,0.4567226354253088
HOBBIES_1_147_CA_1_evaluation,smooth,smooth,True,1.252258064516129,0.456975559826114,1.2754957507082152,0.46778853185677255
HOUSEHOLD_1_038_CA_1_evaluation,smooth,smooth,True,1.2138836772983117,0.3131623278429949,1.2210169491525424,0.3134835602256754
HOUSEHOLD_1_045_CA_1_evaluation,smooth,smooth,True,1.3053127101546738,0.3818972450027331,1.3126822157434401,0.3863717960160656
HOUSEHOLD_1_147_CA_1_evaluation,smooth,intermittent,False,1.310600945307225,0.435225603585408,1.3262150220913107,0.4416797107238406
HOUSEHOLD_1_196_CA_1_evaluation,smooth,smooth,True,1.239463601532567,0.4664935259523778,1.2361015785861358,0.45913113517361137
HOUSEHOLD_1_373_CA_1_evaluation,smooth,smooth,True,1.0653128430296377,0.3988500275802435,1.051371862230006,0.386838401789837
HOUSEHOLD_1_494_CA_1_evaluation,smooth,smooth,True,1.1404230317273796,0.3026445675943457,1.1500638569604087,0.3053539664421282
FOODS_2_013_CA_2_evaluation,smooth,smooth,True,1.122614227877386,0.3775369914059414,1.1284461152882206,0.36878370503899827
FOODS_2_276_CA_2_evaluation,smooth,intermittent,False,1.310600945307225,0.3344201037924362,1.3252391464311994,0.31199372214107995
FOODS_3_099_CA_2_evaluation,smooth,smooth,True,1.0480561555075594,0.3819773593352567,1.0489225393127548,0.3934744762568461
FOODS_3_226_CA_2_evaluation,smooth,smooth,True,1.0446716899892357,0.3512534058345317,1.044663573085847,0.3546757896843606
FOODS_3_377_CA_2_evaluation,smooth,smooth,True,1.0418679549114331,0.3413334198548368,1.0428488708743486,0.3393722082962077
FOODS_3_469_CA_2_evaluation,smooth,smooth,True,1.251450676982592,0.4334860585986595,1.2585604472396925,0.43267368421052615
FOODS_3_516_CA_2_evaluation,smooth,smooth,True,1.2339478703115068,0.469705915352137,1.2559274755927476,0.3900388512401189
FOODS_3_541_CA_2_evaluation,smooth,erratic,False,1.2991967871485943,0.4867300853075538,1.2818505338078292,0.4959788586340253
FOODS_3_555_CA_2_evaluation,smooth,smooth,True,1.0036194415718718,0.2298042250482542,1.003901895206243,0.23917509857863348
FOODS_3_794_CA_2_evaluation,smooth,smooth,True,1.292276964047936,0.4039841353981296,1.2910394265232974,0.3960912255506471
HOBBIES_1_004_CA_2_evaluation,smooth,smooth,True,1.1756511205330102,0.4858249402672578,1.171001300390117,0.48211430227312513
HOUSEHOLD_1_072_CA_2_evaluation,smooth,smooth,True,1.1085094231867505,0.371295538613664,1.1117283950617285,0.37252638928043674
HOUSEHOLD_1_236_CA_2_evaluation,smooth,intermittent,False,1.2974598930481285,0.3754468886246532,1.3223201174743024,0.3757158142902519
HOUSEHOLD_1_247_CA_2_evaluation,smooth,smooth,True,1.2727868852459017,0.4571159833892723,1.2782114975159689,0.4469381952701811
HOUSEHOLD_1_438_CA_2_evaluation,smooth,smooth,True,1.2661448140900196,0.3854666477291829,1.2800284292821607,0.3884805067712839
HOUSEHOLD_1_535_CA_2_evaluation,smooth,smooth,True,1.2845797485109198,0.4160576690900572,1.2994227994227994,0.3953072775180267
FOODS_2_101_CA_3_evaluation,smooth,smooth,True,1.2888446215139442,0.3151673634627775,1.28826895565093,0.3233122562568627
FOODS_2_204_CA_3_evaluation,smooth,smooth,True,1.286282306163022,0.4081772195615281,1.2928930366116296,0.42456567577589727
FOODS_2_233_CA_3_evaluation,smooth,smooth,True,1.0978506787330318,0.4067646999350865,1.0908540278619019,0.38923046847960346
FOODS_2_326_CA_3_evaluation,smooth,smooth,True,1.2820343461030383,0.4157297401915185,1.3060188542422044,0.41997324415830684
FOODS_2_374_CA_3_evaluation,smooth,smooth,True,1.1792223572296476,0.3581081743512852,1.1848684210526317,0.3475378742291565
FOODS_3_097_CA_3_evaluation,smooth,smooth,True,1.1770770163735598,0.3713145407031804,1.171001300390117,0.3737147289016872
FOODS_3_124_CA_3_evaluation,smooth,smooth,True,1.1444575471698113,0.4257416452150672,1.153747597693786,0.4133396839800588
FOODS_3_133_CA_3_evaluation,smooth,smooth,True,1.1532976827094474,0.4107295224478691,1.1664507772020725,0.4093569143627038
FOODS_3_156_CA_3_evaluation,smooth,smooth,True,1.1588059701492537,0.4582826328142503,1.1442185514612453,0.44923471415612226
FOODS_3_228_CA_3_evaluation,smooth,smooth,True,1.0031007751937984,0.1822841638599961,1.002783964365256,0.1732743741225056
FOODS_3_230_CA_3_evaluation,smooth,smooth,True,1.0623973727422005,0.4870231140382909,1.0656804733727812,0.48859836811089435
FOODS_3_252_CA_3_evaluation,smooth,smooth,True,1.0031007751937984,0.1364196698647142,1.0033426183844012,0.13610408211452468
FOODS_3_305_CA_3_evaluation,smooth,smooth,True,1.213125,0.2587109265475683,1.1802096985583224,0.2504254096853732
FOODS_3_367_CA_3_evaluation,smooth,smooth,True,1.201857585139319,0.4272562582054698,1.2079141515761234,0.42344841103683234
FOODS_3_406_CA_3_evaluation,smooth,smooth,True,1.1560452650387134,0.3086336563369943,1.170240415854451,0.31036964171663
FOODS_3_449_CA_3_evaluation,smooth,smooth,True,1.0849636668529905,0.3575829217856655,1.0771531100478469,0.34799862775401336
FOODS_3_460_CA_3_evaluation,smooth,smooth,True,1.1451327433628318,0.3651945904528654,1.1478648820905035,0.3700766278480786
FOODS_3_469_CA_3_evaluation,smooth,smooth,True,1.061816192560175,0.3343248185484567,1.0644208037825058,0.33941829858853906
FOODS_3_535_CA_3_evaluation,smooth,smooth,True,1.2215229704216488,0.3852557165109769,1.2251700680272108,0.38752120840795556
FOODS_3_572_CA_3_evaluation,smooth,smooth,True,1.2292590246991766,0.2439926493921675,1.2506944444444446,0.23979150821606893
FOODS_3_592_CA_3_evaluation,smooth,smooth,True,1.2246056782334385,0.4527292089050289,1.2260040844111642,0.4438711556938151
FOODS_3_635_CA_3_evaluation,smooth,smooth,True,1.1553571428571427,0.4752803205117953,1.1341309823677581,0.4605077204611822
FOODS_3_746_CA_3_evaluation,smooth,smooth,True,1.0711920529801324,0.254231165758303,1.0765092647937837,0.25435171052712346
FOODS_3_782_CA_3_evaluation,smooth,smooth,True,1.1900674432863274,0.3601325438660259,1.2062960482250502,0.36421836603384244
FOODS_3_792_CA_3_evaluation,smooth,smooth,True,1.182815356489945,0.4219110437883228,1.1903502974223397,0.3849417052331792
FOODS_3_820_CA_3_evaluation,smooth,smooth,True,1.2458279845956357,0.3986747829132268,1.2463667820069204,0.39737350886959033
HOBBIES_1_055_CA_3_evaluation,smooth,smooth,True,1.2879893828798938,0.3306358324098413,1.2836778332145402,0.3349127875434027
HOBBIES_1_074_CA_3_evaluation,smooth,smooth,True,1.1085094231867505,0.4543149371990245,1.1062653562653562,0.4438127082150353
HOBBIES_1_337_CA_3_evaluation,smooth,smooth,True,1.0807349665924275,0.3716861092012791,1.0701128936423054,0.3673002967791898
HOUSEHOLD_1_011_CA_3_evaluation,smooth,smooth,True,1.2450288646568313,0.4409981515644015,1.2594405594405595,0.4595440644985009
HOUSEHOLD_1_027_CA_3_evaluation,smooth,smooth,True,1.131118881118881,0.2584858085158996,1.1284461152882206,0.24002570605958867
HOUSEHOLD_1_075_CA_3_evaluation,smooth,smooth,True,1.2854304635761589,0.4884444935025484,1.2845934379457917,0.4791989938024615
HOUSEHOLD_1_122_CA_3_evaluation,smooth,smooth,True,1.2442307692307693,0.3531237905721879,1.2437845303867403,0.35055166195716836
HOUSEHOLD_1_151_CA_3_evaluation,smooth,smooth,True,1.234732824427481,0.3228554957234016,1.170240415854451,0.32344788406997743
HOUSEHOLD_1_179_CA_3_evaluation,smooth,smooth,True,1.1742286751361162,0.3868074584339527,1.1848684210526317,0.37889366272824915
HOUSEHOLD_1_205_CA_3_evaluation,smooth,smooth,True,1.3009383378016086,0.4679823231973957,1.3174835405998537,0.46914660958972826
HOUSEHOLD_1_247_CA_3_evaluation,smooth,smooth,True,1.172809667673716,0.381830021993263,1.177124183006536,0.376041056424496
HOUSEHOLD_1_256_CA_3_evaluation,smooth,smooth,True,1.2854304635761589,0.3549271918319821,1.3060188542422044,0.3429332823236415
HOUSEHOLD_1_303_CA_3_evaluation,smooth,smooth,True,1.0978506787330318,0.4205453846842665,1.105586249232658,0.40879121749398695
HOUSEHOLD_1_469_CA_3_evaluation,smooth,smooth,True,1.290558510638298,0.3583172968794338,1.3107714701601165,0.3648280035648028
HOUSEHOLD_1_494_CA_3_evaluation,smooth,smooth,True,1.2093457943925234,0.2598597009323874,1.2293515358361775,0.25869012475155456
HOUSEHOLD_1_537_CA_3_evaluation,smooth,smooth,True,1.1763636363636365,0.3122547913145332,1.183311432325887,0.3111389219566627
FOODS_2_019_CA_4_evaluation,smooth,smooth,True,1.2246056782334385,0.3430787559002602,1.2335616438356165,0.33450968411060755
FOODS_2_299_CA_4_evaluation,smooth,smooth,True,1.1560452650387134,0.4292648589245724,1.1544871794871794,0.43209353979346704
FOODS_3_124_CA_4_evaluation,smooth,smooth,True,1.2466281310211946,0.3878847895714217,1.2692036645525018,0.40058985572188316
FOODS_3_127_CA_4_evaluation,smooth,smooth,True,1.2769736842105264,0.467759714625446,1.2809388335704126,0.46732653152149695
FOODS_3_231_CA_4_evaluation,smooth,smooth,True,1.2363057324840765,0.3945037105751391,1.2541782729805013,0.3993340169663503
FOODS_3_252_CA_4_evaluation,smooth,smooth,True,1.005699481865285,0.2854929463695269,1.006145251396648,0.285555391131337
FOODS_3_346_CA_4_evaluation,smooth,smooth,True,1.253875968992248,0.418345261101319,1.2344071281699793,0.41460116258383933
FOODS_3_389_CA_4_evaluation,smooth,smooth,True,1.2011138613861383,0.3268749451757551,1.183311432325887,0.32327689329953
FOODS_3_406_CA_4_evaluation,smooth,smooth,True,1.233163913595934,0.4541451967508264,1.2437845303867403,0.4521334687345845
FOODS_3_473_CA_4_evaluation,smooth,smooth,True,1.1168009205983889,0.3474670706301849,1.1186335403726708,0.3421776925679211
FOODS_3_530_CA_4_evaluation,smooth,smooth,True,1.2253787878787878,0.3025725287683941,1.2378006872852234,0.30666636780577367
FOODS_3_755_CA_4_evaluation,smooth,smooth,True,1.2661448140900196,0.4551423813933263,1.2782114975159689,0.43328464959854845
HOBBIES_1_337_CA_4_evaluation,smooth,smooth,True,1.286282306163022,0.4075223532593549,1.28826895565093,0.4117434656634959
HOUSEHOLD_1_151_CA_4_evaluation,smooth,smooth,True,1.266971279373368,0.4607871683306285,1.2845934379457917,0.4781208428650585
HOUSEHOLD_1_373_CA_4_evaluation,smooth,smooth,True,1.2269279393173198,0.4457706385558548,1.170240415854451,0.44095407373042866
FOODS_1_170_TX_1_evaluation,smooth,smooth,True,1.2744583059750492,0.4632734534181611,1.2855103497501785,0.47543279329016824
FOODS_2_082_TX_1_evaluation,smooth,smooth,True,1.2402555910543132,0.3745055407798179,1.23187414500684,0.37429194878722105
FOODS_2_276_TX_1_evaluation,smooth,smooth,True,1.111683848797251,0.3008024071867205,1.1179391682184978,0.28391072323931493
FOODS_2_347_TX_1_evaluation,smooth,smooth,True,1.1047239612976665,0.3448552407680078,1.1131025957972807,0.35714367824737614
FOODS_2_384_TX_1_evaluation,smooth,smooth,True,1.2277039848197344,0.4225839521690768,1.2243371855880354,0.42419345681431725
FOODS_3_178_TX_1_evaluation,smooth,smooth,True,1.082543223647518,0.3717652298533045,1.0823317307692308,0.37200786993332635
FOODS_3_228_TX_1_evaluation,smooth,smooth,True,1.0205047318611988,0.2488705609297586,1.0215541690300625,0.23730164306561458
FOODS_3_230_TX_1_evaluation,smooth,smooth,True,1.1636690647482015,0.38479859044137,1.167206740116656,0.3846971074252554
FOODS_3_304_TX_1_evaluation,smooth,smooth,True,1.19079754601227,0.4248007806462424,1.180983606557377,0.421925822692584
FOODS_3_503_TX_1_evaluation,smooth,smooth,True,1.1608851674641147,0.4574361768226381,1.1687216093445814,0.4452437655441609
FOODS_3_674_TX_1_evaluation,smooth,smooth,True,1.2093457943925234,0.4567179583411523,1.2006666666666668,0.4535044372465411
FOODS_3_756_TX_1_evaluation,smooth,smooth,True,1.050324675324675,0.3695026845503785,1.0519859813084111,0.3763704315992678
HOBBIES_1_323_TX_1_evaluation,smooth,smooth,True,1.1370826010544814,0.3236902957182678,1.1284461152882206,0.32347377301150443
HOUSEHOLD_1_205_TX_1_evaluation,smooth,smooth,True,1.2957276368491322,0.4498249542031344,1.2928930366116296,0.43915537702163415
HOUSEHOLD_1_234_TX_1_evaluation,smooth,smooth,True,1.1350877192982456,0.255862487552748,1.1391524351676154,0.2560699701909479
HOUSEHOLD_1_344_TX_1_evaluation,smooth,smooth,True,1.2138836772983117,0.4252709899812872,1.2276755282890253,0.43196778459423574
HOUSEHOLD_1_498_TX_1_evaluation,smooth,smooth,True,1.2563106796116503,0.4004252330164005,1.2524339360222532,0.3965990745176887
HOUSEHOLD_1_516_TX_1_evaluation,smooth,smooth,True,1.0978506787330318,0.433130122188736,1.0901937046004844,0.4289101983800361
FOODS_2_082_TX_2_evaluation,smooth,smooth,True,1.2253787878787878,0.4083924035967951,1.2386519944979368,0.4041841723735634
FOODS_2_183_TX_2_evaluation,smooth,smooth,True,1.2063393412057175,0.3494624813267997,1.2218453188602443,0.3506031630996831
FOODS_2_322_TX_2_evaluation,smooth,smooth,True,1.2402555910543132,0.3914077873975171,1.2506944444444446,0.39372846219740876
FOODS_3_067_TX_2_evaluation,smooth,smooth,True,1.2222921914357685,0.3673300915018143,1.2235054347826086,0.3684665824769734
FOODS_3_127_TX_2_evaluation,smooth,smooth,True,1.2108546475358704,0.4046666773939018,1.2022696929238985,0.4014854987140269
FOODS_3_156_TX_2_evaluation,smooth,smooth,True,1.2506443298969072,0.4301764216108432,1.230191256830601,0.4195276613201752
FOODS_3_178_TX_2_evaluation,smooth,smooth,True,1.0886146943353898,0.4194937130374556,1.08756038647343,0.27557990448733466
FOODS_3_226_TX_2_evaluation,smooth,smooth,True,1.0083116883116885,0.2246851571490938,1.0089635854341736,0.23414671062419756
FOODS_3_230_TX_2_evaluation,smooth,smooth,True,1.05718954248366,0.4509465601570232,1.0581668625146885,0.44671412657873866
FOODS_3_324_TX_2_evaluation,smooth,smooth,True,1.2300380228136882,0.4320795844672715,1.1755874673629243,0.4371927823568723
FOODS_3_449_TX_2_evaluation,smooth,smooth,True,1.2644951140065146,0.3944915188277357,1.2718926553672316,0.3897807396588816
FOODS_3_555_TX_2_evaluation,smooth,smooth,True,1.0020650490449148,0.1342629699082081,1.0022259321090707,0.1345119111649813
FOODS_3_596_TX_2_evaluation,smooth,smooth,True,1.251450676982592,0.366967768727362,1.2412129565816679,0.3628703802782064
FOODS_3_704_TX_2_evaluation,smooth,smooth,True,1.1864303178484108,0.3944923556130161,1.186429512516469,0.37872337454545446
FOODS_3_744_TX_2_evaluation,smooth,smooth,True,1.2063393412057175,0.4393632543404185,1.2185385656292287,0.44352928666992747
HOBBIES_1_201_TX_2_evaluation,smooth,smooth,True,1.2845797485109198,0.3995737630740408,1.2683098591549296,0.4046401506981165
HOBBIES_1_337_TX_2_evaluation,smooth,smooth,True,1.1581145584725536,0.3930908543050312,1.1522712731925784,0.3884551774156052
HOUSEHOLD_1_132_TX_2_evaluation,smooth,smooth,True,1.2786561264822134,0.3758819011660968,1.2683098591549296,0.3745519518397588
HOUSEHOLD_1_141_TX_2_evaluation,smooth,smooth,True,1.2974598930481285,0.466311712597085,1.2855103497501785,0.4644974464793842
HOUSEHOLD_1_196_TX_2_evaluation,smooth,smooth,True,1.234732824427481,0.3853964912028434,1.2446440912232204,0.38995253798289004
HOUSEHOLD_1_324_TX_2_evaluation,smooth,smooth,True,1.2794990112063285,0.3965998134624293,1.2910394265232974,0.3899848871509248
HOUSEHOLD_1_373_TX_2_evaluation,smooth,smooth,True,1.0418679549114331,0.3351213606121014,1.037442396313364,0.3232931749695898
FOODS_2_063_TX_3_evaluation,smooth,smooth,True,1.2871352785145889,0.3166645819549365,1.3107714701601165,0.3252426405176573
FOODS_2_164_TX_3_evaluation,smooth,smooth,True,1.2108546475358704,0.398318159998054,1.2226748133061778,0.4012224544622023
FOODS_2_233_TX_3_evaluation,smooth,smooth,True,1.0966101694915251,0.4255269059685034,1.0995115995115996,0.41731230256339824
FOODS_2_322_TX_3_evaluation,smooth,smooth,True,1.2055900621118012,0.421917992923306,1.2095366017461384,0.42803095773820216
FOODS_2_371_TX_3_evaluation,smooth,smooth,True,1.082543223647518,0.3530781259796635,1.0836341756919374,0.3615686006526269
FOODS_2_374_TX_3_evaluation,smooth,smooth,True,1.2308180088776155,0.4519040837691608,1.2455048409405256,0.45425067352161225
FOODS_3_042_TX_3_evaluation,smooth,smooth,True,1.061816192560175,0.3157758252227128,1.0637920850561133,0.31289809490546533
FOODS_3_099_TX_3_evaluation,smooth,smooth,True,1.0729684908789383,0.2140424051889009,1.074582338902148,0.21311153451891357
FOODS_3_136_TX_3_evaluation,smooth,smooth,True,1.1608851674641147,0.2965066844763344,1.1732899022801302,0.30130181979358756
FOODS_3_263_TX_3_evaluation,smooth,intermittent,False,1.2983277591973243,0.3085521834527929,1.3271923360353721,0.28804667368057135
FOODS_3_295_TX_3_evaluation,smooth,smooth,True,1.1878824969400246,0.4495913292645742,1.203072812291249,0.44821148275091494
FOODS_3_346_TX_3_evaluation,smooth,smooth,True,1.1498815165876777,0.4886603808915565,1.1478648820905035,0.4763435681514442
FOODS_3_756_TX_3_evaluation,smooth,smooth,True,1.0413090128755365,0.3264754283325591,1.044663573085847,0.34381328686433266
FOODS_3_804_TX_3_evaluation,smooth,smooth,True,1.027527792482795,0.3081509020790526,1.0279680365296804,0.2817403594477322
HOBBIES_1_337_TX_3_evaluation,smooth,smooth,True,1.251450676982592,0.3960987313136118,1.2455048409405256,0.39645385360271346
HOUSEHOLD_1_141_TX_3_evaluation,smooth,smooth,True,1.2991967871485943,0.4823442000759626,1.2966162706983442,0.48240094866071426
HOUSEHOLD_1_251_TX_3_evaluation,smooth,smooth,True,1.1636690647482015,0.3728472715335473,1.153747597693786,0.37306754991707747
HOUSEHOLD_1_272_TX_3_evaluation,smooth,smooth,True,1.3026845637583893,0.3043597542980366,1.2463667820069204,0.3059578527245562
HOUSEHOLD_1_294_TX_3_evaluation,smooth,smooth,True,1.1110475100171724,0.3383248510247691,1.1117283950617285,0.34305004144239304
FOODS_1_161_WI_1_evaluation,smooth,erratic,False,1.0641447368421053,0.488436283548843,1.0612846199175014,0.4946397371298656
FOODS_3_080_WI_1_evaluation,smooth,smooth,True,1.0036194415718718,0.1769907552964585,1.003901895206243,0.17584052152955765
FOODS_3_101_WI_1_evaluation,smooth,intermittent,False,1.3026845637583893,0.398371108093154,1.3301329394387003,0.4049374410621195
FOODS_3_226_WI_1_evaluation,smooth,smooth,True,1.0031007751937984,0.1217850339801193,1.0033426183844012,0.12232028546356867
FOODS_3_468_WI_1_evaluation,smooth,smooth,True,1.266971279373368,0.4545213931800234,1.2845934379457917,0.45186755000059314
FOODS_3_469_WI_1_evaluation,smooth,smooth,True,1.1893382352941178,0.4296514951039695,1.1966777408637874,0.4287631473280666
FOODS_3_503_WI_1_evaluation,smooth,smooth,True,1.0880044843049328,0.3757161513451284,1.0921770770163735,0.38288799753127306
FOODS_3_792_WI_1_evaluation,smooth,smooth,True,1.167870036101083,0.4803098205204629,1.171001300390117,0.4741224003983659
HOBBIES_1_108_WI_1_evaluation,smooth,smooth,True,1.2474293059125965,0.4373705123834635,1.2515635858234886,0.4334842059420376
HOBBIES_1_345_WI_1_evaluation,smooth,smooth,True,1.1532976827094474,0.3367060439846415,1.1619354838709677,0.3319772350364912
HOUSEHOLD_1_055_WI_1_evaluation,smooth,smooth,True,1.1886099203919167,0.3549032726101427,1.1950895819508958,0.3596019564850734
HOUSEHOLD_1_198_WI_1_evaluation,smooth,smooth,True,1.1410934744268078,0.4807846646483334,1.1434920634920636,0.47552655238263886
HOUSEHOLD_1_294_WI_1_evaluation,smooth,smooth,True,1.131118881118881,0.3488736124872411,1.1341309823677581,0.32138983673587024
HOUSEHOLD_1_393_WI_1_evaluation,smooth,smooth,True,1.1560452650387134,0.446536023551536,1.1493299298021697,0.44216643020612423
FOODS_3_042_WI_2_evaluation,smooth,smooth,True,1.0210415570752236,0.2638080711462124,1.022133938706016,0.2699655634388528
FOODS_3_127_WI_2_evaluation,smooth,smooth,True,1.2300380228136882,0.4719164111208018,1.2489597780859916,0.48626811252855895
FOODS_3_346_WI_2_evaluation,smooth,smooth,True,1.1174438687392054,0.4538636943536775,1.1193287756370416,0.45536892295471976
FOODS_3_389_WI_2_evaluation,smooth,smooth,True,1.0429876410531973,0.3146224785443309,1.045876887340302,0.317283774114941
FOODS_3_449_WI_2_evaluation,smooth,smooth,True,1.1560452650387134,0.426238748077457,1.160438144329897,0.41457674170266035
FOODS_3_516_WI_2_evaluation,smooth,smooth,True,1.2628497072218607,0.4307400384100608,1.28826895565093,0.4201545509974588
FOODS_3_652_WI_2_evaluation,smooth,intermittent,False,1.319510537049626,0.3717230346662571,1.348053892215569,0.3709546029162824
FOODS_3_734_WI_2_evaluation,smooth,smooth,True,1.1636690647482015,0.4099796874864221,1.1755874673629243,0.4214367753963352
HOUSEHOLD_1_055_WI_2_evaluation,smooth,smooth,True,1.216165413533835,0.3878890496923307,1.2022696929238985,0.3708115818187723
HOUSEHOLD_1_399_WI_2_evaluation,smooth,intermittent,False,1.310600945307225,0.3714215380804034,1.3232916972814108,0.34453332396839736
HOUSEHOLD_1_441_WI_2_evaluation,smooth,smooth,True,1.2085927770859275,0.4029942528355833,1.2251700680272108,0.38794346587947326
HOUSEHOLD_1_516_WI_2_evaluation,smooth,smooth,True,1.1219653179190752,0.3713864857410365,1.1158612143742255,0.368827163093389
FOODS_2_276_WI_3_evaluation,smooth,smooth,True,1.101589103291714,0.460819402657778,1.1042305334150828,0.4601782357065895
FOODS_2_325_WI_3_evaluation,smooth,smooth,True,1.2085927770859275,0.4792689265858907,1.2210169491525424,0.4791898405186653
FOODS_3_300_WI_3_evaluation,smooth,intermittent,False,1.3061911170928668,0.4515001393616759,1.3252391464311994,0.4507933127857966
FOODS_3_407_WI_3_evaluation,smooth,smooth,True,1.0990939977349945,0.4416632354502143,1.1042305334150828,0.4465254423254555
FOODS_3_473_WI_3_evaluation,smooth,smooth,True,1.0418679549114331,0.3994774864025873,1.0356526739505463,0.3777129385996616
FOODS_3_555_WI_3_evaluation,smooth,smooth,True,1.0031007751937984,0.2561214879515302,1.0033426183844012,0.2584858826612681
FOODS_3_634_WI_3_evaluation,smooth,smooth,True,1.2100997506234414,0.4858006396108283,1.2160702228224174,0.48687943983308724
FOODS_3_694_WI_3_evaluation,smooth,smooth,True,1.0036194415718718,0.0801347810623938,1.003901895206243,0.08070316755332532
FOODS_3_714_WI_3_evaluation,smooth,smooth,True,1.0031007751937984,0.2344526833419152,1.0033426183844012,0.2317798330839158
FOODS_3_723_WI_3_evaluation,smooth,intermittent,False,1.307070707070707,0.3822921217781921,1.336053412462908,0.3975820441691729
HOBBIES_1_330_WI_3_evaluation,smooth,smooth,True,1.2466281310211946,0.4206525268172607,1.2506944444444446,0.4233796800951629
HOUSEHOLD_1_072_WI_3_evaluation,smooth,smooth,True,1.061235647895025,0.3307300321258446,1.0625368731563423,0.32925646294056826
HOUSEHOLD_1_075_WI_3_evaluation,smooth,smooth,True,1.2300380228136882,0.4308709346645804,1.2193635748138119,0.4253682981872972
HOUSEHOLD_1_319_WI_3_evaluation,smooth,smooth,True,1.2769736842105264,0.3815452629804051,1.2524339360222532,0.3767166756967814
HOUSEHOLD_1_441_WI_3_evaluation,smooth,smooth,True,1.220754716981132,0.3824942882521659,1.2260040844111642,0.3648157370335492
FOODS_1_046_CA_1_evaluation,erratic,erratic,True,1.0723756906077349,0.5379969063051807,1.0771531100478469,0.5506616726257251
FOODS_1_218_CA_1_evaluation,erratic,erratic,True,1.0560391730141458,0.5464364290199378,1.0600353148911124,0.5476088103955377
FOODS_3_124_CA_1_evaluation,erratic,erratic,True,1.2100997506234414,0.5487723076194849,1.2268392370572208,0.5574660044470101
FOODS_3_127_CA_1_evaluation,erratic,erratic,True,1.0526030368763557,0.5126022068768802,1.0519859813084111,0.5154361991404999
FOODS_3_133_CA_1_evaluation,erratic,erratic,True,1.2292590246991766,0.5187927197725183,1.2498265093684942,0.5310277933999221
FOODS_3_313_CA_1_evaluation,erratic,erratic,True,1.1553571428571427,1.493677340411501,1.167206740116656,1.521511364438154
FOODS_3_363_CA_1_evaluation,erratic,erratic,True,1.1344243132670953,0.6246411798254495,1.141318124207858,0.6214998433724963
FOODS_3_376_CA_1_evaluation,erratic,erratic,True,1.13841642228739,0.7389071428983535,1.145674300254453,0.7058485941981892
FOODS_3_476_CA_1_evaluation,erratic,erratic,True,1.168573148705599,0.557008529799596,1.1725260416666667,0.5393707607917774
FOODS_3_526_CA_1_evaluation,erratic,erratic,True,1.1546698393813206,0.6051221742379038,1.1664507772020725,0.6257520875714787
FOODS_3_574_CA_1_evaluation,erratic,erratic,True,1.1608851674641147,0.5840524222743226,1.1634366925064599,0.5643531806025208
FOODS_3_822_CA_1_evaluation,erratic,erratic,True,1.2752956636005257,0.5367497999868559,1.2947519769949676,0.514732044976367
HOBBIES_1_254_CA_1_evaluation,erratic,erratic,True,1.1437831467295227,0.9796824573159242,1.145674300254453,0.9962181276968779
HOBBIES_1_268_CA_1_evaluation,erratic,erratic,True,1.257939079714841,1.3713972336271327,1.2745930644019816,1.396766688172376
HOBBIES_1_348_CA_1_evaluation,erratic,erratic,True,1.2595717066839711,0.8907030697305177,1.2594405594405595,0.8638420295559003
HOBBIES_1_371_CA_1_evaluation,erratic,erratic,True,1.237093690248566,0.685840426137143,1.2455048409405256,0.6742899126584725
HOUSEHOLD_1_114_CA_1_evaluation,erratic,erratic,True,1.2003710575139146,0.531229574193466,1.2014676450967312,0.5342130591119162
HOUSEHOLD_1_173_CA_1_evaluation,erratic,erratic,True,1.2169278996865205,0.587824667930342,1.2276755282890253,0.5957321697210567
FOODS_1_024_CA_2_evaluation,erratic,lumpy,False,1.3159322033898304,0.5388759415227978,1.3271923360353721,0.5549854578277003
FOODS_1_085_CA_2_evaluation,erratic,erratic,True,1.0302547770700636,0.5078130540426686,1.0326834862385321,0.5212916996416207
FOODS_1_106_CA_2_evaluation,erratic,erratic,True,1.2466281310211946,0.5405957357849552,1.2386519944979368,0.5469380172479549
FOODS_1_184_CA_2_evaluation,erratic,lumpy,False,1.3123732251521298,0.8578809333976265,1.3203812316715542,0.8390895205179515
FOODS_1_194_CA_2_evaluation,erratic,erratic,True,1.2897009966777409,0.6133907783893594,1.2975504322766571,0.6101978341632476
FOODS_1_218_CA_2_evaluation,erratic,erratic,True,1.0368589743589745,0.6164980584670811,1.0362485615650172,0.6158731818239319
FOODS_3_133_CA_2_evaluation,erratic,lumpy,False,1.3026845637583893,0.5958704467113768,1.3301329394387003,0.6055019989370038
FOODS_3_230_CA_2_evaluation,erratic,smooth,False,1.242637644046095,0.5006640744887028,1.2576815642458101,0.4838141488123079
FOODS_3_295_CA_2_evaluation,erratic,erratic,True,1.1813755325623858,0.5204786835656123,1.1950895819508958,0.5281456726257238
FOODS_3_404_CA_2_evaluation,erratic,erratic,True,1.3186141304347827,0.5962734423351271,1.2782114975159689,0.5986676196068121
FOODS_3_446_CA_2_evaluation,erratic,erratic,True,1.2661448140900196,0.8116620547767462,1.2763997165131113,0.78338514819045
FOODS_3_634_CA_2_evaluation,erratic,lumpy,False,1.2991967871485943,0.5888486799834645,1.3262150220913107,0.5249196581635784
FOODS_3_635_CA_2_evaluation,erratic,erratic,True,1.2277039848197344,0.534455134535062,1.2111634162743778,0.5516832241964169
FOODS_3_734_CA_2_evaluation,erratic,erratic,True,1.2308180088776155,0.5494160326694945,1.2498265093684942,0.5816822945394372
HOBBIES_1_254_CA_2_evaluation,erratic,erratic,True,1.2677988242978446,0.986885721611295,1.2864285714285715,1.0054590689537628
HOBBIES_1_337_CA_2_evaluation,erratic,erratic,True,1.2595717066839711,0.4995925610705683,1.2550522648083624,0.4962868890598896
HOUSEHOLD_1_114_CA_2_evaluation,erratic,erratic,True,1.1871559633027522,0.5158210153215266,1.1942970822281167,0.52752773981469
HOUSEHOLD_1_303_CA_2_evaluation,erratic,erratic,True,1.1512455516014235,0.8820825221441126,1.1581993569131832,0.8682792991232307
HOUSEHOLD_1_327_CA_2_evaluation,erratic,erratic,True,1.1864303178484108,0.7356843906600944,1.191137566137566,0.7124198347107439
HOUSEHOLD_1_474_CA_2_evaluation,erratic,erratic,True,1.2418426103646834,0.7066705658318,1.2412129565816679,0.7126714720899368
HOUSEHOLD_1_521_CA_2_evaluation,erratic,erratic,True,1.1629718394248052,0.7505898192663378,1.171001300390117,0.722258055939901
FOODS_1_046_CA_3_evaluation,erratic,erratic,True,1.0783333333333334,0.7101739411978903,1.081032412965186,0.7017044244355589
FOODS_1_108_CA_3_evaluation,erratic,erratic,True,1.1893382352941178,0.5637461986861373,1.1732899022801302,0.5605723549978447
FOODS_1_161_CA_3_evaluation,erratic,erratic,True,1.1123209169054442,0.5154667290305913,1.1186335403726708,0.5305808071254638
FOODS_1_218_CA_3_evaluation,erratic,erratic,True,1.054891304347826,0.8121479022803774,1.0594117647058823,0.8417071249810261
FOODS_2_232_CA_3_evaluation,erratic,erratic,True,1.294863242161441,0.6075955359002103,1.2836778332145402,0.6086723554417929
FOODS_2_276_CA_3_evaluation,erratic,erratic,True,1.0723756906077349,0.5611632666091724,1.0733015494636473,0.5187669183069904
FOODS_3_026_CA_3_evaluation,erratic,erratic,True,1.2215229704216488,0.5399432244523154,1.2071045576407506,0.5256166081004611
FOODS_3_118_CA_3_evaluation,erratic,erratic,True,1.2169278996865205,0.8517120618913782,1.2310321257689678,0.852922685550237
FOODS_3_127_CA_3_evaluation,erratic,smooth,False,1.0566140446379968,0.5055677241866613,1.0581668625146885,0.48068250380425065
FOODS_3_136_CA_3_evaluation,erratic,erratic,True,1.102840909090909,0.4994952618382,1.1103575832305794,0.5062031367870966
FOODS_3_234_CA_3_evaluation,erratic,erratic,True,1.2093457943925234,0.616976301753438,1.1974734042553192,0.5995960843731527
FOODS_3_313_CA_3_evaluation,erratic,erratic,True,1.1161587119033929,1.1984484868935803,1.1242197253433208,1.3083597381018357
FOODS_3_339_CA_3_evaluation,erratic,lumpy,False,1.2983277591973243,0.815753028153705,1.3203812316715542,0.8542026744393023
FOODS_3_368_CA_3_evaluation,erratic,erratic,True,1.2253787878787878,0.5263252559539843,1.220189701897019,0.5116525344844816
FOODS_3_378_CA_3_evaluation,erratic,erratic,True,1.1742286751361162,0.5384657937102268,1.1778940483976454,0.5229095607802513
FOODS_3_412_CA_3_evaluation,erratic,erratic,True,1.1937269372693726,0.9024347473968788,1.1998667554963358,0.8666855945900386
FOODS_3_462_CA_3_evaluation,erratic,erratic,True,1.0855704697986577,0.6126791744286683,1.0901937046004844,0.5718204445899293
FOODS_3_468_CA_3_evaluation,erratic,erratic,True,1.252258064516129,0.7511338157606894,1.2718926553672316,0.7237336711311246
FOODS_3_480_CA_3_evaluation,erratic,erratic,True,1.263671875,0.5029832874354332,1.2550522648083624,0.4985493989517665
FOODS_3_524_CA_3_evaluation,erratic,erratic,True,1.2736220472440944,0.5609818503396896,1.2429261559696343,0.5549740185785198
FOODS_3_594_CA_3_evaluation,erratic,erratic,True,1.2085927770859275,0.6563583488169198,1.167206740116656,0.6307274793337972
FOODS_3_702_CA_3_evaluation,erratic,erratic,True,1.0418679549114331,0.7082088756022168,1.0440579710144928,0.7190367877276324
FOODS_3_738_CA_3_evaluation,erratic,smooth,False,1.2837301587301588,0.5141421345595638,1.302241503976862,0.4863790204362993
FOODS_3_785_CA_3_evaluation,erratic,erratic,True,1.1252173913043475,0.5433764290571724,1.0869040434520216,0.5447081023842066
FOODS_3_805_CA_3_evaluation,erratic,erratic,True,1.2974598930481285,0.66816052972702,1.28734810578985,0.6465080431397668
HOBBIES_1_043_CA_3_evaluation,erratic,erratic,True,1.2048417132216014,0.7448560667466786,1.2006666666666668,0.7601969688880431
HOBBIES_1_209_CA_3_evaluation,erratic,erratic,True,1.1350877192982456,0.8561674543320446,1.141318124207858,0.8491289492093578
HOBBIES_1_254_CA_3_evaluation,erratic,erratic,True,1.10221465076661,0.8824903562033543,1.1083076923076922,0.9086407974438863
HOBBIES_1_256_CA_3_evaluation,erratic,lumpy,False,1.3177189409368637,0.8579132262978555,1.3271923360353721,0.8633233276846184
HOBBIES_1_295_CA_3_evaluation,erratic,lumpy,False,1.308833445718139,0.695117239703778,1.3321005917159763,0.6992119876555167
HOBBIES_1_348_CA_3_evaluation,erratic,erratic,True,1.3123732251521298,0.8722848904243935,1.3126822157434401,0.8489729071417152
HOUSEHOLD_1_235_CA_3_evaluation,erratic,erratic,True,1.1560452650387134,0.5375755393125048,1.145674300254453,0.4990903228983981
HOUSEHOLD_1_389_CA_3_evaluation,erratic,erratic,True,1.237093690248566,0.6128936416241589,1.2515635858234886,0.6022589237056005
HOUSEHOLD_1_439_CA_3_evaluation,erratic,erratic,True,1.1519287833827894,0.6357538822571569,1.1626856036152355,0.6050317283950619
FOODS_1_046_CA_4_evaluation,erratic,erratic,True,1.131118881118881,0.5972871498427008,1.139873417721519,0.6260719734830428
FOODS_3_313_CA_4_evaluation,erratic,erratic,True,1.2116104868913855,1.3962300533869552,1.2310321257689678,1.51291104105741
FOODS_3_319_CA_4_evaluation,erratic,erratic,True,1.2315989847715736,0.6046956948048361,1.1927152317880794,0.5857162677687539
FOODS_3_376_CA_4_evaluation,erratic,erratic,True,1.2828816920026438,0.7544118434028171,1.2836778332145402,0.7437204702401939
FOODS_3_541_CA_4_evaluation,erratic,erratic,True,1.2837301587301588,0.5587056377631291,1.2369505494505495,0.5309055010684451
FOODS_3_695_CA_4_evaluation,erratic,erratic,True,1.212367270455965,0.5388740685631961,1.2268392370572208,0.540147966862224
FOODS_3_741_CA_4_evaluation,erratic,erratic,True,1.073561946902655,0.5111443348038347,1.0739415623136552,0.5194413617537701
HOBBIES_1_015_CA_4_evaluation,erratic,erratic,True,1.1404230317273796,0.7832010084216048,1.1391524351676154,0.7736704770107485
HOBBIES_1_244_CA_4_evaluation,erratic,erratic,True,1.2603896103896104,0.4992736759103359,1.2800284292821607,0.499023057860308
HOBBIES_1_371_CA_4_evaluation,erratic,erratic,True,1.2854304635761589,0.6541929716395473,1.2901146131805157,0.6308330010292779
FOODS_2_285_TX_1_evaluation,erratic,erratic,True,1.1370826010544814,10.314936632768385,1.1341309823677581,10.503200489596454
FOODS_3_076_TX_1_evaluation,erratic,erratic,True,1.2769736842105264,0.6215930755998519,1.2901146131805157,0.6490539596741354
FOODS_3_109_TX_1_evaluation,erratic,erratic,True,1.101589103291714,0.6138550537000048,1.1083076923076922,0.6059830954322362
FOODS_3_118_TX_1_evaluation,erratic,erratic,True,1.2914171656686626,0.5483204608583528,1.300361010830325,0.5481560077122195
FOODS_3_231_TX_1_evaluation,erratic,erratic,True,1.315040650406504,0.652917269107218,1.3174835405998537,0.6397015717839244
FOODS_3_295_TX_1_evaluation,erratic,erratic,True,1.2003710575139146,0.6516062520320685,1.2152496626180838,0.6048672472981764
FOODS_3_346_TX_1_evaluation,erratic,erratic,True,1.2450288646568313,0.5822010424970698,1.2403581267217632,0.5727223743971125
FOODS_3_363_TX_1_evaluation,erratic,erratic,True,1.2498390212491952,0.8335240483046057,1.2235054347826086,0.8190684586306065
FOODS_3_376_TX_1_evaluation,erratic,erratic,True,1.1615798922800715,0.7551945458693459,1.1748206131767776,0.7586962707280475
FOODS_3_468_TX_1_evaluation,erratic,erratic,True,1.2199874292897548,0.5175784566504147,1.2235054347826086,0.4922986558380608
FOODS_3_469_TX_1_evaluation,erratic,erratic,True,1.1981481481481482,0.5297424754086354,1.2062960482250502,0.5421377567020448
FOODS_3_476_TX_1_evaluation,erratic,erratic,True,1.228481012658228,0.5068940304931382,1.2489597780859916,0.5186732609541007
FOODS_3_526_TX_1_evaluation,erratic,erratic,True,1.1706875753920385,0.5691732102564444,1.1755874673629243,0.5731635356650281
FOODS_3_654_TX_1_evaluation,erratic,smooth,False,1.1091428571428572,0.5004630219439371,1.1186335403726708,0.4817402711539413
FOODS_3_672_TX_1_evaluation,erratic,erratic,True,1.110411899313501,0.5751289125731346,1.0975015234613041,0.5634732899664894
FOODS_3_752_TX_1_evaluation,erratic,erratic,True,1.3035594358629954,0.9750226555121168,1.2928930366116296,0.9419556400556862
HOBBIES_1_201_TX_1_evaluation,erratic,erratic,True,1.3018108651911469,0.5507024940145006,1.3041274438812456,0.5581793329410696
HOUSEHOLD_1_327_TX_1_evaluation,erratic,erratic,True,1.1770770163735598,0.5881032003423569,1.1786649214659686,0.5690614083527307
HOUSEHOLD_1_379_TX_1_evaluation,erratic,erratic,True,1.1553571428571427,0.8256749064822001,1.1567116249197174,0.8179929680885103
HOUSEHOLD_1_389_TX_1_evaluation,erratic,erratic,True,1.0990939977349945,0.5194234570514262,1.1049079754601228,0.5268081005967146
HOUSEHOLD_1_474_TX_1_evaluation,erratic,erratic,True,1.1922604422604424,1.2455442935183645,1.1927152317880794,1.2328708843875464
HOUSEHOLD_1_503_TX_1_evaluation,erratic,erratic,True,1.290558510638298,0.5057829399541794,1.2901146131805157,0.5022747570366093
FOODS_1_085_TX_2_evaluation,erratic,erratic,True,1.0759423503325942,0.708794659513896,1.0823317307692308,0.7209871081191714
FOODS_1_218_TX_2_evaluation,erratic,erratic,True,1.0340969632392114,0.6872487387661054,1.0356526739505463,0.6593377412773387
FOODS_2_204_TX_2_evaluation,erratic,erratic,True,1.1397533763945975,0.4953348993323328,1.133417243549402,0.49860972080409394
FOODS_2_285_TX_2_evaluation,erratic,erratic,True,1.2744583059750492,0.6128271217164556,1.2585604472396925,0.6256067286791359
FOODS_2_342_TX_2_evaluation,erratic,erratic,True,1.182095006090134,0.5057515335753547,1.1887788778877888,0.5185226600392822
FOODS_3_109_TX_2_evaluation,erratic,erratic,True,1.1588059701492537,0.7440799945149752,1.165695792880259,0.7238961011406602
FOODS_3_203_TX_2_evaluation,erratic,erratic,True,1.2957276368491322,0.6093896295776662,1.3031837916063675,0.6126967737995753
FOODS_3_327_TX_2_evaluation,erratic,erratic,True,1.294,0.5138305908884253,1.3098181818181818,0.5162598965497159
FOODS_3_349_TX_2_evaluation,erratic,erratic,True,1.101589103291714,0.6061525590841121,1.1076260762607626,0.6247103073185527
FOODS_3_376_TX_2_evaluation,erratic,erratic,True,1.1291448516579408,0.597973066319111,1.1391524351676154,0.6028123125163075
FOODS_3_495_TX_2_evaluation,erratic,smooth,False,1.0807349665924275,0.4955279594575701,1.0823317307692308,0.3346691364002488
FOODS_3_501_TX_2_evaluation,erratic,erratic,True,1.1532976827094474,0.5851121821109984,1.1634366925064599,0.5822676856197251
FOODS_3_541_TX_2_evaluation,erratic,erratic,True,1.2653194263363754,0.8509625027962381,1.2210169491525424,0.8185833125933912
FOODS_3_695_TX_2_evaluation,erratic,erratic,True,1.2744583059750492,0.4950623703560931,1.2864285714285715,0.49369638992952614
FOODS_3_741_TX_2_evaluation,erratic,erratic,True,1.2146433041301627,0.9444243986730146,1.2168918918918918,0.871678963403114
FOODS_3_767_TX_2_evaluation,erratic,erratic,True,1.3177189409368637,0.7781300853523888,1.2928930366116296,0.7647525890680558
FOODS_3_785_TX_2_evaluation,erratic,erratic,True,1.184981684981685,0.6178313181460434,1.1341309823677581,0.6300663402817601
HOUSEHOLD_1_149_TX_2_evaluation,erratic,erratic,True,1.266971279373368,0.7540912956118812,1.2498265093684942,0.7367719079595538
HOUSEHOLD_1_173_TX_2_evaluation,erratic,smooth,False,1.223062381852552,0.5017218998346915,1.230191256830601,0.48441263784862054
HOUSEHOLD_1_179_TX_2_evaluation,erratic,erratic,True,1.1756511205330102,0.6704513559143187,1.1763553233180928,0.6471233753892086
HOUSEHOLD_1_327_TX_2_evaluation,erratic,erratic,True,1.1922604422604424,0.72114822489695,1.183311432325887,0.7006873914953285
HOUSEHOLD_1_379_TX_2_evaluation,erratic,erratic,True,1.1981481481481482,0.5206636626744287,1.186429512516469,0.5186358804312586
HOUSEHOLD_1_516_TX_2_evaluation,erratic,erratic,True,1.1350877192982456,0.6010640300673641,1.1341309823677581,0.6259491414127222
HOUSEHOLD_1_521_TX_2_evaluation,erratic,erratic,True,1.1478415138971023,0.7078111925842474,1.1471337579617835,0.6838282522598207
FOODS_1_046_TX_3_evaluation,erratic,erratic,True,1.1444575471698113,0.7979887316561844,1.153747597693786,0.839325496717965
FOODS_3_086_TX_3_evaluation,erratic,erratic,True,1.2108546475358704,0.8556011621262947,1.2243371855880354,0.9104372536539047
FOODS_3_133_TX_3_evaluation,erratic,lumpy,False,1.319510537049626,0.7190625079057552,1.3390334572490705,0.7337099417040811
FOODS_3_144_TX_3_evaluation,erratic,erratic,True,1.2694571615434924,0.5368252483818725,1.2683098591549296,0.5399735777346628
FOODS_3_313_TX_3_evaluation,erratic,erratic,True,1.2711198428290766,1.834469464690335,1.2984859408795963,2.1918369533494526
FOODS_3_376_TX_3_evaluation,erratic,erratic,True,1.0916760404949382,0.5593896488556587,1.0935033394049787,0.5543204616845642
FOODS_3_406_TX_3_evaluation,erratic,erratic,True,1.2612085769980508,0.7966726751437131,1.2745930644019816,0.7911357552048466
FOODS_3_541_TX_3_evaluation,erratic,erratic,True,1.315040650406504,1.02111097790392,1.2901146131805157,1.0009701526404549
FOODS_3_628_TX_3_evaluation,erratic,erratic,True,1.2603896103896104,0.618002336626599,1.2791193181818181,0.6109377403939993
FOODS_3_635_TX_3_evaluation,erratic,erratic,True,1.2644951140065146,1.072028373033317,1.2344071281699793,1.0211986623078857
FOODS_3_702_TX_3_evaluation,erratic,smooth,False,1.122614227877386,0.5150806252555805,1.1284461152882206,0.4807608924577287
FOODS_3_704_TX_3_evaluation,erratic,erratic,True,1.220754716981132,1.1598162130145286,1.23187414500684,1.2065765168040554
FOODS_3_808_TX_3_evaluation,erratic,erratic,True,1.3141503046716316,0.8050739514153439,1.2524339360222532,0.7768861459638605
HOUSEHOLD_1_173_TX_3_evaluation,erratic,erratic,True,1.1574239713774597,0.4991072965976049,1.1619354838709677,0.499836660751806
HOUSEHOLD_1_327_TX_3_evaluation,erratic,erratic,True,1.1252173913043475,0.5998492868141866,1.1158612143742255,0.5815179144682704
HOUSEHOLD_1_344_TX_3_evaluation,erratic,erratic,True,1.1944615384615385,0.4947094892268076,1.1990679094540613,0.5022467980472087
HOUSEHOLD_1_416_TX_3_evaluation,erratic,erratic,True,1.216165413533835,0.6521976032103398,1.2218453188602443,0.6556875262191854
HOUSEHOLD_1_439_TX_3_evaluation,erratic,erratic,True,1.1756511205330102,0.6582825032673153,1.1649417852522639,0.6451274724431034
HOUSEHOLD_1_521_TX_3_evaluation,erratic,erratic,True,1.1180875576036866,0.624430058181822,1.1221183800623054,0.6213762114331798
FOODS_1_018_WI_1_evaluation,erratic,erratic,True,1.0385232744783306,0.4997205055421105,1.0404390525707683,0.5004579446151478
FOODS_3_089_WI_1_evaluation,erratic,erratic,True,1.2744583059750492,0.5135338578881219,1.2845934379457917,0.4980785738516527
FOODS_3_194_WI_1_evaluation,erratic,erratic,True,1.0941375422773394,0.5957477663152886,1.0961655508216677,0.6253963392431374
FOODS_3_295_WI_1_evaluation,erratic,erratic,True,1.195197044334975,0.5429125545437734,1.2095366017461384,0.5444411156015327
FOODS_3_313_WI_1_evaluation,erratic,erratic,True,1.2442307692307693,1.062848784934494,1.2656359803232606,1.124332194406093
FOODS_3_406_WI_1_evaluation,erratic,erratic,True,1.2482315112540192,0.5807696133129805,1.2629733520336606,0.5960836096906574
FOODS_3_635_WI_1_evaluation,erratic,erratic,True,1.2546864899806076,0.7034020976891555,1.2210169491525424,0.6957345674132559
FOODS_3_711_WI_1_evaluation,erratic,erratic,True,1.2965931863727456,0.8224650294154592,1.2984859408795963,0.8222079471704394
FOODS_3_752_WI_1_evaluation,erratic,erratic,True,1.2845797485109198,0.8595659842759291,1.2836778332145402,0.8709925804323408
HOBBIES_1_312_WI_1_evaluation,erratic,erratic,True,1.2991967871485943,0.6583266620675914,1.3165204678362572,0.6885210260506583
HOBBIES_1_370_WI_1_evaluation,erratic,lumpy,False,1.308833445718139,0.760258214453704,1.3271923360353721,0.7013005052065968
HOBBIES_1_371_WI_1_evaluation,erratic,erratic,True,1.2957276368491322,1.154262028055375,1.307915758896151,1.182037302532506
HOBBIES_1_404_WI_1_evaluation,erratic,lumpy,False,1.3097165991902835,0.6849211599599073,1.3370452858203414,0.6959870957955552
HOUSEHOLD_1_083_WI_1_evaluation,erratic,erratic,True,1.1742286751361162,0.5368919132197789,1.1649417852522639,0.533037160271
HOUSEHOLD_1_327_WI_1_evaluation,erratic,erratic,True,1.239463601532567,0.6815686806411319,1.2361015785861358,0.6824282946146504
HOUSEHOLD_1_389_WI_1_evaluation,erratic,erratic,True,1.2277039848197344,0.5848997734425161,1.230191256830601,0.5936546936212743
HOUSEHOLD_1_521_WI_1_evaluation,erratic,erratic,True,1.2661448140900196,0.7324961927814144,1.2745930644019816,0.7448803344151587
FOODS_1_096_WI_2_evaluation,erratic,erratic,True,1.228481012658228,0.8300295879511725,1.247229916897507,0.7783222614622275
FOODS_2_285_WI_2_evaluation,erratic,erratic,True,1.2587548638132295,0.748787011123114,1.2836778332145402,0.807219789144408
FOODS_3_136_WI_2_evaluation,erratic,erratic,True,1.1581145584725536,0.5249006106168962,1.171001300390117,0.5567471344378236
FOODS_3_327_WI_2_evaluation,erratic,erratic,True,1.2595717066839711,1.1815177185390688,1.2827635327635327,1.2097027383904848
FOODS_3_460_WI_2_evaluation,erratic,erratic,True,1.3123732251521298,0.5168605012069392,1.313639679066375,0.5315638435093407
FOODS_3_462_WI_2_evaluation,erratic,erratic,True,1.0682443588332415,0.4943230941071913,1.0713860797144557,0.5028716622381982
FOODS_3_526_WI_2_evaluation,erratic,erratic,True,1.1148765077541642,0.5855177508787361,1.1151702786377709,0.5866630562449003
FOODS_3_574_WI_2_evaluation,erratic,lumpy,False,1.3177189409368637,0.5360506361511342,1.348053892215569,0.5435583478909835
FOODS_3_695_WI_2_evaluation,erratic,erratic,True,1.1974090067859346,0.5461427421066459,1.2127946127946128,0.5597723749778928
FOODS_3_807_WI_2_evaluation,erratic,erratic,True,1.2786561264822134,0.4938134587289993,1.2938218390804597,0.49603032750879716
FOODS_3_822_WI_2_evaluation,erratic,lumpy,False,1.292276964047936,1.2128916911774468,1.3203812316715542,1.2997417449172273
HOUSEHOLD_1_303_WI_2_evaluation,erratic,erratic,True,1.2677988242978446,0.6197543544446334,1.2947519769949676,0.6446200163431487
HOUSEHOLD_1_389_WI_2_evaluation,erratic,erratic,True,1.2192211055276383,0.5121428787886513,1.2344071281699793,0.521950104942711
HOUSEHOLD_1_474_WI_2_evaluation,erratic,erratic,True,1.2442307692307693,1.2597506639248648,1.2429261559696343,1.2708020178007067
HOUSEHOLD_1_521_WI_2_evaluation,erratic,erratic,True,1.182095006090134,0.5540259119305585,1.1966777408637874,0.5639977711505211
FOODS_1_085_WI_3_evaluation,erratic,erratic,True,1.0474905558553698,0.5037535224465487,1.047093023255814,0.5187891795385994
FOODS_2_016_WI_3_evaluation,erratic,erratic,True,1.251450676982592,0.5224751574566002,1.2692036645525018,0.5337405142103041
FOODS_2_322_WI_3_evaluation,erratic,erratic,True,1.1344243132670953,0.596741430223879,1.141318124207858,0.6347636074316505
FOODS_2_384_WI_3_evaluation,erratic,erratic,True,1.307070707070707,0.6281180398830843,1.2994227994227994,0.6237136800099762
FOODS_3_086_WI_3_evaluation,erratic,erratic,True,1.286282306163022,0.959275515452863,1.3031837916063675,1.0616032156912623
FOODS_3_124_WI_3_evaluation,erratic,erratic,True,1.319510537049626,0.532313609336893,1.2947519769949676,0.5127070321708389
FOODS_3_131_WI_3_evaluation,erratic,erratic,True,1.292276964047936,0.5235279282289402,1.3031837916063675,0.4908039786444918
FOODS_3_234_WI_3_evaluation,erratic,erratic,True,1.280343007915567,0.7836135494501657,1.2975504322766571,0.815000677702262
FOODS_3_290_WI_3_evaluation,erratic,smooth,False,1.168573148705599,0.4900029062983833,1.167963683527886,0.47578339104343687
FOODS_3_339_WI_3_evaluation,erratic,lumpy,False,1.3141503046716316,0.6229374458077146,1.335063009636768,0.629625447613956
FOODS_3_376_WI_3_evaluation,erratic,erratic,True,1.1937269372693726,0.7229642868844786,1.2111634162743778,0.7162820148007454
FOODS_3_404_WI_3_evaluation,erratic,erratic,True,1.252258064516129,0.8474998221837879,1.2251700680272108,0.8762306132158293
FOODS_3_406_WI_3_evaluation,erratic,erratic,True,1.172809667673716,0.553149815068644,1.185648452929559,0.5499533253683793
FOODS_3_468_WI_3_evaluation,erratic,erratic,True,1.2458279845956357,0.6617261341414943,1.2559274755927476,0.6280822096531181
FOODS_3_498_WI_3_evaluation,erratic,erratic,True,1.2612085769980508,0.775865243868204,1.2855103497501785,0.8071274208960787
FOODS_3_503_WI_3_evaluation,erratic,erratic,True,1.1424367274867568,0.521064211669964,1.1493299298021697,0.5321479084290878
FOODS_3_508_WI_3_evaluation,erratic,erratic,True,1.3141503046716316,0.6581799036742958,1.3107714701601165,0.6528960932392786
HOUSEHOLD_1_303_WI_3_evaluation,erratic,erratic,True,1.182095006090134,0.5274789984989299,1.1950895819508958,0.5296253829406248
HOUSEHOLD_1_327_WI_3_evaluation,erratic,erratic,True,1.1431095406360423,0.6259829885697437,1.1544871794871794,0.5985191540768091
HOUSEHOLD_1_439_WI_3_evaluation,erratic,erratic,True,1.2506443298969072,0.6484773938901304,1.220189701897019,0.6293571617637662
FOODS_2_153_CA_1_evaluation,intermittent,intermittent,True,1.5844897959183672,0.4715326688086722,1.5798245614035087,0.46156309324822964
FOODS_2_206_CA_1_evaluation,intermittent,intermittent,True,5.52991452991453,0.3556034205122521,6.67037037037037,0.3652892561983471
FOODS_2_207_CA_1_evaluation,intermittent,intermittent,True,4.524475524475524,0.1887203280323146,4.594387755102041,0.1945503914880498
FOODS_2_261_CA_1_evaluation,intermittent,intermittent,True,5.86404833836858,0.1894023673905303,6.386524822695035,0.1963208341871002
FOODS_3_063_CA_1_evaluation,intermittent,intermittent,True,1.6134663341645883,0.4800365577834619,1.6080357142857142,0.4712612535486565
FOODS_3_223_CA_1_evaluation,intermittent,intermittent,True,3.135702746365105,0.3357905706913299,3.170774647887324,0.3403475421252488
FOODS_3_415_CA_1_evaluation,intermittent,intermittent,True,2.190744920993228,0.4875522792237101,2.172496984318456,0.48669498784862225
FOODS_3_482_CA_1_evaluation,intermittent,intermittent,True,3.393356643356644,0.398702435168806,3.923747276688453,0.41591366004961616
HOBBIES_1_305_CA_1_evaluation,intermittent,intermittent,True,6.1230283911671926,0.2454478448966511,6.253472222222222,0.25333333333333335
HOBBIES_1_410_CA_1_evaluation,intermittent,intermittent,True,4.567058823529412,0.1924053367903634,4.988919667590028,0.1862955900847905
HOBBIES_2_007_CA_1_evaluation,intermittent,intermittent,True,4.04375,0.452805625128039,4.047191011235955,0.4386540081506274
HOBBIES_2_137_CA_1_evaluation,intermittent,intermittent,True,7.67193675889328,0.2232509422139923,8.658653846153847,0.21051459122298952
HOUSEHOLD_1_040_CA_1_evaluation,intermittent,intermittent,True,1.342323651452282,0.4586741342265127,1.3633610900832702,0.46333759127370666
HOUSEHOLD_1_337_CA_1_evaluation,intermittent,intermittent,True,3.4353982300884955,0.2380350370236592,3.5107212475633527,0.2336047933059003
HOUSEHOLD_1_355_CA_1_evaluation,intermittent,intermittent,True,6.0092879256965945,0.1999947152860349,5.983388704318937,0.20064398308342948
HOUSEHOLD_1_476_CA_1_evaluation,intermittent,intermittent,True,10.60655737704918,0.3048224852071003,13.643939393939394,0.2889008331093791
HOUSEHOLD_1_540_CA_1_evaluation,intermittent,intermittent,True,1.7955596669750231,0.3455928327315439,1.8898216159496328,0.33999681996684494
HOUSEHOLD_2_104_CA_1_evaluation,intermittent,intermittent,True,5.217741935483871,0.1923022252383201,5.145714285714286,0.19663582501420343
HOUSEHOLD_2_118_CA_1_evaluation,intermittent,intermittent,True,3.866533864541833,0.2895825269980039,3.9669603524229076,0.2879388673905576
HOUSEHOLD_2_435_CA_1_evaluation,intermittent,intermittent,True,4.926395939086294,0.2551909722222219,4.867567567567567,0.14669421487603299
FOODS_2_043_CA_2_evaluation,intermittent,intermittent,True,9.852791878172589,0.4374320036910246,13.541353383458647,0.4608625274598219
FOODS_2_086_CA_2_evaluation,intermittent,intermittent,True,8.224576271186441,0.4058904426682642,11.544871794871796,0.3908786684749898
FOODS_2_291_CA_2_evaluation,intermittent,intermittent,True,2.0626992561105206,0.4667518442939182,2.079676674364896,0.458316032295271
FOODS_3_079_CA_2_evaluation,intermittent,intermittent,True,2.036726128016789,0.3806790170132324,2.1543062200956937,0.3898445629552549
FOODS_3_362_CA_2_evaluation,intermittent,intermittent,True,2.1495016611295683,0.3604811212215223,2.15688622754491,0.3583098237861408
FOODS_3_371_CA_2_evaluation,intermittent,intermittent,True,14.704545454545457,0.3469387755102042,18.957894736842107,0.39676538542323053
FOODS_3_730_CA_2_evaluation,intermittent,intermittent,True,1.636593591905565,0.4090866332818198,1.680037313432836,0.41135841836734716
HOBBIES_1_002_CA_2_evaluation,intermittent,intermittent,True,6.882978723404255,0.1393939393939394,6.6213235294117645,0.1413409852497519
HOBBIES_1_027_CA_2_evaluation,intermittent,intermittent,True,12.28481012658228,0.3091184424012981,14.0703125,0.30884716664956746
HOBBIES_1_042_CA_2_evaluation,intermittent,intermittent,True,5.514204545454546,0.2610229276895942,5.541538461538462,0.263331298477449
HOBBIES_1_346_CA_2_evaluation,intermittent,intermittent,True,14.065217391304348,0.2706473214285713,16.83177570093458,0.25141868512110727
HOUSEHOLD_1_362_CA_2_evaluation,intermittent,intermittent,True,2.36996336996337,0.3325971092110298,2.37598944591029,0.34069560047562425
HOUSEHOLD_2_078_CA_2_evaluation,intermittent,intermittent,True,3.5484460694698354,0.2882879706152434,3.645748987854251,0.29560984167361093
HOUSEHOLD_2_117_CA_2_evaluation,intermittent,intermittent,True,3.882,0.1999999999999999,3.791578947368421,0.20356399583766913
HOUSEHOLD_2_145_CA_2_evaluation,intermittent,intermittent,True,2.6053691275167785,0.4407854106972679,2.6177325581395348,0.4030262624210976
HOUSEHOLD_2_171_CA_2_evaluation,intermittent,intermittent,True,4.938931297709924,0.4307602141631786,5.772435897435898,0.34261001124747414
HOUSEHOLD_2_179_CA_2_evaluation,intermittent,intermittent,True,4.964194373401535,0.274954645882162,4.880758807588076,0.2843294343855151
HOUSEHOLD_2_227_CA_2_evaluation,intermittent,intermittent,True,6.161904761904762,0.1968144352862554,6.210344827586207,0.19934903998327805
HOUSEHOLD_2_513_CA_2_evaluation,intermittent,intermittent,True,5.9176829268292686,0.2934536844166711,6.7706766917293235,0.2833243990225633
FOODS_1_012_CA_3_evaluation,intermittent,intermittent,True,1.421978021978022,0.2344465195894018,1.3982919254658386,0.23045568971090566
FOODS_2_273_CA_3_evaluation,intermittent,intermittent,True,5.642441860465116,0.456364209199748,5.88562091503268,0.4604022949252101
FOODS_3_254_CA_3_evaluation,intermittent,lumpy,False,8.626666666666667,0.4791818845872898,10.061452513966481,0.5301276756659933
FOODS_3_362_CA_3_evaluation,intermittent,intermittent,True,1.8881322957198443,0.3196827618846218,1.9038054968287526,0.3119577131905834
FOODS_3_576_CA_3_evaluation,intermittent,intermittent,True,5.708823529411765,0.2750246950551785,6.455197132616488,0.28879005557721676
FOODS_3_737_CA_3_evaluation,intermittent,intermittent,True,11.622754491017965,0.337012103786092,12.864285714285714,0.3398651549203303
FOODS_3_795_CA_3_evaluation,intermittent,intermittent,True,2.0583244962884413,0.2794916445267751,2.240049751243781,0.28593081736860293
HOBBIES_1_105_CA_3_evaluation,intermittent,intermittent,True,1.557784911717496,0.3701533090536288,1.5314625850340136,0.3713732949196538
HOBBIES_1_226_CA_3_evaluation,intermittent,intermittent,True,2.0345911949685536,0.3787293030419717,2.099067599067599,0.34452963621840993
HOBBIES_1_249_CA_3_evaluation,intermittent,intermittent,True,2.530638852672751,0.230817002420454,2.4875690607734806,0.22500584546710595
HOBBIES_1_409_CA_3_evaluation,intermittent,intermittent,True,1.7565610859728509,0.3182651732577083,1.7974051896207586,0.3271043751693336
HOUSEHOLD_1_419_CA_3_evaluation,intermittent,intermittent,True,4.29424778761062,0.2284538285103841,4.66580310880829,0.21503021617451903
HOUSEHOLD_2_045_CA_3_evaluation,intermittent,intermittent,True,7.136029411764706,0.3474074074074075,7.03515625,0.3539615242386977
HOUSEHOLD_2_056_CA_3_evaluation,intermittent,intermittent,True,4.524475524475524,0.2981488074047705,4.491271820448878,0.3007684477802261
HOUSEHOLD_2_148_CA_3_evaluation,intermittent,intermittent,True,6.281553398058253,0.2790195443256666,6.105084745762712,0.2809407304547156
HOUSEHOLD_2_259_CA_3_evaluation,intermittent,intermittent,True,2.4232209737827715,0.2754414573989482,2.3854304635761587,0.2794817565882308
HOUSEHOLD_2_325_CA_3_evaluation,intermittent,intermittent,True,1.6449152542372882,0.3059895833333331,1.6553308823529411,0.30844895853997223
HOUSEHOLD_2_475_CA_3_evaluation,intermittent,intermittent,True,4.183189655172414,0.4096310547759168,4.149769585253456,0.41771872238353747
FOODS_1_022_CA_4_evaluation,intermittent,intermittent,True,14.065217391304348,0.3299207869827563,13.96124031007752,0.3184326530612246
FOODS_1_052_CA_4_evaluation,intermittent,intermittent,True,10.379679144385026,0.3647205411178355,11.694805194805195,0.3658307504461351
FOODS_1_146_CA_4_evaluation,intermittent,intermittent,True,3.05188679245283,0.4014145644693559,3.126736111111111,0.38591611560352923
FOODS_1_186_CA_4_evaluation,intermittent,intermittent,True,53.91666666666666,0.0650887573964498,150.08333333333334,0.0
FOODS_1_187_CA_4_evaluation,intermittent,intermittent,True,2.349878934624697,0.3163271753938547,2.37598944591029,0.31651388825599547
FOODS_3_018_CA_4_evaluation,intermittent,intermittent,True,8.330472103004292,0.1962865804489173,10.005555555555556,0.1568998109640832
FOODS_3_111_CA_4_evaluation,intermittent,intermittent,True,9.953846153846154,0.1907813918709609,13.34074074074074,0.12188365650969528
FOODS_3_175_CA_4_evaluation,intermittent,intermittent,True,2.1590656284760845,0.2932495071660718,2.121319199057715,0.29728078618549725
FOODS_3_322_CA_4_evaluation,intermittent,intermittent,True,3.5484460694698354,0.4074893541171394,3.545275590551181,0.4012733459357277
HOBBIES_1_224_CA_4_evaluation,intermittent,intermittent,True,14.167883211678832,0.0587718080429452,16.37272727272727,0.06419038203516698
HOBBIES_1_274_CA_4_evaluation,intermittent,intermittent,True,62.61290322580645,0.0726643598615917,112.5625,0.0
HOBBIES_1_324_CA_4_evaluation,intermittent,intermittent,True,1.891812865497076,0.2301878305709617,1.9407327586206897,0.2234656790259947
HOBBIES_1_350_CA_4_evaluation,intermittent,intermittent,True,2.9588414634146343,0.4795560397983741,2.938009787928222,0.4875118371212122
HOBBIES_2_135_CA_4_evaluation,intermittent,intermittent,True,28.13043478260869,0.1287923854848305,27.70769230769231,0.12919547984483049
HOUSEHOLD_1_267_CA_4_evaluation,intermittent,intermittent,True,7.162361623616236,0.2656699896144924,7.504166666666666,0.26169970683254573
HOUSEHOLD_1_291_CA_4_evaluation,intermittent,intermittent,True,2.581117021276596,0.2777698132388016,2.724659606656581,0.2771787174030995
HOUSEHOLD_1_343_CA_4_evaluation,intermittent,intermittent,True,2.892697466467958,0.2858554348389049,2.9284552845528453,0.2901499259054866
HOUSEHOLD_2_020_CA_4_evaluation,intermittent,intermittent,True,16.58974358974359,0.0799999999999998,20.46590909090909,0.07556594749707723
HOUSEHOLD_2_021_CA_4_evaluation,intermittent,intermittent,True,7.408396946564886,0.119126720455624,7.473029045643154,0.11363159000210044
HOUSEHOLD_2_238_CA_4_evaluation,intermittent,intermittent,True,5.260162601626016,0.1446848989298453,5.220289855072464,0.14817618223760087
HOUSEHOLD_2_309_CA_4_evaluation,intermittent,intermittent,True,55.457142857142856,0.0,62.10344827586207,0.0
HOUSEHOLD_2_350_CA_4_evaluation,intermittent,intermittent,True,2.658904109589041,0.1723010343689961,2.629197080291971,0.1721667973827532
FOODS_1_026_TX_1_evaluation,intermittent,intermittent,True,4.112288135593221,0.2270626138114581,3.9409190371991247,0.22926906452414972
FOODS_2_230_TX_1_evaluation,intermittent,intermittent,True,3.447602131438721,0.4141053605658008,3.3106617647058822,0.415392272043109
FOODS_2_397_TX_1_evaluation,intermittent,intermittent,True,2.2862190812720846,0.4604388596532298,2.320876288659794,0.4610987632978574
FOODS_3_096_TX_1_evaluation,intermittent,intermittent,True,2.655266757865937,0.3324920611684155,2.6253644314868803,0.33514277865874226
FOODS_3_144_TX_1_evaluation,intermittent,intermittent,True,1.5404761904761906,0.4372383191143996,1.536689419795222,0.44546165564699314
FOODS_3_415_TX_1_evaluation,intermittent,intermittent,True,2.45385587863464,0.4125612426292057,2.42722371967655,0.41712916971125036
FOODS_3_482_TX_1_evaluation,intermittent,lumpy,False,6.535353535353536,0.4495817888955734,7.7296137339055795,0.5031065264828409
FOODS_3_683_TX_1_evaluation,intermittent,intermittent,True,2.3555825242718447,0.3276971436184194,2.5691868758915835,0.3259910906866569
HOBBIES_1_087_TX_1_evaluation,intermittent,intermittent,True,2.5708609271523177,0.3541337490109941,2.4337837837837837,0.354863318499682
HOBBIES_1_151_TX_1_evaluation,intermittent,intermittent,True,2.2182857142857144,0.285507478338975,2.199023199023199,0.2868121541765824
HOBBIES_1_266_TX_1_evaluation,intermittent,intermittent,True,2.7847919655667144,0.2824594982084497,2.8096723868954756,0.2872534969437513
HOBBIES_1_335_TX_1_evaluation,intermittent,intermittent,True,9.112676056338028,0.2873847998990027,9.050251256281408,0.28558699042102914
HOUSEHOLD_1_060_TX_1_evaluation,intermittent,intermittent,True,19.029411764705884,0.0844898953007063,20.235955056179776,0.09350270720533113
HOUSEHOLD_1_081_TX_1_evaluation,intermittent,intermittent,True,3.718390804597701,0.3325225835489018,3.9582417582417584,0.3271457878834579
HOUSEHOLD_1_313_TX_1_evaluation,intermittent,intermittent,True,3.202970297029703,0.2236842660722806,3.1989342806394316,0.21779750164365544
HOUSEHOLD_1_370_TX_1_evaluation,intermittent,intermittent,True,2.171140939597316,0.3647183673469386,2.1909975669099757,0.3748811138772528
HOUSEHOLD_2_004_TX_1_evaluation,intermittent,intermittent,True,8.903669724770642,0.145489498042008,8.960199004975124,0.14921673606979974
HOUSEHOLD_2_080_TX_1_evaluation,intermittent,intermittent,True,19.8061224489796,0.1485822306238183,19.159574468085108,0.15201688174661154
HOUSEHOLD_2_334_TX_1_evaluation,intermittent,intermittent,True,7.523255813953488,0.2370276320625481,7.969026548672566,0.23820104782755502
HOUSEHOLD_2_355_TX_1_evaluation,intermittent,intermittent,True,5.675438596491228,0.162373452299742,5.735668789808917,0.15661757761132217
FOODS_1_050_TX_2_evaluation,intermittent,intermittent,True,8.402597402597403,0.3780564717072818,9.005,0.40348052435964515
FOODS_1_080_TX_2_evaluation,intermittent,intermittent,True,2.804913294797688,0.3288002053723544,2.796583850931677,0.3379110171985152
FOODS_1_199_TX_2_evaluation,intermittent,intermittent,True,2.2889150943396226,0.4719006978613096,2.276864728192162,0.45785299178691363
FOODS_3_315_TX_2_evaluation,intermittent,intermittent,True,5.2888283378746594,0.4310865077875772,5.753993610223642,0.41841597796143254
FOODS_3_322_TX_2_evaluation,intermittent,intermittent,True,2.7415254237288136,0.4489107684335386,2.796583850931677,0.45402173913043475
FOODS_3_489_TX_2_evaluation,intermittent,intermittent,True,3.0615141955835963,0.4353222267547205,3.4174573055028463,0.44136600824151223
FOODS_3_565_TX_2_evaluation,intermittent,intermittent,True,1.560289389067524,0.4049009162582568,1.585387323943662,0.41814126296863396
FOODS_3_821_TX_2_evaluation,intermittent,intermittent,True,4.828358208955224,0.3681044717055795,5.297058823529412,0.3849348710307173
HOBBIES_1_245_TX_2_evaluation,intermittent,intermittent,True,17.026315789473685,0.0775332143565335,17.317307692307693,0.0832484924426345
HOBBIES_1_311_TX_2_evaluation,intermittent,intermittent,True,11.835365853658535,0.2043598134453348,13.96124031007752,0.22923498321824
HOBBIES_1_333_TX_2_evaluation,intermittent,intermittent,True,9.903061224489797,0.1643709825528005,10.061452513966481,0.17259149270678661
HOBBIES_1_403_TX_2_evaluation,intermittent,intermittent,True,9.42233009708738,0.1760302457466921,8.82843137254902,0.17728531855955676
HOUSEHOLD_1_446_TX_2_evaluation,intermittent,lumpy,False,2.914414414414414,0.4894914970146242,2.872408293460925,0.5013679920124827
HOUSEHOLD_1_495_TX_2_evaluation,intermittent,intermittent,True,3.655367231638418,0.4028303330153222,4.029082774049217,0.4125122489402837
HOUSEHOLD_1_520_TX_2_evaluation,intermittent,intermittent,True,5.828828828828829,0.2157120612743033,6.275261324041812,0.21432888888888887
HOUSEHOLD_2_234_TX_2_evaluation,intermittent,intermittent,True,3.267676767676768,0.3195494135655958,3.3290203327171906,0.32360663563671077
HOUSEHOLD_2_239_TX_2_evaluation,intermittent,intermittent,True,1.772602739726027,0.4074003650660985,1.8284263959390863,0.40861933811993406
HOUSEHOLD_2_348_TX_2_evaluation,intermittent,intermittent,True,1.982635342185904,0.369088358221779,1.9878587196467992,0.37103114552404354
HOUSEHOLD_2_378_TX_2_evaluation,intermittent,intermittent,True,6.7630662020905925,0.3107295641114579,6.695167286245353,0.311388683570165
FOODS_1_050_TX_3_evaluation,intermittent,intermittent,True,15.90983606557377,0.2477208570503032,16.080357142857142,0.18273645546372813
FOODS_2_020_TX_3_evaluation,intermittent,intermittent,True,6.47,0.460255759754388,7.175298804780876,0.46416258594596993
FOODS_2_134_TX_3_evaluation,intermittent,intermittent,True,2.788793103448276,0.280650729623435,2.745426829268293,0.27784999045832454
FOODS_2_139_TX_3_evaluation,intermittent,intermittent,True,1.7939001848428835,0.4519285051433486,1.788480635551142,0.4579255080122985
FOODS_2_389_TX_3_evaluation,intermittent,intermittent,True,16.58974358974359,0.1460248783126012,16.675925925925927,0.09664694280078898
FOODS_3_467_TX_3_evaluation,intermittent,intermittent,True,3.085850556438792,0.2479512792643586,3.1321739130434785,0.2566534238967918
FOODS_3_515_TX_3_evaluation,intermittent,intermittent,True,3.224252491694352,0.4272215909800345,3.3726591760299627,0.4459939110418059
FOODS_3_577_TX_3_evaluation,intermittent,intermittent,True,2.205681818181818,0.3933780253946572,2.084490740740741,0.39532824462260824
HOBBIES_1_085_TX_3_evaluation,intermittent,intermittent,True,3.3523316062176165,0.2093488966075837,3.437022900763359,0.20057138729947271
HOBBIES_1_089_TX_3_evaluation,intermittent,intermittent,True,3.423280423280424,0.2126102427818566,3.594810379241517,0.21370093032745555
HOBBIES_1_263_TX_3_evaluation,intermittent,intermittent,True,15.283464566929132,0.1016252739225712,18.01,0.09988109393579075
HOBBIES_2_102_TX_3_evaluation,intermittent,intermittent,True,13.573426573426572,0.3008713971081107,14.0703125,0.32
HOUSEHOLD_1_087_TX_3_evaluation,intermittent,intermittent,True,1.5819070904645476,0.3130927956042663,1.568815331010453,0.31093688041872153
HOUSEHOLD_1_417_TX_3_evaluation,intermittent,intermittent,True,5.317808219178082,0.1902173913043479,5.297058823529412,0.19505677666423102
HOUSEHOLD_1_489_TX_3_evaluation,intermittent,intermittent,True,8.863013698630137,0.3203310790725329,12.594405594405595,0.30817522171459283
HOUSEHOLD_1_514_TX_3_evaluation,intermittent,intermittent,True,1.636593591905565,0.266005570231819,1.7185114503816794,0.2732297455687729
HOUSEHOLD_2_026_TX_3_evaluation,intermittent,intermittent,True,12.442307692307692,0.0440214158239142,13.242647058823529,0.038682801031541356
HOUSEHOLD_2_294_TX_3_evaluation,intermittent,intermittent,True,3.066350710900474,0.4087031527269551,3.524461839530333,0.3889441952550866
HOUSEHOLD_2_471_TX_3_evaluation,intermittent,intermittent,True,5.776785714285714,0.2147416552354825,5.790996784565916,0.22317753590048472
HOUSEHOLD_2_509_TX_3_evaluation,intermittent,intermittent,True,2.450757575757576,0.2600185495960985,2.4304993252361675,0.25999153245376405
FOODS_1_011_WI_1_evaluation,intermittent,intermittent,True,4.138592750533049,0.4323748031864615,4.392682926829268,0.43546219216094345
FOODS_1_094_WI_1_evaluation,intermittent,intermittent,True,1.9685598377281948,0.3483478076824227,1.9769484083424809,0.3494439841679004
FOODS_2_039_WI_1_evaluation,intermittent,intermittent,True,4.654676258992806,0.1964822320671126,4.789893617021277,0.2016745457129887
FOODS_3_230_WI_1_evaluation,intermittent,intermittent,True,2.275498241500586,0.3744252144952167,2.3511749347258486,0.37768307505643234
FOODS_3_520_WI_1_evaluation,intermittent,intermittent,True,2.813043478260869,0.3684398551048229,2.9048387096774193,0.368243187604784
FOODS_3_544_WI_1_evaluation,intermittent,intermittent,True,3.1612377850162865,0.3915480307831598,3.4174573055028463,0.3918969157222936
FOODS_3_763_WI_1_evaluation,intermittent,intermittent,True,3.655367231638418,0.3799745628052434,3.728778467908903,0.38346971428571436
FOODS_3_789_WI_1_evaluation,intermittent,intermittent,True,2.121311475409836,0.3809926289125777,2.320876288659794,0.4041751646405037
FOODS_3_818_WI_1_evaluation,intermittent,intermittent,True,1.7549728752260398,0.3880912488201024,1.835881753312946,0.3926289334045407
HOBBIES_1_070_WI_1_evaluation,intermittent,intermittent,True,18.31132075471698,0.0603262542320713,18.377551020408163,0.05777777777777777
HOBBIES_1_075_WI_1_evaluation,intermittent,intermittent,True,3.3992994746059546,0.2306371809983276,3.4304761904761905,0.23301104080578516
HOBBIES_1_275_WI_1_evaluation,intermittent,intermittent,True,5.148541114058356,0.1594635217944271,4.8544474393531,0.1599911898069897
HOBBIES_2_094_WI_1_evaluation,intermittent,intermittent,True,17.97222222222222,0.2029629629629629,21.963414634146343,0.18080000000000002
HOUSEHOLD_1_011_WI_1_evaluation,intermittent,intermittent,True,1.750225428313796,0.3389263671707554,1.7956131605184447,0.3403346444208889
HOUSEHOLD_1_228_WI_1_evaluation,intermittent,intermittent,True,4.654676258992806,0.3642429145621743,4.777188328912467,0.3763273598831765
HOUSEHOLD_1_370_WI_1_evaluation,intermittent,intermittent,True,1.3795309168443497,0.3774640751133498,1.3748091603053436,0.3757801120713113
HOUSEHOLD_2_040_WI_1_evaluation,intermittent,intermittent,True,34.660714285714285,0.0321046373365041,37.520833333333336,0.019575177009579347
HOUSEHOLD_2_152_WI_1_evaluation,intermittent,intermittent,True,14.816793893129772,0.0693877551020407,15.525862068965518,0.07648000000000002
HOUSEHOLD_2_189_WI_1_evaluation,intermittent,intermittent,True,7.494208494208494,0.0704216559078026,7.351020408163265,0.06881847129290632
HOUSEHOLD_2_274_WI_1_evaluation,intermittent,intermittent,True,8.513157894736842,0.1928656361474436,8.576190476190476,0.17510330578512398
HOUSEHOLD_2_438_WI_1_evaluation,intermittent,intermittent,True,3.977459016393442,0.190585342531248,3.932314410480349,0.1895585852082031
FOODS_1_191_WI_2_evaluation,intermittent,intermittent,True,11.485207100591715,0.2232977022136186,12.864285714285714,0.19303118293144808
FOODS_3_039_WI_2_evaluation,intermittent,intermittent,True,1.5392545598731169,0.3575723973802771,1.5798245614035087,0.3637728167134552
FOODS_3_381_WI_2_evaluation,intermittent,intermittent,True,3.1056,0.4771915990699344,3.245045045045045,0.4463342217846875
FOODS_3_485_WI_2_evaluation,intermittent,intermittent,True,1.3535564853556483,0.427760524873038,1.348053892215569,0.4284147188874812
FOODS_3_553_WI_2_evaluation,intermittent,intermittent,True,4.069182389937107,0.3638084243872319,4.6537467700258395,0.3784124827100876
FOODS_3_577_WI_2_evaluation,intermittent,intermittent,True,1.530757097791798,0.4751176290134302,1.4547657512116317,0.47237000861821316
FOODS_3_588_WI_2_evaluation,intermittent,intermittent,True,4.8525,0.2693282156174509,5.828478964401294,0.2736990391912739
FOODS_3_703_WI_2_evaluation,intermittent,intermittent,True,6.363934426229508,0.3799361965385132,8.576190476190476,0.4088808833894588
HOBBIES_1_055_WI_2_evaluation,intermittent,intermittent,True,2.703342618384401,0.2952832193124369,2.728787878787879,0.3028556183714813
HOBBIES_1_160_WI_2_evaluation,intermittent,intermittent,True,6.535353535353536,0.1330261593341261,6.7706766917293235,0.12610213370964152
HOBBIES_1_175_WI_2_evaluation,intermittent,intermittent,True,9.287081339712918,0.1063110443275731,9.005,0.10731272294887043
HOBBIES_1_247_WI_2_evaluation,intermittent,intermittent,True,8.782805429864254,0.1769301470588234,9.950276243093922,0.15511087074094101
HOBBIES_1_351_WI_2_evaluation,intermittent,intermittent,True,4.035343035343035,0.2618340341807799,3.923747276688453,0.26521038997409496
HOUSEHOLD_1_232_WI_2_evaluation,intermittent,intermittent,True,3.697142857142857,0.2837706511175901,3.8648068669527897,0.28160697887970626
HOUSEHOLD_2_082_WI_2_evaluation,intermittent,intermittent,True,8.366379310344827,0.1111606148362664,8.337962962962964,0.11426802749162715
HOUSEHOLD_2_177_WI_2_evaluation,intermittent,intermittent,True,26.95833333333333,0.1083676268861453,29.048387096774192,0.11346938775510208
HOUSEHOLD_2_324_WI_2_evaluation,intermittent,intermittent,True,5.094488188976378,0.2039298416433391,5.131054131054131,0.21109504132231413
HOUSEHOLD_2_360_WI_2_evaluation,intermittent,intermittent,True,58.81818181818182,0.0847333820306793,69.26923076923077,0.09777777777777781
HOUSEHOLD_2_471_WI_2_evaluation,intermittent,intermittent,True,3.828402366863905,0.1808283188961627,3.791578947368421,0.18486550921071518
HOUSEHOLD_2_499_WI_2_evaluation,intermittent,intermittent,True,7.324528301886793,0.2772259678639844,8.742718446601941,0.25082176771365966
HOUSEHOLD_2_506_WI_2_evaluation,intermittent,intermittent,True,27.338028169014084,0.0476444444444446,29.048387096774192,0.05325987144168964
FOODS_1_132_WI_3_evaluation,intermittent,intermittent,True,3.2082644628099173,0.4843875180259572,3.2745454545454544,0.4836253950014364
FOODS_2_025_WI_3_evaluation,intermittent,intermittent,True,2.788793103448276,0.2880706561083452,2.876996805111821,0.29290003499788175
FOODS_2_396_WI_3_evaluation,intermittent,intermittent,True,2.491655969191271,0.2659777661234453,2.5839311334289814,0.26974783093369964
FOODS_3_135_WI_3_evaluation,intermittent,intermittent,True,2.7728571428571427,0.3497082823969892,3.204626334519573,0.36298932384341637
FOODS_3_157_WI_3_evaluation,intermittent,intermittent,True,7.436781609195402,0.2685967878275569,8.87192118226601,0.2544403841250957
FOODS_3_260_WI_3_evaluation,intermittent,intermittent,True,32.35,0.2426035502958579,46.17948717948718,0.3104
FOODS_3_419_WI_3_evaluation,intermittent,intermittent,True,10.435483870967742,0.3331824354911724,13.643939393939394,0.2514741588622962
FOODS_3_591_WI_3_evaluation,intermittent,intermittent,True,5.658892128279883,0.3200032181791364,5.983388704318937,0.325311430215139
HOBBIES_1_092_WI_3_evaluation,intermittent,intermittent,True,3.181967213114754,0.2160392982726689,3.1321739130434785,0.21712583286015133
HOBBIES_1_242_WI_3_evaluation,intermittent,intermittent,True,2.254355400696864,0.3807256685653828,2.259723964868256,0.37749162322362356
HOBBIES_2_128_WI_3_evaluation,intermittent,intermittent,True,9.376811594202898,0.2881310074759702,9.895604395604396,0.30409475215973775
HOBBIES_2_149_WI_3_evaluation,intermittent,intermittent,True,13.294520547945206,0.2994000000000001,16.522935779816514,0.3090636141865266
HOUSEHOLD_1_047_WI_3_evaluation,intermittent,intermittent,True,4.632458233890215,0.2046600022276678,4.739473684210527,0.2003961478041118
HOUSEHOLD_1_171_WI_3_evaluation,intermittent,intermittent,True,2.6265223274695533,0.2712959753010509,2.5437853107344632,0.27312509431115134
HOUSEHOLD_1_498_WI_3_evaluation,intermittent,intermittent,True,1.388412017167382,0.3539824374035835,1.3769113149847094,0.3594854643684076
HOUSEHOLD_1_537_WI_3_evaluation,intermittent,intermittent,True,2.2439306358381503,0.2432671613780754,2.199023199023199,0.23611302474000675
HOUSEHOLD_2_006_WI_3_evaluation,intermittent,intermittent,True,18.66346153846154,0.059170103526639,18.567010309278352,0.06286043829296424
HOUSEHOLD_2_272_WI_3_evaluation,intermittent,intermittent,True,13.76595744680851,0.0574536204552431,15.008333333333333,0.060032449972958375
HOUSEHOLD_2_350_WI_3_evaluation,intermittent,intermittent,True,2.45385587863464,0.3133968986433036,2.4436906377204886,0.31460398256738764
HOUSEHOLD_2_436_WI_3_evaluation,intermittent,intermittent,True,9.608910891089108,0.0845583060186208,9.631016042780749,0.08921967455621299
FOODS_1_014_CA_1_evaluation,lumpy,lumpy,True,3.358131487889273,0.5688702707330218,3.6531440162271807,0.5794232103906405
FOODS_1_088_CA_1_evaluation,lumpy,lumpy,True,1.6922406277244988,1.3370361828276425,1.6910798122065727,0.6994420238766177
FOODS_1_185_CA_1_evaluation,lumpy,intermittent,False,1.893658536585365,0.5274131487889273,1.9179978700745475,0.45380529927697355
FOODS_1_189_CA_1_evaluation,lumpy,lumpy,True,5.274456521739131,1.1386572382243376,5.735668789808917,1.23170388440608
FOODS_1_216_CA_1_evaluation,lumpy,lumpy,True,2.200680272108844,0.7429081531442174,2.1803874092009687,0.766609633264463
FOODS_2_065_CA_1_evaluation,lumpy,lumpy,True,2.0239833159541187,0.5202934992293149,2.079676674364896,0.5173776194117947
FOODS_2_135_CA_1_evaluation,lumpy,lumpy,True,2.6444141689373297,0.509647014762336,2.6642011834319526,0.5171620179850634
FOODS_2_174_CA_1_evaluation,lumpy,lumpy,True,2.013485477178423,0.5274770550137967,1.9966740576496673,0.5285507002674866
FOODS_3_144_CA_1_evaluation,lumpy,lumpy,True,1.5935960591133005,0.5044839901101921,1.6080357142857142,0.5131206544242345
FOODS_3_153_CA_1_evaluation,lumpy,lumpy,True,5.406685236768802,0.5959020659170695,5.044817927170868,0.5983829690123396
FOODS_3_271_CA_1_evaluation,lumpy,lumpy,True,1.5283464566929137,0.4946027108189273,1.4859735973597359,0.49671258110779276
FOODS_3_468_CA_1_evaluation,lumpy,lumpy,True,1.4884969325153374,0.5987237329344661,1.503338898163606,0.5652032596675145
FOODS_3_801_CA_1_evaluation,lumpy,lumpy,True,1.633838383838384,0.7588684342985395,1.683177570093458,0.7511768335922183
HOBBIES_1_047_CA_1_evaluation,lumpy,lumpy,True,2.1143790849673203,0.714515743299195,2.074884792626728,0.6828138167123308
HOBBIES_1_066_CA_1_evaluation,lumpy,lumpy,True,9.803030303030305,1.0866636487098236,10.849397590361447,1.2433766628557836
HOBBIES_1_090_CA_1_evaluation,lumpy,lumpy,True,3.754352030947776,1.0089419215604958,4.168981481481482,0.9358625371713146
HOBBIES_1_216_CA_1_evaluation,lumpy,lumpy,True,2.118995633187773,0.6152566350094179,2.0419501133786846,0.6146713013365731
HOUSEHOLD_1_254_CA_1_evaluation,lumpy,lumpy,True,2.132967032967033,0.6716807037411888,2.3268733850129197,0.5599546395171229
HOUSEHOLD_2_212_CA_1_evaluation,lumpy,lumpy,True,1.857416267942584,0.525832717209547,1.8643892339544514,0.5408507382322102
HOUSEHOLD_2_308_CA_1_evaluation,lumpy,lumpy,True,2.188275084554679,0.595761225280636,2.113849765258216,0.5816463207509703
FOODS_2_316_CA_2_evaluation,lumpy,intermittent,False,23.96296296296296,0.513177238337696,56.28125,0.41666666666666663
FOODS_2_348_CA_2_evaluation,lumpy,lumpy,True,7.954918032786885,0.5048929579781253,12.683098591549296,0.6113892129925854
FOODS_3_012_CA_2_evaluation,lumpy,lumpy,True,2.223367697594502,0.5513844347949691,2.1338862559241707,0.5491961092759545
FOODS_3_039_CA_2_evaluation,lumpy,lumpy,True,1.5819070904645476,0.6000557375754714,1.612354521038496,0.6281976279372044
FOODS_3_157_CA_2_evaluation,lumpy,intermittent,False,13.114864864864863,0.5020005039052657,22.234567901234566,0.4094206450348004
FOODS_3_200_CA_2_evaluation,lumpy,lumpy,True,6.221153846153846,0.923380263150678,8.076233183856502,1.0148926931569366
FOODS_3_224_CA_2_evaluation,lumpy,lumpy,True,1.6067880794701987,0.5106861354645936,1.6328195829555756,0.5239004687987355
FOODS_3_436_CA_2_evaluation,lumpy,lumpy,True,8.224576271186441,0.7686580915213871,12.506944444444445,0.8293381697951189
FOODS_3_455_CA_2_evaluation,lumpy,lumpy,True,1.7101321585903084,0.6248920943668373,1.792039800995025,0.6366153145255663
FOODS_3_479_CA_2_evaluation,lumpy,lumpy,True,2.205681818181818,0.8059501262626263,2.215252152521525,0.7920207158461618
FOODS_3_547_CA_2_evaluation,lumpy,lumpy,True,2.0051652892561984,2.1320027796881136,1.985667034178611,2.1468853405830814
FOODS_3_617_CA_2_evaluation,lumpy,lumpy,True,1.948795180722892,0.5693153484408535,2.0281531531531534,0.609169914999324
FOODS_3_645_CA_2_evaluation,lumpy,lumpy,True,2.7847919655667144,0.5070024108081008,2.8406940063091484,0.5122016666418211
FOODS_3_662_CA_2_evaluation,lumpy,lumpy,True,11.835365853658535,0.6631256348892063,13.853846153846154,0.7886460862527459
FOODS_3_733_CA_2_evaluation,lumpy,lumpy,True,4.901515151515151,0.6843376403815961,5.281524926686217,0.6886014995965988
FOODS_3_821_CA_2_evaluation,lumpy,intermittent,False,7.188888888888889,0.5319680726266346,8.41588785046729,0.32710280373831785
HOBBIES_1_009_CA_2_evaluation,lumpy,lumpy,True,2.99075500770416,0.5407211983088918,3.0016666666666665,0.5523021241248367
HOBBIES_1_189_CA_2_evaluation,lumpy,lumpy,True,1.5552884615384617,0.8800303659255548,1.5770577933450087,0.9035783465589129
HOBBIES_1_278_CA_2_evaluation,lumpy,lumpy,True,1.836329233680227,1.1984250869127062,1.811871227364185,1.2135138867710542
HOBBIES_1_353_CA_2_evaluation,lumpy,lumpy,True,2.846041055718475,0.8067296043025057,3.026890756302521,0.8043457318933592
HOUSEHOLD_1_113_CA_2_evaluation,lumpy,lumpy,True,6.716262975778546,0.5940387614167968,8.82843137254902,0.5806576510596216
HOUSEHOLD_1_166_CA_2_evaluation,lumpy,lumpy,True,2.651639344262295,0.7164649745201972,2.7205438066465257,0.728454820874594
HOUSEHOLD_1_279_CA_2_evaluation,lumpy,lumpy,True,2.469465648854962,1.4452374704382032,2.4773039889958737,1.4601878868478297
HOUSEHOLD_1_446_CA_2_evaluation,lumpy,lumpy,True,2.178451178451178,0.5151891661521112,2.17512077294686,0.49330725218837107
FOODS_1_009_CA_3_evaluation,lumpy,lumpy,True,3.267676767676768,0.8524961093144671,3.2805100182149363,0.8586863548701691
FOODS_1_021_CA_3_evaluation,lumpy,lumpy,True,2.3079667063020213,0.53516289761037,2.404539385847797,0.5353083923205921
FOODS_1_149_CA_3_evaluation,lumpy,lumpy,True,3.080952380952381,0.6727424235779133,3.304587155963303,0.7088549204919056
FOODS_1_164_CA_3_evaluation,lumpy,lumpy,True,6.046728971962617,0.5464055015241692,5.983388704318937,0.5444581463277419
FOODS_2_011_CA_3_evaluation,lumpy,lumpy,True,3.15609756097561,0.5093231026677686,3.170774647887324,0.5298375557612997
FOODS_2_156_CA_3_evaluation,lumpy,lumpy,True,1.683434518647008,0.5142636620134196,1.6298642533936651,0.5096739194312491
FOODS_2_203_CA_3_evaluation,lumpy,lumpy,True,3.897590361445783,0.6227504319539056,4.3607748184019375,0.6651397718602321
FOODS_2_291_CA_3_evaluation,lumpy,lumpy,True,1.745503597122302,0.5254573512637908,1.8136958710976838,0.5215585465013508
FOODS_2_294_CA_3_evaluation,lumpy,lumpy,True,1.4014440433212996,0.522178367065585,1.4293650793650794,0.5269841269841269
FOODS_3_257_CA_3_evaluation,lumpy,lumpy,True,1.3240109140518417,0.6971358410470642,1.3410275502606106,0.705578658852354
FOODS_3_271_CA_3_evaluation,lumpy,lumpy,True,1.4942263279445729,0.9265930507690768,1.4489139179404666,0.9339316153411166
FOODS_3_273_CA_3_evaluation,lumpy,lumpy,True,1.4593984962406017,0.5546718294197428,1.4847485572959604,0.5621693619916469
FOODS_3_669_CA_3_evaluation,lumpy,lumpy,True,5.708823529411765,0.8075060987051982,7.321138211382114,0.8440349002712225
FOODS_3_733_CA_3_evaluation,lumpy,lumpy,True,3.541970802919708,0.7538006871187999,3.8482905982905984,0.7547187950648933
FOODS_3_790_CA_3_evaluation,lumpy,lumpy,True,11.835365853658535,1.1548368080354612,12.594405594405595,1.2245647996184545
HOBBIES_1_169_CA_3_evaluation,lumpy,lumpy,True,1.901077375122429,1.4046581486837826,1.877997914494265,1.391812351839098
HOBBIES_1_232_CA_3_evaluation,lumpy,lumpy,True,6.535353535353536,0.7336661735700197,8.040178571428571,0.5732291398983022
HOBBIES_1_244_CA_3_evaluation,lumpy,lumpy,True,1.9198813056379824,0.9389713383602218,1.9944629014396456,0.9445807972839874
HOBBIES_2_117_CA_3_evaluation,lumpy,lumpy,True,3.2296173044925123,0.583868180082039,3.2333931777378817,0.5822417367079906
HOUSEHOLD_1_452_CA_3_evaluation,lumpy,lumpy,True,1.8311320754716984,0.5000942296454112,1.7974051896207586,0.5014439029317441
HOUSEHOLD_2_203_CA_3_evaluation,lumpy,intermittent,False,3.985626283367557,0.4984313052952275,4.298329355608592,0.45484982270466556
HOUSEHOLD_2_423_CA_3_evaluation,lumpy,lumpy,True,1.8415559772296013,0.5124863836878738,1.899789029535865,0.517179417771883
HOUSEHOLD_2_440_CA_3_evaluation,lumpy,lumpy,True,1.4704545454545457,0.6433105047862488,1.463038180341186,0.6211265140915531
FOODS_3_190_CA_4_evaluation,lumpy,lumpy,True,4.976923076923077,1.5725316590283638,5.524539877300613,1.8218217329545452
FOODS_3_368_CA_4_evaluation,lumpy,lumpy,True,1.4615963855421688,0.6197021003876649,1.4339171974522293,0.6093552559409281
FOODS_3_428_CA_4_evaluation,lumpy,lumpy,True,3.4722719141323792,0.5012123702122243,3.5107212475633527,0.5165278151034667
FOODS_3_470_CA_4_evaluation,lumpy,lumpy,True,4.441647597254004,0.7794556811421771,4.457920792079208,0.7951779073105919
FOODS_3_540_CA_4_evaluation,lumpy,lumpy,True,2.0051652892561984,0.5714566732412888,2.162064825930372,0.6029365060436656
FOODS_3_573_CA_4_evaluation,lumpy,lumpy,True,2.517509727626459,0.7868982657366655,2.668148148148148,0.7861695875154532
FOODS_3_660_CA_4_evaluation,lumpy,lumpy,True,2.3786764705882355,0.5505916318973649,2.285532994923858,0.5468871481293471
FOODS_3_787_CA_4_evaluation,lumpy,lumpy,True,2.537254901960784,0.5412033048790037,2.5876436781609193,0.5121992509777366
FOODS_3_805_CA_4_evaluation,lumpy,lumpy,True,2.93202416918429,0.6365411233878614,2.876996805111821,0.6221870090840789
HOBBIES_1_140_CA_4_evaluation,lumpy,lumpy,True,7.007220216606498,1.0873080089214726,7.63135593220339,0.9789711232166568
HOBBIES_1_254_CA_4_evaluation,lumpy,lumpy,True,1.4506726457399104,0.8327546376270828,1.483525535420099,0.8256690066242854
HOBBIES_1_268_CA_4_evaluation,lumpy,lumpy,True,1.5,0.7633166054814209,1.526271186440678,0.7761754342069598
HOBBIES_2_132_CA_4_evaluation,lumpy,lumpy,True,57.088235294117645,0.6777645659928658,112.5625,0.8147762747138397
HOUSEHOLD_2_301_CA_4_evaluation,lumpy,lumpy,True,4.275330396475771,0.8959914647157444,4.159353348729792,0.925303363848694
HOUSEHOLD_2_418_CA_4_evaluation,lumpy,lumpy,True,26.58904109589041,0.5352079395085068,32.160714285714285,0.6078063426534058
FOODS_1_061_TX_1_evaluation,lumpy,lumpy,True,1.4760456273764258,0.4947445671369729,1.4454253611556982,0.4988051640605843
FOODS_1_104_TX_1_evaluation,lumpy,lumpy,True,2.030334728033473,0.7183855560610346,2.1288416075650116,0.7118041838013537
FOODS_2_341_TX_1_evaluation,lumpy,lumpy,True,10.783333333333331,0.5313019390581719,10.720238095238095,0.543925595279225
FOODS_2_399_TX_1_evaluation,lumpy,lumpy,True,2.198187995469989,0.5890709688346885,2.2125307125307123,0.6001422304251811
FOODS_3_101_TX_1_evaluation,lumpy,lumpy,True,1.51640625,0.5750736673206709,1.5525862068965517,0.5511698582281244
FOODS_3_185_TX_1_evaluation,lumpy,lumpy,True,2.93202416918429,0.6779371466140699,3.126736111111111,0.6477686373878909
FOODS_3_324_TX_1_evaluation,lumpy,lumpy,True,1.6297229219143576,0.59764437892516,1.567449956483899,0.6031865121586467
FOODS_3_335_TX_1_evaluation,lumpy,lumpy,True,2.494858611825193,0.5218943174344259,2.379128137384412,0.515626293697427
FOODS_3_459_TX_1_evaluation,lumpy,lumpy,True,1.4388435878428465,0.5348921073360311,1.4431089743589745,0.5107069378251278
FOODS_3_569_TX_1_evaluation,lumpy,lumpy,True,2.726123595505618,0.728577777777778,2.745426829268293,0.7436478972511553
FOODS_3_614_TX_1_evaluation,lumpy,lumpy,True,2.2259174311926606,1.1062094348007212,2.162064825930372,1.0938025572667653
FOODS_3_784_TX_1_evaluation,lumpy,lumpy,True,4.174193548387096,0.788897506925208,4.029082774049217,0.7924406135865595
FOODS_3_793_TX_1_evaluation,lumpy,lumpy,True,1.7922437673130194,0.5834835778007949,1.7761341222879685,0.6004045535547033
HOBBIES_1_119_TX_1_evaluation,lumpy,lumpy,True,7.007220216606498,0.8641243390482293,7.567226890756302,0.7927688121145974
HOBBIES_1_153_TX_1_evaluation,lumpy,intermittent,False,1.853868194842407,0.4912159518802875,1.8682572614107884,0.46776759887054375
HOBBIES_1_286_TX_1_evaluation,lumpy,lumpy,True,1.988729508196721,2.431984299230263,1.9220917822838848,2.49623820583539
HOBBIES_2_075_TX_1_evaluation,lumpy,lumpy,True,2.5539473684210527,0.567839319221095,2.5048678720445063,0.5677157823913879
HOUSEHOLD_1_028_TX_1_evaluation,lumpy,lumpy,True,1.7955596669750231,0.5667028774124833,1.7708947885939037,0.5732091796593566
HOUSEHOLD_1_133_TX_1_evaluation,lumpy,lumpy,True,23.96296296296296,0.6666666666666666,25.366197183098592,0.7386149584487537
HOUSEHOLD_1_237_TX_1_evaluation,lumpy,lumpy,True,16.449152542372882,0.6539612188365653,20.46590909090909,0.6720679012345675
FOODS_1_035_TX_2_evaluation,lumpy,lumpy,True,6.065625,1.1015220582554277,6.432142857142857,1.1370591701035269
FOODS_1_215_TX_2_evaluation,lumpy,lumpy,True,2.8294460641399417,1.155386458887651,2.9284552845528453,1.146903130012648
FOODS_2_103_TX_2_evaluation,lumpy,lumpy,True,2.0583244962884413,0.5065379465080749,2.0559360730593608,0.5139570939246441
FOODS_2_199_TX_2_evaluation,lumpy,lumpy,True,1.4293078055964654,0.5157420999768216,1.37796480489671,0.5134279950304528
FOODS_2_394_TX_2_evaluation,lumpy,lumpy,True,4.556338028169014,0.6674280907915379,4.41421568627451,0.679774817038844
FOODS_3_058_TX_2_evaluation,lumpy,lumpy,True,3.115569823434992,0.5745126507495204,3.3475836431226766,0.6017066306288433
FOODS_3_092_TX_2_evaluation,lumpy,lumpy,True,1.9705583756345173,0.5288954927058531,1.9966740576496673,0.5317687052063336
FOODS_3_108_TX_2_evaluation,lumpy,lumpy,True,1.5565356856455492,0.5213629871454807,1.5701830863121187,0.5208394778001213
FOODS_3_460_TX_2_evaluation,lumpy,lumpy,True,1.5453821656050954,0.5611675841651197,1.5798245614035087,0.5729400787050182
FOODS_3_603_TX_2_evaluation,lumpy,lumpy,True,5.391666666666667,0.5592777023288564,6.501805054151625,0.5351819789980804
FOODS_3_621_TX_2_evaluation,lumpy,lumpy,True,6.3431372549019605,0.6458816387863344,8.149321266968325,0.6030170879316483
FOODS_3_755_TX_2_evaluation,lumpy,lumpy,True,1.9142011834319528,0.5677335595781053,1.9017951425554382,0.546049245598773
FOODS_3_787_TX_2_evaluation,lumpy,lumpy,True,1.7758462946020128,1.3528186094838446,1.788480635551142,1.2687010363931457
FOODS_3_801_TX_2_evaluation,lumpy,lumpy,True,1.6848958333333333,0.7175808019266792,1.7054924242424243,0.7047715766637767
HOBBIES_1_122_TX_2_evaluation,lumpy,lumpy,True,4.938931297709924,0.8990665450523005,5.131054131054131,0.9483803325118122
HOBBIES_1_348_TX_2_evaluation,lumpy,lumpy,True,1.4626978146194425,0.8436033750593022,1.47140522875817,0.8330249340550011
HOBBIES_2_009_TX_2_evaluation,lumpy,lumpy,True,2.581117021276596,0.6406103750085957,2.6563421828908553,0.661092708876176
HOBBIES_2_142_TX_2_evaluation,lumpy,lumpy,True,2.1566666666666667,1.9035313883128704,2.123820754716981,1.9190470770026304
HOUSEHOLD_1_035_TX_2_evaluation,lumpy,lumpy,True,4.174193548387096,0.5088170060514234,4.3607748184019375,0.5403983720482036
HOUSEHOLD_1_189_TX_2_evaluation,lumpy,lumpy,True,6.535353535353536,2.8027816091218343,6.52536231884058,2.871386468341366
HOUSEHOLD_1_351_TX_2_evaluation,lumpy,lumpy,True,1.6561433447098977,0.561503420607969,1.6769087523277468,0.5529893676150469
HOUSEHOLD_1_425_TX_2_evaluation,lumpy,lumpy,True,1.3303632625085675,0.7307543094188291,1.352102102102102,0.5160236177712817
HOUSEHOLD_2_486_TX_2_evaluation,lumpy,lumpy,True,4.094936708860759,1.0601391291810842,4.159353348729792,1.0726159554730983
FOODS_1_034_TX_3_evaluation,lumpy,lumpy,True,4.665865384615385,0.5716383003769093,5.0307262569832405,0.5953009961637881
FOODS_1_052_TX_3_evaluation,lumpy,lumpy,True,3.6145251396648046,0.5281933762958012,3.587649402390438,0.524412456747405
FOODS_1_058_TX_3_evaluation,lumpy,lumpy,True,1.493076923076923,0.5596319317039375,1.4362041467304625,0.5673806108044208
FOODS_1_110_TX_3_evaluation,lumpy,lumpy,True,1.383464005702067,0.5010405620570144,1.336053412462908,0.5071662192156791
FOODS_2_376_TX_3_evaluation,lumpy,lumpy,True,2.39039408866995,0.5167889443480141,2.3268733850129197,0.5175848518601025
FOODS_3_395_TX_3_evaluation,lumpy,lumpy,True,1.925595238095238,0.5033387259241169,1.8799582463465554,0.5096017102817788
FOODS_3_423_TX_3_evaluation,lumpy,lumpy,True,2.330132052821128,0.5643439378146956,2.491009681881051,0.5582405056018388
FOODS_3_468_TX_3_evaluation,lumpy,lumpy,True,1.3460471567267684,0.5124521279348593,1.3561746987951808,0.5128239436407316
FOODS_3_534_TX_3_evaluation,lumpy,lumpy,True,1.7026315789473685,1.056522757332297,1.6894934333958724,1.0738436143042518
FOODS_3_749_TX_3_evaluation,lumpy,lumpy,True,3.447602131438721,0.6263703832746622,3.602,0.6207668816661253
FOODS_3_761_TX_3_evaluation,lumpy,intermittent,False,2.5845539280958723,0.5059353465521955,2.6177325581395348,0.4897612070707157
FOODS_3_813_TX_3_evaluation,lumpy,lumpy,True,7.523255813953488,1.2681113730466942,9.579787234042554,0.8073977513443049
HOBBIES_1_150_TX_3_evaluation,lumpy,lumpy,True,3.3293310463121784,0.6287433089003102,3.2985347985347984,0.6454541467479498
HOBBIES_1_189_TX_3_evaluation,lumpy,lumpy,True,1.9546827794561927,0.9274851656016296,1.9944629014396456,0.912925245564582
HOBBIES_1_202_TX_3_evaluation,lumpy,lumpy,True,3.491007194244604,0.5126723750217892,3.360074626865672,0.4977391657775746
HOBBIES_2_099_TX_3_evaluation,lumpy,lumpy,True,20.648936170212767,0.6139438085327786,22.5125,0.6966726364407578
HOUSEHOLD_1_039_TX_3_evaluation,lumpy,lumpy,True,1.9806122448979595,0.9740044873311744,2.0489192263936293,1.018722586527695
HOUSEHOLD_1_116_TX_3_evaluation,lumpy,lumpy,True,9.33173076923077,0.5651010701545779,10.291428571428572,0.5911210654213909
HOUSEHOLD_2_167_TX_3_evaluation,lumpy,intermittent,False,11.09142857142857,0.5353644612703564,15.134453781512605,0.2379652703611409
FOODS_1_004_WI_1_evaluation,lumpy,lumpy,True,1.4988416988416988,0.5225156553656435,1.453591606133979,0.5283514793748275
FOODS_1_088_WI_1_evaluation,lumpy,lumpy,True,2.0539682539682538,0.8020313462866308,2.0701149425287357,0.8151186124763797
FOODS_1_202_WI_1_evaluation,lumpy,lumpy,True,2.4081885856079404,0.6505327834357378,2.5509915014164304,0.6446848152993201
FOODS_2_072_WI_1_evaluation,lumpy,lumpy,True,3.218905472636816,0.6726014871555992,3.378986866791745,0.7234344571631116
FOODS_3_064_WI_1_evaluation,lumpy,lumpy,True,2.498069498069498,0.5380619619513236,2.6642011834319526,0.5455919782969068
FOODS_3_151_WI_1_evaluation,lumpy,intermittent,False,4.665865384615385,0.4907548227007123,4.867567567567567,0.4391326737617428
FOODS_3_281_WI_1_evaluation,lumpy,lumpy,True,1.572933549432739,0.5003144205507163,1.6328195829555756,0.5247537341607789
FOODS_3_360_WI_1_evaluation,lumpy,lumpy,True,4.094936708860759,0.878364177269501,4.038116591928251,0.8723411560058592
FOODS_3_614_WI_1_evaluation,lumpy,lumpy,True,1.770985401459854,0.6935849604341836,1.7570731707317073,0.695678399963724
FOODS_3_772_WI_1_evaluation,lumpy,lumpy,True,2.8628318584070795,0.6425950807916958,2.9966722129783694,0.6708498055303957
HOBBIES_1_006_WI_1_evaluation,lumpy,lumpy,True,1.772602739726027,0.6196646679007641,1.7974051896207586,0.6207702627974513
HOBBIES_1_145_WI_1_evaluation,lumpy,lumpy,True,7.083941605839416,0.6951366214126138,7.118577075098814,0.7156844530321047
HOBBIES_1_167_WI_1_evaluation,lumpy,lumpy,True,3.3523316062176165,0.6225172894642623,3.4304761904761905,0.6078717201166183
HOBBIES_2_087_WI_1_evaluation,lumpy,lumpy,True,11.835365853658535,0.6679017013232516,12.087248322147651,0.7219859467455623
HOUSEHOLD_1_133_WI_1_evaluation,lumpy,lumpy,True,2.198187995469989,0.5746058635963399,2.348109517601043,0.579316080507161
HOUSEHOLD_2_070_WI_1_evaluation,lumpy,lumpy,True,4.665865384615385,0.4952824982624439,4.690104166666667,0.5120417569671255
FOODS_2_056_WI_2_evaluation,lumpy,intermittent,False,1.5819070904645476,0.4999217832744654,1.6522935779816514,0.4716595092730973
FOODS_2_144_WI_2_evaluation,lumpy,lumpy,True,2.173572228443449,0.564050025494462,2.285532994923858,0.5671485585357942
FOODS_2_206_WI_2_evaluation,lumpy,lumpy,True,7.436781609195402,0.6723127008778416,11.186335403726709,0.7340311325818573
FOODS_2_257_WI_2_evaluation,lumpy,intermittent,False,1.7408071748878924,0.5286849867905674,1.8265720081135903,0.4881267584084863
FOODS_2_267_WI_2_evaluation,lumpy,lumpy,True,2.091594827586207,0.5647492322889667,2.183030303030303,0.5694267054222698
FOODS_2_334_WI_2_evaluation,lumpy,lumpy,True,5.134920634920635,0.6460092885521515,7.175298804780876,0.6195877385245299
FOODS_3_032_WI_2_evaluation,lumpy,lumpy,True,2.280846063454759,0.5372194850002158,2.3604193971166447,0.5390656202434788
FOODS_3_200_WI_2_evaluation,lumpy,intermittent,False,2.726123595505618,0.5827441226231661,2.845181674565561,0.41892017001220383
FOODS_3_363_WI_2_evaluation,lumpy,lumpy,True,1.4976851851851851,0.5433211666062423,1.5134453781512605,0.5502715855319469
FOODS_3_468_WI_2_evaluation,lumpy,lumpy,True,1.4638009049773757,0.5788157496207708,1.5008333333333332,0.5794585555809094
FOODS_3_579_WI_2_evaluation,lumpy,lumpy,True,3.641651031894934,1.071687354168981,3.8237791932059446,1.1260693153000843
FOODS_3_584_WI_2_evaluation,lumpy,lumpy,True,1.365939479239972,0.5239057992469609,1.3531179564237414,0.5235669504
FOODS_3_664_WI_2_evaluation,lumpy,lumpy,True,1.7988878591288229,0.5211841285107183,1.899789029535865,0.5167337489563163
HOBBIES_1_353_WI_2_evaluation,lumpy,lumpy,True,4.201298701298701,0.7127985974139821,4.371359223300971,0.7175048828124999
HOBBIES_1_387_WI_2_evaluation,lumpy,lumpy,True,3.655367231638418,1.7196731052146217,3.9669603524229076,1.851318424655695
HOBBIES_2_042_WI_2_evaluation,lumpy,lumpy,True,8.053941908713693,0.7193614466341741,8.70048309178744,0.7558992663097365
HOBBIES_2_051_WI_2_evaluation,lumpy,lumpy,True,6.858657243816254,0.5335859195749304,7.118577075098814,0.5654122514152997
HOUSEHOLD_1_141_WI_2_evaluation,lumpy,lumpy,True,1.739247311827957,0.5159611025784846,1.7136060894386298,0.5182121077271462
HOUSEHOLD_1_237_WI_2_evaluation,lumpy,lumpy,True,11.09142857142857,0.7044071098125155,12.594405594405595,0.6503943302730172
HOUSEHOLD_1_410_WI_2_evaluation,lumpy,intermittent,False,1.901077375122429,0.4993337705101019,2.0011111111111113,0.46361962519232536
FOODS_1_137_WI_3_evaluation,lumpy,lumpy,True,1.9625884732052576,0.6223135047663599,2.021324354657688,0.6362183018272708
FOODS_1_162_WI_3_evaluation,lumpy,lumpy,True,1.8380681818181817,0.6466922256484212,1.938643702906351,0.6340330020811564
FOODS_1_210_WI_3_evaluation,lumpy,lumpy,True,2.658904109589041,0.5597911958901208,2.6642011834319526,0.5670254738400647
FOODS_2_166_WI_3_evaluation,lumpy,lumpy,True,1.486217457886677,0.8204722872445944,1.523688663282572,0.8238826562607925
FOODS_2_351_WI_3_evaluation,lumpy,lumpy,True,2.178451178451178,0.5136456949643762,2.1936662606577344,0.522384105960265
FOODS_2_363_WI_3_evaluation,lumpy,lumpy,True,8.782805429864254,0.6490936445922009,9.283505154639176,0.6347792779852536
FOODS_3_107_WI_3_evaluation,lumpy,lumpy,True,1.486217457886677,0.5452527477393824,1.492129246064623,0.5296827260863225
FOODS_3_116_WI_3_evaluation,lumpy,lumpy,True,1.5416997617156474,0.575039896644212,1.567449956483899,0.5867088218081156
FOODS_3_190_WI_3_evaluation,lumpy,lumpy,True,2.8841010401188707,0.5446545428003348,3.292504570383912,0.5440638019468294
FOODS_3_281_WI_3_evaluation,lumpy,lumpy,True,1.5590361445783132,1.274600496843754,1.6051693404634582,1.2125331278575027
FOODS_3_479_WI_3_evaluation,lumpy,lumpy,True,1.7361359570661896,0.554396265509417,1.7743842364532019,0.571138932908929
FOODS_3_525_WI_3_evaluation,lumpy,intermittent,False,3.037558685446009,0.5312988468384697,3.4634615384615386,0.47811749973912143
FOODS_3_803_WI_3_evaluation,lumpy,lumpy,True,4.441647597254004,0.5700241930557549,4.677922077922078,0.5545087483176312
HOBBIES_1_316_WI_3_evaluation,lumpy,lumpy,True,3.704198473282443,0.6587286495676783,3.807610993657505,0.6675034293552811
HOBBIES_1_381_WI_3_evaluation,lumpy,lumpy,True,1.6618150684931507,0.8450377067192218,1.683177570093458,0.8526778659507325
HOBBIES_2_101_WI_3_evaluation,lumpy,lumpy,True,11.155172413793103,1.044143823424706,11.694805194805195,1.1414958448753458
HOBBIES_2_142_WI_3_evaluation,lumpy,lumpy,True,4.804455445544554,1.7127212982365765,4.629820051413882,1.7345257807759438
HOUSEHOLD_1_189_WI_3_evaluation,lumpy,lumpy,True,9.753768844221106,0.6005723741319445,9.33160621761658,0.6178170886807725
HOUSEHOLD_1_317_WI_3_evaluation,lumpy,lumpy,True,5.828828828828829,0.5936639999999999,7.59915611814346,0.5880251377410469
HOUSEHOLD_1_373_WI_3_evaluation,lumpy,erratic,False,1.3294520547945206,0.5192197230620806,1.2910394265232974,0.5137862954910775
